0,4,0,15,-51,0,0,2,2,124,-32,0,-1,0,2,243,0,0,1,5.04,0.46,2.35,140.8630000000003
0,3,0,22,-47,0,0,2,1,71,-16,0,-1,0,2,236,6,0,1,5.04,0.46,2.35,141.0160000000003
0,3,0,28,-39,0,0,2,1,48,-12,0,0,0,1,237,19,0,1,5.04,0.46,2.35,141.1690000000003
0,3,0,32,-25,0,0,2,1,8,-7,0,-1,0,1,246,16,0,1,5.04,0.46,2.35,141.3220000000003
0,3,0,29,-14,0,0,2,1,-18,-25,0,0,0,0,250,19,0,1,5.04,0.46,2.35,141.47500000000028
0,2,0,27,-13,0,0,1,1,-29,-38,0,-1,0,1,250,12,0,1,5.04,0.46,2.35,141.62800000000027
0,2,0,19,-11,0,0,2,1,-61,-73,0,-1,0,1,250,-41,0,1,5.03,0.42,2.16,141.76800000000026
0,2,0,11,-9,0,0,1,1,-98,-100,0,0,0,1,250,-62,0,1,5.03,0.42,2.16,141.90800000000024
0,1,0,4,-5,0,0,2,1,-151,-118,0,0,0,1,229,-91,0,1,5.03,0.42,2.16,142.04800000000023
0,1,0,1,-4,0,0,2,1,-169,-119,0,0,0,1,220,-95,0,1,5.03,0.42,2.16,142.18800000000022
0,0,0,-4,4,0,0,2,1,-223,-130,0,0,0,0,191,-131,0,1,5.03,0.42,2.16,142.3280000000002
0,0,0,-18,9,0,0,1,0,-250,-119,0,0,0,0,158,-71,0,0,5.03,0.42,2.16,142.4680000000002
0,0,0,-29,16,0,0,0,0,-250,-56,0,0,1,0,75,-16,0,0,5.03,0.42,2.16,142.60800000000017
0,0,0,-31,23,0,0,0,0,-250,-19,0,0,1,0,45,0,0,0,5.03,0.42,2.16,142.74800000000016
0,0,0,-41,26,0,0,1,0,-250,30,0,0,1,0,-12,-1,0,0,5.03,0.42,2.16,142.88800000000015
0,0,0,-44,33,0,0,1,0,-250,45,0,0,2,0,-54,-22,0,0,5.03,0.42,2.16,143.02800000000013
0,0,0,-44,37,0,0,1,0,-250,59,0,0,1,0,-102,-23,0,0,5.03,0.42,2.16,143.16800000000012
0,0,0,-41,34,0,0,1,1,-250,42,0,0,0,2,-145,6,0,0,5.03,0.42,2.16,143.3080000000001
0,0,0,-40,30,0,0,1,1,-250,33,0,0,1,1,-151,9,0,0,5.03,0.42,2.16,143.4480000000001
0,0,-1,-27,8,0,0,1,1,-250,27,0,0,2,2,-140,11,0,0,5.03,0.42,2.16,143.58800000000008
-1,2,-2,-5,-27,0,0,0,1,-250,14,0,0,2,3,-163,18,0,0,5.03,0.42,2.16,143.72800000000007
-1,5,-2,56,-44,0,0,0,2,-250,-27,0,0,2,3,-156,40,0,0,5.03,0.42,2.16,143.86800000000005
-2,5,-1,82,-44,0,0,0,2,-250,-43,0,0,2,3,-150,36,0,0,5.03,0.42,2.16,144.00800000000004
-2,5,2,44,73,0,0,0,2,-250,-72,0,0,2,3,-141,44,0,0,5.03,0.42,2.16,144.14800000000002
-2,5,1,23,37,0,0,-1,2,-250,-104,0,-1,2,3,-112,61,0,0,5.03,0.42,2.16,144.288
-1,4,-3,4,2,0,1,-1,2,-250,-111,0,-2,1,3,-121,95,0,0,5.03,0.42,2.16,144.428
-1,2,0,-3,-15,0,0,-1,1,-250,-145,0,-1,2,3,-151,151,0,0,5.03,0.42,2.16,144.56799999999998
0,2,0,-1,-24,0,0,-1,1,-230,-150,0,-1,2,3,-165,167,0,0,5.05,0.52,2.65,144.73999999999998
0,1,0,18,18,0,1,-1,1,-176,-156,0,-2,1,3,-160,149,0,0,5.05,0.52,2.65,144.91199999999998
0,1,0,8,16,0,1,-1,1,-129,-139,0,-2,0,3,-157,130,0,0,5.05,0.52,2.65,145.08399999999997
0,1,0,19,16,0,2,-1,1,-92,-123,0,-1,0,3,-148,107,0,0,5.05,0.52,2.65,145.25599999999997
0,1,0,18,21,0,2,-1,1,-71,-109,0,-1,0,3,-144,108,0,0,5.05,0.52,2.65,145.42799999999997
0,1,0,15,22,0,2,-1,0,-7,-81,0,0,0,3,-129,117,0,0,5.05,0.52,2.65,145.59999999999997
0,1,0,10,20,0,2,-1,1,51,-27,0,-1,0,3,-105,109,0,0,5.05,0.52,2.65,145.77199999999996
0,0,0,2,9,0,2,-1,0,111,40,0,-1,0,3,-86,63,0,0,5.05,0.52,2.65,145.94399999999996
0,0,0,-3,2,0,1,0,0,139,92,0,-1,0,3,-83,10,0,0,5.05,0.52,2.65,146.11599999999996
0,0,0,-5,-2,0,1,0,0,146,115,0,-1,0,3,-83,1,0,0,5.05,0.52,2.65,146.28799999999995
0,0,0,-14,-10,0,1,0,1,152,168,0,-1,0,3,-88,-6,0,0,5.05,0.52,2.65,146.45999999999995
0,0,0,-22,-18,0,0,0,1,147,206,0,-1,1,3,-80,-11,0,0,5.05,0.52,2.65,146.63199999999995
0,0,0,-29,-27,0,0,0,2,167,215,0,-1,1,3,-83,6,0,0,5.05,0.52,2.65,146.80399999999995
0,0,0,-32,-30,0,0,0,2,175,222,0,-1,1,3,-82,5,0,0,5.05,0.52,2.65,146.97599999999994
0,0,0,-34,-30,0,0,0,3,186,231,0,-2,0,4,-71,-13,0,0,5.05,0.52,2.65,147.14799999999994
0,2,0,-30,-18,0,0,0,3,177,249,0,-3,1,4,-74,-29,0,0,5.05,0.52,2.65,147.31999999999994
0,4,0,-19,9,0,0,0,4,179,250,0,-3,1,3,-87,-16,0,0,5.05,0.52,2.65,147.49199999999993
0,5,0,-10,19,0,0,0,4,186,250,0,-3,1,2,-95,-7,0,0,5.05,0.52,2.65,147.66399999999993
0,0,0,-39,-39,0,1,0,0,-127,68,0,0,0,2,-137,-1,0,0,5.03,0.43,2.2,6.415000000000001
0,0,0,-41,-32,0,0,0,1,-107,96,0,0,0,2,-149,-6,0,0,5.03,0.43,2.2,6.547000000000001
0,0,0,-43,-23,0,1,0,1,-83,126,0,0,0,2,-139,22,0,0,5.03,0.43,2.2,6.679
0,0,0,-42,-8,0,1,0,2,-30,123,0,-1,0,3,-123,53,0,0,5.03,0.43,2.2,6.811
0,2,0,-25,25,0,1,-1,2,34,115,0,-2,0,4,-101,61,0,0,5.03,0.43,2.2,6.943
0,5,0,14,44,0,1,-1,2,99,103,0,-4,0,5,-84,52,0,0,5.03,0.43,2.2,7.074999999999999
1,5,-1,52,69,0,2,-1,1,180,89,0,-4,0,5,-74,37,0,0,5.03,0.43,2.2,7.206999999999999
-1,5,0,18,37,0,3,0,3,215,63,0,-4,2,5,-41,35,0,0,5.03,0.43,2.2,7.338999999999999
0,5,-2,0,-7,0,3,0,2,53,119,0,-3,3,3,-53,32,0,0,5.03,0.43,2.2,7.470999999999998
0,3,0,3,-18,0,3,1,3,114,44,0,-2,2,0,-99,60,0,0,5.03,0.43,2.2,7.602999999999998
0,2,0,28,-2,0,3,0,3,218,-13,0,-1,0,0,-118,104,0,0,5.03,0.43,2.2,7.734999999999998
0,1,0,27,7,0,1,0,3,250,-21,0,-1,1,0,-107,74,0,0,5.03,0.43,2.18,7.866999999999997
0,1,0,16,16,0,0,-2,3,232,-43,0,0,0,0,-69,60,0,0,5.03,0.43,2.18,7.998999999999997
0,1,0,14,20,0,1,0,3,250,-22,0,0,0,0,-91,44,0,0,5.03,0.43,2.18,8.130999999999997
0,1,0,2,21,0,1,0,3,250,-36,0,0,0,0,-37,-14,0,0,5.03,0.43,2.18,8.262999999999996
0,0,0,-5,20,0,1,0,3,250,-30,0,0,0,0,-6,-48,0,0,5.03,0.43,2.18,8.394999999999996
0,0,0,-10,19,0,1,0,3,250,-17,0,0,0,0,54,-64,0,0,5.03,0.43,2.18,8.526999999999996
0,0,0,-15,23,0,1,0,3,243,9,0,0,0,0,87,-48,0,0,5.03,0.43,2.18,8.658999999999995
0,0,0,-19,26,0,0,0,3,226,28,0,-1,0,0,121,-62,0,1,5.03,0.43,2.18,8.790999999999995
0,0,0,-21,27,0,0,0,3,216,37,0,-1,0,0,125,-72,0,1,5.03,0.43,2.18,8.922999999999995
0,0,0,-28,25,0,0,0,3,188,59,0,-1,0,0,162,-108,0,1,5.03,0.43,2.18,9.054999999999994
0,0,0,-34,19,0,0,0,3,153,96,0,-2,0,0,199,-165,0,1,5.03,0.43,2.18,9.186999999999994
0,0,0,-37,11,0,1,0,2,122,111,0,-1,0,0,216,-180,0,1,5.03,0.43,2.18,9.318999999999994
0,1,0,-38,6,0,1,0,2,108,109,0,0,0,0,225,-167,0,1,5.03,0.43,2.18,9.450999999999993
0,2,-1,-30,-3,0,2,1,2,84,87,0,0,2,0,248,-157,0,1,5.03,0.43,2.18,9.582999999999993
-1,5,0,0,-2,0,2,1,3,64,29,0,0,0,1,250,-108,0,0,5.03,0.43,2.18,9.714999999999993
-1,5,0,11,-1,0,3,1,3,53,8,0,-1,0,1,250,-97,0,0,5.03,0.43,2.18,9.846999999999992
-2,5,0,40,27,0,3,1,3,15,-29,0,-2,0,1,250,-96,0,0,5.03,0.43,2.18,9.978999999999992
-2,5,0,-5,0,0,3,2,3,-18,-42,0,-2,1,2,250,-105,0,0,5.03,0.43,2.18,10.110999999999992
-1,5,-1,-5,-21,0,2,2,3,-55,-51,0,-2,1,1,227,-113,0,0,5.03,0.43,2.18,10.242999999999991
-1,4,0,1,-28,0,2,2,3,-60,-57,0,-2,0,1,213,-136,0,0,5.03,0.43,2.18,10.374999999999991
0,3,0,-3,-45,0,2,2,2,-72,-74,0,-2,1,1,164,-54,0,0,5.03,0.43,2.18,10.50699999999999
0,2,0,9,-27,0,1,1,2,-95,-105,0,-2,1,2,84,-3,0,0,5.03,0.45,2.29,10.64499999999999
0,2,0,7,-21,0,0,1,1,-184,-138,0,-2,1,3,12,32,0,0,5.03,0.45,2.29,10.78299999999999
0,2,0,5,-20,0,0,1,1,-219,-139,0,-1,1,2,4,30,0,0,5.03,0.45,2.29,10.92099999999999
0,1,0,1,-18,0,0,1,1,-250,-108,0,0,1,2,-61,48,0,0,5.03,0.45,2.29,11.05899999999999
0,1,0,-7,-26,0,0,0,0,-250,-77,0,0,1,0,-67,106,0,0,5.03,0.45,2.29,11.19699999999999
0,1,0,-15,-32,0,0,1,0,-250,-87,0,0,1,0,-98,122,0,0,5.03,0.45,2.29,11.33499999999999
0,1,0,-18,-35,0,0,0,0,-250,-98,0,0,0,0,-113,93,0,0,5.03,0.45,2.29,11.47299999999999
0,0,0,-26,-37,0,0,1,0,-250,-87,0,-1,0,0,-136,128,0,0,5.03,0.45,2.29,11.61099999999999
0,0,0,-27,-35,0,0,1,-1,-250,-57,0,-1,1,0,-173,80,0,0,5.03,0.45,2.29,11.74899999999999
0,0,0,-30,-34,0,0,1,-1,-250,-46,0,0,0,1,-177,95,0,0,5.03,0.45,2.29,11.88699999999999
0,0,0,-34,-33,0,1,0,0,-250,12,0,-1,0,2,-192,73,0,0,5.03,0.45,2.29,12.02499999999999
0,0,0,-37,-27,0,1,1,0,-250,55,0,-2,0,3,-182,27,0,0,5.03,0.45,2.29,12.16299999999999
0,0,0,-43,-16,0,1,0,1,-215,95,0,-2,0,4,-197,-13,0,0,5.03,0.45,2.29,12.30099999999999
0,0,0,-44,-10,0,1,0,1,-193,85,0,-1,0,4,-193,-13,0,0,5.03,0.45,2.29,12.43899999999999
0,2,0,-40,2,0,2,0,2,-128,95,0,-1,0,5,-172,11,0,0,5.03,0.45,2.29,12.57699999999999
1,5,0,0,9,0,1,-1,2,-40,119,0,-2,0,5,-136,24,0,0,5.03,0.45,2.29,12.71499999999999
1,5,0,44,35,0,1,-1,2,29,120,0,-3,1,5,-113,4,0,0,5.03,0.45,2.29,12.852999999999989
0,5,0,29,23,0,1,-1,2,113,144,0,-3,1,5,-107,-27,0,0,5.03,0.45,2.29,12.990999999999989
0,5,-1,0,35,0,0,-3,0,250,70,0,-3,0,5,-76,-28,0,0,5.03,0.45,2.29,13.128999999999989
0,3,0,2,4,0,1,0,1,46,124,0,-3,1,4,-75,28,0,0,5.03,0.45,2.29,13.266999999999989
0,2,0,5,2,0,1,0,2,26,124,0,-1,2,4,-70,42,0,0,5.03,0.45,2.29,13.404999999999989
0,2,0,32,-5,0,1,0,2,74,54,0,-1,3,1,-114,121,0,0,5.04,0.46,2.33,13.545999999999989
0,1,0,38,-6,0,1,0,3,159,-10,0,-1,0,0,-125,130,0,0,5.04,0.46,2.33,13.686999999999989
0,1,0,35,-6,0,1,0,3,220,-37,0,0,1,0,-119,43,0,0,5.04,0.46,2.33,13.827999999999989
0,1,0,21,-7,0,1,0,3,250,-47,0,0,0,0,-53,-4,0,0,5.04,0.46,2.33,13.968999999999989
0,0,0,13,-3,0,0,-2,2,250,-99,0,0,0,0,-20,63,0,0,5.04,0.46,2.33,14.109999999999989
0,0,0,11,2,0,0,0,4,250,-57,0,0,0,0,-8,86,0,0,5.04,0.46,2.33,14.250999999999989
0,0,0,4,6,0,0,0,4,250,-79,0,0,0,0,22,50,0,0,5.04,0.46,2.33,14.391999999999989
0,0,0,0,9,0,1,0,4,250,-46,0,-1,0,0,61,-27,0,0,5.04,0.46,2.33,14.532999999999989
0,0,0,-7,14,0,1,0,4,250,-8,0,-1,0,0,113,-77,0,0,5.04,0.46,2.33,14.673999999999989
0,0,0,-16,18,0,0,0,4,250,37,0,-1,0,0,144,-80,0,0,5.04,0.46,2.33,14.814999999999989
0,0,0,-28,20,0,0,0,4,215,63,0,-2,0,0,204,-133,0,0,5.04,0.46,2.33,14.955999999999989
0,1,0,-30,11,0,1,0,2,191,59,0,0,0,0,238,-146,0,0,5.04,0.46,2.33,15.096999999999989
0,2,0,-24,1,0,2,0,2,139,41,0,-1,2,0,238,-65,0,0,5.04,0.46,2.33,15.237999999999989
-1,5,0,0,6,0,2,1,3,77,5,0,-1,0,0,228,-68,0,0,5.04,0.46,2.33,15.378999999999989
-2,5,0,26,17,0,3,1,3,34,-8,0,-2,0,1,250,-116,0,0,5.04,0.46,2.33,15.519999999999989
-1,5,-1,-7,-20,0,3,1,4,-10,-40,0,-3,0,2,250,-155,0,1,5.04,0.46,2.33,15.660999999999989
-1,4,0,1,-17,0,3,1,4,-26,-91,0,-2,0,2,250,-181,0,0,5.04,0.46,2.33,15.801999999999989
0,4,0,-7,-27,0,3,1,4,-35,-101,0,-2,1,2,250,-175,0,0,5.04,0.46,2.33,15.942999999999989
0,3,0,8,-19,0,2,1,3,-98,-130,0,-1,1,2,193,-109,0,0,5.04,0.46,2.33,16.08399999999999
0,3,0,12,-4,0,1,2,2,-132,-150,0,-1,1,2,81,49,0,0,5.04,0.46,2.33,16.224999999999987
0,3,0,6,0,0,1,1,2,-160,-168,0,-2,1,2,45,82,0,0,5.04,0.46,2.33,16.365999999999985
0,2,0,2,0,0,0,1,1,-250,-123,0,-1,1,2,-36,109,0,0,5.03,0.44,2.22,16.499999999999986
0,2,0,0,-5,0,0,1,0,-250,-73,0,0,1,0,-72,131,0,0,5.03,0.44,2.22,16.633999999999986
0,1,0,0,-7,0,0,1,0,-250,-65,0,-1,0,0,-86,133,0,0,5.03,0.44,2.22,16.767999999999986
0,1,0,-5,-16,0,0,0,0,-250,-67,0,0,1,0,-113,160,0,0,5.03,0.44,2.22,16.901999999999987
0,0,0,-8,-18,0,0,2,0,-250,-41,0,-1,0,0,-153,172,0,0,5.03,0.44,2.22,17.035999999999987
0,0,0,-11,-17,0,0,1,-1,-250,-35,0,-1,0,0,-177,177,0,0,5.03,0.44,2.22,17.169999999999987
0,0,0,-12,-21,0,0,1,-2,-250,-20,0,0,1,1,-147,169,0,0,5.03,0.44,2.22,17.303999999999988
0,0,0,-13,-25,0,0,1,-1,-250,1,0,0,0,2,-161,150,0,0,5.03,0.44,2.22,17.437999999999988
0,0,0,-13,-32,0,1,0,-1,-250,83,0,-1,0,2,-158,124,0,0,5.03,0.44,2.22,17.57199999999999
0,0,0,-19,-39,0,0,0,0,-228,79,0,-1,0,3,-168,102,0,0,5.03,0.44,2.22,17.70599999999999
0,0,0,-21,-40,0,0,0,0,-216,72,0,-1,0,3,-166,97,0,0,5.03,0.44,2.22,17.83999999999999
0,0,0,-26,-39,0,1,0,1,-177,79,0,-1,0,4,-162,89,0,0,5.03,0.44,2.22,17.97399999999999
0,0,0,-28,-34,0,1,0,1,-114,112,0,-2,0,4,-147,68,0,0,5.03,0.44,2.22,18.10799999999999
0,2,0,-23,-22,0,1,0,2,-40,187,0,-3,0,4,-118,44,0,0,5.03,0.44,2.22,18.24199999999999
0,3,0,-7,-4,0,1,0,2,-13,202,0,-3,1,5,-92,31,0,0,5.03,0.44,2.22,18.37599999999999
1,5,0,16,9,0,1,-1,2,66,209,0,-3,1,5,-67,23,0,0,5.03,0.44,2.22,18.50999999999999
1,5,1,23,52,0,0,0,3,135,199,0,-3,2,4,-35,14,0,0,5.03,0.44,2.22,18.64399999999999
0,5,1,25,43,0,0,-1,2,180,190,0,-4,2,4,-21,11,0,0,5.03,0.44,2.22,18.77799999999999
0,5,-1,-2,40,0,0,0,3,238,124,0,-2,5,3,1,-48,0,0,5.03,0.44,2.22,18.911999999999992
0,4,-1,9,36,0,1,0,4,223,73,0,-3,2,1,-30,-47,0,0,5.03,0.44,2.22,19.045999999999992
0,3,0,14,15,0,3,1,3,228,4,0,-2,3,0,-47,-41,0,0,5.03,0.44,2.22,19.179999999999993
0,2,0,20,13,0,3,0,4,250,-4,0,-1,3,0,-42,-73,0,0,5.03,0.43,2.18,19.311999999999994
0,2,0,27,-1,0,2,0,4,250,-21,0,-1,1,0,10,-115,0,0,5.03,0.43,2.18,19.443999999999996
0,1,0,22,0,0,1,0,4,250,-45,0,0,0,0,24,-46,0,0,5.03,0.43,2.18,19.575999999999997
0,1,0,9,7,0,1,0,5,250,-83,0,0,0,0,58,24,0,0,5.03,0.43,2.18,19.708
0,1,0,0,9,0,2,0,5,250,-76,0,0,0,0,123,-5,0,1,5.03,0.43,2.18,19.84
0,1,0,-5,11,0,2,0,4,250,-74,0,-1,0,0,153,-29,0,1,5.03,0.43,2.18,19.972
0,0,0,-12,16,0,1,0,4,250,-54,0,-1,0,0,183,-65,0,1,5.03,0.43,2.18,20.104000000000003
0,0,0,-19,21,0,1,0,2,250,-37,0,0,0,0,191,-82,0,1,5.03,0.43,2.18,20.236000000000004
0,0,0,-23,24,0,1,0,1,207,-15,0,0,0,0,159,-77,0,1,5.03,0.43,2.18,20.368000000000006
0,0,0,-24,26,0,1,0,1,186,-6,0,0,0,0,151,-74,0,1,5.03,0.43,2.18,20.500000000000007
0,0,0,-28,40,0,1,0,2,68,15,0,-1,0,0,81,-84,0,0,5.03,0.43,2.18,20.63200000000001
0,0,0,-27,43,0,1,0,2,48,9,0,-1,0,0,87,-111,0,0,5.03,0.43,2.18,20.76400000000001
0,0,0,-26,45,0,1,0,3,13,-25,0,-1,0,0,103,-164,0,1,5.03,0.43,2.18,20.89600000000001
0,0,0,-23,37,0,1,0,3,-24,-63,0,0,0,0,91,-146,0,0,5.03,0.43,2.18,21.028000000000013
0,2,0,-14,23,0,1,2,3,-61,-111,0,-1,0,1,53,-119,0,0,5.03,0.43,2.18,21.160000000000014
0,2,-1,-9,16,0,2,2,2,-79,-107,0,-1,1,2,39,-93,0,0,5.03,0.43,2.18,21.292000000000016
-1,4,0,17,10,0,1,2,2,-192,-71,0,-1,1,3,5,-69,0,0,5.03,0.43,2.18,21.424000000000017
-2,5,0,30,38,0,2,1,1,-250,27,0,-1,1,3,-30,-42,0,0,5.03,0.43,2.18,21.55600000000002
-2,5,0,1,16,0,1,1,1,-250,57,0,-1,1,3,-67,35,0,0,5.03,0.43,2.18,21.68800000000002
-2,5,0,-8,-11,0,1,1,1,-250,37,0,-1,2,2,-73,45,0,0,5.03,0.43,2.18,21.82000000000002
-1,5,-1,6,-23,0,0,2,1,-250,-72,0,-1,1,1,-70,83,0,0,5.03,0.43,2.18,21.952000000000023
0,3,0,0,-33,0,0,2,0,-250,-161,0,-2,2,1,-153,135,0,0,5.03,0.44,2.26,22.089000000000024
0,3,0,1,-37,0,0,2,0,-250,-196,0,-2,2,1,-147,175,0,0,5.03,0.44,2.26,22.226000000000024
0,2,0,11,-20,0,2,1,-1,-250,-181,0,-2,0,2,-157,139,0,0,5.03,0.44,2.26,22.363000000000024
0,2,0,18,-12,0,3,0,0,-250,-121,0,-2,0,3,-153,153,0,0,5.03,0.44,2.26,22.500000000000025
0,2,0,18,-7,0,2,0,0,-250,-70,0,-2,0,3,-141,178,0,0,5.03,0.44,2.26,22.637000000000025
0,2,0,16,-5,0,1,0,0,-250,-68,0,-2,0,4,-133,197,0,0,5.03,0.44,2.26,22.774000000000026
0,1,0,11,-11,0,1,0,0,-92,-11,0,-2,0,3,-133,242,0,0,5.03,0.44,2.26,22.911000000000026
0,1,0,4,-19,0,1,0,0,-45,-18,0,-1,0,4,-97,250,0,0,5.03,0.44,2.26,23.048000000000027
0,1,0,1,-22,0,1,0,0,-38,-10,0,-1,0,3,-76,250,0,0,5.03,0.44,2.26,23.185000000000027
0,0,0,-4,-26,0,1,0,0,-4,42,0,-1,0,3,-18,250,0,0,5.03,0.44,2.26,23.322000000000028
0,0,0,-10,-31,0,1,0,0,16,129,0,-1,0,2,-18,203,0,0,5.03,0.44,2.26,23.459000000000028
0,0,0,-13,-31,0,1,0,0,43,205,0,-1,1,2,-32,118,0,0,5.03,0.44,2.26,23.59600000000003
0,0,0,-15,-34,0,1,0,0,51,233,0,-1,1,2,-58,92,0,0,5.03,0.44,2.26,23.73300000000003
0,0,0,-20,-39,0,0,1,1,82,250,0,-1,1,1,-93,-5,0,0,5.03,0.44,2.26,23.87000000000003
0,0,0,-21,-42,0,0,0,3,50,250,0,-1,2,0,-129,-42,0,0,5.03,0.44,2.26,24.00700000000003
0,0,0,-22,-42,0,0,0,4,49,250,0,-1,1,0,-140,-49,0,0,5.03,0.44,2.26,24.14400000000003
0,0,0,-26,-40,0,0,0,4,108,250,0,-2,1,1,-124,-87,0,0,5.03,0.44,2.26,24.28100000000003
0,1,0,-26,-26,0,0,0,4,182,236,0,-2,0,2,-84,-116,0,0,5.03,0.44,2.26,24.41800000000003
0,2,0,-21,2,0,0,0,5,231,186,0,-2,0,2,-32,-131,0,0,5.03,0.44,2.26,24.55500000000003
1,3,0,-12,17,0,0,0,5,250,168,0,-2,0,1,-7,-126,0,0,5.03,0.44,2.26,24.692000000000032
1,5,-1,14,26,0,1,0,5,250,88,0,-2,0,1,44,-130,0,0,5.03,0.44,2.26,24.829000000000033
1,5,0,45,46,0,3,0,5,250,23,0,-2,0,0,87,-162,0,0,5.02,0.41,2.06,24.954000000000033
0,5,0,24,13,0,3,0,5,250,-15,0,-1,0,0,117,-177,0,0,5.02,0.41,2.06,25.079000000000033
0,5,-1,-1,1,0,4,0,5,249,-40,0,-1,1,0,144,-177,0,0,5.02,0.41,2.06,25.204000000000033
0,4,-1,3,-9,0,3,0,4,250,-73,0,-1,1,0,151,-139,0,1,5.02,0.41,2.06,25.329000000000033
0,3,-1,13,-23,0,2,0,3,250,-102,0,-1,0,0,164,-93,0,1,5.02,0.41,2.06,25.454000000000033
0,2,0,23,-30,0,1,0,3,250,-105,0,-1,0,0,207,-53,0,1,5.02,0.41,2.06,25.579000000000033
0,2,0,21,-29,0,1,0,3,250,-109,0,-1,0,0,207,-40,0,1,5.02,0.41,2.06,25.704000000000033
0,2,0,17,-27,0,1,0,3,182,-70,0,-1,0,0,194,-3,0,1,5.02,0.41,2.06,25.829000000000033
0,2,0,9,-17,0,1,0,3,125,-23,0,-1,0,0,204,0,0,1,5.02,0.41,2.06,25.954000000000033
0,2,0,5,-16,0,1,0,3,117,-13,0,-1,0,0,203,-3,0,1,5.02,0.41,2.06,26.079000000000033
0,1,0,1,-4,0,1,0,3,71,10,0,0,-1,0,189,-20,0,1,5.02,0.41,2.06,26.204000000000033
0,1,0,-8,4,0,1,0,3,7,-3,0,0,0,0,207,-91,0,1,5.02,0.41,2.06,26.329000000000033
0,0,0,-15,18,0,1,0,2,-36,-32,0,-1,0,0,152,-81,0,1,5.02,0.41,2.06,26.454000000000033
0,0,0,-15,9,0,0,0,1,239,17,0,0,0,0,158,-151,0,1,5.03,0.43,2.19,26.58700000000003
0,0,0,-17,15,0,0,0,1,203,19,0,0,0,0,173,-144,0,1,5.03,0.43,2.19,26.72000000000003
0,0,0,-20,22,0,0,0,1,169,51,0,0,0,0,157,-143,0,1,5.03,0.43,2.19,26.85300000000003
0,0,0,-21,24,0,0,0,2,139,102,0,-1,0,0,154,-142,0,1,5.03,0.43,2.19,26.98600000000003
0,0,0,-21,24,0,0,0,2,127,120,0,-1,0,0,154,-144,0,1,5.03,0.43,2.19,27.119000000000028
0,0,0,-21,18,0,1,0,2,82,147,0,-1,0,0,160,-164,0,1,5.03,0.43,2.19,27.252000000000027
0,0,0,-21,11,0,1,1,2,50,122,0,-1,0,1,171,-158,0,1,5.03,0.43,2.19,27.385000000000026
0,2,-1,-19,0,0,2,1,3,20,74,0,0,0,1,192,-152,0,1,5.03,0.43,2.19,27.518000000000026
0,2,-1,-19,-5,0,2,1,3,8,52,0,0,0,1,195,-149,0,1,5.03,0.43,2.19,27.651000000000025
-1,5,0,13,9,0,2,2,3,-15,14,0,0,0,1,220,-122,0,1,5.03,0.43,2.19,27.784000000000024
-2,5,0,45,54,0,2,2,3,-41,-17,0,-1,1,1,212,-114,0,1,5.03,0.43,2.19,27.917000000000023
-2,5,0,17,-11,0,2,2,3,-56,-58,0,-1,1,2,197,-111,0,1,5.03,0.43,2.19,28.050000000000022
-1,5,-2,11,-15,0,2,2,3,-63,-69,0,-1,0,2,168,-108,0,1,5.03,0.43,2.19,28.18300000000002
-1,5,-1,-5,-50,0,1,2,2,-101,-101,0,-1,1,1,175,-81,0,1,5.03,0.43,2.19,28.31600000000002
0,3,0,-6,-45,0,1,2,2,-119,-134,0,-1,2,2,147,-44,0,1,5.03,0.43,2.19,28.44900000000002
0,2,0,7,-27,0,0,1,2,-155,-150,0,-2,2,2,103,-4,0,1,5.03,0.43,2.19,28.58200000000002
0,2,0,11,-20,0,1,1,1,-169,-130,0,-1,2,2,56,26,0,1,5.03,0.43,2.19,28.715000000000018
0,2,0,16,-12,0,1,2,0,-208,-49,0,0,3,3,11,63,0,1,5.03,0.43,2.19,28.848000000000017
0,1,0,14,-1,0,1,1,0,-240,-16,0,-1,0,1,-46,85,0,1,5.03,0.43,2.19,28.981000000000016
0,1,0,13,0,0,0,1,1,-250,-16,0,0,0,1,-57,81,0,1,5.03,0.43,2.19,29.114000000000015
0,1,0,10,-2,0,0,1,1,-250,-41,0,0,2,1,-24,56,0,1,5.03,0.43,2.19,29.247000000000014
0,1,0,7,-12,0,0,2,1,-216,-48,0,-2,1,1,-51,50,0,1,5.03,0.44,2.26,29.385000000000016
0,0,0,4,-14,0,0,0,0,-233,-77,0,0,1,0,-78,11,0,1,5.03,0.44,2.26,29.523000000000017
0,0,0,2,-16,0,0,1,0,-229,-73,0,0,0,0,-90,5,0,1,5.03,0.44,2.26,29.66100000000002
0,0,0,-2,-17,0,0,0,0,-250,-65,0,0,0,0,-109,24,0,0,5.03,0.44,2.26,29.79900000000002
0,0,0,-8,-18,0,0,0,0,-250,-36,0,0,0,1,-120,3,0,0,5.03,0.44,2.26,29.937000000000022
0,0,0,-9,-20,0,0,0,0,-250,-29,0,0,0,1,-137,12,0,0,5.03,0.44,2.26,30.075000000000024
0,0,0,-17,-21,0,0,0,0,-250,-17,0,0,0,1,-149,0,0,0,5.03,0.44,2.26,30.213000000000026
0,0,0,-24,-23,0,1,0,0,-250,15,0,0,0,1,-162,34,0,0,5.03,0.44,2.26,30.351000000000028
0,0,0,-32,-27,0,0,0,0,-250,29,0,0,0,2,-180,90,0,0,5.03,0.44,2.26,30.48900000000003
0,0,0,-35,-27,0,0,0,0,-250,29,0,-1,0,2,-198,43,0,0,5.03,0.44,2.26,30.62700000000003
0,1,0,-39,-23,0,0,0,1,-250,21,0,-1,0,3,-188,33,0,0,5.03,0.44,2.26,30.765000000000033
0,2,0,-43,-12,0,1,0,1,-214,10,0,-1,0,3,-174,11,0,0,5.03,0.44,2.26,30.903000000000034
0,3,0,-36,-3,0,1,0,2,-192,11,0,-1,0,4,-171,14,0,0,5.03,0.44,2.26,31.041000000000036
1,5,0,-19,2,0,2,0,2,-137,17,0,-1,0,4,-147,51,0,0,5.03,0.44,2.26,31.179000000000038
1,5,0,8,24,0,2,-1,2,-76,25,0,-2,1,5,-117,82,0,0,5.03,0.44,2.26,31.31700000000004
0,5,0,7,27,0,2,-1,2,-1,28,0,-3,1,5,-93,93,0,0,5.03,0.44,2.26,31.45500000000004
0,5,-1,5,34,0,1,-1,2,28,29,0,-3,1,5,-89,99,0,0,5.03,0.44,2.26,31.593000000000043
0,4,-1,2,36,0,1,-1,2,109,22,0,-3,1,5,-76,103,0,0,5.03,0.44,2.26,31.731000000000044
0,3,-1,11,28,0,3,0,2,71,-17,0,-3,0,4,-56,130,0,0,5.03,0.44,2.26,31.869000000000046
0,3,-1,19,23,0,3,0,2,51,-7,0,-2,0,4,-43,128,0,0,5.03,0.44,2.26,32.00700000000005
0,3,0,27,13,0,2,0,2,12,-19,0,-2,0,4,-39,160,0,0,5.03,0.44,2.26,32.145000000000046
0,3,0,31,10,0,2,0,1,92,-17,0,-2,1,3,-61,151,0,0,5.03,0.46,2.31,32.286000000000044
0,2,0,26,8,0,2,0,2,113,0,0,-1,1,2,-77,121,0,0,5.03,0.46,2.31,32.42700000000004
0,2,0,21,6,0,2,1,2,119,8,0,-1,1,2,-65,109,0,0,5.03,0.46,2.31,32.56800000000004
0,2,0,17,9,0,1,1,2,77,75,0,-1,1,0,-102,104,0,0,5.03,0.46,2.31,32.70900000000004
0,1,0,7,13,0,0,0,2,57,97,0,0,1,0,-97,80,0,0,5.03,0.46,2.31,32.85000000000004
0,1,0,5,24,0,0,0,2,115,100,0,0,1,0,-101,50,0,0,5.03,0.46,2.31,32.991000000000035
0,1,0,0,23,0,0,0,2,141,89,0,0,1,0,-95,44,0,0,5.03,0.46,2.31,33.13200000000003
0,0,0,-3,30,0,0,0,2,182,87,0,0,0,0,-100,22,0,0,5.03,0.46,2.31,33.27300000000003
0,0,0,-8,31,0,0,0,2,206,89,0,0,0,0,-103,-2,0,0,5.03,0.46,2.31,33.41400000000003
0,0,0,-14,32,0,0,0,2,225,90,0,0,0,0,-88,-42,0,0,5.03,0.46,2.31,33.55500000000003
0,0,0,-15,33,0,0,0,3,228,86,0,0,0,0,-84,-45,0,0,5.03,0.46,2.31,33.696000000000026
0,0,0,-18,34,0,0,0,3,229,88,0,0,0,0,-63,-63,0,0,5.03,0.46,2.31,33.837000000000025
0,0,0,-22,31,0,0,0,3,210,89,0,0,0,0,-26,-69,0,0,5.03,0.46,2.31,33.97800000000002
0,0,0,-24,29,0,0,0,3,212,90,0,0,0,0,-8,-68,0,0,5.03,0.46,2.31,34.11900000000002
0,0,0,-29,24,0,0,0,3,211,84,0,-1,0,1,4,-61,0,0,5.03,0.46,2.31,34.26000000000002
0,1,-1,-29,15,0,1,0,4,218,69,0,-1,0,1,31,-82,0,1,5.03,0.46,2.31,34.40100000000002
-1,2,-1,-26,2,0,1,0,4,215,50,0,-1,0,1,74,-79,0,1,5.03,0.46,2.31,34.542000000000016
-1,4,-1,-12,13,0,1,0,4,212,40,0,-1,0,1,80,-68,0,1,5.03,0.46,2.31,34.683000000000014
-1,5,0,16,32,0,2,1,4,201,15,0,-1,0,1,97,-53,0,1,5.03,0.46,2.31,34.82400000000001
-2,5,0,25,33,0,2,1,4,188,-14,0,-3,-1,1,205,-33,0,1,5.03,0.46,2.31,34.96500000000001
-1,5,-3,-2,-1,0,2,1,4,167,-27,0,-2,3,2,182,-62,0,1,5.03,0.46,2.31,35.10600000000001
-1,5,-3,1,-10,0,2,0,4,165,-30,0,-2,1,1,186,-37,0,1,5.04,0.47,2.37,35.25100000000001
-1,3,0,-3,-41,0,2,1,4,179,-51,0,-2,0,2,193,-11,0,1,5.04,0.47,2.37,35.396000000000015
0,3,0,2,-40,0,2,1,4,176,-60,0,-2,0,1,211,-1,0,1,5.04,0.47,2.37,35.54100000000002
0,3,0,6,-41,0,1,1,4,160,-59,0,-2,0,1,227,3,0,1,5.04,0.47,2.37,35.68600000000002
0,3,0,6,-34,0,1,1,3,99,-43,0,-1,0,1,232,4,0,1,5.04,0.47,2.37,35.831000000000024
0,2,0,4,-24,0,1,1,3,70,-28,0,-2,0,0,198,-25,0,1,5.04,0.47,2.37,35.97600000000003
0,2,0,2,-23,0,0,1,2,43,-23,0,-1,0,0,185,-48,0,1,5.04,0.47,2.37,36.12100000000003
0,2,0,0,-26,0,0,1,2,30,-23,0,-1,0,0,187,-56,0,1,5.04,0.47,2.37,36.266000000000034
0,1,0,-3,-35,0,0,0,2,0,-19,0,-1,0,0,179,-78,0,1,5.04,0.47,2.37,36.41100000000004
0,1,0,-6,-45,0,0,0,2,-19,-22,0,0,0,0,167,-88,0,1,5.04,0.47,2.37,36.55600000000004
0,1,0,-7,-50,0,0,1,2,-28,-27,0,0,0,0,159,-101,0,1,5.04,0.47,2.37,36.70100000000004
0,0,0,-11,-57,0,1,1,2,-65,-46,0,0,0,0,152,-129,0,1,5.04,0.47,2.37,36.846000000000046
0,0,0,-8,-63,0,1,1,2,-91,-73,0,0,0,0,140,-146,0,1,5.04,0.47,2.37,36.99100000000005
0,0,0,-14,-69,0,0,1,1,-123,-97,0,-1,0,0,93,-160,0,1,5.04,0.47,2.37,37.13600000000005
0,0,0,-14,-69,0,0,1,1,-140,-118,0,0,0,0,79,-150,0,1,5.04,0.47,2.37,37.281000000000056
0,0,0,-17,-73,0,0,1,1,-187,-143,0,-1,0,1,31,-160,0,1,5.04,0.47,2.37,37.42600000000006
0,0,0,-19,-73,0,0,1,1,-246,-115,0,-1,1,1,-41,-140,0,1,5.04,0.47,2.37,37.57100000000006
0,0,0,-19,-67,0,1,3,0,-250,-16,0,-1,1,1,-104,-117,0,1,5.04,0.47,2.37,37.716000000000065
0,0,0,-18,-64,0,1,2,1,-250,2,0,0,0,2,-144,-83,0,1,5.04,0.47,2.37,37.86100000000007
0,1,0,-16,-47,0,1,3,0,-250,78,0,0,0,2,-139,-86,0,0,5.04,0.47,2.37,38.00600000000007
0,2,0,-15,-24,0,0,3,0,-250,84,0,0,0,3,-135,-49,0,0,5.04,0.47,2.37,38.151000000000074
1,5,0,-6,0,0,0,2,0,-250,32,0,0,0,3,-110,0,0,0,5.04,0.46,2.36,38.29600000000008
1,5,0,0,13,0,0,2,0,-250,12,0,0,0,3,-111,20,0,0,5.04,0.46,2.36,38.44100000000008
1,5,0,9,0,0,0,1,1,-250,-62,0,-1,1,3,-109,17,0,0,5.04,0.46,2.36,38.586000000000084
0,5,-1,17,12,0,2,2,1,-172,-140,0,0,1,3,-67,43,0,0,5.04,0.46,2.36,38.73100000000009
0,5,-1,19,14,0,1,0,0,-225,-93,0,-1,1,3,-66,62,0,0,5.04,0.46,2.36,38.87600000000009
0,4,0,9,5,0,1,1,1,-250,-118,0,-1,0,3,-81,103,0,0,5.04,0.46,2.36,39.02100000000009
0,2,0,17,9,0,1,0,1,-250,-130,0,-2,0,2,-68,150,0,0,5.04,0.46,2.36,39.166000000000096
0,2,0,19,5,0,1,0,0,-240,-151,0,-2,0,3,-73,189,0,0,5.04,0.46,2.36,39.3110000000001
0,2,0,19,4,0,0,0,0,-226,-163,0,-2,0,3,-88,190,0,0,5.04,0.46,2.36,39.4560000000001
0,1,0,17,10,0,1,0,0,-187,-182,0,-2,0,3,-102,173,0,0,5.04,0.46,2.36,39.601000000000106
0,1,0,9,14,0,1,0,0,-138,-156,0,-1,0,2,-99,159,0,0,5.04,0.46,2.36,39.74600000000011
0,1,0,4,12,0,1,0,0,-119,-140,0,-1,0,2,-100,158,0,0,5.04,0.46,2.36,39.89100000000011
0,1,0,-5,16,0,1,0,0,-72,-80,0,0,0,2,-98,142,0,0,5.04,0.46,2.36,40.036000000000115
0,0,0,-13,20,0,1,0,0,-34,-24,0,0,0,2,-89,129,0,0,5.04,0.46,2.36,40.18100000000012
0,0,0,-20,28,0,0,0,0,-3,14,0,0,0,2,-77,111,0,0,5.04,0.46,2.36,40.32600000000012
0,0,0,-22,33,0,0,0,0,7,21,0,0,0,2,-71,113,0,0,5.04,0.46,2.36,40.471000000000124
0,0,0,-26,45,0,0,0,0,39,40,0,-1,0,2,-70,94,0,0,5.04,0.46,2.36,40.61600000000013
0,0,0,-32,54,0,0,0,1,27,53,0,0,0,2,-72,88,0,0,5.04,0.46,2.36,40.76100000000013
0,0,0,-34,54,0,0,0,1,63,95,0,0,1,2,-73,83,0,0,5.04,0.46,2.36,40.906000000000134
0,0,0,-39,60,0,0,0,2,89,128,0,0,1,3,-84,94,0,0,5.04,0.46,2.36,41.05100000000014
0,0,0,-42,57,0,1,0,2,105,182,0,-1,2,4,-63,89,0,0,5.04,0.46,2.36,41.19600000000014
0,0,0,-40,47,0,1,0,2,132,223,0,-2,1,3,-85,42,0,0,5.03,0.43,2.19,41.33100000000014
0,0,0,-39,42,0,1,0,3,142,226,0,-2,2,3,-79,33,0,0,5.03,0.43,2.19,41.466000000000136
0,1,0,-31,32,0,1,0,3,172,223,0,-3,2,2,-90,8,0,0,5.03,0.43,2.19,41.601000000000134
-1,4,0,-8,33,0,1,0,5,192,152,0,-3,2,1,-96,3,0,0,5.03,0.43,2.19,41.73600000000013
-1,5,0,10,42,0,1,-1,2,250,199,0,-3,2,1,-94,1,0,0,5.03,0.43,2.19,41.87100000000013
-2,5,0,34,61,0,2,-1,5,20,222,0,-3,3,1,-71,-32,0,0,5.03,0.43,2.19,42.00600000000013
-2,5,0,22,46,0,1,0,5,148,163,0,-3,1,2,-54,-51,0,0,5.03,0.43,2.19,42.141000000000126
-1,5,-3,6,23,0,2,0,5,250,95,0,-2,1,2,-24,-54,0,0,5.03,0.43,2.19,42.276000000000124
-1,5,-2,-4,-5,0,1,0,5,250,55,0,-1,0,2,-10,-40,0,0,5.03,0.43,2.19,42.41100000000012
-1,4,0,-3,-30,0,1,0,5,234,-1,0,-1,1,1,36,-13,0,0,5.03,0.43,2.19,42.54600000000012
0,3,0,10,-15,0,2,0,4,250,-91,0,0,0,1,87,0,0,0,5.03,0.43,2.19,42.68100000000012
0,3,0,10,-10,0,2,0,4,250,-143,0,0,2,1,142,-12,0,0,5.03,0.43,2.19,42.816000000000116
0,3,0,11,-9,0,1,0,4,250,-171,0,0,1,0,142,-4,0,0,5.03,0.43,2.19,42.951000000000114
0,2,0,12,0,0,1,0,4,250,-126,0,-1,0,0,183,-45,0,1,5.03,0.43,2.19,43.08600000000011
0,1,0,8,-4,0,0,0,3,236,-77,0,-1,0,0,204,-70,0,1,5.03,0.43,2.19,43.22100000000011
0,1,0,8,-4,0,1,0,3,250,-45,0,-1,0,0,223,-74,0,1,5.03,0.43,2.19,43.35600000000011
0,1,0,5,-9,0,1,0,2,250,-34,0,0,0,0,236,-68,0,1,5.03,0.43,2.19,43.491000000000106
0,0,0,1,-16,0,1,0,2,246,-25,0,0,0,0,162,-21,0,1,5.03,0.43,2.19,43.626000000000104
0,0,0,-1,-23,0,1,0,1,197,5,0,0,0,0,172,-27,0,1,5.03,0.43,2.19,43.7610000000001
0,0,0,-3,-25,0,1,0,1,182,17,0,0,0,0,168,-16,0,1,5.03,0.43,2.19,43.8960000000001
0,0,0,-8,-33,0,0,0,1,156,22,0,-1,0,0,178,-67,0,1,5.03,0.43,2.19,44.0310000000001
0,0,0,-11,-44,0,0,0,1,114,20,0,-1,0,0,183,-134,0,1,5.04,0.45,2.3,44.1720000000001
0,0,0,-14,-54,0,0,0,2,68,-23,0,0,0,0,171,-141,0,1,5.04,0.45,2.3,44.313000000000095
0,0,0,-16,-59,0,0,0,2,56,-45,0,0,0,0,170,-156,0,1,5.04,0.45,2.3,44.45400000000009
0,0,0,-18,-66,0,0,1,2,25,-79,0,0,0,1,133,-194,0,1,5.04,0.45,2.3,44.59500000000009
0,0,0,-21,-72,0,0,1,1,-27,-83,0,0,0,1,66,-221,0,1,5.04,0.45,2.3,44.73600000000009
0,0,0,-22,-71,0,0,2,1,-45,-89,0,0,0,1,50,-210,0,1,5.04,0.45,2.3,44.87700000000009
0,0,0,-31,-32,0,1,2,3,224,80,0,0,0,1,69,-149,0,1,5.03,0.44,2.21,45.01300000000009
0,2,-1,-26,-17,0,2,2,3,188,56,0,-1,0,2,85,-140,0,1,5.03,0.44,2.21,45.14900000000009
1,5,0,3,13,0,2,2,4,155,8,0,-1,0,2,107,-133,0,1,5.03,0.44,2.21,45.285000000000096
1,5,-1,32,32,0,2,2,4,131,-38,0,-1,0,2,132,-105,0,1,5.03,0.44,2.21,45.4210000000001
1,5,0,36,42,0,2,2,4,120,-39,0,-1,0,2,142,-97,0,1,5.03,0.44,2.21,45.5570000000001
0,5,-1,10,-7,0,2,2,2,71,-54,0,-1,1,3,151,-53,0,1,5.03,0.44,2.21,45.693000000000104
0,5,-1,0,3,0,2,2,2,24,-44,0,-2,0,3,145,3,0,0,5.03,0.44,2.21,45.82900000000011
0,3,0,1,-14,0,1,2,3,-22,-17,0,-3,0,3,128,37,0,0,5.04,0.45,2.3,45.97100000000011
0,3,0,7,-12,0,1,2,3,-48,-12,0,-3,0,2,122,39,0,0,5.04,0.45,2.3,46.11300000000011
0,2,0,15,-7,0,1,2,3,-114,23,0,-2,0,1,103,25,0,0,5.04,0.45,2.3,46.255000000000116
0,2,0,17,2,0,1,1,2,-168,53,0,-1,0,1,77,10,0,0,5.04,0.45,2.3,46.39700000000012
0,2,0,17,5,0,1,1,1,-178,51,0,0,0,1,67,20,0,0,5.04,0.45,2.3,46.53900000000012
0,1,0,14,8,0,1,2,0,-205,20,0,0,0,1,43,63,0,0,5.04,0.45,2.3,46.681000000000125
0,1,0,5,7,0,0,1,1,-215,-5,0,-1,0,1,29,68,0,0,5.04,0.45,2.3,46.82300000000013
0,1,0,1,8,0,0,1,1,-220,-11,0,-1,0,0,13,48,0,0,5.04,0.45,2.3,46.96500000000013
0,0,0,-1,9,0,0,1,2,-241,-10,0,0,0,0,8,37,0,0,5.04,0.45,2.3,47.107000000000134
0,0,0,-7,17,0,0,0,1,-250,6,0,0,0,0,-10,6,0,0,5.04,0.45,2.3,47.24900000000014
0,0,0,-12,25,0,0,1,0,-250,1,0,1,0,0,6,10,0,0,5.04,0.45,2.3,47.39100000000014
0,0,0,-13,28,0,0,1,0,-250,-5,0,0,0,-1,-51,7,0,0,5.04,0.45,2.3,47.53300000000014
0,0,0,-18,34,0,0,1,0,-250,-14,0,0,0,0,-43,42,0,0,5.04,0.45,2.3,47.675000000000146
0,0,0,-21,41,0,0,1,0,-250,-36,0,0,0,0,-48,29,0,0,5.04,0.45,2.3,47.81700000000015
0,0,0,-25,44,0,0,0,1,-250,-57,0,-1,0,0,-87,7,0,0,5.04,0.45,2.3,47.95900000000015
0,0,0,-26,43,0,0,0,2,-250,-69,0,0,1,0,-105,10,0,0,5.04,0.45,2.3,48.101000000000155
0,0,0,-28,37,0,0,0,1,-250,-89,0,0,0,0,-193,3,0,0,5.04,0.45,2.3,48.24300000000016
0,0,0,-32,24,0,0,1,0,-250,-119,0,0,1,1,-181,21,0,0,5.04,0.45,2.3,48.38500000000016
-1,1,-1,-31,0,0,1,1,0,-250,-119,0,0,2,3,-102,27,0,0,5.04,0.45,2.3,48.527000000000164
-1,2,-1,-28,-8,0,1,1,0,-250,-106,0,-1,0,1,-175,53,0,0,5.04,0.45,2.3,48.66900000000017
-1,5,-1,-6,-7,0,2,0,0,-250,-34,0,-2,1,4,-113,19,0,0,5.04,0.45,2.3,48.81100000000017
-2,5,0,12,6,0,2,-1,1,-228,33,0,-3,1,4,-91,18,0,0,5.03,0.41,2.1,48.94000000000017
-2,5,0,25,20,0,2,0,2,-223,42,0,-3,2,4,-80,20,0,0,5.03,0.41,2.1,49.069000000000166
-1,5,0,20,7,0,1,-2,3,-115,44,0,-3,2,4,-61,21,0,0,5.03,0.41,2.1,49.198000000000164
-1,5,-1,8,4,0,0,-2,3,-96,-11,0,-3,2,4,-48,48,0,0,5.03,0.41,2.1,49.32700000000016
0,3,0,5,-4,0,1,-2,3,-41,-36,0,-3,1,4,-43,88,0,0,5.03,0.41,2.1,49.45600000000016
0,3,0,8,-11,0,1,-2,3,-21,-41,0,-2,1,4,-37,95,0,0,5.03,0.41,2.1,49.58500000000016
0,2,0,20,1,0,1,-1,2,66,-84,0,-2,0,4,-29,106,0,0,5.03,0.41,2.1,49.714000000000155
0,2,0,24,1,0,2,-1,1,60,-14,0,-2,0,3,-30,104,0,0,5.03,0.41,2.1,49.84300000000015
0,2,0,25,8,0,1,0,1,101,10,0,-2,0,3,-28,98,0,0,5.03,0.41,2.1,49.97200000000015
0,2,0,24,9,0,1,0,1,117,12,0,-2,0,3,-27,90,0,0,5.03,0.41,2.1,50.10100000000015
0,2,0,18,9,0,0,0,1,141,-29,0,-2,0,2,-37,89,0,0,5.03,0.41,2.1,50.230000000000146
0,1,0,14,6,0,1,0,0,133,-30,0,-1,1,2,-39,117,0,0,5.03,0.41,2.1,50.359000000000144
0,1,0,8,-4,0,1,0,0,136,-4,0,-1,0,2,-38,98,0,0,5.03,0.41,2.1,50.48800000000014
0,0,0,3,-4,0,1,0,0,145,13,0,0,0,1,-51,79,0,0,5.03,0.41,2.1,50.61700000000014
0,0,0,0,-4,0,0,0,1,153,63,0,-1,2,1,-63,30,0,0,5.03,0.41,2.1,50.74600000000014
0,0,0,-1,-12,0,0,0,2,148,95,0,0,1,0,-108,-2,0,0,5.03,0.41,2.1,50.875000000000135
0,0,0,-3,-13,0,0,0,2,152,90,0,0,1,0,-119,-5,0,0,5.03,0.41,2.1,51.00400000000013
0,0,0,-14,-21,0,0,0,2,152,98,0,0,1,1,-140,-19,0,0,5.03,0.41,2.1,51.13300000000013
0,0,0,-21,-28,0,1,0,2,161,107,0,0,0,1,-123,-36,0,0,5.03,0.41,2.1,51.26200000000013
0,0,0,-30,-35,0,0,0,2,184,127,0,-1,0,2,-98,-56,0,0,5.03,0.41,2.1,51.391000000000126
0,0,0,-33,-37,0,0,0,3,195,135,0,-1,0,2,-82,-56,0,0,5.03,0.41,2.1,51.520000000000124
0,0,0,-39,-41,0,0,1,3,216,157,0,-1,0,2,-89,-59,0,0,5.03,0.44,2.26,51.660000000000124
0,1,0,-42,-32,0,1,1,5,207,152,0,-2,0,2,-88,-51,0,0,5.03,0.44,2.26,51.800000000000125
0,2,0,-38,-19,0,1,1,4,215,138,0,-2,0,2,-92,-61,0,0,5.03,0.44,2.26,51.940000000000126
1,5,0,-15,9,0,1,1,4,216,139,0,-2,0,2,-65,-74,0,0,5.03,0.44,2.26,52.080000000000126
1,5,-1,17,34,0,1,0,5,154,178,0,-1,-1,2,-26,-71,0,0,5.03,0.44,2.26,52.22000000000013
1,5,0,24,51,0,2,1,4,233,78,0,0,0,1,16,-66,0,0,5.03,0.44,2.26,52.36000000000013
0,5,0,28,35,0,2,1,4,230,55,0,-1,0,1,50,-64,0,0,5.03,0.44,2.26,52.50000000000013
0,5,-2,-5,-1,0,2,1,4,250,-4,0,0,0,2,68,-41,0,0,5.03,0.44,2.26,52.64000000000013
0,3,-1,0,-30,0,2,1,4,250,-49,0,-1,0,2,91,-13,0,0,5.03,0.44,2.26,52.78000000000013
0,3,-1,9,-34,0,2,1,5,250,-71,0,-1,0,1,119,-11,0,0,5.03,0.44,2.26,52.92000000000013
0,2,0,14,-39,0,2,1,4,237,-60,0,-1,0,1,127,-9,0,0,5.03,0.44,2.26,53.06000000000013
0,2,0,17,-43,0,1,1,4,213,-35,0,-1,0,1,145,-8,0,1,5.03,0.44,2.26,53.20000000000013
0,2,0,16,-46,0,1,1,3,166,5,0,-1,0,0,159,-13,0,1,5.03,0.44,2.26,53.34000000000013
0,2,0,15,-47,0,1,1,3,152,22,0,-1,0,0,169,-17,0,1,5.03,0.44,2.26,53.48000000000013
0,2,0,12,-45,0,0,1,2,137,35,0,-1,0,0,186,-39,0,1,5.03,0.44,2.26,53.62000000000013
0,1,0,9,-36,0,1,0,1,111,21,0,-1,0,0,209,-58,0,1,5.03,0.44,2.26,53.76000000000013
0,1,0,2,-26,0,0,0,1,69,7,0,0,0,0,224,-70,0,1,5.03,0.44,2.26,53.900000000000134
0,1,0,1,-18,0,0,0,1,54,7,0,0,0,0,225,-74,0,1,5.03,0.44,2.26,54.040000000000134
0,0,0,-2,-6,0,1,0,1,16,15,0,-1,0,0,227,-95,0,1,5.03,0.44,2.26,54.180000000000135
0,0,0,-6,3,0,1,0,1,-24,11,0,-1,0,0,232,-115,0,1,5.03,0.44,2.26,54.320000000000135
0,0,0,-9,12,0,1,0,2,-63,3,0,-1,0,0,228,-138,0,1,5.03,0.44,2.26,54.460000000000136
0,0,0,-11,15,0,1,0,1,-78,3,0,-1,0,0,224,-155,0,1,5.03,0.43,2.2,54.59600000000014
0,0,0,-17,22,0,1,1,1,-105,0,0,-1,0,0,191,-163,0,1,5.03,0.43,2.2,54.73200000000014
0,0,0,-26,25,0,0,1,1,-129,-23,0,0,0,0,143,-158,0,1,5.03,0.43,2.2,54.868000000000144
0,0,0,-33,24,0,1,1,0,-158,-22,0,0,0,0,110,-148,0,0,5.03,0.43,2.2,55.00400000000015
0,0,0,-35,24,0,1,1,0,-175,-13,0,0,1,0,94,-141,0,0,5.03,0.43,2.2,55.14000000000015
0,1,0,-36,16,0,1,2,0,-220,24,0,0,0,0,53,-120,0,0,5.03,0.43,2.2,55.27600000000015
-1,2,0,-30,6,0,1,2,0,-243,54,0,0,0,0,45,-108,0,0,5.03,0.43,2.2,55.412000000000155
-1,5,-1,-12,-2,0,1,3,0,-234,76,0,0,1,1,26,-81,0,0,5.03,0.43,2.2,55.54800000000016
-2,5,0,0,10,0,1,2,1,-250,59,0,0,1,1,23,-70,0,0,5.03,0.43,2.2,55.68400000000016
-2,5,0,-8,-9,0,1,2,1,-234,-16,0,0,1,2,1,-31,0,0,5.03,0.43,2.2,55.820000000000164
-2,5,0,-2,-15,0,0,2,2,-250,-4,0,0,2,2,-26,0,0,0,5.03,0.43,2.2,55.95600000000017
-1,5,0,1,-18,0,0,2,2,-250,-14,0,1,4,2,4,-7,0,0,5.03,0.43,2.2,56.09200000000017
-1,4,0,1,-19,0,0,2,1,-250,-49,0,0,1,2,-62,70,0,0,5.03,0.43,2.2,56.22800000000017
0,3,0,5,-18,0,0,1,0,-250,-130,0,0,1,2,-56,135,0,0,5.03,0.43,2.2,56.364000000000175
0,2,0,12,-13,0,0,1,0,-250,-154,0,-1,2,2,-77,173,0,0,5.03,0.43,2.2,56.50000000000018
0,2,0,15,-11,0,0,1,0,-250,-174,0,-1,1,2,-106,161,0,0,5.03,0.43,2.2,56.63600000000018
0,2,0,18,-3,0,0,0,0,-250,-197,0,-1,1,2,-108,154,0,0,5.03,0.43,2.2,56.77200000000018
0,2,0,19,4,0,1,0,0,-250,-184,0,-2,0,2,-96,144,0,0,5.03,0.43,2.2,56.908000000000186
0,2,0,18,4,0,1,0,0,-250,-175,0,-1,0,3,-94,137,0,0,5.03,0.43,2.2,57.04400000000019
0,1,0,14,3,0,1,0,0,-212,-138,0,-1,0,2,-72,113,0,0,5.03,0.43,2.2,57.18000000000019
0,1,0,9,-2,0,1,0,0,-168,-109,0,-1,0,2,-79,109,0,0,5.03,0.43,2.2,57.316000000000194
0,0,0,4,-7,0,1,0,0,-130,-81,0,-1,0,2,-87,95,0,0,5.03,0.43,2.19,57.45100000000019
0,0,0,1,-13,0,1,0,0,-116,-72,0,-1,0,2,-91,83,0,0,5.03,0.43,2.19,57.58600000000019
0,0,0,-6,-18,0,1,0,0,-82,-44,0,-1,0,2,-101,57,0,0,5.03,0.43,2.19,57.72100000000019
0,0,0,-14,-22,0,1,0,0,-47,-7,0,-1,0,2,-105,39,0,0,5.03,0.43,2.19,57.856000000000186
0,0,0,-20,-24,0,1,0,0,-18,42,0,-1,0,2,-99,28,0,0,5.03,0.43,2.19,57.991000000000184
0,0,0,-20,-27,0,1,0,1,-11,65,0,-1,0,2,-108,27,0,0,5.03,0.43,2.19,58.12600000000018
0,0,0,-26,-32,0,1,0,1,4,119,0,0,0,3,-121,25,0,0,5.03,0.43,2.19,58.26100000000018
0,0,0,-31,-31,0,1,0,2,29,144,0,-1,1,4,-124,34,0,0,5.03,0.43,2.19,58.39600000000018
0,0,0,-33,-30,0,1,0,3,41,150,0,-1,0,4,-122,43,0,0,5.03,0.43,2.19,58.531000000000176
0,1,0,-36,-19,0,1,0,3,72,148,0,-1,0,5,-111,72,0,0,5.03,0.43,2.19,58.666000000000174
0,3,0,-23,16,0,1,0,3,121,144,0,-2,0,5,-85,88,0,0,5.03,0.43,2.19,58.80100000000017
1,5,0,10,37,0,2,0,3,180,142,0,-3,0,5,-49,80,0,0,5.03,0.43,2.19,58.93600000000017
1,5,0,23,47,0,1,0,3,202,143,0,-3,1,5,-45,78,0,0,5.03,0.43,2.19,59.07100000000017
1,5,0,26,70,0,2,0,4,241,132,0,-4,3,3,-53,70,0,0,5.03,0.43,2.19,59.20600000000017
0,5,-1,-3,40,0,2,1,4,250,151,0,-3,2,2,-81,49,0,0,5.03,0.43,2.19,59.341000000000165
0,4,-1,-1,41,0,2,2,5,86,91,0,-3,1,2,-96,36,0,0,5.03,0.43,2.19,59.47600000000016
0,3,-1,-2,24,0,3,0,5,15,138,0,-2,2,2,-103,30,0,0,5.03,0.43,2.19,59.61100000000016
0,3,-1,21,8,0,1,0,4,-32,187,0,-2,1,2,-111,13,0,0,5.03,0.43,2.19,59.74600000000016
0,3,0,30,7,0,1,1,4,250,79,0,-1,1,2,-111,8,0,0,5.03,0.43,2.19,59.88100000000016
0,3,0,32,16,0,1,0,4,250,30,0,0,1,2,-105,7,0,0,5.03,0.43,2.19,60.016000000000155
0,3,0,27,15,0,1,0,4,250,9,0,0,1,1,-109,7,0,0,5.03,0.43,2.19,60.15100000000015
0,2,0,22,19,0,1,0,4,250,-29,0,0,0,1,-98,12,0,0,5.04,0.46,2.34,60.296000000000156
0,2,0,13,16,0,1,0,3,176,-46,0,0,0,0,-63,27,0,0,5.04,0.46,2.34,60.44100000000016
0,2,0,11,11,0,1,0,3,185,-41,0,0,1,0,-62,5,0,0,5.04,0.46,2.34,60.58600000000016
0,1,0,3,6,0,1,0,2,250,-42,0,0,0,0,-33,-28,0,0,5.04,0.46,2.34,60.731000000000165
0,1,0,-6,8,0,1,0,3,250,-36,0,0,0,0,-3,-49,0,0,5.04,0.46,2.34,60.87600000000017
0,0,0,-16,15,0,1,0,3,242,14,0,0,0,0,24,-56,0,0,5.04,0.46,2.34,61.02100000000017
0,0,0,-21,14,0,0,0,3,216,35,0,0,0,0,28,-67,0,0,5.04,0.46,2.34,61.166000000000174
0,0,0,-26,27,0,0,0,3,204,75,0,-1,0,0,57,-103,0,0,5.04,0.46,2.34,61.31100000000018
0,0,0,-30,30,0,0,0,2,213,98,0,0,0,0,102,-139,0,0,5.04,0.46,2.34,61.45600000000018
0,0,0,-31,31,0,0,0,2,206,108,0,-1,0,0,120,-154,0,0,5.04,0.46,2.34,61.601000000000184
0,0,0,-33,27,0,0,0,2,171,112,0,0,0,0,173,-174,0,1,5.04,0.46,2.34,61.74600000000019
0,0,0,-36,19,0,1,0,2,131,112,0,0,0,0,189,-173,0,1,5.04,0.46,2.34,61.89100000000019
0,0,0,-39,9,0,1,1,2,95,129,0,0,0,0,193,-157,0,1,5.04,0.46,2.34,62.03600000000019
0,0,0,-40,5,0,1,1,2,80,136,0,0,0,0,198,-157,0,1,5.04,0.46,2.34,62.181000000000196
0,1,0,-38,-3,0,1,1,2,43,138,0,0,0,1,235,-120,0,1,5.04,0.46,2.34,62.3260000000002
0,3,0,-20,-1,0,1,2,2,7,98,0,-1,0,1,250,-126,0,1,5.04,0.46,2.34,62.4710000000002
-1,5,0,6,1,0,1,2,3,-26,35,0,-1,0,1,250,-120,0,1,5.04,0.46,2.34,62.616000000000206
-1,5,0,23,19,0,1,3,2,-34,7,0,0,0,1,250,-115,0,1,5.04,0.46,2.34,62.76100000000021
-2,5,0,11,4,0,1,3,2,-69,-57,0,-1,0,1,250,-99,0,0,5.04,0.46,2.34,62.90600000000021
-1,5,-1,1,-23,0,1,3,2,-95,-119,0,-1,1,2,250,-74,0,0,5.04,0.46,2.34,63.051000000000215
-1,5,-2,-6,-36,0,1,3,2,-105,-121,0,0,1,2,250,-66,0,0,5.04,0.46,2.34,63.19600000000022
0,3,0,7,-34,0,2,1,4,188,-19,0,-2,0,1,250,-21,0,0,5.03,0.44,2.26,63.33600000000022
0,3,0,13,-29,0,2,1,3,155,-16,0,-2,0,1,250,-21,0,0,5.03,0.44,2.26,63.47600000000022
0,3,0,11,-21,0,1,1,2,123,-18,0,-1,0,0,250,-8,0,0,5.03,0.44,2.26,63.61600000000022
0,3,0,6,-11,0,1,1,2,95,-20,0,-1,0,0,250,10,0,1,5.03,0.44,2.26,63.75600000000022
0,3,0,5,-7,0,1,1,2,83,-18,0,0,1,0,250,12,0,1,5.03,0.44,2.26,63.89600000000022
0,2,0,1,-8,0,0,1,2,51,-10,0,-2,1,0,250,-40,0,1,5.03,0.44,2.26,64.03600000000021
0,2,0,-1,-19,0,0,1,2,25,-2,0,-1,0,0,238,-80,0,1,5.03,0.44,2.26,64.17600000000022
0,1,0,-1,-20,0,0,1,2,15,0,0,-3,0,0,250,-128,0,1,5.03,0.44,2.26,64.31600000000022
0,1,0,-1,-30,0,0,1,2,-13,-3,0,0,0,0,245,-148,0,1,5.03,0.44,2.26,64.45600000000022
0,0,0,-7,-39,0,0,1,1,-47,-26,0,-1,0,0,250,-171,0,1,5.03,0.44,2.26,64.59600000000022
0,0,0,-10,-48,0,0,1,1,-96,-67,0,0,0,1,250,-176,0,1,5.03,0.44,2.26,64.73600000000022
0,0,0,-14,-49,0,0,1,0,-115,-84,0,0,0,1,250,-182,0,1,5.03,0.44,2.26,64.87600000000022
0,0,0,-17,-59,0,0,1,0,-153,-124,0,0,0,1,221,-174,0,0,5.03,0.44,2.26,65.01600000000022
0,0,0,-21,-63,0,0,1,0,-174,-141,0,0,0,1,164,-179,0,0,5.03,0.42,2.14,65.14900000000021
0,0,0,-23,-65,0,0,1,0,-184,-146,0,0,0,1,140,-168,0,0,5.03,0.42,2.14,65.28200000000021
0,0,0,-26,-61,0,0,1,0,-207,-101,0,0,1,1,59,-131,0,0,5.03,0.42,2.14,65.4150000000002
0,0,0,-28,-50,0,0,1,0,-250,-21,0,0,0,1,-21,-103,0,0,5.03,0.42,2.14,65.5480000000002
0,0,0,-26,-34,0,0,2,0,-250,56,0,0,0,1,-57,-94,0,0,5.03,0.42,2.14,65.6810000000002
0,1,0,-24,-23,0,0,2,0,-250,78,0,0,1,1,-67,-93,0,0,5.03,0.42,2.14,65.81400000000019
0,2,0,-14,6,0,0,2,1,-250,66,0,-1,1,2,-81,-80,0,0,5.03,0.42,2.14,65.94700000000019
1,5,0,0,22,0,0,2,1,-250,53,0,0,0,3,-132,-33,0,0,5.03,0.42,2.14,66.08000000000018
1,5,0,4,27,0,0,2,1,-250,55,0,0,0,2,-143,-37,0,0,5.03,0.42,2.14,66.21300000000018
0,5,0,9,18,0,1,2,2,-250,35,0,0,2,3,-130,-27,0,0,5.03,0.42,2.14,66.34600000000017
0,5,-1,3,16,0,1,2,1,-250,8,0,0,0,2,-142,7,0,0,5.03,0.42,2.14,66.47900000000017
0,5,-1,1,12,0,0,1,1,-250,-23,0,0,1,2,-121,38,0,0,5.03,0.42,2.14,66.61200000000017
0,3,0,10,0,0,0,2,1,-250,-42,0,0,2,2,-118,86,0,0,5.03,0.42,2.14,66.74500000000016
0,3,0,15,-5,0,0,1,1,-250,-65,0,-1,1,2,-123,104,0,0,5.03,0.42,2.14,66.87800000000016
0,3,0,26,-8,0,0,0,1,-250,-127,0,-1,1,3,-133,146,0,0,5.03,0.42,2.14,67.01100000000015
0,3,0,27,-9,0,0,0,0,-233,-162,0,-1,0,3,-102,151,0,0,5.03,0.42,2.14,67.14400000000015
0,3,0,28,-9,0,0,0,0,-221,-179,0,-1,1,3,-115,139,0,0,5.03,0.42,2.14,67.27700000000014
0,2,0,22,-8,0,1,0,0,-168,-214,0,-1,1,3,-114,151,0,0,5.03,0.42,2.14,67.41000000000014
0,2,0,15,-1,0,2,0,0,-141,-181,0,0,0,3,-143,151,0,0,5.03,0.42,2.14,67.54300000000013
0,2,0,8,9,0,2,0,0,-113,-139,0,-1,0,2,-134,129,0,0,5.03,0.42,2.14,67.67600000000013
0,1,0,4,11,0,2,0,0,-101,-117,0,0,0,2,-134,122,0,0,5.03,0.42,2.14,67.80900000000013
0,1,0,3,23,0,2,0,0,-56,-62,0,0,0,2,-139,98,0,0,5.03,0.44,2.25,67.94900000000013
0,0,0,0,34,0,1,0,0,-8,-20,0,0,0,2,-141,80,0,0,5.03,0.44,2.25,68.08900000000013
0,0,0,-4,45,0,0,0,0,23,-2,0,-1,0,2,-143,59,0,0,5.03,0.44,2.25,68.22900000000013
0,0,0,-9,50,0,1,0,1,31,7,0,-1,0,2,-147,47,0,0,5.03,0.44,2.25,68.36900000000013
0,0,0,-14,59,0,1,0,1,53,61,0,-1,0,2,-149,21,0,0,5.03,0.44,2.25,68.50900000000013
0,0,0,-22,69,0,1,0,2,56,121,0,0,0,2,-161,-2,0,0,5.03,0.44,2.25,68.64900000000013
0,0,0,-25,69,0,1,0,2,39,136,0,0,1,2,-167,-9,0,0,5.03,0.44,2.25,68.78900000000013
0,0,0,-31,69,0,2,0,3,-45,200,0,0,0,3,-198,-26,0,0,5.03,0.44,2.25,68.92900000000013
0,0,0,-34,62,0,1,0,3,-79,250,0,0,1,3,-195,-27,0,0,5.03,0.44,2.25,69.06900000000013
0,0,0,-35,48,0,0,-1,3,3,245,0,-1,0,4,-193,-27,0,0,5.03,0.44,2.25,69.20900000000013
0,1,0,-34,44,0,0,-1,3,36,227,0,-1,1,4,-182,-30,0,0,5.03,0.44,2.25,69.34900000000013
-1,2,-1,-28,23,0,0,-1,4,71,197,0,-1,1,5,-162,-9,0,0,5.03,0.44,2.25,69.48900000000013
-1,5,0,2,26,0,0,-1,4,44,169,0,-2,0,4,-139,29,0,0,5.03,0.44,2.25,69.62900000000013
-2,5,0,15,30,0,0,-1,4,36,158,0,-2,1,4,-132,54,0,0,5.03,0.44,2.25,69.76900000000013
-2,5,0,27,59,0,1,0,5,68,136,0,-2,1,3,-126,85,0,0,5.03,0.44,2.25,69.90900000000013
-1,5,-1,0,14,0,1,0,5,115,121,0,-2,0,3,-146,62,0,0,5.03,0.44,2.25,70.04900000000013
-1,5,-1,-4,0,0,1,-1,4,115,88,0,-1,0,2,-138,53,0,0,5.03,0.44,2.25,70.18900000000014
0,4,-1,-9,-11,0,1,0,4,140,60,0,-1,0,2,-131,62,0,0,5.03,0.44,2.25,70.32900000000014
0,3,0,-3,-11,0,1,0,3,198,-20,0,0,0,3,-86,97,0,0,5.03,0.44,2.25,70.46900000000014
0,2,0,5,-1,0,1,0,3,242,-101,0,0,0,2,-53,148,0,0,5.03,0.44,2.25,70.60900000000014
0,2,0,9,4,0,1,0,3,250,-158,0,-1,0,2,-49,169,0,0,5.03,0.44,2.25,70.74900000000014
0,2,0,10,6,0,1,0,3,250,-168,0,-1,0,1,-53,155,0,0,5.03,0.43,2.21,70.88700000000014
0,2,0,5,10,0,1,0,3,250,-159,0,-1,0,1,-66,121,0,0,5.03,0.43,2.21,71.02500000000015
0,1,0,0,5,0,1,0,3,250,-135,0,-1,0,0,-58,62,0,0,5.03,0.43,2.21,71.16300000000015
0,1,0,-4,-8,0,1,0,3,250,-105,0,0,0,0,-44,30,0,0,5.03,0.43,2.21,71.30100000000016
0,1,0,-6,-12,0,1,0,3,250,-98,0,-1,0,0,-27,26,0,0,5.03,0.43,2.21,71.43900000000016
0,0,0,-13,-27,0,1,0,3,250,-97,0,0,-1,0,52,-18,0,0,5.03,0.43,2.21,71.57700000000017
0,0,0,-20,-40,0,1,0,3,250,-94,0,0,0,0,148,-47,0,0,5.03,0.43,2.21,71.71500000000017
0,0,0,-24,-48,0,0,0,3,250,-76,0,-1,0,0,169,-76,0,0,5.03,0.43,2.21,71.85300000000018
0,0,0,-26,-50,0,0,0,3,250,-68,0,0,0,0,172,-86,0,0,5.03,0.43,2.21,71.99100000000018
0,0,0,-28,-55,0,0,0,2,242,-26,0,0,0,0,211,-115,0,0,5.03,0.43,2.21,72.12900000000019
0,0,0,-31,-61,0,0,0,2,221,10,0,-1,0,0,235,-130,0,0,5.03,0.43,2.21,72.2670000000002
0,0,0,-32,-61,0,0,0,1,210,17,0,0,0,0,243,-137,0,0,5.03,0.43,2.21,72.4050000000002
0,0,0,-34,-58,0,0,1,1,179,33,0,0,0,0,250,-142,0,0,5.03,0.43,2.21,72.5430000000002
0,1,0,-32,-39,0,0,1,1,148,51,0,0,0,1,230,-129,0,0,5.03,0.43,2.21,72.68100000000021
1,3,0,-15,-8,0,1,2,2,121,67,0,0,0,1,226,-110,0,0,5.03,0.43,2.21,72.81900000000022
1,4,0,-7,4,0,1,2,2,103,69,0,0,0,2,229,-98,0,0,5.03,0.43,2.21,72.95700000000022
1,5,-1,9,21,0,2,2,2,68,48,0,-1,0,2,248,-76,0,0,5.03,0.43,2.21,73.09500000000023
0,5,0,13,22,0,2,2,2,27,10,0,-1,0,2,250,-73,0,1,5.03,0.43,2.21,73.23300000000023
0,5,-1,-5,-7,0,2,2,2,1,-20,0,-1,0,2,250,-89,0,1,5.03,0.43,2.21,73.37100000000024
0,5,-2,-1,-10,0,1,3,2,-9,-32,0,-1,0,2,250,-98,0,1,5.03,0.43,2.21,73.50900000000024
0,4,0,2,-21,0,1,2,2,-32,-64,0,0,1,2,224,-59,0,1,5.03,0.43,2.21,73.64700000000025
0,3,0,10,-12,0,1,2,2,-47,-71,0,0,0,1,193,-34,0,1,5.03,0.44,2.26,73.78800000000025
0,3,0,14,-6,0,1,2,2,-57,-63,0,0,0,0,206,-41,0,1,5.03,0.44,2.26,73.92900000000026
0,2,0,23,-2,0,0,2,2,-94,-49,0,-1,0,0,215,-55,0,0,5.03,0.44,2.26,74.07000000000026
0,2,0,20,-4,0,0,3,2,-135,-50,0,-1,0,1,200,-74,0,0,5.03,0.44,2.26,74.21100000000027
0,2,0,16,-8,0,0,2,1,-183,-94,0,0,0,2,169,-36,0,0,5.03,0.44,2.26,74.35200000000027
0,2,0,13,-7,0,0,2,1,-212,-91,0,0,0,2,153,-21,0,0,5.03,0.44,2.26,74.49300000000028
0,1,0,7,-7,0,0,1,0,-250,-86,0,0,0,2,102,-10,0,0,5.03,0.44,2.26,74.63400000000028
0,1,0,1,-3,0,0,1,0,-250,-64,0,0,1,1,37,5,0,0,5.03,0.44,2.26,74.77500000000029
0,0,0,-1,0,0,0,1,0,-250,-47,0,0,1,1,26,32,0,0,5.03,0.44,2.26,74.9160000000003
0,0,0,-9,6,0,0,1,0,-250,58,0,-1,1,1,-34,31,0,0,5.03,0.44,2.26,75.0570000000003
0,0,0,-19,15,0,0,1,0,-250,24,0,-1,1,0,-93,31,0,0,5.03,0.44,2.26,75.1980000000003
0,0,0,-23,23,0,0,1,0,-250,18,0,0,0,0,-142,20,0,0,5.03,0.44,2.26,75.33900000000031
0,0,0,-26,28,0,0,1,0,-250,16,0,0,0,1,-108,-16,0,0,5.03,0.44,2.26,75.48000000000032
0,0,0,-28,37,0,0,1,0,-250,18,0,0,0,1,-132,13,0,0,5.03,0.44,2.26,75.62100000000032
0,0,0,-31,45,0,0,1,0,-250,27,0,0,0,1,-151,12,0,0,5.03,0.44,2.26,75.76200000000033
0,0,0,-32,46,0,0,1,0,-250,32,0,0,0,1,-158,9,0,0,5.03,0.44,2.26,75.90300000000033
0,0,0,-36,42,0,0,0,0,-250,46,0,0,1,2,-170,3,0,0,5.03,0.44,2.26,76.04400000000034
0,1,-1,-38,22,0,0,0,1,-250,32,0,0,1,3,-171,15,0,0,5.03,0.44,2.26,76.18500000000034
-1,2,-1,-38,1,0,0,0,1,-250,10,0,-1,1,3,-186,25,0,0,5.03,0.44,2.26,76.32600000000035
-1,5,-1,-12,7,0,0,0,1,-224,-16,0,-1,1,4,-184,48,0,0,5.03,0.44,2.26,76.46700000000035
-2,5,0,0,16,0,1,0,2,-208,-22,0,-1,1,4,-178,48,0,0,5.03,0.44,2.26,76.60800000000036
-2,5,0,3,6,0,1,-1,2,-164,-31,0,-1,1,4,-116,60,0,0,5.04,0.45,2.31,76.75200000000036
-1,5,0,5,19,0,1,-1,2,-95,-34,0,-1,1,4,-83,66,0,0,5.04,0.45,2.31,76.89600000000037
0,4,0,-1,26,0,1,-1,2,-17,-25,0,-1,1,5,-87,100,0,0,5.04,0.45,2.31,77.04000000000038
0,4,0,-7,20,0,1,-2,2,22,-22,0,-1,1,5,-93,104,0,0,5.04,0.45,2.31,77.18400000000038
0,3,0,-1,16,0,1,-1,2,95,-30,0,-2,0,5,-103,138,0,0,5.04,0.45,2.31,77.32800000000039
0,2,0,12,19,0,1,-1,1,145,-9,0,-1,0,5,-97,173,0,0,5.04,0.45,2.31,77.47200000000039
0,2,0,13,19,0,2,0,2,141,-75,0,-1,0,5,-88,171,0,0,5.04,0.45,2.31,77.6160000000004
0,2,0,11,21,0,3,0,2,-16,-6,0,-2,0,4,-80,176,0,0,5.04,0.45,2.31,77.7600000000004
0,2,0,8,27,0,1,-1,1,-23,5,0,-2,1,3,-88,190,0,0,5.04,0.45,2.31,77.90400000000041
0,2,0,7,26,0,1,0,1,150,2,0,-1,2,2,-104,176,0,0,5.04,0.45,2.31,78.04800000000041
0,1,0,7,23,0,2,0,1,153,29,0,-1,2,2,-108,172,0,0,5.04,0.45,2.31,78.19200000000042
0,1,0,6,19,0,1,1,2,158,71,0,-1,2,1,-146,149,0,0,5.04,0.45,2.31,78.33600000000042
0,0,0,3,4,0,2,0,2,46,155,0,-1,1,0,-174,112,0,0,5.04,0.45,2.31,78.48000000000043
0,0,0,0,3,0,1,0,3,45,183,0,-1,1,0,-182,80,0,0,5.04,0.45,2.31,78.62400000000044
0,0,0,-2,-8,0,0,0,2,82,215,0,0,1,1,-183,18,0,0,5.04,0.45,2.31,78.76800000000044
0,0,0,-4,-22,0,0,0,3,182,190,0,0,0,1,-167,-34,0,0,5.04,0.45,2.31,78.91200000000045
0,0,0,-11,-37,0,0,0,3,233,165,0,0,0,1,-141,-42,0,0,5.04,0.45,2.31,79.05600000000045
0,0,0,-14,-41,0,0,0,3,234,153,0,0,0,1,-126,-39,0,0,5.04,0.45,2.31,79.20000000000046
0,0,0,-21,-48,0,0,0,4,224,123,0,0,0,2,-87,-29,0,0,5.04,0.45,2.31,79.34400000000046
0,0,0,-26,-48,0,0,0,4,244,95,0,-1,0,2,-41,-27,0,0,5.04,0.45,2.31,79.48800000000047
0,1,0,-26,-40,0,0,1,4,250,80,0,-2,0,1,0,-67,0,0,5.04,0.45,2.31,79.63200000000047
0,1,0,-25,-37,0,0,1,5,250,79,0,-1,0,1,10,-88,0,0,5.03,0.43,2.18,79.76900000000047
0,3,0,-8,-9,0,1,1,5,250,68,0,-1,-1,1,65,-119,0,0,5.03,0.43,2.18,79.90600000000047
1,5,0,19,15,0,2,0,4,249,-13,0,0,0,1,162,-136,0,0,5.03,0.43,2.18,80.04300000000048
1,5,0,28,21,0,2,2,5,250,41,0,-1,-2,1,124,-123,0,0,5.03,0.43,2.18,80.18000000000048
1,5,0,40,41,0,2,1,4,250,1,0,0,0,1,200,-84,0,0,5.03,0.43,2.18,80.31700000000048
0,5,-1,9,-3,0,2,2,4,250,-38,0,-1,0,1,241,-90,0,0,5.03,0.43,2.18,80.45400000000048
0,4,-1,6,-32,0,2,1,3,250,-63,0,0,0,1,247,-20,0,0,5.03,0.43,2.18,80.59100000000048
0,4,0,9,-43,0,1,1,3,250,-61,0,0,0,1,244,-1,0,0,5.03,0.43,2.18,80.72800000000048
0,3,0,16,-45,0,1,2,3,250,-56,0,-1,0,1,227,58,0,0,5.03,0.43,2.18,80.86500000000048
0,3,0,22,-46,0,1,1,2,218,-42,0,-1,0,1,228,58,0,0,5.03,0.43,2.18,81.00200000000048
0,2,0,28,-38,0,1,1,2,172,-21,0,-2,0,1,213,44,0,0,5.03,0.43,2.18,81.13900000000048
0,2,0,27,-32,0,1,1,2,155,-17,0,-1,0,1,208,30,0,0,5.03,0.43,2.18,81.27600000000048
0,2,0,24,-28,0,1,1,1,149,-26,0,-1,0,0,203,11,0,1,5.03,0.43,2.18,81.41300000000048
0,2,0,19,-21,0,1,1,1,134,-46,0,-1,0,0,197,6,0,1,5.03,0.43,2.18,81.55000000000048
0,1,0,15,-17,0,1,1,1,116,-71,0,-1,0,0,195,-18,0,1,5.03,0.43,2.18,81.68700000000048
0,1,0,10,-17,0,0,1,0,106,-78,0,-1,0,0,192,-19,0,1,5.03,0.43,2.18,81.82400000000048
0,2,0,7,3,0,0,0,3,250,-4,0,0,0,0,-24,-28,0,0,5.03,0.43,2.19,81.96200000000049
0,1,0,4,5,0,0,0,3,250,-4,0,0,0,0,11,-44,0,0,5.03,0.43,2.19,82.10000000000049
0,1,0,3,5,0,0,0,3,250,1,0,0,0,0,40,-56,0,0,5.03,0.43,2.19,82.2380000000005
0,0,0,1,7,0,0,0,3,250,4,0,0,0,0,58,-76,0,0,5.03,0.43,2.19,82.3760000000005
0,0,0,-5,10,0,0,0,3,250,10,0,0,0,0,82,-86,0,0,5.03,0.43,2.19,82.51400000000051
0,0,0,-13,14,0,0,0,2,250,5,0,0,0,0,114,-101,0,0,5.03,0.43,2.19,82.65200000000051
0,0,0,-22,18,0,0,0,1,248,2,0,0,0,0,130,-97,0,0,5.03,0.43,2.19,82.79000000000052
0,0,0,-25,19,0,0,0,1,241,5,0,0,0,0,132,-97,0,0,5.03,0.43,2.19,82.92800000000052
0,0,0,-33,19,0,0,0,0,210,20,0,0,0,0,123,-66,0,0,5.03,0.43,2.19,83.06600000000053
0,0,0,-42,15,0,0,0,0,178,25,0,-1,0,0,129,-59,0,0,5.03,0.43,2.19,83.20400000000053
0,1,0,-46,8,0,0,1,1,147,40,0,-1,0,0,130,-66,0,0,5.03,0.43,2.19,83.34200000000054
0,1,0,-45,5,0,0,1,1,136,42,0,-1,0,0,132,-62,0,0,5.03,0.43,2.19,83.48000000000054
0,3,0,-35,-8,0,1,1,2,108,34,0,-1,0,0,142,-83,0,0,5.03,0.43,2.19,83.61800000000055
-1,4,0,-15,-13,0,1,2,2,79,16,0,-1,0,0,162,-96,0,0,5.03,0.43,2.19,83.75600000000055
-1,5,0,-5,-9,0,1,2,2,44,-13,0,-1,0,0,186,-86,0,0,5.03,0.43,2.19,83.89400000000056
-2,5,-1,-3,-19,0,1,2,2,32,-30,0,-1,0,0,204,-80,0,0,5.03,0.43,2.19,84.03200000000056
-1,5,-1,-5,-37,0,1,2,2,8,-79,0,-1,0,1,232,-107,0,0,5.03,0.43,2.19,84.17000000000057
-1,4,0,0,-49,0,1,2,1,-18,-113,0,0,0,1,239,-86,0,0,5.03,0.43,2.19,84.30800000000058
-1,4,0,1,-52,0,1,2,2,-31,-118,0,0,0,1,233,-73,0,0,5.04,0.47,2.4,84.45900000000057
0,3,0,6,-47,0,1,2,2,-71,-136,0,0,0,1,227,-59,0,0,5.04,0.47,2.4,84.61000000000057
0,3,0,10,-33,0,0,2,2,-106,-131,0,0,0,1,215,-65,0,0,5.04,0.47,2.4,84.76100000000056
0,3,0,10,-22,0,0,3,2,-140,-127,0,-1,1,1,181,-68,0,0,5.04,0.47,2.4,84.91200000000056
0,2,0,10,-20,0,0,2,2,-158,-127,0,-1,1,1,169,-87,0,0,5.04,0.47,2.4,85.06300000000056
0,2,0,6,-17,0,0,2,2,-220,-133,0,-1,1,2,139,-65,0,0,5.04,0.47,2.4,85.21400000000055
0,1,0,2,-19,0,0,1,2,-250,-106,0,-1,1,2,83,-26,0,0,5.04,0.47,2.4,85.36500000000055
0,1,0,-2,-24,0,0,1,1,-250,-57,0,0,1,1,17,14,0,0,5.04,0.47,2.4,85.51600000000055
0,1,0,-3,-27,0,0,1,1,-250,-41,0,0,1,1,5,27,0,0,5.04,0.47,2.4,85.66700000000054
0,0,0,-6,-35,0,1,1,0,-250,7,0,0,1,1,-47,42,0,0,5.04,0.47,2.4,85.81800000000054
0,0,0,-10,-44,0,0,2,0,-250,18,0,-1,1,1,-105,20,0,0,5.04,0.47,2.4,85.96900000000053
0,0,0,-10,-43,0,0,1,0,-250,13,0,0,1,1,-108,7,0,0,5.04,0.47,2.4,86.12000000000053
0,0,0,-17,-43,0,1,2,0,-250,8,0,-1,0,1,-137,-18,0,0,5.04,0.47,2.4,86.27100000000053
0,0,0,-22,-36,0,0,1,0,-250,13,0,0,1,1,-144,-9,0,0,5.04,0.47,2.4,86.42200000000052
0,0,0,-27,-28,0,0,1,0,-250,23,0,0,0,2,-180,-24,0,0,5.04,0.47,2.4,86.57300000000052
0,0,0,-28,-24,0,1,1,1,-250,26,0,0,0,2,-174,-17,0,0,5.04,0.47,2.4,86.72400000000052
0,0,0,-32,-11,0,1,0,1,-250,45,0,0,1,3,-184,5,0,0,5.04,0.47,2.4,86.87500000000051
0,1,0,-32,2,0,0,0,1,-250,41,0,0,1,3,-190,40,0,0,5.04,0.47,2.4,87.02600000000051
0,2,-1,-31,9,0,0,0,1,-250,25,0,0,0,3,-191,60,0,0,5.04,0.47,2.4,87.1770000000005
0,5,0,0,26,0,1,0,1,-250,-11,0,0,1,4,-162,94,0,0,5.04,0.47,2.4,87.3280000000005
1,5,0,32,34,0,1,0,2,-211,-30,0,-1,1,4,-163,103,0,0,5.04,0.47,2.4,87.4790000000005
0,5,0,2,10,0,1,-1,2,-147,-33,0,-1,2,5,-142,106,0,0,5.03,0.44,2.24,87.6200000000005
0,5,-1,-4,13,0,1,-1,2,-125,-29,0,-1,1,5,-120,107,0,0,5.03,0.44,2.24,87.76100000000051
0,5,-1,-9,29,0,1,-1,3,-68,-23,0,-2,1,5,-99,132,0,0,5.03,0.44,2.24,87.90200000000051
0,3,-1,-6,23,0,1,-1,3,-34,-41,0,-1,1,5,-109,220,0,0,5.03,0.44,2.24,88.04300000000052
0,2,0,4,7,0,1,-1,2,13,-43,0,-2,1,4,-119,250,0,0,5.03,0.44,2.24,88.18400000000052
0,2,0,8,3,0,1,0,2,35,-41,0,-2,1,4,-120,250,0,0,5.03,0.44,2.24,88.32500000000053
0,2,0,12,1,0,1,0,1,117,-100,0,-2,0,4,-99,234,0,0,5.03,0.44,2.24,88.46600000000053
0,2,0,11,-2,0,3,0,1,67,16,0,-2,0,4,-81,197,0,0,5.03,0.44,2.24,88.60700000000054
0,2,0,9,1,0,0,0,1,120,6,0,-1,0,4,-78,156,0,0,5.03,0.44,2.24,88.74800000000054
0,2,0,7,2,0,0,0,1,156,7,0,-1,0,3,-78,132,0,0,5.03,0.44,2.24,88.88900000000055
0,1,0,6,11,0,0,1,1,182,30,0,-1,2,2,-86,87,0,0,5.03,0.44,2.24,89.03000000000056
0,1,0,4,18,0,0,2,1,211,57,0,0,1,0,-116,49,0,0,5.03,0.44,2.24,89.17100000000056
0,0,0,2,23,0,0,1,1,250,66,0,0,2,0,-135,11,0,0,5.03,0.44,2.24,89.31200000000057
0,0,0,0,23,0,0,0,2,250,80,0,0,2,0,-136,0,0,0,5.03,0.44,2.24,89.45300000000057
0,0,0,-2,27,0,0,1,3,250,106,0,0,2,0,-149,-49,0,0,5.03,0.44,2.24,89.59400000000058
0,0,0,-5,30,0,0,0,2,249,158,0,0,1,0,-156,-80,0,0,5.03,0.44,2.24,89.73500000000058
0,0,0,-7,30,0,0,0,3,250,160,0,0,1,0,-145,-89,0,0,5.03,0.44,2.24,89.87600000000059
0,0,0,-9,36,0,0,0,3,250,166,0,0,2,0,-91,-123,0,0,5.03,0.44,2.24,90.01700000000059
0,0,0,-13,38,0,0,0,4,250,167,0,0,0,0,-80,-127,0,0,5.03,0.44,2.24,90.1580000000006
0,0,0,-20,37,0,0,0,5,250,159,0,0,0,0,-29,-104,0,0,5.03,0.44,2.24,90.2990000000006
0,0,0,-23,36,0,0,0,5,250,148,0,0,-1,0,38,-100,0,0,5.03,0.44,2.24,90.44000000000061
0,1,0,-28,29,0,1,1,5,250,131,0,0,0,0,87,-112,0,0,5.04,0.46,2.35,90.5880000000006
0,2,-1,-28,10,0,2,1,5,250,99,0,0,0,1,141,-91,0,0,5.04,0.46,2.35,90.7360000000006
-1,3,-1,-21,1,0,2,1,5,250,79,0,0,0,1,149,-73,0,0,5.04,0.46,2.35,90.8840000000006
-1,5,0,12,13,0,2,1,4,250,30,0,0,0,1,195,-25,0,0,5.04,0.46,2.35,91.0320000000006
-2,5,0,29,25,0,2,2,4,250,-6,0,0,0,0,250,17,0,0,5.04,0.46,2.35,91.18000000000059
-1,5,-1,15,-5,0,2,2,3,208,-27,0,-1,0,0,250,29,0,0,5.04,0.46,2.35,91.32800000000059
-1,5,-1,15,-15,0,2,2,2,197,-37,0,-1,0,0,250,30,0,0,5.04,0.46,2.35,91.47600000000058
0,4,0,5,-32,0,1,3,2,158,-64,0,-2,0,0,250,19,0,0,5.04,0.46,2.35,91.62400000000058
0,3,0,8,-38,0,1,2,2,127,-75,0,-3,0,1,250,-10,0,0,5.04,0.46,2.35,91.77200000000057
0,3,0,20,-17,0,1,2,2,56,-53,0,-3,0,1,250,-15,0,1,5.04,0.46,2.35,91.92000000000057
0,3,0,23,-10,0,1,2,2,35,-38,0,-2,0,1,250,-43,0,1,5.04,0.46,2.35,92.06800000000057
0,3,0,24,1,0,1,1,1,-26,-13,0,-2,0,2,250,22,0,1,5.04,0.46,2.35,92.21600000000056
0,2,0,19,8,0,1,2,1,-108,-32,0,-2,1,5,250,0,0,1,5.04,0.46,2.35,92.36400000000056
0,2,0,17,7,0,1,2,2,-133,-39,0,-2,1,5,250,-36,0,1,5.04,0.46,2.35,92.51200000000055
0,2,0,11,-2,0,1,2,1,-196,-35,0,-2,1,2,189,-86,0,0,5.04,0.46,2.35,92.66000000000055
0,1,0,7,-12,0,0,1,1,-242,8,0,0,1,1,177,-78,0,0,5.04,0.46,2.35,92.80800000000055
0,1,0,1,-24,0,1,1,1,-250,17,0,0,1,0,141,-80,0,0,5.04,0.46,2.35,92.95600000000054
0,1,0,2,-25,0,1,1,1,-250,17,0,0,1,0,122,-91,0,0,5.04,0.46,2.35,93.10400000000054
0,0,0,-2,-25,0,0,0,1,-250,-2,0,0,0,0,66,-98,0,0,5.04,0.46,2.35,93.25200000000054
0,0,0,-8,-28,0,0,1,1,-232,-31,0,0,0,0,25,-89,0,0,5.04,0.46,2.35,93.40000000000053
0,0,0,-15,-33,0,0,1,0,-229,-84,0,0,0,0,-8,-59,0,0,5.04,0.46,2.35,93.54800000000053
0,0,0,-19,-34,0,0,1,0,-227,-98,0,0,0,0,-24,-46,0,0,5.03,0.44,2.26,93.69100000000053
0,0,0,-28,-37,0,0,1,0,-239,-112,0,0,0,0,-61,-41,0,0,5.03,0.44,2.26,93.83400000000053
0,0,0,-31,-40,0,0,1,1,-250,-127,0,0,0,0,-84,-63,0,0,5.03,0.44,2.26,93.97700000000053
0,0,0,-32,-42,0,0,1,1,-250,-119,0,0,0,1,-93,-60,0,0,5.03,0.44,2.26,94.12000000000053
0,0,0,-32,-44,0,0,1,1,-250,-57,0,0,1,1,-116,-44,0,0,5.03,0.44,2.26,94.26300000000053
0,0,0,-28,-42,0,0,1,1,-250,-5,0,-1,1,0,-114,-74,0,0,5.03,0.44,2.26,94.40600000000053
0,1,0,-19,-29,0,1,2,1,-250,25,0,0,1,1,-129,-52,0,0,5.03,0.44,2.26,94.54900000000053
0,2,0,-16,-20,0,1,1,1,-250,31,0,0,1,1,-112,-48,0,0,5.03,0.44,2.26,94.69200000000053
0,5,0,-7,-4,0,1,1,2,-250,25,0,0,0,2,-172,24,0,0,5.03,0.44,2.26,94.83500000000053
1,5,0,-2,15,0,1,2,1,-250,30,0,0,1,3,-119,29,0,0,5.03,0.44,2.26,94.97800000000053
1,5,0,-7,9,0,1,1,1,-250,15,0,0,2,3,-123,44,0,0,5.03,0.44,2.26,95.12100000000054
0,5,0,-6,9,0,1,1,1,-250,0,0,0,1,2,-110,36,0,0,5.03,0.44,2.26,95.26400000000054
0,5,-1,-3,15,0,0,0,1,-245,-30,0,-1,2,3,-83,23,0,0,5.03,0.44,2.26,95.40700000000054
0,4,0,2,14,0,0,0,2,-199,-72,0,-2,1,3,-98,36,0,0,5.03,0.44,2.26,95.55000000000054
0,3,0,5,15,0,0,0,2,-187,-81,0,-2,1,3,-113,60,0,0,5.03,0.44,2.26,95.69300000000054
0,3,0,11,9,0,1,0,2,-153,-106,0,-2,1,3,-123,116,0,0,5.03,0.44,2.26,95.83600000000054
0,3,0,16,1,0,1,0,2,-148,-118,0,-1,1,4,-112,146,0,0,5.03,0.44,2.26,95.97900000000054
0,3,0,15,-5,0,1,0,1,-125,-119,0,-1,1,3,-87,147,0,0,5.03,0.44,2.26,96.12200000000054
0,3,0,14,-6,0,1,0,1,-110,-119,0,-1,0,3,-128,144,0,0,5.03,0.44,2.26,96.26500000000054
0,2,0,10,-7,0,1,0,1,-77,-100,0,-1,0,3,-103,124,0,0,5.03,0.44,2.26,96.40800000000054
0,2,0,9,-3,0,1,0,1,-40,-74,0,-1,0,3,-107,119,0,0,5.03,0.44,2.26,96.55100000000054
0,1,0,8,-2,0,1,0,1,-26,-67,0,-1,0,2,-105,120,0,0,5.03,0.43,2.21,96.69000000000054
0,1,0,6,5,0,1,0,1,0,-52,0,-1,0,3,-106,129,0,0,5.03,0.43,2.21,96.82900000000053
0,1,0,3,10,0,1,0,0,16,-40,0,-1,0,3,-114,139,0,0,5.03,0.43,2.21,96.96800000000053
0,0,0,0,19,0,1,0,0,39,-12,0,-1,0,2,-118,127,0,0,5.03,0.43,2.21,97.10700000000053
0,0,0,-1,25,0,1,0,0,50,1,0,-1,0,2,-112,120,0,0,5.03,0.43,2.21,97.24600000000052
0,0,0,-7,32,0,1,0,0,82,45,0,-1,0,2,-106,109,0,0,5.03,0.43,2.21,97.38500000000052
0,0,0,-8,43,0,1,0,1,113,88,0,-1,0,2,-112,88,0,0,5.03,0.43,2.21,97.52400000000051
0,0,0,-11,45,0,1,0,1,118,94,0,-1,1,2,-110,75,0,0,5.03,0.43,2.21,97.66300000000051
0,0,0,-15,52,0,1,0,1,140,117,0,-1,2,2,-124,52,0,0,5.03,0.43,2.21,97.8020000000005
0,0,0,-17,51,0,1,0,2,152,140,0,-1,1,1,-154,44,0,0,5.03,0.43,2.21,97.9410000000005
0,0,0,-17,47,0,1,0,3,152,177,0,-1,2,2,-180,28,0,0,5.03,0.43,2.21,98.0800000000005
0,0,0,-17,45,0,1,0,3,154,189,0,-1,2,2,-186,22,0,0,5.03,0.43,2.21,98.21900000000049
0,1,0,-15,41,0,1,0,3,213,186,0,-2,1,2,-185,21,0,0,5.03,0.43,2.21,98.35800000000049
0,3,0,-9,42,0,1,0,3,73,209,0,-3,1,2,-157,-28,0,0,5.03,0.43,2.21,98.49700000000048
-1,5,0,10,54,0,1,0,3,138,194,0,-3,1,2,-118,-65,0,0,5.03,0.43,2.21,98.63600000000048
-2,5,0,19,56,0,0,0,3,194,153,0,-3,1,2,-104,-67,0,0,5.03,0.43,2.21,98.77500000000047
-2,5,0,11,24,0,1,0,4,250,108,0,-2,1,1,-95,-72,0,0,5.03,0.43,2.21,98.91400000000047
-1,5,-2,4,9,0,1,0,5,250,79,0,-2,1,1,-78,-79,0,0,5.03,0.43,2.21,99.05300000000047
0,4,0,4,-10,0,2,0,5,250,70,0,-1,1,1,-47,-72,0,0,5.03,0.43,2.21,99.19200000000046
0,4,0,6,-18,0,1,0,5,250,66,0,-1,1,2,-22,-69,0,0,5.03,0.43,2.21,99.33100000000046
0,3,0,12,-8,0,1,0,4,250,37,0,0,2,1,3,-59,0,0,5.03,0.43,2.21,99.47000000000045
0,3,0,18,0,0,2,1,4,250,-3,0,0,0,1,39,-43,0,0,5.04,0.46,2.36,99.62000000000046
0,3,0,16,0,0,2,1,4,250,-26,0,0,0,1,54,-37,0,0,5.04,0.46,2.36,99.77000000000046
0,3,0,10,7,0,2,1,4,250,-66,0,-1,0,1,77,-43,0,0,5.04,0.46,2.36,99.92000000000047
0,2,0,6,12,0,1,1,4,250,-48,0,0,0,0,69,-39,0,0,5.04,0.46,2.36,100.07000000000048
0,1,0,4,6,0,1,0,4,237,-21,0,0,0,0,96,-8,0,0,5.04,0.46,2.36,100.22000000000048
0,1,0,2,-6,0,0,0,3,196,26,0,0,0,0,192,-2,0,0,5.04,0.46,2.36,100.5200000000005
0,0,0,1,-16,0,1,0,2,168,44,0,0,0,0,151,-17,0,0,5.04,0.46,2.36,100.6700000000005
0,1,0,8,10,0,1,0,4,215,45,0,0,0,1,-22,0,0,0,5.04,0.47,2.37,100.8200000000005
0,1,0,5,0,0,1,0,4,250,31,0,0,1,0,17,-27,0,0,5.04,0.47,2.37,100.97000000000051
0,0,0,-2,-10,0,1,0,4,250,-1,0,0,0,0,48,-54,0,0,5.04,0.47,2.37,101.12000000000052
0,0,0,-10,-17,0,1,0,4,250,-9,0,0,0,0,109,-76,0,0,5.04,0.47,2.37,101.27000000000052
0,0,0,-13,-25,0,1,0,4,250,-15,0,0,0,0,113,-84,0,0,5.04,0.47,2.37,101.42000000000053
0,0,0,-21,-33,0,1,0,3,250,-20,0,0,0,0,149,-107,0,0,5.04,0.48,2.44,101.57500000000053
0,0,0,-29,-38,0,1,0,2,250,-30,0,0,0,0,181,-116,0,0,5.04,0.48,2.44,101.73000000000053
0,0,0,-36,-44,0,0,0,2,250,-33,0,0,1,0,181,-98,0,0,5.04,0.48,2.44,101.88500000000053
0,0,0,-38,-45,0,0,0,2,250,-33,0,0,0,0,169,-96,0,0,5.04,0.48,2.44,102.04000000000053
0,0,0,-45,-46,0,0,0,1,234,-7,0,0,0,0,156,-93,0,1,5.04,0.48,2.44,102.19500000000053
0,0,0,-47,-43,0,0,1,1,209,2,0,-1,0,0,156,-113,0,1,5.04,0.48,2.44,102.35000000000053
0,1,0,-46,-39,0,1,1,1,197,4,0,-1,0,0,158,-126,0,1,5.04,0.48,2.44,102.50500000000054
0,3,0,-32,-13,0,1,2,1,161,2,0,-1,0,1,171,-136,0,1,5.04,0.48,2.44,102.66000000000054
1,5,0,-8,10,0,2,2,2,91,-10,0,-1,0,1,200,-126,0,0,5.04,0.48,2.44,102.81500000000054
0,5,-1,15,21,0,2,2,2,62,-51,0,-1,0,2,218,-134,0,0,5.04,0.48,2.44,102.97000000000054
0,5,0,17,23,0,2,2,2,49,-72,0,-1,0,2,226,-146,0,1,5.04,0.48,2.44,103.12500000000054
0,5,-1,0,-4,0,1,3,2,23,-119,0,0,0,1,226,-128,0,1,5.04,0.48,2.44,103.28000000000054
0,5,-1,1,-25,0,1,2,2,-13,-158,0,-1,0,2,210,-103,0,0,5.04,0.48,2.44,103.43500000000054
0,4,-1,3,-31,0,0,2,2,-26,-173,0,-1,0,2,198,-95,0,0,5.04,0.48,2.44,103.59000000000054
0,3,0,10,-40,0,0,2,2,-53,-208,0,-1,0,2,149,-114,0,0,5.04,0.48,2.44,103.74500000000054
0,3,0,16,-34,0,0,2,2,-95,-202,0,-1,1,3,106,-99,0,0,5.04,0.48,2.44,103.90000000000055
0,3,0,18,-24,0,0,2,1,-183,-154,0,-1,1,2,65,-58,0,0,5.04,0.48,2.44,104.05500000000055
0,2,0,18,-22,0,0,2,1,-219,-123,0,-1,1,2,53,-41,0,0,5.04,0.48,2.44,104.21000000000055
0,2,0,15,-16,0,0,1,0,-250,-53,0,0,0,1,33,7,0,0,5.04,0.48,2.44,104.36500000000055
0,2,0,12,-15,0,0,1,0,-250,-10,0,0,1,0,-13,37,0,0,5.04,0.48,2.44,104.52000000000055
0,1,0,7,-18,0,0,2,0,-250,9,0,0,0,0,-26,7,0,0,5.04,0.48,2.44,104.67500000000055
0,1,0,7,-15,0,0,2,0,-250,2,0,0,0,0,-54,16,0,0,5.03,0.46,2.34,104.82400000000055
0,0,0,0,-13,0,0,1,0,-250,-45,0,0,0,0,-53,15,0,0,5.03,0.46,2.34,104.97300000000055
0,0,0,-10,-5,0,0,1,0,-250,-48,0,0,0,0,-72,47,0,0,5.03,0.46,2.34,105.12200000000055
0,0,0,-23,8,0,0,1,0,-250,-31,0,0,0,1,-90,86,0,0,5.03,0.46,2.34,105.42000000000056
0,0,0,-28,18,0,1,1,0,-250,0,0,0,0,1,-105,96,0,0,5.03,0.46,2.34,105.56900000000056
0,0,0,-32,26,0,1,1,0,-250,27,0,0,0,2,-120,116,0,0,5.03,0.46,2.34,105.71800000000056
0,0,0,-35,29,0,0,1,0,-250,37,0,0,0,2,-127,119,0,0,5.03,0.46,2.34,105.86700000000056
0,0,0,-37,35,0,0,1,0,-250,32,0,-1,0,2,-144,116,0,0,5.03,0.46,2.34,106.01600000000056
0,0,0,-37,35,0,0,0,0,-250,10,0,-1,1,3,-145,118,0,0,5.03,0.46,2.34,106.16500000000056
0,0,0,-34,33,0,0,0,0,-250,6,0,-1,1,3,-139,108,0,0,5.03,0.46,2.34,106.31400000000056
0,1,-1,-24,18,0,1,0,1,-238,0,0,-1,1,4,-144,104,0,0,5.03,0.46,2.34,106.46300000000056
-1,4,-1,0,11,0,1,-1,1,-161,8,0,-1,1,4,-116,95,0,0,5.03,0.46,2.34,106.61200000000056
-2,5,0,20,42,0,1,-1,2,-100,34,0,-2,2,5,-81,108,0,0,5.03,0.46,2.34,106.76100000000056
-3,5,0,22,49,0,1,-2,2,-76,43,0,-2,2,4,-59,124,0,0,5.03,0.46,2.34,106.91000000000057
-2,5,0,8,15,0,0,-2,3,-4,58,0,-3,3,5,-30,121,0,0,5.03,0.46,2.34,107.05900000000057
-1,5,-2,16,19,0,0,-1,3,59,50,0,-3,2,4,-40,144,0,0,5.03,0.46,2.34,107.20800000000057
0,3,0,8,2,0,0,-1,2,134,22,0,-3,2,4,-55,172,0,0,5.03,0.46,2.34,107.35700000000057
0,3,0,11,1,0,0,-1,2,161,12,0,-2,2,4,-37,172,0,0,5.03,0.46,2.34,107.50600000000057
0,2,0,21,9,0,1,0,2,226,12,0,-2,1,4,-10,178,0,0,5.03,0.46,2.34,107.65500000000057
0,2,0,26,13,0,2,0,1,250,18,0,-2,2,3,-28,166,0,0,5.03,0.46,2.34,107.80400000000057
0,2,0,29,15,0,2,0,1,250,32,0,-1,2,2,-30,166,0,0,5.03,0.44,2.23,107.94600000000057
0,2,0,27,23,0,0,0,4,250,-47,0,-1,2,1,-53,146,0,0,5.03,0.44,2.23,108.08800000000056
0,1,0,23,18,0,1,0,2,44,70,0,-1,3,0,-94,139,0,0,5.03,0.44,2.23,108.23000000000056
0,1,0,23,6,0,0,0,3,66,67,0,-2,3,0,-111,68,0,0,5.03,0.44,2.23,108.37200000000055
0,1,0,23,5,0,0,0,2,152,28,0,-2,2,0,-108,33,0,0,5.03,0.44,2.23,108.51400000000055
0,1,0,17,-14,0,1,0,3,203,66,0,-1,1,0,-100,-48,0,0,5.03,0.44,2.23,108.65600000000055
0,0,0,7,-21,0,1,0,3,249,113,0,0,2,0,-82,-104,0,0,5.03,0.44,2.23,108.79800000000054
0,0,0,-3,-29,0,1,0,3,250,113,0,0,1,0,-60,-110,0,0,5.03,0.44,2.23,108.94000000000054
0,0,0,-6,-28,0,1,0,4,250,136,0,0,0,0,-47,-105,0,0,5.03,0.44,2.23,109.08200000000053
0,0,0,-14,-37,0,1,0,4,200,131,0,0,1,0,-6,-131,0,0,5.03,0.44,2.23,109.22400000000053
0,0,0,-24,-39,0,0,0,4,226,115,0,-1,0,0,26,-142,0,0,5.03,0.44,2.23,109.36600000000053
0,0,0,-36,-41,0,0,0,3,250,84,0,-1,0,0,74,-154,0,0,5.03,0.44,2.23,109.50800000000052
0,0,0,-39,-40,0,0,1,3,250,69,0,0,0,0,84,-162,0,0,5.03,0.44,2.23,109.65000000000052
0,1,0,-45,-37,0,0,1,3,250,46,0,0,0,1,104,-139,0,0,5.03,0.44,2.23,109.79200000000051
0,3,0,-32,-11,0,1,2,3,247,52,0,-1,0,1,124,-120,0,0,5.03,0.44,2.23,109.93400000000051
1,4,0,-23,-6,0,2,2,3,245,53,0,-1,0,1,131,-115,0,0,5.03,0.44,2.23,110.0760000000005
1,5,0,5,12,0,2,0,2,207,-7,0,0,0,1,144,-79,0,0,5.03,0.44,2.23,110.2180000000005
1,5,0,12,33,0,2,3,3,229,15,0,-1,0,1,156,-32,0,0,5.03,0.44,2.23,110.3600000000005
0,5,-1,-7,11,0,2,3,4,214,0,0,-1,0,1,177,-9,0,0,5.03,0.44,2.23,110.50200000000049
0,5,-2,-10,9,0,2,2,3,214,-2,0,-1,0,1,189,-2,0,0,5.03,0.44,2.23,110.64400000000049
0,4,-1,-6,-21,0,1,2,3,208,-24,0,-2,0,1,214,0,0,0,5.03,0.44,2.23,110.78600000000048
0,3,-1,4,-32,0,1,2,3,186,-50,0,-2,0,1,182,-9,0,0,5.03,0.43,2.19,110.92600000000049
0,3,0,6,-29,0,1,1,3,158,-45,0,-2,0,1,177,-14,0,0,5.03,0.43,2.19,111.06600000000049
0,3,0,10,-25,0,1,1,2,94,-41,0,-1,0,1,172,-45,0,1,5.03,0.43,2.19,111.20600000000049
0,3,0,10,-24,0,0,1,2,51,-48,0,-1,0,1,160,-71,0,1,5.03,0.43,2.19,111.34600000000049
0,2,0,8,-20,0,0,1,1,5,-57,0,-1,0,1,167,-76,0,0,5.03,0.43,2.19,111.48600000000049
0,2,0,6,-19,0,0,1,1,-12,-57,0,-1,0,2,182,-85,0,0,5.03,0.43,2.19,111.62600000000049
0,2,0,2,-15,0,0,1,1,-65,-81,0,-1,0,2,190,-92,0,0,5.03,0.43,2.19,111.76600000000049
0,1,0,0,-12,0,0,1,1,-127,-69,0,-1,0,2,133,-99,0,0,5.03,0.43,2.19,111.90600000000049
0,0,0,-3,-5,0,0,1,0,-167,-70,0,-1,0,2,105,-113,0,0,5.03,0.43,2.19,112.04600000000049
0,0,0,-7,-4,0,0,1,0,-174,-70,0,0,0,1,85,-109,0,0,5.03,0.43,2.19,112.18600000000049
0,0,0,-12,6,0,0,0,0,-193,-74,0,0,0,1,42,-78,0,0,5.03,0.43,2.19,112.32600000000049
0,0,0,-17,19,0,0,0,0,-222,-72,0,0,0,0,13,-60,0,0,5.03,0.43,2.19,112.46600000000049
0,0,0,-21,21,0,0,1,0,-231,-70,0,0,0,0,7,-53,0,0,5.03,0.43,2.19,112.60600000000049
0,0,0,-22,31,0,0,1,0,-250,-60,0,0,0,0,-2,-52,0,0,5.03,0.43,2.19,112.74600000000049
0,0,0,-27,36,0,0,1,0,-250,-26,0,0,0,0,-26,-49,0,0,5.03,0.43,2.19,112.8860000000005
0,0,0,-32,38,0,0,1,0,-250,2,0,0,0,0,-73,-37,0,0,5.03,0.43,2.19,113.0260000000005
0,0,0,-34,37,0,0,1,0,-250,19,0,0,0,0,-80,-38,0,0,5.03,0.43,2.19,113.1660000000005
0,0,0,-37,33,0,0,2,0,-250,45,0,0,0,0,-98,-28,0,0,5.03,0.43,2.19,113.3060000000005
0,1,0,-38,23,0,0,2,0,-250,58,0,0,1,1,-116,-9,0,0,5.03,0.43,2.19,113.4460000000005
0,1,0,-38,17,0,0,2,1,-250,60,0,0,1,1,-115,3,0,0,5.03,0.43,2.19,113.5860000000005
-1,3,0,-35,1,0,0,2,1,-250,34,0,0,1,2,-140,40,0,0,5.03,0.43,2.19,113.7260000000005
-1,5,0,-17,4,0,0,1,1,-250,-3,0,0,1,3,-138,61,0,0,5.03,0.44,2.25,113.8690000000005
-2,5,0,-6,-4,0,0,1,1,-250,-35,0,0,1,3,-138,98,0,0,5.03,0.44,2.25,114.0120000000005
-2,5,0,-2,-7,0,0,0,1,-250,-49,0,0,1,3,-118,123,0,0,5.03,0.44,2.25,114.1550000000005
-1,5,0,4,1,0,0,0,1,-250,-80,0,-1,2,4,-117,127,0,0,5.03,0.44,2.25,114.2980000000005
-1,5,0,3,11,0,1,0,1,-250,-75,0,-1,2,3,-82,137,0,0,5.03,0.44,2.25,114.4410000000005
0,4,0,3,11,0,1,0,1,-245,-69,0,-2,2,4,-81,151,0,0,5.03,0.44,2.25,114.5840000000005
0,3,0,6,13,0,1,-1,1,-176,-72,0,-2,2,4,-106,177,0,0,5.03,0.44,2.25,114.7270000000005
0,3,0,15,20,0,0,-1,1,-100,-89,0,-2,1,4,-105,202,0,0,5.03,0.44,2.25,114.8700000000005
0,3,0,18,24,0,1,-1,1,-30,-110,0,-2,1,4,-92,214,0,0,5.03,0.44,2.25,115.0130000000005
0,3,0,18,25,0,1,-1,1,-9,-113,0,-2,1,4,-85,225,0,0,5.03,0.44,2.25,115.1560000000005
0,2,0,17,25,0,2,0,0,40,-95,0,-1,1,4,-63,229,0,0,5.03,0.44,2.25,115.2990000000005
0,2,0,12,18,0,2,0,0,95,-28,0,-1,1,4,-38,216,0,0,5.03,0.44,2.25,115.4420000000005
0,1,0,12,19,0,2,0,0,120,-2,0,-2,0,4,-27,202,0,0,5.03,0.44,2.25,115.5850000000005
0,1,0,8,16,0,1,0,0,147,89,0,-2,1,3,-10,163,0,0,5.03,0.44,2.25,115.7280000000005
0,1,0,3,12,0,0,0,0,137,125,0,-1,2,2,-15,120,0,0,5.03,0.44,2.25,115.8710000000005
0,0,0,-1,7,0,0,1,1,163,128,0,0,3,1,-85,122,0,0,5.03,0.44,2.25,116.01400000000051
0,0,0,-3,2,0,0,1,1,165,133,0,-1,3,1,-96,124,0,0,5.03,0.44,2.25,116.15700000000051
0,0,0,-5,-6,0,1,0,2,176,127,0,0,3,0,-155,84,0,0,5.03,0.44,2.25,116.30000000000051
0,0,0,-9,-13,0,1,0,3,116,160,0,-1,1,0,-198,29,0,0,5.03,0.44,2.25,116.44300000000051
0,0,0,-20,-22,0,1,0,4,131,183,0,-1,2,0,-192,-64,0,0,5.03,0.44,2.25,116.58600000000051
0,0,0,-21,-24,0,0,0,4,144,189,0,-2,2,0,-183,-89,0,0,5.03,0.44,2.25,116.72900000000051
0,0,0,-32,-29,0,0,0,5,199,173,0,-2,1,1,-151,-114,0,0,5.03,0.45,2.27,116.8740000000005
0,0,0,-41,-31,0,0,0,5,239,132,0,-1,0,1,-88,-108,0,0,5.03,0.45,2.27,117.0190000000005
0,1,0,-43,-22,0,0,1,5,250,96,0,-2,0,2,-34,-118,0,0,5.03,0.45,2.27,117.1640000000005
0,2,-1,-40,-15,0,1,1,5,250,96,0,-2,0,1,-10,-129,0,0,5.03,0.45,2.27,117.3090000000005
1,5,0,-4,16,0,2,2,5,250,102,0,-2,0,1,44,-150,0,0,5.03,0.45,2.27,117.45400000000049
2,5,0,33,36,0,2,1,5,250,58,0,-1,1,1,79,-169,0,0,5.03,0.45,2.27,117.59900000000049
1,5,0,23,43,0,2,1,5,250,53,0,-1,1,1,112,-152,0,0,5.03,0.45,2.27,117.74400000000048
0,5,0,10,19,0,2,1,5,250,34,0,0,0,1,130,-132,0,0,5.03,0.45,2.27,117.88900000000048
0,5,-2,3,23,0,2,1,4,250,0,0,0,0,1,160,-91,0,0,5.03,0.45,2.27,118.03400000000047
0,3,-1,8,-13,0,2,1,4,250,-31,0,0,0,0,183,-42,0,0,5.03,0.45,2.27,118.17900000000047
0,3,-1,17,-21,0,2,1,3,250,-43,0,0,0,0,189,-22,0,0,5.03,0.45,2.27,118.32400000000047
0,2,0,28,-38,0,2,1,3,250,-42,0,0,0,0,190,19,0,0,5.03,0.45,2.27,118.46900000000046
0,2,0,31,-36,0,1,1,2,190,-40,0,0,0,0,194,30,0,0,5.03,0.45,2.27,118.61400000000046
0,2,0,28,-37,0,1,1,2,162,-41,0,-1,0,0,192,25,0,0,5.03,0.45,2.27,118.75900000000046
0,2,0,23,-25,0,0,1,2,117,-40,0,-1,0,0,194,1,0,0,5.03,0.45,2.27,118.90400000000045
0,2,0,18,-19,0,0,1,2,86,-55,0,-1,0,0,200,-35,0,0,5.03,0.45,2.27,119.04900000000045
0,1,0,14,-13,0,0,1,2,28,-54,0,-2,0,0,210,-100,0,0,5.03,0.45,2.27,119.19400000000044
0,1,0,10,-12,0,0,1,2,-2,-52,0,-2,0,0,215,-143,0,0,5.03,0.45,2.27,119.33900000000044
0,1,0,9,-2,0,0,1,1,-54,-45,0,-1,0,0,225,-181,0,0,5.03,0.45,2.27,119.48400000000044
0,0,0,1,2,0,0,1,1,-101,-68,0,0,0,0,213,-203,0,0,5.03,0.45,2.27,119.62900000000043
0,0,0,-3,5,0,0,1,0,-119,-79,0,0,0,0,215,-196,0,0,5.03,0.45,2.27,119.77400000000043
0,0,0,-17,12,0,0,0,1,-71,-66,0,0,0,1,147,-153,0,0,5.03,0.43,2.16,119.91200000000043
0,0,0,-26,14,0,0,1,1,-118,-80,0,0,0,2,113,-139,0,0,5.03,0.43,2.16,120.05000000000044
0,0,0,-31,13,0,0,1,1,-156,-68,0,-1,0,2,55,-146,0,0,5.03,0.43,2.16,120.18800000000044
0,0,0,-37,9,0,0,1,1,-183,-53,0,0,0,2,22,-135,0,0,5.03,0.43,2.16,120.32600000000045
0,0,0,-40,7,0,0,1,1,-194,-46,0,0,0,1,18,-132,0,0,5.03,0.43,2.16,120.46400000000045
0,0,0,-43,3,0,0,2,1,-210,-22,0,0,0,1,23,-99,0,0,5.03,0.43,2.16,120.60200000000046
-1,1,0,-40,-7,0,0,3,2,-250,14,0,0,0,1,23,-79,0,0,5.03,0.43,2.16,120.74000000000046
-1,1,0,-37,-16,0,1,3,2,-250,29,0,0,0,1,20,-57,0,0,5.03,0.43,2.16,120.87800000000047
-1,4,0,-16,-23,0,1,3,2,-250,52,0,0,1,2,-8,-33,0,0,5.03,0.43,2.16,121.01600000000047
-2,5,0,3,-6,0,1,3,2,-250,54,0,0,0,2,-21,-37,0,0,5.03,0.43,2.16,121.15400000000048
-2,5,0,-2,-19,0,1,2,2,-250,48,0,0,2,1,-38,-11,0,0,5.03,0.43,2.16,121.29200000000048
-1,5,0,-1,-25,0,1,2,2,-250,44,0,0,3,2,-51,0,0,0,5.03,0.43,2.16,121.43000000000049
-1,5,-1,10,-23,0,0,2,2,-250,-5,0,0,4,2,-52,48,0,0,5.03,0.43,2.16,121.5680000000005
0,4,0,8,-30,0,0,1,1,-250,-99,0,-1,2,2,-116,110,0,0,5.03,0.44,2.24,121.7120000000005
0,4,0,7,-30,0,0,1,2,-250,-131,0,-1,3,2,-110,123,0,0,5.03,0.44,2.24,121.8560000000005
0,3,0,11,-28,0,0,1,1,-250,-172,0,0,2,2,-124,186,0,0,5.03,0.44,2.24,122.00000000000051
0,3,0,21,-10,0,1,0,0,-250,-150,0,-1,1,2,-129,200,0,0,5.03,0.44,2.24,122.14400000000052
0,2,0,25,-3,0,1,0,0,-250,-131,0,0,2,2,-149,190,0,0,5.03,0.44,2.24,122.28800000000052
0,2,0,25,7,0,0,3,-1,-250,-126,0,-1,1,3,-141,198,0,0,5.03,0.44,2.24,122.43200000000053
0,2,0,22,12,0,0,0,0,-194,-127,0,-2,0,3,-123,194,0,0,5.03,0.44,2.24,122.57600000000053
0,1,0,19,5,0,1,0,0,-117,-101,0,-2,1,3,-87,149,0,0,5.03,0.44,2.24,122.72000000000054
0,1,0,18,2,0,1,0,0,-92,-90,0,-1,1,3,-80,147,0,0,5.03,0.44,2.24,122.86400000000054
0,1,0,13,-2,0,1,0,0,-45,-56,0,-1,1,3,-63,141,0,0,5.03,0.44,2.24,123.00800000000055
0,0,0,4,-2,0,1,0,0,-21,-14,0,-1,0,3,-61,139,0,0,5.03,0.44,2.24,123.15200000000056
0,0,0,-6,-4,0,1,0,0,-6,42,0,-1,0,3,-69,108,0,0,5.03,0.44,2.24,123.29600000000056
0,0,0,-9,-5,0,1,0,0,2,66,0,-1,1,3,-63,103,0,0,5.03,0.44,2.24,123.44000000000057
0,0,0,-17,-12,0,1,0,0,17,123,0,-1,1,3,-85,50,0,0,5.03,0.44,2.24,123.58400000000057
0,0,0,-22,-18,0,1,0,1,63,195,0,-2,1,2,-104,-4,0,0,5.03,0.44,2.24,123.72800000000058
0,0,0,-25,-19,0,1,0,1,79,232,0,-1,1,2,-111,-22,0,0,5.03,0.44,2.24,123.87200000000058
0,0,0,-32,-22,0,0,0,2,94,250,0,-1,2,1,-156,-21,0,0,5.03,0.44,2.24,124.01600000000059
0,0,0,-38,-23,0,0,0,3,99,250,0,-1,2,1,-201,-20,0,0,5.03,0.44,2.24,124.1600000000006
0,1,0,-39,-14,0,0,0,4,118,250,0,-2,2,1,-211,-21,0,0,5.03,0.44,2.24,124.3040000000006
0,1,0,-37,-7,0,0,0,4,135,250,0,-3,1,2,-197,-20,0,0,5.03,0.44,2.24,124.4480000000006
0,3,0,-25,21,0,0,0,5,197,250,0,-3,1,2,-145,-68,0,0,5.03,0.44,2.24,124.59200000000061
0,5,-1,3,43,0,0,0,4,250,180,0,-2,1,2,-112,-105,0,0,5.04,0.45,2.3,124.7400000000006
0,5,-1,15,52,0,0,1,5,143,213,0,-2,1,2,-101,-105,0,0,5.04,0.45,2.3,124.8880000000006
1,5,0,31,79,0,0,0,5,126,133,0,-2,1,2,-65,-85,0,0,5.04,0.45,2.3,125.0360000000006
0,5,0,8,31,0,0,0,5,250,40,0,-2,0,2,-6,-73,0,0,5.04,0.45,2.3,125.1840000000006
0,5,-1,-13,15,0,1,0,5,250,-13,0,-1,1,2,14,-60,0,0,5.04,0.45,2.3,125.33200000000059
0,4,-1,-14,4,0,1,1,5,250,-39,0,0,0,1,25,-46,0,0,5.04,0.45,2.3,125.48000000000059
0,3,-1,-1,-10,0,1,1,5,250,-91,0,0,0,1,67,-12,0,0,5.04,0.45,2.3,125.62800000000058
0,3,-1,15,8,0,2,1,4,250,-117,0,-1,0,1,102,10,0,0,5.04,0.45,2.3,125.77600000000058
0,2,0,12,10,0,1,1,4,250,-118,0,-1,0,1,100,28,0,0,5.04,0.45,2.3,125.92400000000058
0,2,0,7,10,0,1,1,4,250,-112,0,-1,0,1,104,32,0,0,5.04,0.45,2.3,126.07200000000057
0,2,0,5,13,0,1,0,3,250,-76,0,-1,0,1,61,29,0,0,5.04,0.45,2.3,126.22000000000057
0,2,0,0,8,0,0,1,2,243,-40,0,-1,0,1,58,12,0,0,5.04,0.45,2.3,126.36800000000056
0,2,0,0,6,0,0,0,2,235,-24,0,-1,0,0,59,9,0,0,5.04,0.45,2.3,126.51600000000056
0,1,0,-1,10,0,0,0,1,208,6,0,-1,0,0,56,-11,0,0,5.04,0.45,2.3,126.66400000000056
0,1,0,-3,17,0,0,0,1,190,17,0,-1,0,0,57,-25,0,0,5.04,0.45,2.3,126.81200000000055
0,0,0,-7,26,0,0,0,0,173,26,0,-1,0,0,54,-33,0,0,5.04,0.45,2.3,126.96000000000055
0,0,0,-9,29,0,0,0,0,164,31,0,-1,0,0,51,-36,0,0,5.04,0.45,2.3,127.10800000000054
0,0,0,-8,36,0,0,0,0,137,46,0,-1,0,0,34,-39,0,0,5.04,0.45,2.3,127.25600000000054
0,0,0,-9,38,0,0,0,0,115,67,0,-1,0,0,13,-42,0,0,5.04,0.45,2.3,127.40400000000054
0,0,0,-9,40,0,0,0,1,105,78,0,-1,0,0,7,-49,0,0,5.04,0.45,2.3,127.55200000000053
0,0,0,-13,40,0,0,0,1,79,96,0,-1,0,0,16,-81,0,0,5.04,0.45,2.3,127.70000000000053
0,0,0,-17,41,0,0,0,1,60,100,0,0,0,0,17,-86,0,0,5.03,0.44,2.24,127.84400000000053
0,0,0,-22,37,0,0,0,1,42,95,0,0,0,0,24,-100,0,0,5.03,0.44,2.24,127.98800000000054
0,0,0,-23,34,0,0,1,1,35,93,0,0,0,0,29,-99,0,0,5.03,0.44,2.24,128.13200000000055
0,0,0,-30,24,0,0,1,1,13,83,0,0,0,1,50,-98,0,0,5.03,0.44,2.24,128.27600000000055
0,1,-1,-30,9,0,0,1,1,-8,68,0,0,0,1,75,-88,0,0,5.03,0.44,2.24,128.42000000000056
-1,2,-1,-31,3,0,0,2,1,-15,59,0,0,0,1,86,-81,0,0,5.03,0.44,2.24,128.56400000000056
-1,5,0,-9,9,0,0,2,2,-33,19,0,0,0,1,113,-78,0,0,5.03,0.44,2.24,128.70800000000057
-2,5,0,16,24,0,0,2,2,-49,-32,0,0,0,2,147,-91,0,0,5.03,0.44,2.24,128.85200000000057
-2,5,0,20,7,0,0,3,2,-71,-78,0,-1,1,2,154,-120,0,1,5.03,0.44,2.24,128.99600000000058
-1,5,-1,12,0,0,0,3,2,-78,-90,0,-1,1,2,159,-139,0,1,5.03,0.44,2.24,129.14000000000058
-1,5,-1,6,-17,0,0,3,3,-87,-113,0,0,1,2,162,-121,0,1,5.03,0.44,2.24,129.2840000000006
0,3,-1,4,-33,0,0,2,2,-93,-120,0,0,1,2,149,-82,0,1,5.03,0.44,2.24,129.4280000000006
0,3,0,9,-24,0,0,2,2,-113,-126,0,0,1,1,147,-46,0,1,5.03,0.44,2.24,129.5720000000006
0,3,0,11,-18,0,0,2,2,-120,-128,0,0,1,1,144,-36,0,1,5.03,0.44,2.24,129.7160000000006
0,2,0,12,-4,0,0,2,1,-116,-151,0,-2,1,2,88,-49,0,1,5.03,0.44,2.24,129.8600000000006
0,2,0,11,0,0,0,1,1,-128,-168,0,-1,1,1,72,-27,0,1,5.03,0.44,2.24,130.00400000000062
0,2,0,10,-2,0,0,1,1,-128,-178,0,-1,1,1,65,-40,0,0,5.03,0.44,2.24,130.14800000000062
0,1,0,9,-12,0,0,1,1,-129,-198,0,-1,1,1,53,-36,0,0,5.03,0.44,2.24,130.29200000000063
0,1,0,6,-24,0,0,1,1,-144,-202,0,0,1,1,20,-24,0,0,5.03,0.44,2.24,130.43600000000063
0,0,0,1,-36,0,0,1,1,-165,-179,0,0,1,1,4,-30,0,0,5.03,0.44,2.24,130.58000000000064
0,0,0,-1,-42,0,0,1,1,-177,-171,0,0,1,1,-4,-30,0,0,5.03,0.44,2.24,130.72400000000064
0,0,0,-7,-51,0,0,1,1,-211,-124,0,0,0,0,-10,-34,0,0,5.03,0.44,2.24,130.86800000000065
0,0,0,-12,-58,0,0,1,0,-241,-95,0,-1,1,0,-24,-47,0,0,5.03,0.44,2.24,131.01200000000065
0,0,0,-13,-60,0,0,1,0,-246,-89,0,0,0,0,-49,-34,0,0,5.03,0.44,2.24,131.15600000000066
0,0,0,-27,-63,0,0,1,0,-248,-72,0,0,0,0,-56,-30,0,0,5.03,0.44,2.24,131.30000000000067
0,0,0,-22,-59,0,0,1,0,-250,-47,0,-1,0,0,-49,-35,0,0,5.03,0.44,2.24,131.44400000000067
0,0,0,-25,-54,0,1,2,1,-250,-7,0,0,0,1,-88,-57,0,0,5.03,0.44,2.24,131.58800000000068
0,0,0,-27,-51,0,1,1,1,-250,6,0,0,1,1,-87,-53,0,0,5.03,0.44,2.24,131.73200000000068
0,0,0,-28,-40,0,1,2,1,-250,36,0,0,0,1,-135,-25,0,0,5.03,0.44,2.24,131.8760000000007
0,0,0,-22,-26,0,1,2,2,-250,54,0,0,0,2,-159,-8,0,0,5.03,0.44,2.24,132.0200000000007
0,1,0,-17,-22,0,1,1,2,-250,56,0,0,0,3,-147,-1,0,0,5.03,0.44,2.24,132.1640000000007
0,2,0,4,-7,0,1,1,1,-250,56,0,0,0,4,-172,63,0,0,5.03,0.44,2.24,132.3080000000007
0,5,0,39,7,0,1,1,1,-250,15,0,0,0,4,-167,96,0,0,5.03,0.44,2.24,132.4520000000007
0,5,0,53,45,0,1,0,1,-237,-24,0,-1,1,4,-138,111,0,0,5.03,0.44,2.24,132.5960000000007
1,5,0,42,58,0,1,0,1,-208,-27,0,-1,1,5,-131,99,0,0,5.03,0.44,2.24,132.74000000000072
0,5,0,13,6,0,1,0,2,-127,-23,0,-2,2,4,-114,113,0,0,5.03,0.44,2.24,132.88400000000073
0,5,-2,11,-5,0,1,-2,2,-80,-53,0,-2,1,4,-84,134,0,0,5.03,0.44,2.24,133.02800000000073
0,5,-1,14,0,0,1,-1,3,-71,-56,0,-2,1,4,-103,165,0,0,5.03,0.44,2.24,133.17200000000074
0,3,0,18,-7,0,1,-1,3,-48,-119,0,-2,1,4,-94,227,0,0,5.03,0.44,2.24,133.31600000000074
0,2,0,29,0,0,2,0,2,-57,-91,0,-2,1,4,-97,242,0,0,5.03,0.44,2.24,133.46000000000075
0,2,0,35,6,0,2,0,1,-22,-86,0,-2,0,4,-86,233,0,0,5.03,0.44,2.24,133.60400000000075
0,2,0,39,10,0,2,0,1,2,-69,0,-2,0,5,-75,230,0,0,5.03,0.44,2.24,133.74800000000076
0,2,0,33,14,0,2,0,0,47,-10,0,-2,0,4,-54,204,0,0,5.03,0.41,2.09,133.88300000000075
0,2,0,22,18,0,1,0,1,84,35,0,-1,0,3,-54,182,0,0,5.03,0.41,2.09,134.01800000000074
0,2,0,19,16,0,0,0,1,99,41,0,-2,0,3,-66,186,0,0,5.03,0.41,2.09,134.15300000000073
0,1,0,10,16,0,0,0,1,122,62,0,-1,2,2,-78,158,0,0,5.03,0.41,2.09,134.28800000000072
0,1,0,4,19,0,1,1,1,125,105,0,0,2,1,-114,132,0,0,5.03,0.41,2.09,134.4230000000007
0,0,0,-2,23,0,1,1,2,131,149,0,0,1,1,-159,81,0,0,5.03,0.41,2.09,134.5580000000007
0,0,0,-3,28,0,1,0,2,134,172,0,-1,1,0,-171,65,0,0,5.03,0.41,2.09,134.6930000000007
0,0,0,-15,32,0,1,0,3,61,227,0,0,2,0,-200,13,0,0,5.03,0.41,2.09,134.82800000000069
0,0,0,-24,35,0,0,0,3,71,250,0,0,2,0,-204,-43,0,0,5.03,0.41,2.09,134.96300000000068
0,0,0,-32,30,0,-1,0,3,126,250,0,-1,0,0,-204,-85,0,0,5.03,0.41,2.09,135.09800000000067
0,0,0,-31,29,0,-1,0,3,155,250,0,0,1,0,-190,-101,0,0,5.03,0.41,2.09,135.23300000000066
0,0,0,-38,21,0,-1,0,3,206,207,0,0,0,0,-159,-116,0,0,5.03,0.41,2.09,135.36800000000065
0,0,0,-46,11,0,-1,0,4,227,176,0,-1,0,1,-117,-119,0,0,5.03,0.41,2.09,135.50300000000064
0,0,0,-54,0,0,0,0,5,231,154,0,-1,0,2,-87,-121,0,0,5.03,0.41,2.09,135.63800000000063
0,1,0,-55,-5,0,0,0,5,231,143,0,-1,0,2,-73,-116,0,0,5.03,0.41,2.09,135.77300000000062
0,2,0,-51,-12,0,0,0,5,239,107,0,0,0,1,1,-103,0,0,5.03,0.41,2.09,135.9080000000006
-1,5,0,-18,-4,0,1,0,5,239,54,0,-1,0,2,46,-65,0,0,5.03,0.41,2.09,136.0430000000006
0,5,-1,1,8,0,1,0,5,243,34,0,0,0,1,55,-67,0,0,5.03,0.41,2.09,136.1780000000006
-1,5,0,21,41,0,1,0,4,225,-8,0,-1,0,1,113,-56,0,0,5.03,0.41,2.09,136.31300000000059
-1,5,0,17,27,0,1,1,4,205,-50,0,-2,0,1,135,-71,0,0,5.03,0.41,2.09,136.44800000000058
0,5,-2,-15,-13,0,1,1,4,210,-64,0,-2,1,1,165,-55,0,0,5.03,0.41,2.09,136.58300000000057
0,4,-1,-12,-21,0,1,1,3,237,-69,0,-2,1,1,163,-49,0,0,5.03,0.43,2.18,136.72400000000056
0,3,0,-7,-25,0,1,1,3,236,-80,0,-2,0,1,193,-28,0,0,5.03,0.43,2.18,136.86500000000055
0,3,0,0,-15,0,1,1,3,217,-77,0,-2,1,1,204,-1,0,0,5.03,0.43,2.18,137.00600000000054
0,3,0,1,-12,0,1,0,3,205,-78,0,-1,0,1,215,5,0,0,5.03,0.43,2.18,137.14700000000053
0,3,0,2,-2,0,1,1,3,180,-70,0,-1,1,1,211,17,0,0,5.03,0.43,2.18,137.28800000000052
0,2,0,0,5,0,1,1,2,158,-56,0,0,0,1,199,34,0,0,5.03,0.43,2.18,137.4290000000005
0,2,0,0,0,0,0,1,2,139,-55,0,0,0,0,194,72,0,0,5.03,0.43,2.18,137.5700000000005
0,2,0,-1,-3,0,0,1,2,137,-61,0,-1,0,0,190,56,0,0,5.03,0.43,2.18,137.7110000000005
0,1,0,-4,-18,0,0,0,2,135,-75,0,0,0,0,146,36,0,0,5.03,0.43,2.18,137.8520000000005
0,0,0,-8,-31,0,0,0,1,132,-72,0,-1,0,0,170,-26,0,0,5.03,0.43,2.18,137.99300000000048
0,0,0,-13,-40,0,0,0,1,120,-70,0,-1,0,0,122,-62,0,0,5.03,0.43,2.18,138.13400000000047
0,0,0,-15,-42,0,0,0,1,114,-68,0,-1,0,0,135,-88,0,0,5.03,0.43,2.18,138.27500000000046
0,0,0,-6,-24,0,1,0,3,250,-33,0,0,0,0,-20,0,0,0,5.03,0.42,2.16,138.41500000000045
0,0,0,-14,-29,0,0,0,2,250,-15,0,-1,0,0,-13,-36,0,0,5.04,0.46,2.35,138.56800000000044
0,0,0,-21,-34,0,0,0,2,250,-11,0,0,0,0,19,-66,0,0,5.04,0.46,2.35,138.72100000000043
0,0,0,-24,-35,0,0,0,2,250,-7,0,0,0,0,42,-70,0,0,5.04,0.46,2.35,138.87400000000042
0,0,0,-27,-39,0,0,0,2,250,5,0,0,0,0,78,-100,0,0,5.04,0.46,2.35,139.0270000000004
0,0,0,-35,-43,0,0,0,2,250,11,0,0,0,0,100,-124,0,0,5.04,0.46,2.35,139.1800000000004
0,0,0,-38,-48,0,0,0,2,250,21,0,0,1,0,111,-154,0,0,5.04,0.46,2.35,139.3330000000004
0,0,0,-41,-47,0,0,0,2,250,26,0,-1,1,0,108,-171,0,0,5.04,0.46,2.35,139.4860000000004
0,1,0,-43,-37,0,0,1,2,250,35,0,-1,0,1,138,-174,0,0,5.04,0.46,2.35,139.63900000000038
0,2,0,-34,-16,0,0,2,2,247,43,0,0,0,1,135,-167,0,1,5.04,0.46,2.35,139.79200000000037
1,5,0,-2,7,0,2,2,3,221,56,0,0,0,1,165,-123,0,0,5.04,0.46,2.35,139.94500000000036
1,5,0,13,15,0,2,2,3,217,47,0,0,0,2,179,-109,0,0,5.04,0.46,2.35,140.09800000000035
1,5,0,34,14,0,2,2,3,200,33,0,0,0,2,205,-74,0,0,5.04,0.46,2.35,140.25100000000035
0,5,0,19,9,0,2,2,3,187,12,0,0,0,2,213,-35,0,0,5.04,0.46,2.35,140.40400000000034
0,5,-1,20,-2,0,1,2,3,172,0,0,-1,-1,2,220,-24,0,1,5.04,0.46,2.35,140.55700000000033
0,5,-2,13,-39,0,1,3,2,154,-22,0,-1,0,2,243,-11,0,1,5.04,0.46,2.35,140.71000000000032
