-1,2,0,0,16,0,0,-2,0,16,-23,0,-1,-1,-1,-6,-16,0,0,5.02,0.4,2.05,34.499000000000045
-1,2,0,0,16,0,0,-2,0,16,-20,0,-1,-1,-1,-6,-15,0,0,5.02,0.4,2.05,34.542000000000044
-1,2,0,0,16,0,0,-2,0,16,-18,0,-1,-1,-1,-7,-14,0,0,5.02,0.4,2.05,34.58600000000004
-1,2,0,1,16,0,0,-2,0,17,-17,0,-1,-1,-1,-8,-11,0,0,5.02,0.4,2.05,34.63000000000004
-1,2,0,1,16,0,0,-2,0,17,-16,0,-1,-1,-1,-8,-10,0,0,5.02,0.4,2.05,34.674000000000035
-1,2,0,1,16,0,0,-2,0,18,-16,0,-1,-1,-1,-9,-9,0,0,5.02,0.4,2.05,34.71800000000003
-1,2,0,1,16,0,0,-2,0,18,-15,0,-1,-1,-1,-9,-9,0,0,5.02,0.4,2.05,34.76200000000003
-1,2,0,2,17,0,0,-2,0,19,-15,0,-1,-1,-1,-9,-8,0,0,5.02,0.4,2.05,34.806000000000026
-1,2,0,2,18,0,0,-2,0,19,-16,0,-1,-1,-1,-10,-8,0,0,5.02,0.4,2.05,34.85000000000002
-1,2,0,2,18,0,0,-2,0,19,-17,0,-1,-1,-1,-9,-8,0,0,5.02,0.4,2.05,34.89400000000002
-1,2,0,3,18,0,0,-2,0,18,-19,0,-1,-1,-1,-8,-8,0,0,5.02,0.4,2.05,34.93800000000002
-1,2,0,4,20,0,0,-2,0,15,-22,0,-1,-1,-1,-8,-9,0,0,5.02,0.4,2.05,34.98200000000001
-1,2,0,4,20,0,0,-2,0,13,-23,0,-1,-1,-1,-8,-9,0,0,5.02,0.4,2.05,35.02600000000001
0,2,0,-8,20,0,1,-2,0,18,-18,0,-1,-1,-1,-6,0,0,0,5.02,0.39,2.0,0.046
-1,2,0,-8,20,0,0,-2,0,16,-17,0,-1,-1,-1,-6,0,0,0,5.02,0.39,2.0,0.069
-1,2,0,-8,21,0,0,-2,0,10,-14,0,-1,-1,-1,-8,-2,0,0,5.02,0.39,2.0,0.092
-1,2,0,-8,22,0,0,-2,0,8,-14,0,-1,-1,-1,-9,-2,0,0,5.02,0.39,2.0,0.11499999999999999
-1,2,0,-8,21,0,0,-2,0,6,-14,0,-1,-1,-1,-9,-3,0,0,5.02,0.39,2.0,0.13799999999999998
-1,2,0,-7,22,0,0,-2,0,4,-14,0,-1,-1,-1,-10,-4,0,0,5.02,0.39,2.0,0.16099999999999998
-1,2,0,-6,21,0,0,-2,0,1,-13,0,-1,-1,-1,-12,-9,0,0,5.02,0.39,2.0,0.18399999999999997
-1,2,0,-6,21,0,0,-2,0,0,-14,0,-1,-1,-1,-12,-11,0,0,5.02,0.39,2.0,0.20699999999999996
-1,2,0,-6,21,0,0,-2,0,-1,-13,0,-1,-1,-1,-13,-13,0,0,5.02,0.39,2.0,0.22999999999999995
-1,2,0,-5,21,0,0,-2,0,-2,-13,0,-1,-1,-1,-14,-16,0,0,5.02,0.39,2.0,0.25299999999999995
-1,2,0,-4,21,0,0,-2,0,-5,-12,0,-1,-1,-1,-14,-19,0,0,5.02,0.39,2.0,0.27599999999999997
-1,2,0,-4,21,0,0,-2,0,-6,-11,0,-1,-1,-1,-14,-19,0,0,5.02,0.39,2.0,0.299
-1,2,0,-4,21,0,0,-2,0,-8,-11,0,-1,-1,-1,-14,-19,0,0,5.02,0.39,2.0,0.322
-1,2,0,-4,21,0,0,-2,0,-9,-11,0,-1,-1,-1,-13,-19,0,0,5.02,0.39,2.0,0.34500000000000003
0,2,0,-15,-3,0,1,-2,0,27,-42,0,-1,-2,0,-22,-14,0,0,5.02,0.41,2.09,0.37000000000000005
0,2,0,-15,-3,0,1,-2,0,28,-49,0,-1,-2,0,-24,-12,0,0,5.02,0.41,2.09,0.3950000000000001
0,2,0,-15,-3,0,1,-2,0,25,-60,0,-1,-2,0,-20,-12,0,0,5.02,0.41,2.09,0.4200000000000001
0,2,0,-15,-3,0,1,-2,0,23,-62,0,-1,-2,0,-22,-13,0,0,5.02,0.41,2.09,0.4450000000000001
0,2,0,-14,-3,0,1,-2,0,20,-62,0,-1,-2,0,-27,-12,0,0,5.02,0.41,2.09,0.47000000000000014
0,2,0,-14,-4,0,1,-2,0,17,-61,0,-1,-2,0,-32,-12,0,0,5.02,0.41,2.09,0.49500000000000016
0,2,0,-13,-1,0,1,-2,0,6,-52,0,-1,-2,0,-29,-15,0,0,5.02,0.41,2.09,0.5200000000000001
0,2,0,-13,0,0,1,-2,0,3,-47,0,-1,-2,0,-27,-17,0,0,5.02,0.41,2.09,0.5450000000000002
0,2,0,-12,0,0,1,-2,0,0,-41,0,-1,-2,0,-25,-18,0,0,5.02,0.41,2.09,0.5700000000000002
0,2,0,-12,1,0,1,-2,0,-2,-35,0,-1,-2,0,-27,-17,0,0,5.02,0.41,2.09,0.5950000000000002
0,2,0,-12,2,0,1,-2,0,-5,-28,0,-1,-2,0,-30,-19,0,0,5.02,0.41,2.09,0.6200000000000002
0,2,0,-11,4,0,1,-2,0,-11,-14,0,-1,-2,0,-34,-26,0,0,5.02,0.41,2.09,0.6450000000000002
0,2,0,-11,5,0,1,-2,0,-13,-9,0,-1,-2,0,-35,-29,0,0,5.02,0.41,2.09,0.6700000000000003
0,2,0,-11,5,0,1,-2,0,-14,-5,0,-1,-2,0,-36,-32,0,0,5.02,0.41,2.09,0.6950000000000003
0,2,0,-11,5,0,1,-2,0,-14,-2,0,-1,-2,0,-39,-33,0,0,5.02,0.41,2.09,0.7200000000000003
0,2,0,-7,-9,0,1,-2,0,-15,-2,0,-1,-2,0,20,10,0,0,5.02,0.4,2.03,0.7440000000000003
0,2,0,-6,-9,0,1,-2,0,-17,1,0,-1,-2,0,21,11,0,0,5.02,0.4,2.03,0.7680000000000003
0,2,0,-5,-8,0,1,-2,0,-16,3,0,-1,-2,0,21,10,0,0,5.02,0.4,2.03,0.7920000000000004
0,2,0,-4,-8,0,1,-2,0,-16,3,0,-1,-2,0,21,10,0,0,5.02,0.4,2.03,0.8160000000000004
0,2,0,-5,-7,0,1,-2,0,-15,4,0,-1,-2,0,19,9,0,0,5.02,0.4,2.03,0.8400000000000004
0,2,0,-4,-7,0,1,-2,0,-15,4,0,-1,-2,0,17,9,0,0,5.02,0.4,2.03,0.8640000000000004
0,2,0,-4,-6,0,1,-2,0,-16,6,0,-1,-2,0,12,7,0,0,5.02,0.4,2.03,0.8880000000000005
0,2,0,-4,-6,0,1,-2,0,-16,6,0,-1,-2,0,11,6,0,0,5.02,0.4,2.03,0.9120000000000005
0,2,0,-4,-6,0,1,-2,0,-17,6,0,-1,-2,0,9,6,0,0,5.02,0.4,2.03,0.9360000000000005
0,2,0,-3,-6,0,1,-2,0,-17,7,0,-1,-2,0,8,6,0,0,5.02,0.4,2.03,0.9600000000000005
0,2,0,-2,-5,0,1,-2,0,-17,10,0,-1,-2,0,5,4,0,0,5.02,0.4,2.03,0.9840000000000005
0,2,0,-2,-5,0,1,-2,0,-17,11,0,-1,-2,0,4,4,0,0,5.02,0.4,2.03,1.0080000000000005
0,2,0,-1,-4,0,1,-2,0,-17,13,0,-1,-2,0,3,3,0,0,5.02,0.4,2.03,1.0320000000000005
0,2,0,-1,-4,0,1,-2,0,-17,14,0,-1,-2,0,3,2,0,0,5.02,0.4,2.03,1.0560000000000005
0,2,0,0,-3,0,1,-2,0,-16,16,0,-1,-2,0,1,1,0,0,5.02,0.4,2.03,1.0800000000000005
-1,2,0,-3,-12,0,0,-2,0,15,-3,0,-1,-2,0,-23,-33,0,0,5.03,0.42,2.12,1.1050000000000004
-1,2,0,2,-23,0,0,-2,0,13,-8,0,-1,-2,0,-41,-41,0,0,5.03,0.42,2.12,1.1300000000000003
-1,2,0,4,-28,0,0,-2,0,12,-12,0,-1,-2,0,-52,-43,0,0,5.03,0.42,2.12,1.1550000000000002
-1,2,0,6,-31,0,0,-2,0,13,-15,0,-1,-2,0,-47,-44,0,0,5.03,0.42,2.12,1.1800000000000002
-1,2,0,8,-34,0,0,-2,0,11,-19,0,-1,-2,0,-43,-44,0,0,5.03,0.42,2.12,1.205
0,2,0,14,-40,0,0,-2,0,-18,-11,0,-1,-2,-1,-24,-35,0,0,5.03,0.42,2.12,1.255
0,2,0,15,-40,0,0,-2,0,-26,-7,0,-1,-2,-1,-20,-30,0,0,5.03,0.42,2.12,1.2799999999999998
0,2,0,15,-38,0,1,-2,0,-34,-1,0,-1,-2,-1,-19,-26,0,0,5.03,0.42,2.12,1.3049999999999997
0,2,0,12,-30,0,1,-2,0,-47,12,0,-1,-2,-1,0,-9,0,0,5.03,0.42,2.12,1.3299999999999996
0,2,0,11,-27,0,1,-2,0,-50,17,0,-1,-2,-1,9,-6,0,0,5.03,0.42,2.12,1.3549999999999995
0,2,0,9,-24,0,1,-2,0,-52,22,0,-1,-1,-1,18,0,0,0,5.03,0.42,2.12,1.3799999999999994
0,2,0,8,-21,0,1,-2,0,-55,28,0,-1,-1,-1,26,6,0,0,5.03,0.42,2.12,1.4049999999999994
0,2,0,7,-18,0,1,-2,0,-58,33,0,-1,-1,-1,33,10,0,0,5.03,0.41,2.09,1.4299999999999993
0,2,0,5,-16,0,1,-2,0,-61,47,0,-1,-1,-1,47,21,0,0,5.03,0.41,2.09,1.4549999999999992
0,2,0,5,-15,0,1,-2,0,-61,51,0,-1,-1,0,47,25,0,0,5.03,0.41,2.09,1.479999999999999
0,2,0,-4,1,0,0,-2,0,4,10,0,-1,-1,0,-11,3,0,0,5.02,0.4,2.05,1.504999999999999
0,2,0,-4,2,0,0,-2,0,3,9,0,-1,-1,0,-11,2,0,0,5.02,0.4,2.05,1.529999999999999
0,2,0,-4,3,0,0,-2,0,3,9,0,-1,-1,0,-11,1,0,0,5.02,0.4,2.05,1.5549999999999988
0,2,0,-4,5,0,0,-2,0,2,8,0,-1,-1,0,-11,0,0,0,5.02,0.4,2.05,1.5799999999999987
0,2,0,-5,7,0,0,-2,0,2,6,0,-1,-1,0,-13,-1,0,0,5.02,0.4,2.05,1.6049999999999986
0,2,0,-5,8,0,0,-2,0,2,4,0,-1,-1,0,-13,-3,0,0,5.02,0.4,2.05,1.6299999999999986
0,2,0,-5,9,0,0,-2,0,3,3,0,-1,-1,0,-13,-5,0,0,5.02,0.4,2.05,1.6549999999999985
0,2,0,-6,9,0,0,-2,0,3,1,0,-1,-1,0,-13,-6,0,0,5.02,0.4,2.05,1.6799999999999984
0,2,0,-6,11,0,0,-2,0,5,-4,0,-1,-1,0,-13,-10,0,0,5.02,0.4,2.05,1.7049999999999983
0,2,0,-6,11,0,0,-2,0,6,-6,0,-1,-1,0,-13,-11,0,0,5.02,0.4,2.05,1.7299999999999982
0,2,0,-6,11,0,0,-2,0,6,-8,0,-1,-1,0,-13,-11,0,0,5.02,0.4,2.03,1.7549999999999981
0,2,0,-6,10,0,0,-2,0,7,-11,0,-1,-1,0,-13,-12,0,0,5.02,0.4,2.03,1.779999999999998
0,2,0,-6,10,0,0,-2,0,9,-15,0,-1,-1,0,-12,-12,0,0,5.02,0.4,2.03,1.804999999999998
-1,2,0,-7,5,0,0,-2,0,-5,-22,0,-1,-1,-1,1,-11,0,0,5.02,0.4,2.02,1.8799999999999977
-1,2,0,-7,5,0,0,-2,0,-7,-21,0,-1,-1,-1,0,-10,0,0,5.02,0.4,2.02,1.9049999999999976
-1,2,0,-7,5,0,0,-2,0,-9,-20,0,-1,-1,-1,1,-9,0,0,5.02,0.4,2.02,1.9299999999999975
-1,2,0,-7,6,0,0,-2,0,-13,-14,0,-1,-1,0,0,-6,0,0,5.02,0.4,2.02,1.9549999999999974
-1,2,0,-6,6,0,0,-2,0,-16,-10,0,-1,-1,0,0,-5,0,0,5.02,0.4,2.02,1.9799999999999973
-1,2,0,-4,5,0,0,-2,0,-18,-7,0,-1,-1,0,0,-6,0,0,5.02,0.4,2.02,2.0049999999999972
-1,2,0,-2,5,0,0,-2,0,-19,-4,0,-1,-1,0,2,-6,0,0,5.02,0.4,2.02,2.029999999999997
0,2,0,0,6,0,0,-2,0,-21,3,0,-1,-1,0,5,-6,0,0,5.02,0.4,2.02,2.054999999999997
-1,2,0,-1,7,0,0,-2,0,-21,5,0,-1,-1,0,6,-6,0,0,5.02,0.4,2.02,2.079999999999997
-1,2,0,-1,8,0,0,-2,0,-20,7,0,-1,-2,0,7,-7,0,0,5.02,0.4,2.02,2.104999999999997
-1,2,0,-2,8,0,1,-2,0,-19,9,0,-1,-2,0,8,-7,0,0,5.02,0.4,2.02,2.129999999999997
0,2,0,-2,5,0,1,-2,0,-19,13,0,-1,-2,0,11,-8,0,0,5.02,0.4,2.02,2.1549999999999967
0,3,0,-1,5,0,1,-2,0,-20,14,0,-1,-2,0,12,-7,0,0,5.02,0.4,2.02,2.1799999999999966
0,3,0,-2,5,0,1,-2,0,-22,15,0,-1,-2,0,13,-6,0,0,5.02,0.4,2.02,2.2049999999999965
0,2,0,-3,-12,0,1,-2,0,-23,3,0,-1,-1,0,-26,-16,0,0,5.02,0.4,2.04,2.2299999999999964
0,2,0,0,-12,0,1,-2,0,-25,8,0,-1,-2,0,-28,-17,0,0,5.02,0.4,2.04,2.2549999999999963
0,2,0,0,-13,0,1,-2,0,-25,9,0,-1,-2,0,-28,-17,0,0,5.02,0.4,2.04,2.2799999999999963
0,2,0,-1,-13,0,1,-2,0,-25,10,0,-1,-2,0,-28,-17,0,0,5.02,0.4,2.04,2.304999999999996
0,2,0,-1,-12,0,1,-2,0,-25,10,0,-1,-2,0,-28,-16,0,0,5.02,0.4,2.04,2.329999999999996
0,2,0,-5,-11,0,1,-2,0,-19,5,0,-1,-2,0,-25,-15,0,0,5.02,0.4,2.04,2.354999999999996
0,2,0,-8,-10,0,1,-2,0,-15,1,0,-1,-2,0,-24,-14,0,0,5.02,0.4,2.04,2.379999999999996
0,2,0,-11,-9,0,1,-2,0,-11,-2,0,-1,-2,0,-21,-13,0,0,5.04,0.5,2.52,2.411999999999996
0,2,0,-15,-9,0,1,-2,0,-7,-10,0,-1,-2,0,-13,-12,0,0,5.04,0.5,2.52,2.475999999999996
0,2,0,-13,-11,0,1,-2,0,-6,-16,0,-1,-2,0,-5,-9,0,0,5.04,0.5,2.52,2.507999999999996
0,2,0,-11,-11,0,1,-2,0,-8,-17,0,-1,-2,0,-4,-7,0,0,5.04,0.5,2.52,2.539999999999996
0,2,0,-10,-10,0,1,-2,0,-11,-17,0,-1,-2,0,-3,-6,0,0,5.04,0.5,2.52,2.571999999999996
0,2,0,-10,-9,0,1,-2,0,-14,-17,0,-1,-2,0,-3,-4,0,0,5.04,0.5,2.52,2.603999999999996
0,2,0,-9,-3,0,1,-2,0,-20,-13,0,-1,-2,0,-5,-3,0,0,5.04,0.5,2.52,2.635999999999996
0,2,0,-9,-2,0,1,-2,0,-21,-12,0,-1,-2,0,-7,-3,0,0,5.04,0.5,2.52,2.667999999999996
0,2,0,6,-10,0,1,-2,0,7,3,0,-1,-2,0,-1,2,0,0,5.02,0.4,2.03,2.693999999999996
0,2,0,8,-11,0,1,-2,0,8,1,0,-1,-2,0,-1,0,0,0,5.02,0.4,2.03,2.7199999999999958
0,2,0,8,-10,0,1,-2,0,8,0,0,-1,-2,0,-2,0,0,0,5.02,0.4,2.03,2.7459999999999956
0,2,0,8,-10,0,1,-2,0,9,-2,0,-1,-2,0,-3,0,0,0,5.02,0.4,2.03,2.7719999999999954
0,2,0,10,-9,0,1,-2,0,11,-6,0,-1,-2,0,-5,-2,0,0,5.02,0.4,2.05,2.797999999999995
0,2,0,10,-9,0,1,-2,0,11,-7,0,-1,-2,0,-5,-4,0,0,5.02,0.4,2.05,2.823999999999995
0,2,0,10,-9,0,1,-2,0,12,-8,0,-1,-2,0,-6,-5,0,0,5.02,0.4,2.05,2.8499999999999948
0,2,0,10,-9,0,1,-2,0,13,-9,0,-1,-2,0,-8,-7,0,0,5.02,0.4,2.05,2.8759999999999946
0,2,0,9,-12,0,1,-2,0,15,-9,0,-1,-2,0,-16,-11,0,0,5.02,0.4,2.05,2.9019999999999944
0,2,0,9,-13,0,1,-2,0,15,-8,0,-1,-2,0,-20,-12,0,0,5.02,0.4,2.05,2.927999999999994
0,2,0,9,-13,0,1,-2,0,17,-8,0,-1,-2,0,-22,-13,0,0,5.02,0.4,2.05,2.953999999999994
0,2,0,5,-15,0,1,-2,0,18,-4,0,-1,-2,0,-28,-18,0,0,5.02,0.4,2.05,3.0059999999999936
0,2,0,4,-15,0,1,-2,0,18,-3,0,-1,-2,0,-30,-19,0,0,5.02,0.4,2.05,3.0319999999999934
0,2,0,3,-15,0,1,-2,0,18,-2,0,-1,-2,0,-31,-20,0,0,5.02,0.4,2.05,3.057999999999993
0,2,0,2,0,0,1,-2,0,-21,36,0,-1,-1,0,24,22,0,0,5.02,0.4,2.04,3.083999999999993
0,2,0,1,0,0,1,-2,0,-21,39,0,-1,-1,0,21,23,0,0,5.02,0.4,2.04,3.1099999999999928
0,2,0,1,0,0,1,-2,0,-22,41,0,-1,-1,0,18,25,0,0,5.03,0.44,2.21,3.137999999999993
0,2,0,0,0,0,1,-2,0,-21,44,0,-1,-1,0,10,28,0,0,5.03,0.44,2.21,3.165999999999993
0,2,0,-1,0,0,0,-2,0,-20,45,0,-1,-1,0,8,28,0,0,5.03,0.44,2.21,3.193999999999993
0,2,0,-2,0,0,0,-2,0,-20,44,0,-1,-1,0,5,29,0,0,5.03,0.44,2.21,3.221999999999993
0,2,0,-2,0,0,0,-2,0,-19,43,0,-1,-1,0,4,29,0,0,5.03,0.44,2.21,3.249999999999993
0,2,0,-5,1,0,0,-2,0,-16,37,0,-1,-1,0,4,25,0,0,5.03,0.44,2.21,3.277999999999993
0,2,0,-3,1,0,0,-2,0,-16,34,0,-1,-1,0,6,22,0,0,5.03,0.44,2.21,3.305999999999993
0,2,0,-3,0,0,0,-2,0,-15,31,0,-1,-1,0,7,19,0,0,5.03,0.44,2.21,3.333999999999993
0,2,0,-3,0,0,0,-2,0,-14,29,0,-1,-1,-1,9,17,0,0,5.03,0.44,2.21,3.361999999999993
0,2,0,-2,0,0,0,-2,0,-12,27,0,-1,-1,0,8,15,0,0,5.03,0.44,2.21,3.389999999999993
0,2,0,-1,1,0,0,-2,0,-13,24,0,-1,-1,0,7,12,0,0,5.03,0.44,2.21,3.417999999999993
0,2,0,0,1,0,0,-2,0,-12,24,0,-1,-1,0,6,11,0,0,5.03,0.44,2.21,3.445999999999993
0,2,0,0,1,0,0,-2,0,-12,24,0,-1,-1,0,4,11,0,0,5.03,0.44,2.21,3.473999999999993
0,2,0,-8,15,0,0,-2,0,6,-25,0,-1,-1,-1,0,-11,0,0,5.02,0.4,2.03,3.499999999999993
0,2,0,-8,16,0,0,-2,0,5,-24,0,-1,-1,-1,0,-12,0,0,5.02,0.4,2.03,3.5259999999999927
0,2,0,-8,16,0,0,-2,0,5,-23,0,-1,-1,-1,0,-12,0,0,5.02,0.4,2.03,3.5519999999999925
0,2,0,-8,16,0,0,-2,0,7,-22,0,-1,-1,-1,-1,-13,0,0,5.02,0.4,2.03,3.5779999999999923
0,2,0,-8,17,0,0,-2,0,7,-23,0,-1,-1,-1,-3,-13,0,0,5.02,0.4,2.03,3.603999999999992
-1,2,0,-9,17,0,0,-2,0,7,-23,0,-1,-1,-1,-4,-13,0,0,5.02,0.4,2.03,3.629999999999992
0,2,0,-8,18,0,0,-2,0,8,-23,0,-1,-1,-1,-5,-14,0,0,5.02,0.4,2.03,3.6559999999999917
0,2,0,-8,20,0,0,-2,0,10,-29,0,-1,-1,-1,-3,-13,0,0,5.02,0.4,2.03,3.7079999999999913
0,2,0,-8,20,0,0,-2,0,11,-31,0,-1,-1,-1,-5,-15,0,0,5.02,0.4,2.03,3.733999999999991
0,2,0,-8,21,0,0,-2,0,11,-33,0,-1,-1,-1,-5,-16,0,0,5.02,0.4,2.03,3.759999999999991
-1,2,0,-7,22,0,0,-2,0,13,-37,0,-1,-1,-1,-7,-18,0,0,5.02,0.4,2.03,3.7859999999999907
-1,2,0,-7,23,0,0,-2,0,13,-37,0,-1,-1,-1,-8,-18,0,0,5.02,0.4,2.03,3.8119999999999905
-1,2,0,-7,23,0,0,-2,0,13,-37,0,-1,-1,-1,-9,-19,0,0,5.02,0.4,2.03,3.8379999999999903
-1,2,0,-6,24,0,0,-2,0,12,-37,0,-1,-1,-1,-10,-19,0,0,5.02,0.4,2.03,3.86399999999999
0,2,0,-1,-6,0,1,-2,0,-16,-32,0,-1,-2,0,-19,-1,0,0,5.02,0.41,2.08,3.8909999999999902
0,2,0,-3,-7,0,1,-2,0,-19,-25,0,-1,-2,0,-19,-3,0,0,5.02,0.41,2.08,3.9179999999999904
0,2,0,-3,-8,0,1,-2,0,-23,-11,0,-1,-2,0,-20,-8,0,0,5.02,0.41,2.08,3.9449999999999905
0,2,0,-3,-8,0,1,-2,0,-22,-7,0,-1,-2,0,-20,-10,0,0,5.02,0.41,2.08,3.9719999999999906
0,2,0,-3,-8,0,1,-2,0,-22,-4,0,-1,-2,0,-19,-13,0,0,5.02,0.41,2.08,3.998999999999991
0,2,0,-3,-8,0,1,-2,0,-21,-1,0,-1,-2,0,-20,-15,0,0,5.02,0.41,2.08,4.025999999999991
0,2,0,-2,-9,0,1,-2,0,-18,6,0,-1,-2,0,-20,-20,0,0,5.02,0.41,2.08,4.052999999999991
0,2,0,-1,-9,0,1,-2,0,-18,8,0,-1,-2,0,-20,-22,0,0,5.02,0.41,2.08,4.079999999999991
0,2,0,0,-9,0,1,-2,0,-18,10,0,-1,-2,0,-21,-23,0,0,5.02,0.41,2.08,4.106999999999991
0,2,0,0,-10,0,1,-2,0,-18,12,0,-1,-2,0,-22,-23,0,0,5.02,0.41,2.08,4.1339999999999915
0,2,0,-1,-11,0,1,-2,0,-21,13,0,-1,-2,0,-24,-22,0,0,5.02,0.41,2.08,4.160999999999992
0,2,0,-3,-11,0,1,-2,0,-23,13,0,-1,-2,0,-25,-20,0,0,5.02,0.41,2.08,4.214999999999992
0,2,0,-4,-11,0,1,-2,0,-24,12,0,-1,-2,0,-25,-18,0,0,5.02,0.41,2.08,4.241999999999992
0,2,0,-4,-10,0,1,-2,0,-25,11,0,-1,-2,0,-26,-17,0,0,5.02,0.41,2.08,4.268999999999992
0,2,0,0,-4,0,1,-2,0,1,-7,0,-1,-2,0,20,8,0,0,5.02,0.4,2.03,4.295999999999992
0,2,0,0,-3,0,1,-2,0,0,-2,0,-1,-2,0,15,5,0,0,5.02,0.4,2.03,4.322999999999992
0,2,0,0,-4,0,1,-2,0,0,-1,0,-1,-2,0,14,4,0,0,5.02,0.4,2.03,4.3499999999999925
0,2,0,0,-3,0,1,-2,0,0,0,0,-1,-2,0,14,4,0,0,5.02,0.4,2.03,4.376999999999993
0,2,0,0,-3,0,1,-2,0,0,0,0,-1,-2,0,14,3,0,0,5.02,0.4,2.03,4.403999999999993
0,2,0,0,-3,0,1,-2,0,0,1,0,-1,-2,0,17,5,0,0,5.02,0.4,2.03,4.430999999999993
0,2,0,0,-3,0,1,-2,0,0,0,0,-1,-2,0,17,7,0,0,5.02,0.4,2.03,4.457999999999993
0,2,0,0,-2,0,1,-2,0,0,0,0,-1,-2,0,18,10,0,0,5.02,0.4,2.03,4.484999999999993
0,2,0,-2,-2,0,1,-2,0,0,0,0,-1,-2,0,19,13,0,0,5.02,0.4,2.03,4.511999999999993
0,2,0,-2,-1,0,1,-2,0,1,0,0,0,-2,0,19,19,0,0,5.02,0.4,2.03,4.5389999999999935
0,2,0,-2,0,0,1,-2,0,1,0,0,-1,-2,0,27,27,0,0,5.02,0.4,2.03,4.565999999999994
0,2,0,-1,0,0,1,-2,0,0,1,0,-1,-2,0,31,28,0,0,5.02,0.4,2.03,4.592999999999994
0,2,0,-1,1,0,1,-2,0,0,1,0,-1,-2,0,32,29,0,0,5.02,0.4,2.03,4.619999999999994
0,2,0,-1,2,0,1,-2,0,0,2,0,-1,-2,0,31,29,0,0,5.02,0.4,2.03,4.646999999999994
0,2,0,-1,2,0,1,-2,0,0,3,0,-1,-2,0,28,28,0,0,5.02,0.4,2.03,4.673999999999994
0,2,1,-4,-19,0,0,-2,1,-42,40,0,-1,-1,-1,-19,-14,0,0,5.02,0.41,2.07,4.701999999999994
0,2,0,-5,-11,0,0,-2,0,-36,48,0,-1,-1,-1,-3,0,0,0,5.02,0.41,2.07,4.729999999999993
0,2,0,-3,-5,0,0,-2,0,-31,49,0,-1,-1,-1,-2,4,0,0,5.02,0.41,2.07,4.757999999999993
0,2,0,-6,-8,0,0,-2,0,-28,47,0,-1,-1,-1,4,6,0,0,5.02,0.41,2.07,4.7859999999999925
0,2,0,-3,-6,0,0,-2,0,-24,45,0,-1,-1,-1,-1,13,0,0,5.02,0.41,2.07,4.813999999999992
0,2,0,-2,-4,0,0,-2,0,-11,27,0,-1,-1,-1,14,13,0,0,5.02,0.41,2.07,4.841999999999992
0,2,0,-2,-7,0,0,-2,0,-6,20,0,-1,-1,-1,12,16,0,0,5.02,0.41,2.07,4.869999999999991
0,2,0,0,-5,0,0,-2,0,-4,16,0,-1,-1,-1,7,18,0,0,5.02,0.41,2.07,4.897999999999991
0,2,0,1,-5,0,0,-2,0,-4,12,0,-1,-1,-1,3,18,0,0,5.02,0.41,2.07,4.92599999999999
0,2,0,5,-4,0,0,-2,0,-9,9,0,-1,-1,0,0,15,0,0,5.02,0.41,2.07,4.95399999999999
-1,2,0,4,-5,0,1,-2,0,-13,9,0,-1,-1,0,-2,14,0,0,5.02,0.41,2.07,4.9819999999999895
0,2,0,4,-4,0,1,-2,0,-18,11,0,-1,-1,0,-3,13,0,0,5.02,0.41,2.07,5.009999999999989
0,2,0,5,-3,0,1,-2,0,-23,15,0,-1,-1,-1,-1,13,0,0,5.02,0.41,2.07,5.037999999999989
0,2,0,5,-4,0,1,-2,0,-35,27,0,-1,-1,-1,4,12,0,0,5.02,0.41,2.07,5.065999999999988
0,2,0,5,-4,0,1,-2,0,-39,31,0,-1,-1,-1,8,12,0,0,5.02,0.41,2.07,5.093999999999988
0,2,0,5,-5,0,1,-2,0,-40,35,0,-1,-1,-1,14,13,0,0,5.02,0.4,2.04,5.120999999999988
-1,2,0,-7,24,0,0,-2,0,14,-27,0,-1,-1,0,-23,-34,0,0,5.02,0.41,2.07,5.148999999999988
-1,2,0,-7,23,0,0,-2,0,14,-27,0,-1,-1,0,-20,-34,0,0,5.02,0.41,2.07,5.176999999999987
-1,2,0,-6,22,0,0,-2,0,14,-27,0,-1,-1,0,-18,-34,0,0,5.02,0.41,2.07,5.204999999999987
0,2,0,-4,21,0,0,-2,0,13,-29,0,-1,-1,0,-13,-30,0,0,5.02,0.41,2.07,5.232999999999986
0,2,0,-4,21,0,0,-2,0,12,-30,0,-1,-1,-1,-11,-28,0,0,5.02,0.41,2.07,5.260999999999986
0,2,0,-3,21,0,0,-2,0,11,-31,0,-1,-1,-1,-9,-27,0,0,5.02,0.41,2.07,5.2889999999999855
0,2,0,-3,21,0,0,-2,0,10,-31,0,-1,-1,-1,-7,-25,0,0,5.02,0.41,2.07,5.316999999999985
0,2,0,-3,21,0,0,-2,0,7,-30,0,-1,-1,-1,-3,-20,0,0,5.02,0.41,2.07,5.344999999999985
-1,2,0,-3,21,0,0,-2,0,6,-29,0,-1,-1,-1,-1,-19,0,0,5.02,0.41,2.07,5.372999999999984
0,2,0,-3,21,0,1,-2,0,6,-27,0,-1,-1,-1,0,-17,0,0,5.02,0.41,2.07,5.400999999999984
0,2,0,-3,20,0,0,-2,0,6,-25,0,-1,-1,-1,1,-16,0,0,5.02,0.41,2.07,5.428999999999983
0,2,0,-4,20,0,1,-2,0,5,-20,0,-1,-1,-1,3,-15,0,0,5.02,0.41,2.07,5.456999999999983
0,2,0,-4,21,0,0,-2,0,5,-19,0,-1,-1,-1,3,-15,0,0,5.03,0.42,2.15,5.485999999999983
0,2,0,-4,22,0,0,-2,0,5,-18,0,-1,-1,-1,2,-14,0,0,5.03,0.42,2.15,5.514999999999983
0,2,0,-4,22,0,0,-2,0,5,-17,0,-1,-1,-1,1,-14,0,0,5.03,0.42,2.15,5.543999999999983
0,2,0,-28,35,0,1,-2,0,-32,44,0,-1,-2,0,-19,5,0,0,5.02,0.4,2.02,5.570999999999983
0,2,0,-29,32,0,1,-2,0,-30,43,0,-1,-2,0,-25,4,0,0,5.02,0.4,2.02,5.597999999999983
0,2,0,-28,22,0,1,-2,0,-23,37,0,-1,-2,0,-37,-6,0,0,5.02,0.4,2.02,5.624999999999983
0,2,0,-28,19,0,1,-2,0,-20,33,0,-1,-2,0,-43,-11,0,0,5.02,0.4,2.02,5.651999999999983
0,2,0,-28,16,0,1,-2,0,-18,29,0,-1,-2,0,-45,-16,0,0,5.02,0.4,2.02,5.678999999999983
0,2,0,-26,13,0,1,-2,0,-17,26,0,-1,-2,0,-47,-21,0,0,5.02,0.4,2.02,5.7059999999999835
0,2,0,-24,6,0,1,-2,0,-9,12,0,-1,-2,0,-48,-33,0,0,5.02,0.4,2.02,5.732999999999984
0,2,0,-22,3,0,1,-2,0,-8,7,0,-1,-2,0,-49,-36,0,0,5.02,0.4,2.02,5.759999999999984
0,2,0,-19,0,0,1,-2,0,-5,1,0,-1,-2,0,-50,-38,0,0,5.02,0.4,2.02,5.786999999999984
0,2,0,-17,-3,0,1,-2,0,-4,-3,0,-1,-2,0,-49,-39,0,0,5.02,0.4,2.02,5.813999999999984
0,2,0,-11,-11,0,1,-2,0,-3,-15,0,-1,-2,0,-43,-37,0,0,5.02,0.41,2.08,5.841999999999984
0,2,0,-9,-13,0,1,-2,0,-5,-19,0,-1,-2,0,-38,-43,0,0,5.02,0.41,2.08,5.869999999999983
0,2,0,-8,-16,0,1,-2,0,-7,-21,0,0,-2,0,-61,-16,0,0,5.02,0.41,2.08,5.897999999999983
0,2,0,-6,-17,0,1,-2,0,-9,-24,0,-1,-2,0,-42,-26,0,0,5.02,0.41,2.08,5.925999999999982
0,2,0,-5,-18,0,1,-2,0,-11,-26,0,-1,-2,0,-13,-38,0,0,5.02,0.41,2.08,5.953999999999982
0,2,0,0,-22,0,1,-2,0,-27,6,0,-1,-2,0,22,12,0,0,5.03,0.43,2.18,5.983999999999982
0,2,0,0,-24,0,1,-2,0,-29,9,0,-1,-2,0,24,14,0,0,5.03,0.43,2.18,6.0139999999999825
0,2,0,0,-24,0,1,-2,0,-28,10,0,-1,-2,0,23,14,0,0,5.03,0.43,2.18,6.043999999999983
0,2,0,-1,-25,0,1,-2,0,-27,12,0,-1,-2,0,24,14,0,0,5.03,0.43,2.18,6.073999999999983
0,2,0,-1,-26,0,1,-2,0,-26,14,0,-1,-2,0,24,14,0,0,5.03,0.43,2.18,6.103999999999983
0,2,0,-2,-27,0,1,-2,0,-25,17,0,-1,-2,0,27,16,0,0,5.03,0.43,2.18,6.1339999999999835
0,2,0,-2,-27,0,1,-2,0,-23,18,0,-1,-2,0,28,17,0,0,5.03,0.43,2.18,6.163999999999984
0,2,0,-3,-28,0,1,-2,0,-21,19,0,-1,-2,0,29,19,0,0,5.03,0.43,2.18,6.193999999999984
0,2,0,-3,-28,0,1,-2,0,-19,19,0,-1,-2,0,29,20,0,0,5.02,0.41,2.07,6.222999999999984
0,2,0,-4,-30,0,1,-2,0,-15,17,0,-1,-2,0,29,22,0,0,5.02,0.41,2.07,6.251999999999984
0,2,0,-2,-30,0,1,-2,0,-14,17,0,-1,-2,0,28,23,0,0,5.02,0.41,2.07,6.280999999999984
0,2,0,-3,-31,0,1,-2,0,-13,16,0,-1,-2,0,27,24,0,0,5.02,0.41,2.07,6.309999999999984
0,2,0,-2,-31,0,1,-2,0,-13,15,0,-1,-2,0,27,24,0,0,5.02,0.41,2.07,6.3389999999999835
0,2,0,-2,-32,0,1,-2,0,-13,15,0,-1,-2,0,26,25,0,0,5.02,0.41,2.07,6.3679999999999835
0,2,0,-1,-34,0,1,-2,0,-13,13,0,-1,-2,0,25,27,0,0,5.02,0.41,2.07,6.396999999999983
0,2,0,-1,-34,0,1,-2,0,-13,13,0,-1,-2,0,26,28,0,0,5.02,0.41,2.07,6.425999999999983
0,3,0,-15,-8,0,1,-3,0,19,16,0,-1,-2,0,-23,1,0,0,5.02,0.41,2.07,6.454999999999983
0,3,0,-16,-6,0,1,-3,0,20,16,0,-1,-2,0,-26,-1,0,0,5.02,0.41,2.07,6.483999999999983
0,3,0,-20,-9,0,1,-3,0,22,15,0,-1,-2,0,-27,-4,0,0,5.02,0.41,2.07,6.512999999999983
0,3,0,-20,-10,0,1,-3,0,24,14,0,-1,-2,0,-28,-6,0,0,5.02,0.41,2.07,6.541999999999983
0,3,0,-15,-18,0,1,-3,0,26,11,0,-1,-3,-1,-21,-8,0,0,5.02,0.41,2.07,6.570999999999983
0,3,0,-15,-20,0,1,-3,0,26,8,0,-1,-3,-1,-17,-10,0,0,5.04,0.46,2.34,6.603999999999983
0,3,0,-16,-21,0,1,-3,0,25,5,0,-1,-3,-1,-15,-11,0,0,5.04,0.46,2.34,6.636999999999984
0,3,0,-16,-23,0,1,-3,0,24,3,0,-1,-2,-1,-13,-12,0,0,5.04,0.46,2.34,6.669999999999984
-1,3,0,-13,-26,0,1,-3,0,22,0,0,-1,-2,-1,-13,-13,0,0,5.04,0.46,2.34,6.702999999999984
-1,3,0,-8,-29,0,1,-2,0,17,-3,0,-1,-2,-1,-15,-14,0,0,5.04,0.46,2.34,6.735999999999985
-1,2,0,-7,-32,0,1,-2,0,14,-5,0,-1,-2,-1,-17,-15,0,0,5.04,0.46,2.34,6.768999999999985
-1,2,0,-6,-32,0,1,-2,0,9,-8,0,-1,-2,0,-18,-17,0,0,5.04,0.46,2.34,6.801999999999985
-1,2,0,-5,-34,0,1,-2,0,4,-9,0,-1,-2,0,-20,-18,0,0,5.04,0.46,2.34,6.834999999999986
-1,2,0,-3,-36,0,1,-2,0,0,-10,0,-1,-2,0,-22,-20,0,0,5.04,0.46,2.34,6.867999999999986
0,2,0,0,2,0,0,-2,0,0,16,0,-1,-1,0,-9,11,0,0,5.02,0.4,2.02,6.895999999999986
0,2,0,0,2,0,0,-2,0,0,13,0,-1,-1,0,-10,11,0,0,5.02,0.4,2.02,6.923999999999985
0,2,0,0,2,0,0,-2,0,2,10,0,-1,-1,0,-10,11,0,0,5.02,0.4,2.02,6.951999999999985
0,2,0,-1,0,0,0,-2,0,4,4,0,-1,-1,0,-8,10,0,0,5.02,0.4,2.02,6.979999999999984
0,2,0,-2,0,0,0,-2,0,4,3,0,-1,-1,0,-7,10,0,0,5.02,0.41,2.08,7.008999999999984
0,2,0,-2,0,0,0,-2,0,5,1,0,-1,-1,0,-7,10,0,0,5.02,0.41,2.08,7.037999999999984
0,2,0,-3,0,0,0,-2,0,5,0,0,-1,-2,0,-7,8,0,0,5.02,0.41,2.08,7.066999999999984
0,2,0,-5,0,0,0,-2,0,5,-1,0,-1,-2,0,-2,7,0,0,5.02,0.41,2.08,7.095999999999984
0,2,0,-5,1,0,0,-2,0,4,-2,0,-1,-2,0,-4,6,0,0,5.02,0.41,2.08,7.124999999999984
0,2,0,-6,1,0,0,-2,0,4,-3,0,-1,-2,0,-6,5,0,0,5.02,0.41,2.08,7.153999999999984
0,2,0,-7,1,0,0,-2,0,4,-3,0,-1,-2,0,-8,3,0,0,5.02,0.41,2.08,7.182999999999984
0,2,0,-7,2,0,0,-2,0,4,-3,0,-1,-2,0,-9,1,0,0,5.02,0.41,2.08,7.211999999999984
0,2,0,-6,1,0,0,-2,0,5,-3,0,-1,-2,0,-11,0,0,0,5.02,0.41,2.08,7.240999999999984
0,2,0,-6,1,0,0,-2,0,5,-3,0,-1,-2,0,-12,0,0,0,5.02,0.41,2.08,7.269999999999984
0,2,0,-6,2,0,0,-2,0,5,-3,0,-1,-2,0,-13,-1,0,0,5.02,0.41,2.08,7.2989999999999835
-1,2,0,-2,20,0,0,-2,0,4,-25,0,-1,-1,-1,-12,-26,0,0,5.02,0.41,2.06,7.327999999999983
-1,2,0,-1,20,0,0,-2,0,4,-24,0,-1,-1,-1,-12,-26,0,0,5.02,0.41,2.06,7.356999999999983
-1,2,0,0,21,0,1,-2,0,3,-21,0,-1,-1,-1,-11,-25,0,0,5.03,0.43,2.17,7.387999999999983
-1,2,0,0,21,0,1,-2,0,2,-20,0,-1,-1,-1,-10,-25,0,0,5.03,0.43,2.17,7.418999999999983
-1,2,0,1,21,0,1,-2,0,1,-19,0,-1,-1,-1,-9,-24,0,0,5.03,0.43,2.17,7.449999999999982
-1,2,0,0,21,0,1,-2,0,0,-18,0,-1,-2,-1,-7,-23,0,0,5.03,0.43,2.17,7.480999999999982
-1,2,0,1,21,0,1,-2,0,0,-14,0,-1,-2,-1,-1,-19,0,0,5.03,0.43,2.17,7.511999999999982
-1,2,0,1,20,0,1,-2,0,-1,-14,0,-1,-2,-1,0,-17,0,0,5.03,0.43,2.17,7.5429999999999815
-1,2,0,2,21,0,1,-2,0,-2,-12,0,-1,-2,-1,3,-15,0,0,5.03,0.43,2.17,7.573999999999981
-1,2,0,1,20,0,1,-2,0,-2,-12,0,-1,-2,-1,6,-13,0,0,5.03,0.43,2.17,7.604999999999981
-1,2,0,0,20,0,1,-2,0,-3,-11,0,-1,-2,0,8,-11,0,0,5.03,0.43,2.17,7.635999999999981
0,2,0,0,19,0,1,-2,0,-5,-9,0,-1,-2,0,14,-7,0,0,5.03,0.43,2.17,7.66699999999998
0,2,0,-2,18,0,1,-2,0,-6,-9,0,-1,-2,0,15,-5,0,0,5.03,0.43,2.17,7.69799999999998
0,3,0,-4,17,0,1,-2,0,-7,-8,0,-1,-2,0,17,-3,0,0,5.03,0.43,2.17,7.72899999999998
0,2,0,-4,-14,0,1,-2,0,-1,-8,0,-1,-2,0,-23,-11,0,0,5.02,0.4,2.02,7.788999999999979
0,2,0,-4,-14,0,1,-2,0,-4,-13,0,-1,-2,0,-26,-14,0,0,5.02,0.4,2.02,7.817999999999979
0,2,0,-4,-14,0,1,-2,0,-5,-14,0,-1,-2,0,-27,-15,0,0,5.02,0.4,2.02,7.846999999999979
0,2,0,-4,-15,0,1,-2,0,-6,-16,0,-1,-2,0,-28,-17,0,0,5.02,0.4,2.02,7.875999999999979
0,2,0,-5,-15,0,1,-2,0,-9,-16,0,-1,-2,0,-29,-19,0,0,5.02,0.4,2.02,7.904999999999979
0,2,0,-5,-15,0,1,-2,0,-13,-17,0,-1,-2,0,-31,-24,0,0,5.02,0.4,2.02,7.933999999999979
0,2,0,-6,-15,0,1,-2,0,-15,-16,0,-1,-2,0,-32,-26,0,0,5.02,0.4,2.02,7.962999999999979
0,2,0,-6,-15,0,1,-2,0,-17,-14,0,-1,-2,0,-32,-28,0,0,5.02,0.4,2.02,7.991999999999979
0,2,0,-7,-14,0,1,-2,0,-19,-12,0,-1,-2,0,-31,-28,0,0,5.02,0.4,2.02,8.02099999999998
0,2,0,-7,-15,0,1,-2,0,-21,-10,0,-1,-2,0,-30,-29,0,0,5.02,0.4,2.02,8.04999999999998
0,2,0,-7,-15,0,1,-2,0,-26,-2,0,-1,-2,0,-24,-30,0,0,5.02,0.4,2.02,8.07899999999998
0,2,0,-7,-15,0,1,-2,0,-27,0,0,-1,-2,0,-21,-29,0,0,5.02,0.4,2.02,8.10799999999998
0,2,0,-7,-16,0,1,-2,0,-29,3,0,-1,-2,0,-18,-28,0,0,5.02,0.4,2.02,8.13699999999998
0,2,0,-8,-15,0,1,-2,0,-31,6,0,-1,-2,0,-14,-27,0,0,5.02,0.4,2.02,8.165999999999979
0,2,0,-8,-13,0,1,-2,0,-33,13,0,-1,-2,0,-5,-22,0,0,5.02,0.4,2.02,8.194999999999979
0,2,0,-8,-13,0,1,-2,0,-34,15,0,-1,-2,0,-2,-21,0,0,5.02,0.4,2.02,8.223999999999979
0,2,0,6,-7,0,1,-2,0,2,10,0,-1,-2,0,-1,3,0,0,5.02,0.41,2.1,8.253999999999978
0,2,0,6,-7,0,1,-2,0,2,10,0,-1,-2,0,-1,5,0,0,5.02,0.41,2.1,8.283999999999978
0,2,0,7,-8,0,1,-2,0,2,11,0,0,-2,0,0,8,0,0,5.02,0.41,2.1,8.313999999999977
0,2,0,11,-6,0,1,-2,0,1,15,0,-1,-2,0,4,16,0,0,5.02,0.41,2.1,8.343999999999976
0,2,0,12,-6,0,1,-2,0,0,18,0,-1,-2,0,5,18,0,0,5.02,0.41,2.1,8.373999999999976
0,2,0,14,-7,0,1,-2,0,0,21,0,-1,-2,0,6,20,0,0,5.02,0.41,2.1,8.403999999999975
0,2,0,16,-4,0,1,-2,0,-1,23,0,-1,-2,0,5,21,0,0,5.02,0.41,2.1,8.433999999999974
0,2,0,18,2,0,1,-2,0,0,27,0,-1,-2,0,5,26,0,0,5.02,0.41,2.1,8.463999999999974
0,2,0,18,3,0,1,-2,0,2,28,0,-1,-2,0,6,28,0,0,5.02,0.41,2.1,8.493999999999973
0,2,0,19,3,0,1,-2,0,4,28,0,-1,-2,0,9,29,0,0,5.02,0.41,2.1,8.523999999999972
0,2,0,19,4,0,1,-2,0,6,28,0,-1,-2,0,11,30,0,0,5.02,0.41,2.1,8.553999999999972
0,2,0,19,3,0,1,-2,0,8,27,0,-1,-2,0,13,32,0,0,5.02,0.41,2.1,8.583999999999971
0,2,0,19,1,0,1,-2,0,16,22,0,-1,-2,0,18,35,0,0,5.02,0.41,2.1,8.61399999999997
0,2,0,19,0,0,1,-2,0,19,20,0,-1,-2,0,20,34,0,0,5.02,0.41,2.1,8.64399999999997
0,2,0,18,-2,0,1,-2,0,22,18,0,-1,-2,0,20,33,0,0,5.02,0.41,2.1,8.67399999999997
0,2,0,6,-16,0,0,-2,0,-27,51,0,-1,-1,0,4,21,0,0,5.02,0.41,2.06,8.703999999999969
-1,2,0,5,-16,0,0,-2,0,-27,52,0,-1,-1,0,3,20,0,0,5.02,0.41,2.06,8.733999999999968
0,2,0,4,-19,0,0,-2,0,-25,60,0,-1,-1,-1,5,17,0,0,5.02,0.41,2.06,8.763999999999967
0,2,0,4,-19,0,0,-2,0,-26,65,0,-1,-1,-1,6,16,0,0,5.02,0.41,2.06,8.793999999999967
0,2,0,5,-20,0,0,-2,0,-28,70,0,-1,-1,-1,7,16,0,0,5.02,0.41,2.06,8.823999999999966
0,2,0,5,-19,0,0,-2,1,-29,76,0,-1,-1,-1,9,15,0,0,5.02,0.41,2.06,8.853999999999965
0,2,0,4,-19,0,0,-2,1,-30,87,0,-1,-1,-1,8,17,0,0,5.02,0.41,2.06,8.883999999999965
0,2,0,5,-18,0,0,-2,1,-31,90,0,-1,-1,-1,7,19,0,0,5.02,0.41,2.06,8.913999999999964
0,2,0,5,-18,0,0,-2,1,-32,93,0,-1,-1,-1,6,19,0,0,5.02,0.41,2.06,8.943999999999964
0,2,0,6,-16,0,0,-2,1,-33,94,0,-1,-1,-1,4,19,0,0,5.02,0.41,2.06,8.973999999999963
0,2,0,5,-17,0,0,-2,1,-34,93,0,-1,-1,-1,3,20,0,0,5.02,0.41,2.06,9.003999999999962
0,2,0,4,-16,0,0,-2,0,-29,85,0,-1,-1,0,0,19,0,0,5.02,0.41,2.06,9.033999999999962
0,2,0,4,-16,0,0,-2,0,-27,80,0,-1,-1,0,-1,19,0,0,5.02,0.41,2.06,9.063999999999961
0,2,0,3,-15,0,0,-2,0,-24,73,0,-1,-1,0,-1,18,0,0,5.02,0.41,2.06,9.09399999999996
0,2,0,3,-15,0,0,-2,0,-21,66,0,-1,-1,0,-1,17,0,0,5.02,0.41,2.06,9.12399999999996
0,2,0,-7,28,0,0,-2,0,-7,-24,0,-1,-1,0,-12,-31,0,0,5.02,0.4,2.04,9.153999999999959
0,2,0,-8,29,0,0,-2,0,-10,-25,0,-1,-1,0,-13,-29,0,0,5.02,0.4,2.04,9.183999999999958
0,2,0,-8,30,0,0,-2,0,-10,-26,0,-1,-1,-1,-12,-28,0,0,5.02,0.4,2.04,9.213999999999958
0,2,0,-9,30,0,0,-2,0,-11,-26,0,-1,-1,-1,-12,-28,0,0,5.02,0.4,2.04,9.243999999999957
0,2,0,-10,31,0,0,-2,0,-11,-27,0,-1,-1,-1,-12,-27,0,0,5.02,0.4,2.04,9.273999999999957
0,2,0,-11,33,0,0,-2,0,-10,-29,0,-1,-1,-1,-10,-26,0,0,5.02,0.4,2.04,9.303999999999956
0,2,0,-11,33,0,0,-2,0,-9,-29,0,-1,-1,-1,-10,-26,0,0,5.02,0.4,2.04,9.333999999999955
0,2,0,-11,34,0,0,-2,0,-8,-30,0,-1,-1,-1,-10,-27,0,0,5.02,0.4,2.04,9.363999999999955
0,2,0,-12,35,0,0,-2,0,-6,-30,0,-1,-1,-1,-11,-27,0,0,5.02,0.4,2.04,9.393999999999954
0,2,0,-11,36,0,0,-2,0,-2,-31,0,-1,-1,-1,-16,-29,0,0,5.02,0.4,2.04,9.423999999999953
0,2,0,-11,37,0,0,-2,0,0,-33,0,-1,-1,-1,-18,-30,0,0,5.02,0.4,2.04,9.453999999999953
0,2,0,-11,37,0,0,-2,0,1,-34,0,-1,-1,-1,-20,-30,0,0,5.02,0.4,2.04,9.483999999999952
0,2,0,-11,37,0,0,-2,0,4,-35,0,-1,-1,-1,-21,-31,0,0,5.02,0.4,2.04,9.513999999999951
-1,2,0,-11,37,0,0,-2,0,6,-36,0,-1,-1,-1,-23,-31,0,0,5.02,0.4,2.04,9.54399999999995
0,2,0,-10,36,0,0,-2,0,10,-40,0,-1,-1,-1,-26,-31,0,0,5.02,0.4,2.03,9.57399999999995
0,2,0,-19,-3,0,1,-2,0,0,9,0,-1,-2,0,8,7,0,0,5.04,0.49,2.49,9.610999999999951
0,2,0,-18,-7,0,1,-2,0,2,3,0,-1,-2,0,5,-1,0,0,5.04,0.49,2.49,9.647999999999952
0,2,0,-16,-11,0,1,-2,0,2,-8,0,-1,-2,0,-34,-8,0,0,5.04,0.49,2.49,9.684999999999953
0,2,0,-14,-12,0,1,-2,0,2,-11,0,-1,-2,0,-47,-13,0,0,5.04,0.49,2.49,9.721999999999953
0,2,0,-13,-13,0,1,-2,0,0,-14,0,-1,-2,0,-56,-14,0,0,5.04,0.49,2.49,9.758999999999954
0,2,0,-13,-14,0,1,-2,0,-6,-16,0,-1,-2,0,-58,-16,0,0,5.04,0.49,2.49,9.795999999999955
0,2,0,-12,-16,0,1,-1,0,-16,-23,0,-1,-2,0,-44,-21,0,0,5.04,0.49,2.49,9.832999999999956
0,2,0,-11,-16,0,1,-1,0,-16,-26,0,-1,-2,0,-40,-22,0,0,5.04,0.49,2.49,9.869999999999957
0,2,0,-11,-17,0,1,-1,0,-17,-29,0,-1,-2,0,-41,-23,0,0,5.04,0.49,2.49,9.906999999999957
0,2,0,-11,-17,0,1,-1,0,-18,-29,0,-1,-2,0,-47,-22,0,0,5.04,0.49,2.49,9.943999999999958
0,2,0,-11,-20,0,1,-1,0,-21,-28,0,-1,-2,0,-57,-16,0,0,5.04,0.49,2.49,9.980999999999959
0,2,0,-9,-19,0,1,-1,0,-34,-19,0,-1,-2,0,-25,-29,0,0,5.04,0.49,2.49,10.01799999999996
0,2,0,-8,-17,0,1,-2,0,-36,-15,0,-1,-2,0,-26,-30,0,0,5.03,0.42,2.13,10.04999999999996
0,2,0,-11,-20,0,1,-2,0,-36,-11,0,-1,-2,0,-31,-29,0,0,5.03,0.42,2.13,10.08199999999996
0,2,0,-10,-17,0,1,-2,0,-36,-7,0,-1,-2,0,-34,-30,0,0,5.03,0.42,2.13,10.11399999999996
0,2,0,1,-7,0,1,-2,0,-31,17,0,-1,-2,0,18,15,0,0,5.02,0.4,2.04,10.14499999999996
0,2,0,1,-8,0,1,-2,0,-24,19,0,-1,-2,0,14,18,0,0,5.02,0.4,2.04,10.175999999999961
0,2,0,0,-9,0,1,-2,0,-21,19,0,-1,-2,0,15,19,0,0,5.02,0.4,2.04,10.206999999999962
0,2,0,0,-9,0,1,-2,0,-18,19,0,-1,-2,0,16,19,0,0,5.02,0.4,2.04,10.237999999999962
0,2,0,1,-9,0,1,-2,0,-15,20,0,-1,-2,0,16,20,0,0,5.02,0.4,2.04,10.268999999999963
0,2,0,2,-9,0,1,-2,0,-8,19,0,-1,-2,0,18,24,0,0,5.02,0.4,2.04,10.299999999999963
0,2,0,2,-9,0,1,-2,0,-6,19,0,-1,-2,0,19,25,0,0,5.02,0.4,2.04,10.330999999999964
0,2,0,3,-8,0,1,-2,0,-4,17,0,-1,-2,0,20,27,0,0,5.02,0.4,2.04,10.361999999999965
0,2,0,3,-8,0,1,-2,0,-3,16,0,-1,-2,0,21,27,0,0,5.02,0.4,2.04,10.392999999999965
0,2,0,3,-8,0,1,-2,0,-1,15,0,-1,-2,0,22,28,0,0,5.02,0.4,2.04,10.423999999999966
0,2,0,4,-8,0,1,-2,0,2,11,0,-1,-2,0,24,27,0,0,5.02,0.4,2.03,10.454999999999966
0,2,0,5,-8,0,1,-2,0,2,9,0,-1,-2,0,25,27,0,0,5.02,0.4,2.03,10.485999999999967
0,2,0,5,-8,0,1,-2,0,3,8,0,-1,-2,0,26,26,0,0,5.02,0.4,2.03,10.516999999999967
0,2,0,6,-8,0,1,-2,0,3,6,0,-1,-2,0,26,26,0,0,5.02,0.4,2.03,10.547999999999968
0,2,0,7,-7,0,1,-2,0,2,2,0,-1,-2,0,28,24,0,0,5.02,0.4,2.03,10.578999999999969
0,2,0,7,-7,0,1,-2,0,3,1,0,-1,-2,0,29,23,0,0,5.02,0.4,2.03,10.60999999999997
-1,2,0,-18,-29,0,1,-2,0,15,1,0,-1,-2,-1,-50,-19,0,0,5.03,0.44,2.22,10.67799999999997
-1,2,0,-14,-31,0,1,-2,0,7,8,0,-1,-2,-1,-38,-23,0,0,5.03,0.44,2.22,10.711999999999971
-1,2,0,-8,-36,0,1,-2,0,-11,19,0,-1,-1,-1,-28,-36,0,0,5.03,0.44,2.22,10.745999999999972
-1,2,0,-7,-41,0,1,-2,0,-18,22,0,-1,-1,-1,-31,-35,0,0,5.03,0.44,2.22,10.779999999999973
-1,2,0,-5,-41,0,1,-2,0,-24,24,0,-1,-1,-1,-37,-29,0,0,5.03,0.44,2.22,10.813999999999973
-1,2,0,-3,-43,0,1,-2,0,-32,27,0,-1,-1,-1,-41,-26,0,0,5.03,0.44,2.22,10.847999999999974
0,2,0,-4,-41,0,0,-2,1,-62,36,0,-1,-1,-1,-52,-19,0,0,5.02,0.4,2.03,10.878999999999975
0,2,0,-5,-40,0,0,-2,1,-65,40,0,-1,-1,-1,-55,-17,0,0,5.02,0.4,2.03,10.909999999999975
0,2,0,-5,-38,0,1,-2,1,-67,42,0,-1,-1,-1,-54,-11,0,0,5.02,0.4,2.03,10.940999999999976
0,2,0,-6,-35,0,1,-2,1,-69,44,0,-1,-1,-1,-49,-7,0,0,5.02,0.4,2.03,10.971999999999976
0,2,0,-8,-32,0,1,-2,1,-73,47,0,-1,-1,-1,-39,-5,0,0,5.02,0.4,2.03,11.002999999999977
0,2,0,-10,-25,0,0,-2,1,-72,49,0,-1,-1,-1,-14,1,0,0,5.02,0.4,2.03,11.033999999999978
0,2,0,-9,-23,0,0,-2,1,-68,48,0,-1,-1,-1,-7,4,0,0,5.02,0.4,2.03,11.064999999999978
0,2,0,-8,-21,0,0,-2,1,-63,47,0,-1,-1,-1,-3,7,0,0,5.02,0.4,2.03,11.095999999999979
0,2,0,-5,28,0,0,-2,0,15,-46,0,-1,-1,-1,-28,-58,0,0,5.02,0.4,2.05,11.12699999999998
0,2,0,-5,29,0,0,-2,0,16,-46,0,-1,-1,-1,-29,-58,0,0,5.02,0.4,2.05,11.15799999999998
0,2,0,-4,28,0,0,-2,0,17,-46,0,-1,-1,-1,-37,-56,0,0,5.02,0.4,2.05,11.18899999999998
0,2,0,-3,30,0,0,-2,0,17,-45,0,-1,-1,-1,-41,-54,0,0,5.02,0.4,2.05,11.219999999999981
0,2,0,-5,28,0,0,-2,0,17,-44,0,-1,-1,-1,-44,-52,0,0,5.02,0.4,2.05,11.250999999999982
0,2,0,-4,28,0,0,-2,0,16,-43,0,-1,-1,-1,-46,-51,0,0,5.02,0.4,2.05,11.282999999999982
0,2,0,-5,26,0,0,-2,0,13,-39,0,-1,-1,0,-48,-47,0,0,5.02,0.4,2.05,11.314999999999982
0,2,0,-4,26,0,0,-2,0,11,-38,0,-1,-1,-1,-48,-45,0,0,5.02,0.4,2.05,11.346999999999982
0,2,0,-5,26,0,0,-2,0,10,-36,0,-1,-1,-1,-47,-43,0,0,5.02,0.4,2.05,11.378999999999982
0,2,0,-6,26,0,0,-2,0,8,-34,0,-1,-1,-1,-45,-41,0,0,5.02,0.4,2.05,11.410999999999982
0,2,0,-7,25,0,0,-2,0,6,-32,0,-1,-1,0,-43,-40,0,0,5.02,0.4,2.05,11.442999999999982
0,2,0,-7,25,0,0,-2,0,3,-29,0,-1,-1,-1,-30,-38,0,0,5.02,0.4,2.05,11.474999999999982
0,2,0,-7,25,0,0,-2,0,3,-29,0,-1,-1,-1,-25,-37,0,0,5.02,0.4,2.05,11.506999999999982
0,2,0,-8,25,0,0,-2,0,2,-30,0,-1,-1,-1,-20,-37,0,0,5.02,0.4,2.05,11.538999999999982
0,2,0,-8,25,0,0,-2,0,1,-30,0,-1,-1,-1,-16,-37,0,0,5.02,0.4,2.05,11.570999999999982
0,3,0,-15,13,0,1,-2,0,-32,35,0,-1,-2,0,25,26,0,0,5.02,0.41,2.09,11.602999999999982
0,2,0,-12,15,0,1,-2,0,-34,42,0,-1,-2,0,46,20,0,0,5.02,0.41,2.09,11.634999999999982
0,2,0,-12,18,0,1,-2,0,-33,43,0,-1,-2,0,39,21,0,0,5.02,0.41,2.09,11.666999999999982
0,2,0,-13,19,0,1,-2,0,-32,44,0,-1,-2,0,31,19,0,0,5.02,0.4,2.02,11.697999999999983
0,2,0,-14,21,0,1,-2,0,-31,44,0,-1,-2,0,18,21,0,0,5.02,0.4,2.02,11.728999999999983
0,2,0,-12,22,0,1,-2,0,-22,43,0,-1,-2,0,1,30,0,0,5.02,0.4,2.02,11.759999999999984
0,2,0,-12,23,0,1,-2,0,-19,43,0,-1,-1,0,0,30,0,0,5.02,0.4,2.02,11.790999999999984
0,2,0,-11,24,0,1,-2,0,-15,42,0,-1,-1,0,-8,29,0,0,5.02,0.4,2.02,11.821999999999985
0,2,0,-13,23,0,1,-2,0,-12,41,0,-1,-1,0,-17,28,0,0,5.02,0.4,2.02,11.852999999999986
0,2,0,-15,21,0,1,-2,0,-4,37,0,-1,-1,0,-31,17,0,0,5.02,0.4,2.02,11.883999999999986
0,2,0,-16,19,0,1,-2,0,-1,35,0,-1,-1,0,-31,11,0,0,5.02,0.4,2.02,11.914999999999987
0,2,0,-16,18,0,1,-2,0,0,32,0,-1,-2,0,-30,6,0,0,5.02,0.4,2.02,11.945999999999987
0,2,0,-16,15,0,1,-2,0,2,30,0,-1,-2,0,-28,1,0,0,5.02,0.4,2.02,11.976999999999988
0,2,0,-16,14,0,0,-2,0,4,25,0,-1,-2,0,-27,-2,0,0,5.02,0.4,2.02,12.007999999999988
0,2,0,-15,6,0,1,-2,0,15,16,0,-1,-2,0,-23,-14,0,0,5.02,0.4,2.02,12.038999999999989
0,2,0,-14,3,0,1,-2,0,-3,13,0,-1,-2,0,-23,-17,0,0,5.02,0.4,2.02,12.06999999999999
0,2,0,-6,-8,0,1,-2,0,-27,-1,0,-1,-2,0,12,-4,0,0,5.03,0.44,2.24,12.10499999999999
0,2,0,-6,-7,0,1,-2,0,-27,-1,0,-1,-2,0,13,-4,0,0,5.03,0.44,2.24,12.13999999999999
0,2,0,-6,-7,0,1,-2,0,-27,0,0,-1,-2,0,13,-3,0,0,5.03,0.44,2.24,12.17499999999999
0,2,0,-5,-7,0,1,-2,0,-30,0,0,-1,-2,0,14,-2,0,0,5.03,0.44,2.24,12.20999999999999
0,2,0,-5,-6,0,1,-2,0,-31,1,0,-1,-2,0,14,-1,0,0,5.03,0.44,2.24,12.24499999999999
0,2,0,-5,-6,0,1,-2,0,-32,1,0,-1,-2,0,14,-1,0,0,5.03,0.44,2.24,12.27999999999999
0,2,0,-5,-6,0,1,-2,0,-32,2,0,-1,-2,0,14,0,0,0,5.03,0.44,2.24,12.31499999999999
0,2,0,-5,-4,0,1,-2,0,-32,2,0,-1,-2,0,14,0,0,0,5.03,0.44,2.24,12.34999999999999
0,2,0,-4,-4,0,1,-2,0,-31,2,0,-1,-2,0,13,1,0,0,5.03,0.44,2.24,12.384999999999991
0,2,0,-4,-3,0,1,-2,0,-30,2,0,-1,-2,0,13,2,0,0,5.03,0.44,2.24,12.419999999999991
0,2,0,-4,-2,0,1,-2,0,-29,2,0,-1,-2,0,13,3,0,0,5.03,0.44,2.24,12.454999999999991
0,2,0,-5,-1,0,1,-2,0,-28,2,0,-1,-2,0,13,4,0,0,5.03,0.44,2.24,12.489999999999991
0,2,0,-4,-1,0,1,-2,0,-24,3,0,-1,-2,0,12,5,0,0,5.03,0.44,2.24,12.524999999999991
0,2,0,-4,-2,0,1,-2,0,-23,3,0,-1,-2,0,12,5,0,0,5.03,0.44,2.24,12.559999999999992
0,2,0,-4,-2,0,1,-2,0,-21,4,0,-1,-2,0,12,5,0,0,5.03,0.44,2.24,12.594999999999992
0,2,0,10,-7,0,1,-2,0,26,-21,0,-1,-2,0,-11,4,0,0,5.02,0.41,2.07,12.627999999999991
0,2,0,10,-7,0,1,-2,0,27,-21,0,-1,-2,0,-12,4,0,0,5.02,0.41,2.07,12.66099999999999
0,2,0,8,-9,0,1,-2,0,27,-15,0,-1,-2,0,-12,6,0,0,5.02,0.41,2.07,12.69399999999999
0,2,0,8,-11,0,1,-2,0,27,-12,0,-1,-2,0,-12,6,0,0,5.02,0.41,2.07,12.72699999999999
0,2,0,7,-11,0,1,-2,0,26,-9,0,-1,-2,0,-14,6,0,0,5.02,0.41,2.07,12.75999999999999
0,2,0,6,-11,0,1,-2,0,26,-5,0,-1,-2,0,-15,6,0,0,5.02,0.41,2.07,12.792999999999989
0,2,0,1,-9,0,1,-2,0,26,4,0,-1,-2,0,-17,3,0,0,5.02,0.41,2.07,12.825999999999988
0,3,0,0,-11,0,1,-2,0,27,7,0,-1,-2,0,-18,2,0,0,5.02,0.41,2.07,12.858999999999988
0,3,0,-1,-9,0,1,-2,0,27,10,0,-1,-2,0,-19,1,0,0,5.02,0.41,2.07,12.891999999999987
0,3,0,-3,-12,0,1,-2,0,27,13,0,-1,-2,0,-21,0,0,0,5.02,0.41,2.07,12.924999999999986
0,3,0,-7,-13,0,1,-2,0,27,17,0,-1,-2,0,-22,-2,0,0,5.02,0.41,2.07,12.957999999999986
0,3,0,-8,-14,0,1,-2,0,27,18,0,-1,-2,0,-24,-4,0,0,5.02,0.41,2.07,12.990999999999985
0,3,0,-9,-16,0,1,-3,0,27,19,0,-1,-2,0,-26,-7,0,0,5.02,0.41,2.07,13.023999999999985
0,3,0,-9,-18,0,1,-3,0,27,19,0,-1,-2,0,-29,-9,0,0,5.02,0.41,2.07,13.056999999999984
0,2,0,0,-12,0,0,-2,0,-39,71,0,-1,-1,-1,10,34,0,0,5.03,0.42,2.12,13.090999999999985
0,2,0,-2,-9,0,0,-2,0,-37,68,0,-1,-1,-1,12,34,0,0,5.03,0.42,2.12,13.124999999999986
0,2,0,-5,-2,0,0,-2,0,-28,58,0,-1,-1,-1,17,30,0,0,5.03,0.42,2.12,13.158999999999986
0,2,0,-5,0,0,0,-2,0,-24,54,0,-1,-1,-1,17,28,0,0,5.03,0.42,2.12,13.192999999999987
0,2,0,-5,1,0,0,-2,0,-20,50,0,-1,-1,-1,16,27,0,0,5.03,0.42,2.12,13.226999999999988
0,2,0,-5,2,0,0,-2,0,-15,45,0,-1,-1,-1,15,25,0,0,5.03,0.42,2.12,13.260999999999989
0,2,0,-5,4,0,0,-2,0,-10,42,0,-1,-1,-1,12,24,0,0,5.03,0.42,2.12,13.29499999999999
0,2,0,-4,7,0,0,-2,0,0,31,0,-1,-1,-1,6,21,0,0,5.03,0.42,2.12,13.32899999999999
0,2,0,-4,9,0,0,-2,0,2,27,0,-1,-1,0,4,19,0,0,5.03,0.42,2.12,13.36299999999999
0,2,0,-4,10,0,0,-2,0,5,23,0,-1,-1,0,2,19,0,0,5.03,0.42,2.12,13.396999999999991
0,2,0,-5,11,0,0,-2,0,7,20,0,-1,-1,0,0,18,0,0,5.03,0.42,2.12,13.430999999999992
0,2,0,-5,13,0,0,-2,0,9,14,0,-1,-1,0,-2,16,0,0,5.03,0.42,2.12,13.464999999999993
0,2,0,-6,12,0,0,-2,0,8,12,0,-1,-1,0,-4,15,0,0,5.03,0.42,2.12,13.498999999999993
0,2,0,-5,13,0,0,-2,0,8,10,0,-1,-1,0,-4,15,0,0,5.03,0.42,2.12,13.532999999999994
0,2,0,-5,13,0,0,-2,0,7,8,0,-1,-1,0,-5,15,0,0,5.03,0.42,2.12,13.566999999999995
-1,2,0,1,17,0,0,-2,0,1,-17,0,-1,-1,-1,12,-7,0,0,5.02,0.4,2.05,13.599999999999994
-1,2,0,1,17,0,0,-2,0,2,-20,0,-1,-1,-1,11,-10,0,0,5.02,0.4,2.05,13.632999999999994
-1,2,0,1,17,0,0,-2,0,3,-20,0,-1,-1,-1,10,-11,0,0,5.02,0.4,2.05,13.665999999999993
-1,2,0,0,17,0,0,-2,0,3,-22,0,-1,-1,-1,9,-13,0,0,5.02,0.4,2.05,13.698999999999993
-1,2,0,0,18,0,0,-2,0,4,-22,0,-1,-1,-1,7,-15,0,0,5.02,0.4,2.05,13.731999999999992
-1,2,0,0,17,0,0,-2,0,4,-24,0,-1,-1,-1,6,-17,0,0,5.02,0.4,2.05,13.764999999999992
-1,2,0,0,16,0,0,-2,0,5,-25,0,-1,-1,-1,3,-21,0,0,5.02,0.4,2.05,13.797999999999991
-1,2,0,0,16,0,0,-2,0,4,-25,0,-1,-1,-1,2,-22,0,0,5.02,0.4,2.05,13.83099999999999
-1,2,0,0,15,0,0,-2,0,4,-24,0,-1,-1,-1,2,-23,0,0,5.02,0.4,2.05,13.86399999999999
-1,2,0,-1,15,0,0,-2,0,4,-24,0,-1,-1,-1,0,-24,0,0,5.02,0.4,2.05,13.89699999999999
-1,2,0,-1,14,0,0,-2,0,2,-22,0,-1,-1,-1,-1,-26,0,0,5.02,0.4,2.05,13.929999999999989
-1,2,0,-1,14,0,0,-2,0,1,-21,0,-1,-1,-1,-2,-26,0,0,5.02,0.4,2.05,13.962999999999989
-1,2,0,-2,14,0,0,-2,0,1,-20,0,-1,-1,-1,-4,-27,0,0,5.02,0.4,2.05,13.995999999999988
-1,2,0,-2,14,0,0,-2,0,0,-19,0,-1,-1,-1,-5,-27,0,0,5.02,0.4,2.05,14.028999999999987
-1,2,0,-2,14,0,0,-2,0,-2,-17,0,-1,-1,-1,-7,-26,0,0,5.02,0.4,2.05,14.061999999999987
-1,2,0,-1,15,0,0,-2,0,-2,-16,0,-1,-1,-1,-7,-26,0,0,5.02,0.4,2.05,14.094999999999986
0,2,0,-4,-17,0,1,-2,0,-6,-33,0,-1,-2,0,-5,2,0,0,5.02,0.41,2.06,14.128999999999987
0,2,0,-3,-17,0,1,-2,0,-7,-31,0,-1,-2,0,-5,3,0,0,5.02,0.41,2.06,14.162999999999988
0,2,0,-3,-18,0,1,-2,0,-8,-27,0,-1,-2,0,-5,3,0,0,5.02,0.41,2.06,14.196999999999989
0,2,0,-2,-17,0,1,-1,0,-14,-15,0,-1,-2,0,-2,-1,0,0,5.02,0.41,2.06,14.23099999999999
0,2,0,-2,-17,0,1,-1,0,-16,-11,0,-1,-2,0,-3,-4,0,0,5.02,0.41,2.06,14.26499999999999
0,2,0,-3,-17,0,1,-1,0,-19,-6,0,-1,-2,0,-7,-4,0,0,5.02,0.41,2.06,14.29899999999999
0,2,0,-3,-16,0,1,-1,0,-21,-1,0,-1,-2,0,-9,-7,0,0,5.02,0.41,2.06,14.332999999999991
0,2,0,-4,-14,0,1,-1,0,-22,1,0,-1,-2,0,-10,-10,0,0,5.02,0.41,2.06,14.366999999999992
0,2,0,-5,-11,0,1,-2,0,-23,7,0,-1,-2,0,-13,-19,0,0,5.02,0.41,2.06,14.400999999999993
0,2,0,-5,-9,0,1,-2,0,-23,8,0,-1,-2,0,-15,-23,0,0,5.02,0.41,2.06,14.434999999999993
0,2,0,-6,-9,0,1,-2,0,-22,9,0,-1,-2,0,-19,-25,0,0,5.02,0.41,2.06,14.468999999999994
0,2,0,-5,-7,0,1,-2,0,-21,8,0,-1,-2,0,-22,-27,0,0,5.02,0.41,2.06,14.502999999999995
0,2,0,-3,-6,0,1,-2,0,-18,6,0,-1,-2,0,-30,-29,0,0,5.02,0.41,2.06,14.536999999999995
0,2,0,-2,-6,0,1,-2,0,-16,5,0,-1,-2,0,-32,-29,0,0,5.02,0.4,2.05,14.569999999999995
0,2,0,-2,-5,0,1,-2,0,-14,3,0,-1,-2,0,-34,-30,0,0,5.02,0.4,2.05,14.602999999999994
0,2,0,-5,-1,0,1,-2,0,1,-23,0,-1,-2,0,22,16,0,0,5.02,0.41,2.09,14.636999999999995
0,2,0,-5,-1,0,1,-2,0,1,-22,0,-1,-2,0,25,18,0,0,5.02,0.41,2.09,14.670999999999996
0,2,0,-4,-3,0,1,-2,0,0,-18,0,-1,-2,0,30,24,0,0,5.02,0.41,2.09,14.704999999999997
0,2,0,-4,-4,0,1,-2,0,-1,-17,0,-1,-2,0,32,27,0,0,5.02,0.41,2.09,14.738999999999997
0,2,0,-3,-5,0,1,-2,0,-3,-15,0,0,-2,0,35,29,0,0,5.02,0.41,2.09,14.772999999999998
0,2,0,-2,-6,0,1,-2,0,-3,-13,0,0,-2,0,38,31,0,0,5.02,0.41,2.09,14.806999999999999
0,2,0,-1,-8,0,1,-2,0,-3,-9,0,0,-2,0,41,37,0,0,5.02,0.41,2.09,14.841
0,2,0,-1,-8,0,1,-2,0,-4,-6,0,0,-2,0,41,41,0,0,5.02,0.41,2.09,14.875
0,2,0,0,-8,0,1,-2,0,-6,-4,0,0,-2,0,41,44,0,0,5.02,0.41,2.09,14.909
0,2,0,0,-9,0,1,-2,0,-7,-1,0,0,-2,0,42,47,0,0,5.02,0.41,2.09,14.943000000000001
0,2,0,0,-9,0,1,-2,0,-8,1,0,0,-2,0,44,51,0,0,5.02,0.41,2.09,14.977000000000002
0,2,0,0,-9,0,1,-2,0,-10,13,0,0,-2,0,47,59,0,0,5.03,0.42,2.11,15.012000000000002
0,2,0,0,-10,0,1,-2,0,-11,20,0,0,-2,0,49,61,0,0,5.03,0.42,2.11,15.047000000000002
0,2,0,0,-9,0,1,-2,0,-11,26,0,0,-2,0,52,63,0,0,5.03,0.42,2.11,15.082000000000003
0,2,0,0,-9,0,1,-2,0,-9,33,0,0,-2,0,52,63,0,0,5.03,0.42,2.11,15.117000000000003
-1,2,0,-6,-46,0,1,-2,0,-22,13,0,-1,-2,-1,-33,-24,0,0,5.02,0.4,2.04,15.151000000000003
-1,2,0,-2,-53,0,1,-2,0,-31,27,0,-1,-2,-1,-29,-19,0,0,5.02,0.4,2.04,15.185000000000004
-1,2,0,0,-56,0,1,-2,0,-35,34,0,-1,-2,-1,-23,-17,0,0,5.02,0.4,2.04,15.219000000000005
0,2,0,1,-58,0,1,-2,0,-40,41,0,-1,-2,-1,-18,-14,0,0,5.02,0.4,2.04,15.253000000000005
0,2,0,3,-58,0,1,-2,0,-45,49,0,-1,-2,-1,-14,-12,0,0,5.02,0.4,2.04,15.287000000000006
0,2,0,3,-51,0,0,-2,0,-65,63,0,-1,-2,-1,-5,-4,0,0,5.02,0.4,2.04,15.321000000000007
0,2,0,3,-49,0,0,-2,0,-65,66,0,-1,-2,-1,-5,-3,0,0,5.02,0.4,2.04,15.355000000000008
0,2,0,4,-46,0,0,-2,0,-61,66,0,-1,-2,-1,-6,0,0,0,5.02,0.4,2.04,15.389000000000008
0,2,0,4,-42,0,0,-2,0,-66,67,0,-1,-1,-1,-5,5,0,0,5.02,0.4,2.04,15.423000000000009
0,2,0,3,-39,0,0,-2,0,-67,67,0,-1,-1,-1,-1,6,0,0,5.02,0.4,2.02,15.45700000000001
0,2,0,3,-32,0,0,-2,0,-73,65,0,-1,-1,-1,4,12,0,0,5.02,0.4,2.02,15.49100000000001
0,2,0,2,-30,0,0,-2,0,-74,63,0,-1,-1,-1,6,16,0,0,5.02,0.4,2.02,15.525000000000011
0,2,0,3,-28,0,0,-2,0,-71,60,0,-1,-1,-1,10,18,0,0,5.02,0.4,2.02,15.559000000000012
0,2,0,2,-29,0,0,-2,0,-68,57,0,-1,-1,-1,12,21,0,0,5.02,0.4,2.02,15.593000000000012
0,2,0,1,-23,0,0,-2,0,-57,48,0,-1,-1,-1,12,28,0,0,5.02,0.4,2.02,15.627000000000013
0,2,0,1,-22,0,0,-2,0,-52,45,0,-1,-1,-1,9,30,0,0,5.02,0.4,2.02,15.661000000000014
0,2,0,-7,22,0,0,-2,0,24,-34,0,-1,-2,0,-26,-34,0,0,5.02,0.41,2.1,15.696000000000014
0,2,0,-6,23,0,0,-2,0,25,-37,0,-1,-1,0,-25,-35,0,0,5.02,0.41,2.1,15.731000000000014
0,2,0,-6,22,0,0,-2,0,28,-40,0,-1,-1,0,-24,-36,0,0,5.02,0.41,2.1,15.766000000000014
0,2,0,-6,23,0,0,-2,0,29,-46,0,-1,-1,0,-27,-36,0,0,5.02,0.41,2.1,15.801000000000014
0,2,0,-6,23,0,0,-2,0,28,-47,0,-1,-1,0,-27,-36,0,0,5.02,0.41,2.1,15.836000000000015
0,2,0,-6,22,0,0,-2,0,26,-47,0,-1,-1,0,-27,-36,0,0,5.02,0.41,2.1,15.871000000000015
0,2,0,-7,22,0,0,-2,0,25,-47,0,-1,-1,0,-27,-35,0,0,5.02,0.41,2.07,15.906000000000015
0,2,0,-7,21,0,0,-2,0,24,-46,0,-1,-1,0,-26,-34,0,0,5.02,0.41,2.07,15.941000000000015
0,2,0,-8,19,0,0,-2,0,19,-42,0,-1,-1,0,-20,-31,0,0,5.02,0.41,2.07,15.976000000000015
0,2,0,-8,17,0,0,-2,0,16,-40,0,-1,-1,0,-17,-29,0,0,5.02,0.41,2.07,16.011000000000013
0,2,0,-8,17,0,0,-2,0,14,-37,0,-1,-1,0,-14,-28,0,0,5.02,0.41,2.07,16.046000000000014
0,2,0,-10,18,0,0,-2,0,12,-35,0,-1,-1,0,-11,-25,0,0,5.02,0.41,2.07,16.081000000000014
0,2,0,-12,18,0,0,-2,0,6,-28,0,-1,-1,0,-4,-23,0,0,5.02,0.41,2.07,16.116000000000014
0,2,0,-12,18,0,0,-2,0,5,-26,0,-1,-1,0,-1,-22,0,0,5.02,0.41,2.07,16.151000000000014
0,2,0,-12,19,0,0,-2,0,3,-24,0,-1,-1,-1,1,-21,0,0,5.02,0.41,2.07,16.186000000000014
0,3,0,-17,15,0,1,-3,0,-25,15,0,-1,-2,0,37,38,0,0,5.02,0.4,2.03,16.220000000000013
0,3,0,-18,16,0,1,-3,0,-25,19,0,-1,-2,0,36,40,0,0,5.02,0.4,2.03,16.254000000000012
0,2,0,-15,19,0,1,-3,0,-27,29,0,-1,-2,0,33,45,0,0,5.02,0.4,2.03,16.28800000000001
0,2,0,-14,23,0,1,-3,0,-28,33,0,-1,-2,0,30,47,0,0,5.02,0.4,2.03,16.32200000000001
0,2,1,-22,20,0,1,-2,0,-29,37,0,-1,-2,0,26,49,0,0,5.03,0.42,2.11,16.35800000000001
0,2,0,-15,29,0,1,-2,0,-29,40,0,-1,-2,0,22,51,0,0,5.03,0.42,2.11,16.394000000000013
0,2,0,-19,28,0,1,-2,0,-29,42,0,-1,-2,0,12,51,0,0,5.03,0.42,2.11,16.430000000000014
0,2,0,-15,26,0,1,-2,0,-26,43,0,-1,-2,0,33,50,0,0,5.03,0.42,2.11,16.466000000000015
0,2,0,-12,25,0,1,-2,0,-22,42,0,-1,-2,0,38,40,0,0,5.03,0.42,2.11,16.502000000000017
0,2,0,-11,23,0,1,-2,0,-18,41,0,-1,-1,0,23,31,0,0,5.03,0.42,2.11,16.538000000000018
0,2,0,-10,18,0,1,-2,0,-14,37,0,-1,-1,0,4,24,0,0,5.03,0.42,2.11,16.57400000000002
0,2,0,-10,15,0,1,-2,0,-11,33,0,-1,-2,0,-11,17,0,0,5.03,0.42,2.11,16.61000000000002
0,2,0,-9,9,0,1,-2,0,0,22,0,-1,-2,0,-27,9,0,0,5.03,0.42,2.11,16.646000000000022
0,2,0,-8,6,0,1,-2,0,-4,19,0,-1,-2,0,-32,2,0,0,5.03,0.42,2.11,16.682000000000023
0,2,0,-7,3,0,1,-2,0,-11,17,0,-1,-2,0,-36,-7,0,0,5.03,0.42,2.11,16.718000000000025
0,2,0,-10,-4,0,1,-2,0,-30,8,0,-1,-2,0,13,0,0,0,5.02,0.4,2.05,16.753000000000025
0,2,0,-9,-4,0,1,-2,0,-30,7,0,-1,-2,0,12,-2,0,0,5.02,0.4,2.05,16.788000000000025
0,2,0,-8,-4,0,1,-2,0,-31,7,0,-1,-2,0,12,-3,0,0,5.02,0.4,2.04,16.823000000000025
0,2,0,-4,-9,0,1,-2,0,-32,3,0,-1,-2,0,12,-4,0,0,5.02,0.4,2.04,16.858000000000025
0,2,0,-3,-10,0,1,-2,0,-33,2,0,-1,-2,0,12,-3,0,0,5.02,0.4,2.04,16.893000000000026
0,2,0,-1,-12,0,1,-2,0,-34,1,0,-1,-2,0,13,-3,0,0,5.02,0.4,2.04,16.928000000000026
0,2,0,-1,-14,0,1,-2,0,-35,1,0,-1,-2,0,14,-2,0,0,5.02,0.4,2.04,16.963000000000026
0,2,0,0,-16,0,1,-2,0,-36,0,0,-1,-2,0,16,0,0,0,5.02,0.4,2.04,16.998000000000026
0,2,0,0,-16,0,1,-2,0,-36,0,0,-1,-2,0,15,0,0,0,5.02,0.4,2.04,17.033000000000026
0,2,0,0,-15,0,1,-2,0,-36,0,0,-1,-2,0,15,1,0,0,5.02,0.4,2.04,17.068000000000026
0,2,0,0,-13,0,1,-2,0,-35,0,0,-1,-2,0,15,2,0,0,5.02,0.4,2.04,17.103000000000026
0,2,0,0,-11,0,1,-2,0,-35,0,0,-1,-2,0,14,3,0,0,5.02,0.4,2.04,17.138000000000027
0,2,0,-1,-7,0,1,-2,0,-32,0,0,-1,-2,0,12,6,0,0,5.02,0.4,2.04,17.173000000000027
0,2,0,-1,-7,0,1,-2,0,-30,1,0,-1,-2,0,12,6,0,0,5.02,0.4,2.04,17.208000000000027
0,2,0,-1,-6,0,1,-2,0,-29,1,0,-1,-2,0,11,8,0,0,5.02,0.4,2.04,17.243000000000027
0,2,0,4,-6,0,0,-2,0,8,-18,0,-1,-2,0,-13,14,0,0,5.03,0.42,2.14,17.280000000000026
0,2,0,3,-4,0,0,-2,0,13,-27,0,-1,-2,0,-13,15,0,0,5.03,0.42,2.14,17.317000000000025
0,2,0,0,-3,0,0,-2,0,30,-50,0,-1,-2,0,-10,15,0,0,5.03,0.42,2.14,17.354000000000024
0,3,0,-1,-6,0,0,-2,0,36,-62,0,-1,-2,0,-9,15,0,0,5.03,0.42,2.14,17.391000000000023
0,3,0,-2,-8,0,0,-2,0,42,-71,0,-1,-2,0,-9,15,0,0,5.03,0.42,2.14,17.428000000000022
0,3,0,-3,-9,0,0,-2,0,47,-79,0,-1,-2,0,-8,15,0,0,5.03,0.42,2.14,17.46500000000002
0,3,0,-7,-15,0,1,-2,0,57,-94,0,-1,-2,0,-4,13,0,0,5.03,0.42,2.14,17.50200000000002
0,3,0,-7,-17,0,1,-2,0,58,-93,0,-1,-2,0,-6,10,0,0,5.03,0.42,2.14,17.53900000000002
0,3,0,-8,-18,0,1,-2,0,58,-93,0,-1,-2,0,-8,7,0,0,5.03,0.42,2.14,17.57600000000002
0,3,0,-9,-19,0,1,-2,0,56,-87,0,-1,-2,0,-10,4,0,0,5.03,0.42,2.14,17.613000000000017
0,3,0,-9,-23,0,1,-2,0,53,-80,0,-1,-2,0,-8,1,0,0,5.03,0.42,2.14,17.650000000000016
0,3,0,-15,-19,0,1,-2,0,43,-55,0,-1,-2,0,-4,-4,0,0,5.03,0.42,2.14,17.687000000000015
0,3,0,-17,-17,0,1,-2,0,38,-44,0,-1,-2,0,-4,-6,0,0,5.03,0.42,2.14,17.724000000000014
0,3,0,-17,-15,0,1,-2,0,34,-32,0,-1,-2,0,-5,-8,0,0,5.03,0.42,2.14,17.761000000000013
0,3,0,-17,-16,0,1,-2,0,30,-21,0,-1,-2,0,-9,-10,0,0,5.03,0.42,2.14,17.798000000000012
0,2,0,-3,9,0,1,-2,0,-40,54,0,-1,-1,0,-9,9,0,0,5.02,0.41,2.07,17.834000000000014
0,2,0,-2,8,0,0,-2,0,-34,47,0,-1,-2,0,-9,10,0,0,5.02,0.41,2.07,17.870000000000015
0,2,0,-2,7,0,0,-2,0,-32,44,0,-1,-2,0,-9,8,0,0,5.02,0.41,2.07,17.906000000000017
0,2,0,-2,7,0,0,-2,0,-29,41,0,-1,-2,0,-9,8,0,0,5.02,0.41,2.07,17.942000000000018
0,2,0,-2,7,0,0,-2,0,-27,38,0,-1,-2,0,-8,8,0,0,5.02,0.41,2.07,17.97800000000002
0,2,0,-1,7,0,0,-2,0,-22,31,0,-1,-2,0,-8,5,0,0,5.02,0.41,2.07,18.01400000000002
0,2,0,-2,6,0,0,-2,0,-21,29,0,-1,-2,0,-8,4,0,0,5.02,0.41,2.07,18.050000000000022
0,2,0,-2,7,0,0,-2,0,-20,28,0,-1,-2,0,-9,3,0,0,5.02,0.41,2.07,18.086000000000023
0,2,0,-3,7,0,0,-2,0,-19,28,0,-1,-2,0,-11,2,0,0,5.02,0.41,2.07,18.122000000000025
0,2,0,-3,6,0,0,-2,0,-19,27,0,-1,-2,0,-12,2,0,0,5.02,0.41,2.07,18.158000000000026
0,2,0,-2,5,0,0,-2,0,-17,26,0,-1,-2,0,-12,-2,0,0,5.02,0.41,2.07,18.194000000000027
0,2,0,-3,6,0,0,-2,0,-16,25,0,-1,-2,0,-12,-3,0,0,5.02,0.41,2.07,18.23000000000003
0,2,0,-4,7,0,0,-2,0,-15,24,0,-1,-2,0,-12,-4,0,0,5.02,0.41,2.07,18.26600000000003
0,2,0,-5,8,0,0,-2,0,-14,23,0,-1,-2,0,-13,-4,0,0,5.02,0.41,2.07,18.30200000000003
0,2,0,-6,9,0,0,-2,0,-12,21,0,-1,-2,0,-13,-5,0,0,5.02,0.41,2.07,18.338000000000033
0,2,0,-6,10,0,0,-2,0,-10,20,0,-1,-2,0,-13,-5,0,0,5.02,0.41,2.07,18.374000000000034
-1,2,0,-1,24,0,1,-2,0,14,-37,0,-1,-1,-1,-5,-11,0,0,5.02,0.4,2.02,18.409000000000034
-1,2,0,-1,24,0,1,-2,0,14,-36,0,-1,-1,-1,-5,-12,0,0,5.02,0.4,2.02,18.444000000000035
-1,2,0,-1,24,0,1,-2,0,13,-36,0,-1,-1,-1,-5,-13,0,0,5.02,0.4,2.02,18.479000000000035
-1,2,0,-1,26,0,1,-2,0,9,-33,0,-1,-1,-1,-5,-14,0,0,5.02,0.4,2.02,18.514000000000035
-1,2,0,-1,25,0,1,-2,0,7,-31,0,-1,-1,-1,-4,-13,0,0,5.02,0.4,2.02,18.549000000000035
-1,2,0,-1,25,0,1,-2,0,5,-30,0,-1,-1,-1,-4,-13,0,0,5.02,0.4,2.02,18.584000000000035
-1,2,0,0,26,0,1,-2,0,3,-29,0,-1,-1,-1,-4,-12,0,0,5.02,0.4,2.02,18.619000000000035
-1,2,0,0,26,0,1,-2,0,1,-27,0,-1,-1,-1,-3,-11,0,0,5.02,0.4,2.02,18.654000000000035
-1,2,0,0,26,0,1,-2,0,-1,-24,0,-1,-1,-1,-2,-8,0,0,5.02,0.4,2.02,18.689000000000036
-1,2,0,0,27,0,1,-2,0,-2,-23,0,-1,-1,-1,-1,-7,0,0,5.02,0.4,2.02,18.724000000000036
-1,2,0,0,27,0,1,-2,0,-3,-22,0,-1,-1,-1,0,-6,0,0,5.02,0.4,2.02,18.759000000000036
-1,2,0,0,27,0,1,-2,0,-4,-21,0,-1,-1,-1,0,-5,0,0,5.02,0.4,2.02,18.794000000000036
-1,2,0,0,26,0,1,-2,0,-7,-19,0,-1,-2,-1,4,0,0,0,5.02,0.4,2.02,18.829000000000036
-1,2,0,0,26,0,1,-2,0,-8,-18,0,-1,-2,-1,6,1,0,0,5.02,0.4,2.02,18.864000000000036
-1,2,0,0,25,0,1,-2,0,-9,-18,0,-1,-2,-1,8,5,0,0,5.02,0.4,2.02,18.899000000000036
0,2,0,-7,5,0,1,-2,0,8,-10,0,-1,-2,0,-39,-54,0,0,5.02,0.41,2.07,18.935000000000038
0,2,0,-6,4,0,1,-2,0,8,-10,0,-1,-2,0,-39,-55,0,0,5.02,0.41,2.07,18.97100000000004
0,2,0,-6,3,0,1,-2,0,7,-14,0,-1,-2,0,-39,-52,0,0,5.02,0.41,2.07,19.00700000000004
0,2,0,-6,3,0,1,-2,0,6,-17,0,-1,-2,0,-39,-50,0,0,5.02,0.41,2.07,19.043000000000042
0,2,0,-6,2,0,1,-2,0,5,-19,0,-1,-2,0,-40,-48,0,0,5.02,0.41,2.07,19.079000000000043
0,2,0,-6,1,0,1,-2,0,3,-21,0,-1,-2,0,-40,-45,0,0,5.02,0.41,2.07,19.115000000000045
0,2,0,-6,1,0,1,-2,0,1,-23,0,-1,-2,0,-40,-42,0,0,5.02,0.41,2.07,19.151000000000046
0,2,0,-6,0,0,1,-2,0,-2,-27,0,-1,-2,0,-38,-35,0,0,5.02,0.41,2.07,19.187000000000047
0,2,0,-6,-1,0,1,-2,0,-4,-28,0,-1,-2,0,-36,-32,0,0,5.02,0.41,2.07,19.22300000000005
0,2,0,-7,-1,0,1,-2,0,-6,-29,0,-1,-2,0,-33,-29,0,0,5.02,0.41,2.07,19.25900000000005
0,2,0,-7,-2,0,1,-2,0,-7,-30,0,-1,-2,0,-30,-27,0,0,5.02,0.41,2.07,19.29500000000005
0,2,0,-9,-3,0,1,-2,0,-11,-30,0,-1,-2,0,-20,-23,0,0,5.02,0.41,2.07,19.331000000000053
0,2,0,-9,-2,0,1,-2,0,-12,-30,0,-1,-2,0,-17,-22,0,0,5.02,0.41,2.07,19.367000000000054
0,2,0,-10,-2,0,1,-2,0,-14,-29,0,-1,-2,0,-14,-21,0,0,5.02,0.41,2.07,19.403000000000056
0,2,0,-10,-2,0,1,-2,0,-16,-28,0,-1,-2,0,-11,-20,0,0,5.03,0.42,2.15,19.441000000000056
0,2,0,-4,-21,0,1,-2,0,-21,60,0,0,-2,0,10,18,0,0,5.02,0.41,2.06,19.478000000000055
0,2,0,-5,-22,0,1,-2,0,-14,53,0,0,-2,0,15,19,0,0,5.02,0.41,2.06,19.515000000000054
0,2,0,-5,-23,0,1,-2,0,-11,49,0,0,-2,0,16,19,0,0,5.02,0.41,2.06,19.552000000000053
0,2,0,-5,-23,0,1,-2,0,-7,45,0,0,-2,0,18,26,0,0,5.02,0.41,2.06,19.589000000000052
0,2,0,-5,-23,0,1,-2,0,-3,40,0,0,-2,0,21,26,0,0,5.02,0.41,2.06,19.62600000000005
0,2,0,-2,-23,0,1,-2,0,10,22,0,0,-2,0,28,24,0,0,5.02,0.41,2.06,19.70000000000005
0,2,0,-1,-23,0,1,-2,0,13,17,0,0,-2,0,25,23,0,0,5.02,0.41,2.06,19.737000000000048
0,2,0,-1,-23,0,1,-2,0,15,13,0,0,-2,0,20,23,0,0,5.02,0.41,2.06,19.774000000000047
0,2,0,0,-23,0,1,-2,0,18,10,0,0,-2,0,14,23,0,0,5.02,0.41,2.06,19.811000000000046
0,2,0,2,-22,0,1,-2,0,22,4,0,0,-2,0,14,21,0,0,5.02,0.41,2.06,19.848000000000045
0,2,0,3,-22,0,1,-2,0,23,3,0,-1,-2,0,14,21,0,0,5.02,0.41,2.06,19.885000000000044
0,2,0,4,-21,0,1,-2,0,23,2,0,-1,-2,0,15,19,0,0,5.02,0.4,2.05,19.921000000000046
0,2,0,5,-21,0,1,-2,0,23,2,0,-1,-2,0,16,17,0,0,5.02,0.4,2.05,19.957000000000047
0,2,0,6,-21,0,1,-2,0,22,2,0,-1,-2,0,17,15,0,0,5.02,0.4,2.05,19.99300000000005
-1,2,0,4,-1,0,0,-2,0,-36,37,0,-1,-1,0,10,28,0,0,5.04,0.5,2.55,20.039000000000048
-1,2,0,4,-2,0,0,-2,0,-34,33,0,-1,-1,0,5,27,0,0,5.04,0.5,2.55,20.085000000000047
-1,2,0,4,-3,0,0,-2,0,-31,28,0,-1,-1,-1,1,25,0,0,5.04,0.5,2.55,20.131000000000046
-1,2,0,4,-4,0,0,-2,0,-27,20,0,-1,-1,-1,-2,18,0,0,5.04,0.5,2.55,20.177000000000046
0,2,0,4,-4,0,0,-2,0,-26,18,0,-1,-1,-1,-1,16,0,0,5.04,0.5,2.55,20.223000000000045
0,2,0,4,-3,0,0,-2,0,-26,18,0,-1,-1,-1,0,14,0,0,5.04,0.5,2.55,20.269000000000045
0,2,0,4,-2,0,0,-2,0,-26,18,0,-1,-1,-1,2,12,0,0,5.04,0.5,2.55,20.315000000000044
0,2,0,5,0,0,0,-2,0,-28,26,0,-1,-1,-1,9,7,0,0,5.04,0.5,2.55,20.361000000000043
0,2,0,4,-1,0,0,-2,0,-30,31,0,-1,-1,-1,11,5,0,0,5.04,0.5,2.55,20.407000000000043
0,2,0,5,-1,0,0,-2,0,-32,37,0,-1,-1,-1,13,5,0,0,5.04,0.5,2.55,20.453000000000042
0,2,0,4,0,0,0,-2,0,-33,42,0,-1,-1,-1,13,4,0,0,5.02,0.41,2.06,20.49000000000004
0,2,0,4,0,0,0,-2,0,-36,57,0,-1,-1,-1,13,5,0,0,5.02,0.41,2.06,20.52700000000004
0,2,0,4,0,0,0,-2,0,-36,62,0,-1,-1,-1,12,5,0,0,5.02,0.41,2.06,20.56400000000004
0,2,0,4,0,0,0,-2,0,-37,66,0,-1,-1,-1,9,7,0,0,5.02,0.41,2.06,20.601000000000038
0,2,0,3,0,0,0,-2,0,-37,69,0,-1,-1,-1,4,8,0,0,5.02,0.41,2.06,20.638000000000037
0,2,0,-6,20,0,0,-2,0,6,-16,0,-1,-2,0,-19,-30,0,0,5.02,0.4,2.05,20.675000000000036
0,2,0,-5,20,0,0,-2,0,4,-16,0,-1,-2,0,-16,-31,0,0,5.02,0.4,2.05,20.712000000000035
0,2,0,-6,20,0,0,-2,0,1,-18,0,-1,-2,-1,-10,-30,0,0,5.02,0.4,2.05,20.749000000000034
0,2,0,-5,21,0,0,-2,0,0,-18,0,-1,-2,-1,-8,-29,0,0,5.02,0.4,2.05,20.786000000000033
0,2,0,-6,21,0,0,-2,0,0,-19,0,-1,-1,-1,-6,-27,0,0,5.02,0.4,2.05,20.823000000000032
0,2,0,-6,22,0,0,-2,0,0,-20,0,-1,-1,-1,-4,-25,0,0,5.02,0.4,2.05,20.86000000000003
0,2,0,-6,22,0,0,-2,0,-1,-22,0,-1,-1,-1,0,-21,0,0,5.02,0.4,2.05,20.89700000000003
0,2,0,-6,22,0,0,-2,0,-1,-23,0,-1,-1,-1,0,-19,0,0,5.02,0.4,2.05,20.93400000000003
0,2,0,-6,22,0,0,-2,0,-1,-23,0,-1,-1,-1,2,-17,0,0,5.02,0.4,2.05,20.97100000000003
0,2,0,-6,22,0,0,-2,0,-1,-24,0,-1,-1,-1,2,-16,0,0,5.02,0.4,2.05,21.008000000000028
0,2,0,-6,22,0,0,-2,0,-2,-23,0,-1,-1,-1,0,-15,0,0,5.02,0.4,2.05,21.045000000000027
0,2,0,-6,23,0,0,-2,0,-2,-23,0,-1,-1,-1,0,-15,0,0,5.02,0.4,2.05,21.082000000000026
-1,2,0,-6,23,0,0,-2,0,-2,-22,0,-1,-1,-1,-1,-16,0,0,5.02,0.4,2.05,21.119000000000025
0,2,0,-6,23,0,0,-2,0,-2,-22,0,-1,-1,-1,-2,-16,0,0,5.02,0.4,2.05,21.156000000000024
-1,2,0,-6,23,0,0,-2,0,-3,-20,0,-1,-1,-1,-5,-19,0,0,5.02,0.4,2.05,21.193000000000023
0,2,0,-12,18,0,1,-2,0,1,38,0,-1,-2,0,-29,-15,0,0,5.02,0.42,2.11,21.231000000000023
0,2,0,-14,20,0,1,-2,0,15,26,0,-1,-2,0,-44,-16,0,0,5.02,0.42,2.11,21.269000000000023
0,2,0,-14,20,0,1,-2,0,16,21,0,-1,-2,0,-46,-13,0,0,5.02,0.42,2.11,21.307000000000023
0,2,0,-14,20,0,1,-2,0,19,16,0,-1,-2,0,-43,-11,0,0,5.02,0.42,2.11,21.345000000000024
0,2,0,-15,15,0,1,-2,0,27,10,0,-1,-2,0,-36,-11,0,0,5.02,0.42,2.11,21.383000000000024
0,2,0,-11,13,0,1,-2,0,46,-8,0,-1,-2,0,-11,-7,0,0,5.02,0.42,2.11,21.421000000000024
0,2,0,-12,11,0,1,-2,0,55,-15,0,-1,-2,0,-2,-9,0,0,5.02,0.4,2.05,21.458000000000023
0,2,0,-12,11,0,1,-2,0,60,-22,0,-1,-2,0,3,-11,0,0,5.02,0.4,2.05,21.495000000000022
0,2,0,-12,11,0,1,-2,0,65,-29,0,-1,-2,0,4,-11,0,0,5.02,0.4,2.05,21.53200000000002
0,2,0,-11,9,0,1,-2,0,74,-45,0,-1,-2,0,3,-10,0,0,5.02,0.4,2.05,21.56900000000002
0,2,0,-11,7,0,1,-2,0,73,-50,0,-1,-2,0,-2,-3,0,0,5.02,0.4,2.05,21.60600000000002
0,2,0,-11,10,0,1,-2,0,72,-55,0,-1,-2,0,9,0,0,0,5.02,0.4,2.05,21.64300000000002
0,2,0,-11,6,0,1,-2,0,71,-58,0,-1,-2,0,8,2,0,0,5.02,0.4,2.05,21.680000000000017
0,2,0,-9,7,0,1,-2,0,62,-65,0,-1,-2,0,-5,6,0,0,5.02,0.4,2.05,21.717000000000017
0,2,0,-10,6,0,1,-2,0,56,-64,0,-1,-2,0,-9,4,0,0,5.02,0.4,2.05,21.754000000000016
0,2,0,-9,7,0,1,-2,0,48,-64,0,-1,-2,0,-14,3,0,0,5.02,0.4,2.05,21.791000000000015
0,2,0,-6,-12,0,1,-2,0,-44,23,0,-1,-2,0,12,5,0,0,5.02,0.4,2.04,21.828000000000014
0,2,0,-6,-13,0,1,-2,0,-42,21,0,-1,-2,0,15,7,0,0,5.02,0.4,2.04,21.865000000000013
0,2,0,-6,-14,0,1,-2,0,-40,19,0,-1,-2,0,17,9,0,0,5.02,0.4,2.04,21.90200000000001
0,2,0,-5,-16,0,1,-2,0,-37,15,0,-1,-2,0,21,15,0,0,5.02,0.4,2.05,21.940000000000012
0,2,0,-5,-16,0,1,-2,0,-36,13,0,-1,-2,0,22,18,0,0,5.02,0.4,2.05,21.978000000000012
0,2,0,-6,-15,0,1,-2,0,-34,12,0,-1,-2,0,23,20,0,0,5.02,0.4,2.05,22.016000000000012
0,2,0,-5,-16,0,1,-2,0,-32,10,0,-1,-2,0,24,22,0,0,5.02,0.4,2.05,22.054000000000013
0,2,0,-6,-15,0,1,-2,0,-26,7,0,-1,-2,0,25,27,0,0,5.02,0.4,2.05,22.092000000000013
0,2,0,-6,-15,0,1,-2,0,-23,7,0,-1,-2,0,25,28,0,0,5.02,0.4,2.05,22.130000000000013
0,2,0,-6,-15,0,1,-2,0,-21,6,0,-1,-2,0,25,29,0,0,5.02,0.4,2.05,22.168000000000013
0,2,0,-6,-15,0,1,-2,0,-18,5,0,-1,-2,0,25,29,0,0,5.02,0.4,2.05,22.206000000000014
0,2,0,-5,-16,0,1,-2,0,-10,3,0,-1,-2,0,24,27,0,0,5.02,0.4,2.05,22.244000000000014
0,2,0,-5,-16,0,1,-2,0,-8,2,0,-1,-2,0,24,25,0,0,5.02,0.4,2.05,22.282000000000014
0,2,0,-4,-17,0,1,-2,0,-6,2,0,-1,-2,0,22,23,0,0,5.02,0.4,2.05,22.320000000000014
0,2,0,-4,-17,0,1,-2,0,-4,2,0,-1,-2,0,21,21,0,0,5.02,0.4,2.05,22.358000000000015
-1,3,0,-7,-9,0,1,-3,0,26,3,0,-1,-2,-1,-26,-4,0,0,5.02,0.4,2.03,22.396000000000015
-1,2,0,-4,-13,0,1,-3,0,25,1,0,-1,-2,-1,-25,-7,0,0,5.02,0.41,2.06,22.434000000000015
-1,3,0,-3,-21,0,1,-2,0,19,-1,0,-1,-2,-1,-29,-13,0,0,5.02,0.41,2.06,22.472000000000016
-1,2,0,1,-16,0,1,-2,0,16,-1,0,-1,-2,-1,-31,-15,0,0,5.02,0.41,2.06,22.510000000000016
-1,2,0,4,-17,0,1,-2,0,5,-3,0,-1,-2,-1,-36,-19,0,0,5.02,0.41,2.06,22.586000000000016
-1,2,0,4,-19,0,1,-2,0,-10,-3,0,-1,-2,-1,-39,-19,0,0,5.02,0.41,2.06,22.624000000000017
-1,2,0,4,-19,0,0,-2,0,-14,-4,0,-1,-2,-1,-39,-20,0,0,5.02,0.41,2.06,22.662000000000017
-1,2,0,3,-19,0,0,-2,0,-19,-4,0,-1,-2,-1,-37,-19,0,0,5.02,0.41,2.06,22.700000000000017
-1,2,0,3,-22,0,0,-2,0,-24,-4,0,-1,-2,-1,-35,-20,0,0,5.02,0.41,2.06,22.738000000000017
-1,2,0,0,-31,0,1,-2,0,-38,0,0,-1,-2,-1,-26,-22,0,0,5.02,0.41,2.06,22.776000000000018
-1,2,0,2,-34,0,1,-2,0,-45,3,0,-1,-2,-1,-22,-23,0,0,5.02,0.41,2.06,22.814000000000018
-1,2,0,1,-35,0,1,-2,0,-51,10,0,-1,-1,-1,-18,-22,0,0,5.02,0.41,2.06,22.852000000000018
0,2,0,2,-34,0,1,-2,0,-58,17,0,-1,-2,-1,-16,-20,0,0,5.02,0.41,2.06,22.89000000000002
0,2,0,1,-33,0,1,-2,1,-64,28,0,-1,-1,-1,-17,-26,0,0,5.02,0.41,2.06,22.92800000000002
0,2,0,-11,18,0,0,-2,0,25,-31,0,-1,-2,0,-7,6,0,0,5.03,0.42,2.15,22.968000000000018
0,2,0,-12,19,0,0,-2,0,24,-30,0,-1,-2,0,-10,0,0,0,5.03,0.42,2.15,23.008000000000017
0,2,0,-13,20,0,0,-2,0,23,-30,0,-1,-2,0,-12,-1,0,0,5.03,0.42,2.15,23.048000000000016
0,2,0,-14,21,0,0,-2,0,23,-29,0,-1,-2,0,-15,-4,0,0,5.03,0.42,2.15,23.088000000000015
0,2,0,-14,22,0,0,-2,0,23,-29,0,-1,-2,0,-16,-7,0,0,5.03,0.42,2.15,23.128000000000014
0,2,0,-15,25,0,0,-2,0,23,-27,0,-1,-2,0,-19,-15,0,0,5.03,0.42,2.15,23.168000000000013
0,2,0,-15,26,0,0,-2,0,21,-26,0,-1,-2,0,-20,-18,0,0,5.03,0.42,2.15,23.208000000000013
0,2,0,-15,27,0,0,-2,0,19,-27,0,-1,-2,0,-21,-21,0,0,5.03,0.42,2.15,23.24800000000001
0,2,0,-15,28,0,0,-2,0,20,-27,0,-1,-2,0,-20,-24,0,0,5.03,0.42,2.15,23.28800000000001
0,2,0,-14,29,0,0,-2,0,21,-31,0,-1,-2,-1,-20,-30,0,0,5.03,0.42,2.15,23.32800000000001
0,2,0,-14,29,0,0,-2,0,21,-33,0,-1,-2,-1,-21,-32,0,0,5.03,0.42,2.15,23.36800000000001
0,2,0,-14,29,0,0,-2,0,21,-35,0,-1,-2,0,-22,-33,0,0,5.03,0.42,2.15,23.40800000000001
0,2,0,-13,28,0,0,-2,0,21,-37,0,-1,-2,-1,-23,-34,0,0,5.03,0.42,2.15,23.448000000000008
0,2,0,-13,28,0,0,-2,0,19,-43,0,-1,-1,-1,-24,-37,0,0,5.03,0.42,2.15,23.488000000000007
0,2,0,-13,29,0,0,-2,0,19,-45,0,-1,-1,-1,-24,-37,0,0,5.03,0.42,2.15,23.528000000000006
0,2,0,-13,29,0,0,-2,0,19,-47,0,-1,-1,0,-25,-38,0,0,5.03,0.42,2.15,23.568000000000005
-1,2,0,2,18,0,1,-2,0,-10,-2,0,-1,-2,0,2,0,0,0,5.02,0.4,2.02,23.606000000000005
-1,2,0,1,16,0,1,-2,0,-10,-2,0,-1,-2,0,4,0,0,0,5.02,0.4,2.02,23.644000000000005
-1,2,0,0,14,0,1,-2,0,-9,-2,0,-1,-2,-1,7,0,0,0,5.02,0.4,2.02,23.682000000000006
0,3,0,-2,10,0,1,-3,0,-7,-2,0,-1,-2,-1,13,1,0,0,5.02,0.4,2.02,23.720000000000006
0,3,0,-2,12,0,1,-3,0,-6,-2,0,-1,-2,-1,16,2,0,0,5.02,0.4,2.02,23.758000000000006
0,3,0,-3,9,0,1,-3,0,-4,-2,0,-1,-2,-1,21,2,0,0,5.02,0.4,2.02,23.796000000000006
0,3,0,-4,11,0,1,-3,0,-3,-2,0,-1,-2,-1,24,1,0,0,5.02,0.4,2.02,23.834000000000007
0,3,0,-6,10,0,1,-3,0,-2,-2,0,-1,-2,-1,28,1,0,0,5.02,0.4,2.02,23.872000000000007
0,3,0,-5,14,0,1,-3,0,-1,-2,0,-1,-2,-1,32,0,0,0,5.02,0.4,2.02,23.910000000000007
0,3,1,-9,13,0,1,-3,0,-1,-3,0,-1,-2,-1,33,0,0,0,5.02,0.4,2.02,23.948000000000008
0,3,1,-10,15,0,1,-3,0,0,-3,0,-1,-2,-1,34,-1,0,0,5.02,0.4,2.02,23.986000000000008
0,3,1,-12,17,0,1,-3,0,0,-4,0,-1,-2,-1,34,-1,0,0,5.02,0.4,2.02,24.024000000000008
0,3,1,-15,16,0,1,-3,0,2,-5,0,-1,-2,-1,35,-2,0,0,5.02,0.4,2.02,24.06200000000001
0,4,1,-18,17,0,1,-3,0,5,-5,0,-1,-2,-1,37,-1,0,0,5.02,0.4,2.02,24.10000000000001
0,2,0,-15,-9,0,1,-2,0,-10,11,0,-1,-2,0,7,-4,0,0,5.02,0.4,2.05,24.13900000000001
0,2,0,-15,-9,0,1,-2,0,-10,9,0,-1,-2,0,11,-3,0,0,5.02,0.4,2.05,24.17800000000001
0,2,0,-15,-10,0,1,-2,0,-9,7,0,-1,-2,0,13,-1,0,0,5.02,0.4,2.05,24.217000000000013
0,2,0,-16,-9,0,1,-2,0,-10,3,0,-1,-2,0,13,1,0,0,5.02,0.4,2.05,24.256000000000014
0,2,0,-16,-9,0,1,-2,0,-12,1,0,-1,-2,0,14,2,0,0,5.02,0.4,2.05,24.295000000000016
0,2,0,-17,-8,0,1,-2,0,-15,0,0,-1,-2,0,15,3,0,0,5.02,0.4,2.05,24.334000000000017
0,2,0,-17,-7,0,1,-2,0,-17,0,0,-1,-2,0,18,4,0,0,5.02,0.4,2.05,24.37300000000002
0,2,0,-16,-7,0,1,-2,0,-19,1,0,-1,-2,0,22,4,0,0,5.02,0.4,2.05,24.41200000000002
0,2,0,-17,-6,0,1,-2,0,-23,6,0,-1,-2,0,29,6,0,0,5.02,0.4,2.05,24.451000000000022
0,2,0,-16,-5,0,1,-2,0,-25,9,0,-1,-2,0,31,7,0,0,5.02,0.4,2.05,24.490000000000023
0,2,0,-16,-4,0,1,-2,0,-27,12,0,-1,-2,0,32,8,0,0,5.02,0.4,2.05,24.529000000000025
0,2,0,-15,-3,0,1,-2,0,-28,14,0,-1,-2,0,33,10,0,0,5.02,0.4,2.05,24.568000000000026
0,2,0,-12,-3,0,1,-3,0,-30,20,0,-1,-2,0,31,12,0,0,5.02,0.4,2.05,24.607000000000028
0,2,0,-12,-4,0,1,-2,0,-31,22,0,-1,-2,0,30,12,0,0,5.02,0.4,2.05,24.64600000000003
0,2,0,-10,-6,0,1,-2,0,-32,23,0,-1,-2,0,28,12,0,0,5.02,0.4,2.05,24.68500000000003
0,2,0,9,-36,0,0,-2,0,46,42,0,-1,-2,0,12,27,0,0,5.02,0.4,2.03,24.724000000000032
0,2,0,8,-36,0,0,-2,0,47,40,0,-1,-2,0,11,28,0,0,5.02,0.4,2.03,24.763000000000034
0,2,0,9,-35,0,0,-2,0,43,32,0,-1,-2,0,7,31,0,0,5.02,0.4,2.03,24.802000000000035
0,2,0,9,-35,0,0,-2,0,40,32,0,-1,-2,0,6,31,0,0,5.02,0.4,2.03,24.841000000000037
0,2,0,9,-36,0,0,-2,0,38,32,0,-1,-2,0,5,31,0,0,5.02,0.4,2.03,24.880000000000038
0,2,0,9,-35,0,0,-2,0,34,33,0,-1,-2,0,4,30,0,0,5.02,0.4,2.03,24.91900000000004
0,2,0,9,-35,0,0,-2,0,31,35,0,-1,-2,0,3,29,0,0,5.02,0.4,2.03,24.95800000000004
0,2,0,8,-33,0,0,-2,0,19,39,0,-1,-2,0,0,22,0,0,5.02,0.4,2.03,24.997000000000043
0,2,0,6,-31,0,1,-2,0,16,40,0,-1,-2,0,-1,19,0,0,5.02,0.4,2.03,25.036000000000044
0,2,0,4,-29,0,1,-2,0,12,41,0,-1,-2,0,-2,17,0,0,5.02,0.4,2.03,25.075000000000045
0,2,0,3,-29,0,1,-2,0,9,40,0,-1,-2,0,-2,13,0,0,5.02,0.4,2.03,25.114000000000047
0,3,0,-1,-26,0,0,-3,0,5,33,0,-1,-2,0,-11,8,0,0,5.02,0.4,2.03,25.15300000000005
0,3,0,-2,-26,0,0,-3,0,3,28,0,-1,-2,0,-16,7,0,0,5.02,0.4,2.03,25.19200000000005
0,3,0,-3,-28,0,0,-3,0,2,22,0,-1,-2,0,-17,6,0,0,5.02,0.4,2.03,25.23100000000005
0,3,0,-3,-30,0,0,-3,0,0,16,0,-1,-2,0,-18,5,0,0,5.03,0.42,2.14,25.27200000000005
0,2,0,-1,5,0,0,-2,0,-48,60,0,-1,-1,-1,10,28,0,0,5.02,0.4,2.05,25.311000000000053
0,2,0,0,7,0,0,-2,0,-41,66,0,-1,-1,-1,7,22,0,0,5.02,0.4,2.05,25.350000000000055
0,2,0,0,8,0,0,-2,0,-36,66,0,-1,-1,-1,6,19,0,0,5.02,0.4,2.05,25.389000000000056
0,2,0,0,9,0,0,-2,0,-32,64,0,-1,-1,0,5,17,0,0,5.02,0.4,2.05,25.428000000000058
0,2,0,-1,10,0,0,-2,0,-29,61,0,-1,-1,0,4,15,0,0,5.02,0.4,2.05,25.46700000000006
0,2,0,-1,10,0,0,-2,0,-26,58,0,-1,-1,0,4,13,0,0,5.02,0.4,2.05,25.50600000000006
0,2,0,0,12,0,0,-2,0,-17,43,0,-1,-1,0,4,9,0,0,5.02,0.4,2.05,25.545000000000062
0,2,0,0,12,0,0,-2,0,-13,35,0,-1,-1,0,3,9,0,0,5.02,0.4,2.05,25.584000000000064
0,2,0,0,12,0,0,-2,0,-10,27,0,-1,-1,0,3,8,0,0,5.02,0.4,2.05,25.623000000000065
0,2,0,0,12,0,0,-2,0,-7,18,0,-1,-1,0,2,8,0,0,5.02,0.4,2.05,25.662000000000067
0,2,0,0,12,0,0,-2,0,0,-3,0,-1,-1,0,0,5,0,0,5.02,0.4,2.05,25.701000000000068
0,2,0,0,13,0,0,-2,0,1,-10,0,-1,-2,0,-1,4,0,0,5.02,0.4,2.05,25.74000000000007
0,2,0,0,13,0,0,-2,0,4,-14,0,-1,-2,0,-2,4,0,0,5.02,0.4,2.02,25.77900000000007
0,2,0,-1,15,0,0,-2,0,6,-18,0,-1,-2,0,-3,3,0,0,5.02,0.4,2.02,25.818000000000072
0,2,0,-6,16,0,0,-2,0,9,-23,0,-1,-2,0,-5,2,0,0,5.02,0.4,2.02,25.857000000000074
0,2,0,-6,15,0,0,-2,0,10,-24,0,-1,-2,0,-5,2,0,0,5.02,0.4,2.02,25.896000000000075
-1,2,0,-1,25,0,0,-2,0,-7,-18,0,-1,-1,-1,-24,0,0,0,5.03,0.42,2.15,25.938000000000077
-1,2,0,-2,26,0,0,-2,0,-6,-18,0,-1,-1,-1,-24,0,0,0,5.03,0.42,2.15,25.98000000000008
-1,2,0,-2,27,0,0,-2,0,-5,-19,0,-1,-1,-1,-22,0,0,0,5.03,0.42,2.15,26.02200000000008
-1,2,0,-2,28,0,0,-2,0,-3,-21,0,-1,-1,-1,-21,1,0,0,5.03,0.42,2.15,26.06400000000008
-1,2,0,-2,29,0,0,-2,0,-2,-24,0,-1,-1,-1,-17,3,0,0,5.03,0.42,2.15,26.106000000000083
-1,2,0,-2,30,0,1,-2,0,-1,-25,0,-1,-1,-1,-15,3,0,0,5.03,0.42,2.15,26.148000000000085
-1,2,0,-2,31,0,1,-2,0,-1,-25,0,-1,-1,-1,-14,4,0,0,5.03,0.42,2.15,26.190000000000087
-1,2,0,-2,31,0,1,-2,0,0,-25,0,-1,-1,-1,-13,4,0,0,5.03,0.42,2.15,26.232000000000088
-1,2,0,-1,32,0,1,-2,0,0,-24,0,-1,-1,-1,-10,6,0,0,5.03,0.42,2.15,26.27400000000009
-1,2,0,-1,32,0,1,-2,0,0,-23,0,-1,-1,-1,-10,7,0,0,5.03,0.43,2.16,26.31600000000009
-1,2,0,0,33,0,1,-2,0,-1,-22,0,-1,-1,-1,-10,7,0,0,5.03,0.43,2.16,26.358000000000093
-1,2,0,0,33,0,1,-2,0,-1,-20,0,-1,-1,-1,-10,8,0,0,5.03,0.43,2.16,26.400000000000095
-1,2,0,0,34,0,1,-2,0,-4,-17,0,-1,-1,-1,-9,11,0,0,5.03,0.43,2.16,26.442000000000096
-1,2,0,0,34,0,1,-2,0,-5,-12,0,-1,-1,-1,-9,16,0,0,5.03,0.43,2.16,26.5260000000001
0,2,0,-14,9,0,1,-2,0,-3,1,0,-1,-2,0,-34,-33,0,0,5.03,0.43,2.18,26.5690000000001
0,2,0,-14,9,0,1,-2,0,-4,2,0,-1,-2,0,-37,-33,0,0,5.03,0.43,2.18,26.612000000000098
0,2,0,-13,9,0,1,-2,0,-5,1,0,-1,-2,0,-38,-32,0,0,5.03,0.43,2.18,26.655000000000097
0,2,0,-12,9,0,1,-2,0,-5,0,0,-1,-2,0,-41,-32,0,0,5.03,0.43,2.18,26.698000000000096
0,2,0,-11,9,0,1,-2,0,-5,0,0,-1,-2,0,-42,-33,0,0,5.03,0.43,2.18,26.741000000000096
0,2,0,-11,10,0,1,-2,0,-6,-1,0,-1,-2,0,-44,-33,0,0,5.03,0.43,2.18,26.784000000000095
0,2,0,-11,10,0,1,-2,0,-6,-2,0,-1,-2,0,-46,-32,0,0,5.03,0.43,2.18,26.827000000000094
0,2,0,-11,10,0,1,-2,0,-8,-6,0,-1,-2,0,-50,-32,0,0,5.03,0.42,2.16,26.869000000000096
0,2,0,-11,9,0,1,-2,0,-9,-7,0,-1,-2,0,-51,-32,0,0,5.03,0.42,2.16,26.911000000000097
0,2,0,-11,8,0,1,-2,0,-10,-9,0,-1,-2,0,-53,-31,0,0,5.03,0.42,2.16,26.9530000000001
0,2,0,-10,7,0,1,-2,0,-10,-11,0,-1,-2,0,-54,-30,0,0,5.03,0.42,2.16,26.9950000000001
0,2,0,-10,5,0,1,-2,0,-12,-15,0,-1,-2,0,-53,-30,0,0,5.03,0.42,2.16,27.037000000000102
0,2,0,-9,4,0,1,-2,0,-13,-16,0,-1,-2,0,-53,-31,0,0,5.03,0.42,2.16,27.079000000000104
0,2,0,-9,2,0,1,-2,0,-14,-17,0,-1,-2,0,-53,-31,0,0,5.03,0.42,2.16,27.121000000000105
0,2,0,-8,1,0,1,-2,0,-15,-18,0,-1,-2,0,-51,-35,0,0,5.03,0.42,2.16,27.163000000000107
0,2,0,4,-12,0,1,-2,0,-1,8,0,-1,-2,0,22,8,0,0,5.03,0.42,2.11,27.204000000000107
0,2,0,5,-13,0,1,-2,0,0,15,0,-1,-2,0,22,9,0,0,5.03,0.42,2.11,27.245000000000108
0,2,0,6,-13,0,1,-2,0,1,17,0,-1,-2,0,21,9,0,0,5.03,0.42,2.11,27.286000000000108
0,2,0,6,-13,0,1,-2,0,3,18,0,-1,-2,0,21,10,0,0,5.03,0.42,2.11,27.32700000000011
0,2,0,6,-13,0,1,-2,0,4,18,0,-1,-2,0,20,11,0,0,5.03,0.42,2.11,27.36800000000011
0,2,0,7,-14,0,1,-2,0,8,18,0,-1,-2,0,17,14,0,0,5.02,0.4,2.05,27.408000000000108
0,2,0,7,-14,0,1,-2,0,9,17,0,-1,-2,0,16,15,0,0,5.02,0.4,2.05,27.448000000000107
0,2,0,7,-14,0,1,-2,0,10,16,0,-1,-2,0,16,17,0,0,5.02,0.4,2.05,27.488000000000106
0,2,0,8,-15,0,1,-2,0,11,15,0,-1,-2,0,15,18,0,0,5.02,0.4,2.05,27.528000000000105
0,2,0,8,-15,0,1,-2,0,12,14,0,-1,-2,0,14,18,0,0,5.02,0.4,2.05,27.568000000000104
0,2,0,9,-15,0,1,-2,0,14,13,0,-1,-2,0,13,19,0,0,5.02,0.4,2.05,27.608000000000104
0,2,0,9,-15,0,1,-2,0,14,12,0,-1,-2,0,10,18,0,0,5.02,0.4,2.05,27.648000000000103
0,2,0,9,-15,0,1,-2,0,15,11,0,-1,-2,0,7,18,0,0,5.02,0.4,2.05,27.688000000000102
0,2,0,9,-15,0,1,-2,0,15,12,0,-1,-1,0,4,17,0,0,5.02,0.4,2.05,27.7280000000001
0,2,0,9,-14,0,1,-2,0,16,12,0,-1,-2,0,-2,13,0,0,5.02,0.4,2.05,27.7680000000001
0,2,0,9,-14,0,1,-2,0,16,13,0,-1,-2,0,-4,12,0,0,5.02,0.4,2.05,27.8080000000001
0,2,0,2,-7,0,0,-2,0,-20,24,0,-1,-1,-1,6,32,0,0,5.02,0.41,2.07,27.8490000000001
0,2,0,2,-7,0,0,-2,0,-18,19,0,-1,-1,-1,11,27,0,0,5.02,0.41,2.07,27.8900000000001
0,2,0,3,-7,0,0,-2,0,-17,15,0,-1,-1,-1,12,27,0,0,5.02,0.41,2.09,27.9310000000001
0,2,0,2,-7,0,0,-2,0,-19,11,0,-1,-1,-1,15,21,0,0,5.02,0.41,2.09,27.9720000000001
0,2,0,1,-7,0,0,-2,0,-20,11,0,-1,-1,-1,15,21,0,0,5.02,0.41,2.09,28.0130000000001
0,2,0,1,-7,0,1,-2,0,-20,12,0,-1,-1,-1,13,21,0,0,5.02,0.41,2.09,28.0540000000001
0,2,0,1,-7,0,1,-2,0,-21,14,0,-1,-1,-1,11,20,0,0,5.02,0.41,2.09,28.095000000000102
0,2,0,0,-6,0,1,-2,0,-21,17,0,-1,-1,-1,10,20,0,0,5.02,0.41,2.09,28.136000000000102
0,2,0,0,-6,0,1,-2,0,-24,26,0,-1,-1,-1,5,21,0,0,5.02,0.41,2.09,28.177000000000103
0,2,0,0,-5,0,1,-2,0,-25,30,0,-1,-1,-1,2,22,0,0,5.02,0.41,2.09,28.218000000000103
0,2,0,0,-5,0,0,-2,0,-27,33,0,-1,-1,-1,0,24,0,0,5.02,0.41,2.09,28.259000000000103
0,2,0,-1,-1,0,0,-2,0,-31,40,0,-1,-1,-1,-2,26,0,0,5.02,0.41,2.09,28.341000000000104
0,2,0,-1,-1,0,0,-2,0,-32,41,0,-1,-1,-1,-1,25,0,0,5.02,0.41,2.09,28.382000000000104
0,2,0,-2,0,0,0,-2,0,-32,42,0,-1,-1,-1,0,24,0,0,5.02,0.41,2.09,28.423000000000105
0,2,0,0,11,0,0,-2,0,2,-19,0,-1,-1,-1,8,-14,0,0,5.02,0.41,2.06,28.464000000000105
-1,2,0,0,11,0,0,-2,0,1,-17,0,-1,-1,-1,7,-13,0,0,5.02,0.41,2.06,28.505000000000106
-1,2,0,0,11,0,0,-2,0,0,-16,0,-1,-1,-1,6,-13,0,0,5.02,0.41,2.06,28.546000000000106
-1,2,0,0,12,0,0,-2,0,-2,-15,0,-1,-1,-1,3,-15,0,0,5.02,0.41,2.06,28.587000000000106
-1,2,0,0,12,0,0,-2,0,-3,-14,0,-1,-1,-1,1,-15,0,0,5.02,0.41,2.06,28.628000000000107
0,2,0,0,12,0,0,-2,0,-2,-14,0,-1,-1,-1,0,-16,0,0,5.02,0.41,2.06,28.669000000000107
0,2,0,0,13,0,0,-2,0,0,-12,0,-1,-1,-1,-1,-17,0,0,5.02,0.41,2.06,28.710000000000107
0,2,0,0,14,0,0,-2,0,4,-13,0,-1,-1,-1,-3,-19,0,0,5.02,0.41,2.06,28.751000000000108
0,2,0,0,14,0,0,-2,0,7,-16,0,-1,-1,-1,-4,-19,0,0,5.02,0.41,2.06,28.792000000000108
0,2,0,1,15,0,0,-2,0,10,-20,0,-1,-1,-1,-5,-19,0,0,5.02,0.41,2.06,28.83300000000011
0,2,0,1,15,0,0,-2,0,16,-25,0,-1,-1,-1,-5,-19,0,0,5.02,0.41,2.06,28.87400000000011
0,2,0,1,16,0,0,-2,0,30,-38,0,-1,-1,-1,-6,-18,0,0,5.02,0.41,2.06,28.91500000000011
0,2,0,1,16,0,0,-2,0,33,-41,0,-1,-1,-1,-7,-17,0,0,5.02,0.41,2.06,28.95600000000011
0,2,0,2,17,0,0,-2,0,34,-42,0,-1,-1,-1,-8,-16,0,0,5.02,0.41,2.06,28.99700000000011
0,2,0,2,17,0,0,-2,0,35,-42,0,-1,-1,-1,-9,-14,0,0,5.02,0.41,2.06,29.03800000000011
0,2,0,-24,25,0,0,-2,0,37,-11,0,-1,-2,0,-35,-20,0,0,5.03,0.42,2.15,29.08100000000011
0,2,0,-23,23,0,0,-2,0,41,-19,0,-1,-2,0,-36,-24,0,0,5.03,0.42,2.15,29.12400000000011
0,2,0,-21,15,0,0,-2,0,46,-41,0,-1,-2,0,-34,-30,0,0,5.03,0.42,2.15,29.167000000000108
0,2,0,-21,13,0,0,-2,0,51,-50,0,-1,-2,0,-31,-29,0,0,5.03,0.42,2.15,29.210000000000107
0,2,0,-21,11,0,0,-2,0,56,-58,0,-1,-2,0,-27,-28,0,0,5.03,0.42,2.15,29.253000000000107
0,2,0,-20,8,0,0,-2,0,60,-65,0,-1,-2,0,-24,-25,0,0,5.03,0.42,2.15,29.296000000000106
0,2,0,-19,7,0,1,-2,0,64,-80,0,-1,-2,0,-9,-20,0,0,5.03,0.42,2.15,29.339000000000105
0,2,0,-19,7,0,1,-2,0,63,-83,0,-1,-2,0,-8,-18,0,0,5.03,0.42,2.15,29.382000000000104
0,2,0,-18,7,0,1,-2,0,60,-84,0,-1,-2,0,-12,-14,0,0,5.03,0.42,2.15,29.425000000000104
0,2,0,-18,7,0,1,-2,0,55,-84,0,-1,-2,0,-17,-9,0,0,5.03,0.42,2.15,29.468000000000103
0,2,0,-17,8,0,1,-2,0,40,-79,0,-1,-2,0,-15,-6,0,0,5.03,0.42,2.15,29.511000000000102
0,2,0,-17,7,0,1,-2,0,35,-76,0,-1,-2,0,-11,-7,0,0,5.03,0.42,2.15,29.5540000000001
0,2,0,-16,8,0,1,-2,0,29,-72,0,-1,-2,0,-10,-7,0,0,5.03,0.42,2.15,29.5970000000001
0,2,0,-16,9,0,1,-2,0,23,-67,0,-1,-2,0,-12,-8,0,0,5.03,0.42,2.15,29.6400000000001
0,2,0,-16,9,0,1,-1,0,17,-62,0,-1,-2,0,-17,-9,0,0,5.03,0.42,2.15,29.6830000000001
0,2,0,-4,-15,0,1,-2,0,-44,13,0,-1,-2,0,31,21,0,0,5.02,0.4,2.02,29.7240000000001
0,2,0,-6,-16,0,1,-2,0,-39,14,0,-1,-2,0,31,26,0,0,5.02,0.4,2.02,29.7650000000001
0,2,0,-5,-17,0,1,-2,0,-36,15,0,-1,-2,0,30,26,0,0,5.02,0.4,2.02,29.8060000000001
0,2,0,-5,-18,0,1,-2,0,-34,16,0,-1,-2,0,29,28,0,0,5.02,0.4,2.02,29.8470000000001
0,2,0,-5,-19,0,1,-2,0,-31,17,0,-1,-2,0,28,29,0,0,5.02,0.4,2.02,29.8880000000001
0,2,0,-5,-21,0,1,-2,0,-22,19,0,-1,-2,0,27,31,0,0,5.02,0.4,2.02,29.9290000000001
0,2,0,-4,-22,0,1,-2,0,-19,19,0,-1,-2,0,27,31,0,0,5.02,0.4,2.02,29.970000000000102
0,2,0,-4,-22,0,1,-2,0,-15,19,0,-1,-2,0,27,31,0,0,5.02,0.4,2.02,30.011000000000102
0,2,0,-3,-22,0,1,-2,0,-13,18,0,-1,-2,0,27,30,0,0,5.02,0.4,2.02,30.052000000000103
0,2,0,-2,-22,0,1,-2,0,-7,17,0,-1,-2,0,24,27,0,0,5.02,0.4,2.02,30.093000000000103
0,2,0,-2,-22,0,1,-2,0,-5,16,0,-1,-2,0,22,26,0,0,5.02,0.4,2.02,30.134000000000103
0,2,0,-1,-22,0,1,-2,0,-4,15,0,-1,-2,0,21,26,0,0,5.02,0.4,2.02,30.175000000000104
0,2,0,0,-23,0,1,-2,0,-3,14,0,-1,-2,0,20,25,0,0,5.02,0.4,2.02,30.216000000000104
0,2,0,0,-24,0,1,-2,0,-2,12,0,-1,-2,0,20,24,0,0,5.02,0.4,2.02,30.257000000000104
0,2,0,1,-25,0,1,-2,0,0,8,0,-1,-2,0,17,22,0,0,5.02,0.4,2.02,30.298000000000105
0,2,0,-11,-39,0,1,-2,0,10,-4,0,-1,-2,0,0,8,0,0,5.03,0.47,2.38,30.346000000000103
0,2,0,-9,-38,0,1,-2,0,5,-2,0,-1,-2,0,0,9,0,0,5.03,0.47,2.38,30.3940000000001
0,2,0,-9,-38,0,1,-2,0,-3,2,0,-1,-2,0,-1,10,0,0,5.03,0.47,2.38,30.4420000000001
0,2,0,-8,-37,0,1,-2,0,-7,6,0,-1,-2,0,-4,12,0,0,5.03,0.47,2.38,30.490000000000098
0,2,0,-8,-35,0,1,-2,0,-12,10,0,-1,-2,-1,6,11,0,0,5.03,0.47,2.38,30.538000000000096
0,2,0,-9,-34,0,1,-2,0,-16,15,0,-1,-2,0,1,8,0,0,5.03,0.47,2.38,30.586000000000094
0,2,0,-10,-32,0,1,-2,0,-19,19,0,-1,-2,0,-5,6,0,0,5.03,0.47,2.38,30.634000000000093
-1,2,0,-10,-31,0,1,-2,0,-24,28,0,-1,-2,0,-18,-1,0,0,5.03,0.47,2.38,30.68200000000009
-1,2,0,-10,-31,0,1,-2,0,-27,33,0,-1,-2,0,-20,-6,0,0,5.03,0.47,2.38,30.73000000000009
-1,2,0,-10,-31,0,1,-2,0,-31,38,0,-1,-2,-1,-20,-6,0,0,5.03,0.47,2.38,30.778000000000088
-1,2,0,-9,-34,0,1,-2,0,-36,46,0,-1,-2,0,-22,-8,0,0,5.03,0.47,2.38,30.826000000000086
-1,2,0,-8,-36,0,1,-2,0,-42,50,0,-1,-2,-1,-23,-5,0,0,5.03,0.47,2.38,30.874000000000084
0,2,0,5,1,0,0,-2,0,-21,17,0,-1,-1,-1,1,22,0,0,5.04,0.52,2.63,30.928000000000083
0,2,0,5,2,0,0,-2,0,-16,12,0,-1,-1,-1,0,19,0,0,5.04,0.52,2.63,30.98200000000008
0,2,0,5,2,0,0,-2,0,-13,11,0,-1,-1,-1,0,17,0,0,5.04,0.52,2.63,31.03600000000008
0,2,0,4,3,0,0,-2,0,-11,8,0,-1,-1,-1,-1,16,0,0,5.04,0.52,2.63,31.090000000000078
0,2,0,4,3,0,0,-2,0,-8,5,0,-1,-1,-1,-2,15,0,0,5.04,0.52,2.63,31.144000000000077
0,2,0,3,5,0,0,-2,0,-6,2,0,-1,-1,-1,-3,14,0,0,5.04,0.52,2.63,31.198000000000075
0,2,0,1,8,0,0,-2,0,-1,-2,0,-1,-2,-1,-6,13,0,0,5.04,0.52,2.63,31.252000000000073
0,2,0,0,10,0,0,-2,0,0,-5,0,-1,-2,-1,-7,12,0,0,5.04,0.52,2.63,31.306000000000072
0,2,0,-2,13,0,0,-2,0,2,-7,0,-1,-2,-1,-9,12,0,0,5.04,0.52,2.63,31.36000000000007
0,2,0,-5,14,0,0,-2,0,4,-10,0,-1,-2,-1,-10,10,0,0,5.04,0.52,2.63,31.41400000000007
0,2,0,-5,14,0,0,-2,0,6,-12,0,-1,-2,-1,-12,10,0,0,5.04,0.52,2.63,31.468000000000067
0,2,0,-6,13,0,0,-2,0,13,-18,0,-1,-2,-1,-15,9,0,0,5.04,0.52,2.63,31.522000000000066
0,2,0,-7,11,0,0,-2,0,14,-20,0,-1,-2,-1,-15,8,0,0,5.04,0.52,2.63,31.576000000000064
0,2,0,-7,11,0,0,-2,0,16,-22,0,-1,-2,-1,-14,8,0,0,5.04,0.52,2.63,31.630000000000063
0,2,0,-8,11,0,0,-2,0,18,-24,0,-1,-2,-1,-13,7,0,0,5.04,0.52,2.63,31.68400000000006
-1,2,0,-1,39,0,0,-2,0,11,-37,0,-1,-1,-1,-13,-14,0,0,5.02,0.41,2.07,31.72700000000006
-1,2,0,-1,39,0,0,-2,0,10,-38,0,-1,-1,-1,-13,-15,0,0,5.02,0.41,2.07,31.77000000000006
-1,2,0,-1,39,0,0,-2,0,7,-39,0,-1,-1,-1,-12,-16,0,0,5.02,0.41,2.07,31.81300000000006
-1,2,0,-1,39,0,0,-2,0,6,-38,0,-1,-1,-1,-12,-16,0,0,5.02,0.41,2.07,31.85600000000006
-1,2,0,-1,39,0,0,-2,0,5,-38,0,-1,-1,-1,-12,-17,0,0,5.02,0.41,2.07,31.899000000000058
-1,2,0,-1,39,0,0,-2,0,4,-37,0,-1,-1,-1,-11,-17,0,0,5.02,0.41,2.07,31.942000000000057
-1,2,0,-1,36,0,1,-2,0,3,-34,0,-1,-1,-1,-9,-17,0,0,5.02,0.41,2.07,31.985000000000056
-1,2,0,-1,35,0,1,-2,0,2,-32,0,-1,-2,-1,-10,-18,0,0,5.02,0.41,2.07,32.028000000000056
-1,2,0,-1,33,0,1,-2,0,2,-31,0,-1,-2,-1,-9,-16,0,0,5.02,0.41,2.07,32.071000000000055
-1,2,0,-2,32,0,1,-2,0,1,-30,0,-1,-2,-1,-10,-16,0,0,5.02,0.41,2.07,32.114000000000054
-1,3,0,-5,28,0,1,-2,0,1,-27,0,-1,-2,-1,-8,-13,0,0,5.02,0.41,2.07,32.15700000000005
0,3,0,-7,27,0,1,-2,0,0,-25,0,-1,-2,-1,-6,-12,0,0,5.02,0.41,2.07,32.20000000000005
0,3,0,-8,28,0,1,-2,0,1,-24,0,-1,-2,-1,-2,-12,0,0,5.02,0.41,2.07,32.24300000000005
0,3,0,-10,27,0,1,-2,0,2,-22,0,-1,-2,-1,0,-10,0,0,5.02,0.41,2.07,32.28600000000005
0,3,0,-14,23,0,1,-2,0,1,-19,0,-1,-2,-1,9,-5,0,0,5.02,0.4,2.04,32.32800000000005
0,3,0,-13,22,0,1,-2,0,0,-18,0,-1,-2,-1,12,-2,0,0,5.02,0.4,2.04,32.370000000000054
0,2,0,-9,-13,0,1,-2,0,-6,-27,0,-1,-2,0,-20,-22,0,0,5.02,0.41,2.06,32.41300000000005
0,2,0,-8,-15,0,1,-2,0,-8,-27,0,-1,-2,0,-19,-20,0,0,5.02,0.41,2.06,32.45600000000005
0,2,0,-7,-17,0,1,-2,0,-12,-27,0,-1,-2,0,-18,-18,0,0,5.02,0.41,2.06,32.49900000000005
0,2,0,-6,-19,0,1,-2,0,-15,-26,0,-1,-2,0,-15,-16,0,0,5.02,0.41,2.06,32.54200000000005
0,2,0,-4,-24,0,1,-2,0,-28,-18,0,-1,-2,0,-10,-14,0,0,5.02,0.41,2.06,32.58500000000005
0,2,0,-3,-26,0,1,-2,0,-32,-14,0,-1,-2,0,-10,-15,0,0,5.02,0.41,2.06,32.62800000000005
0,2,0,-3,-28,0,1,-2,0,-38,-8,0,-1,-2,0,-10,-16,0,0,5.02,0.41,2.06,32.67100000000005
0,2,0,-2,-31,0,1,-2,0,-42,-2,0,-1,-2,0,-10,-17,0,0,5.02,0.41,2.06,32.71400000000005
0,2,0,0,-36,0,1,-2,0,-50,13,0,-1,-2,0,-10,-18,0,0,5.02,0.41,2.06,32.75700000000005
0,2,0,0,-35,0,1,-2,0,-51,19,0,-1,-2,0,-9,-18,0,0,5.02,0.41,2.06,32.80000000000005
0,2,0,-3,-34,0,1,-2,0,-52,24,0,-1,-2,0,-7,-18,0,0,5.02,0.41,2.06,32.843000000000046
0,2,0,-5,-31,0,1,-2,0,-52,29,0,-1,-2,0,-5,-17,0,0,5.03,0.42,2.15,32.88800000000005
0,2,0,-7,-20,0,1,-2,0,-50,39,0,-1,-2,0,-1,-16,0,0,5.03,0.42,2.15,32.93300000000005
0,2,0,-7,-19,0,1,-2,0,-48,42,0,-1,-2,0,-2,-13,0,0,5.03,0.42,2.15,32.97800000000005
0,2,0,-7,-18,0,1,-2,0,-46,45,0,-1,-2,0,-1,-11,0,0,5.03,0.42,2.15,33.02300000000005
0,2,0,13,-16,0,1,-2,0,-5,27,0,-1,-2,0,27,34,0,0,5.02,0.4,2.04,33.06600000000005
0,2,0,13,-15,0,1,-2,0,-3,24,0,-1,-2,0,24,32,0,0,5.02,0.4,2.04,33.10900000000005
0,2,0,13,-15,0,1,-2,0,-2,22,0,-1,-2,0,22,28,0,0,5.02,0.4,2.04,33.15200000000005
0,2,0,12,-13,0,1,-2,0,1,16,0,-1,-2,0,16,22,0,0,5.02,0.4,2.04,33.19500000000005
0,2,0,12,-12,0,1,-2,0,2,14,0,-1,-2,0,13,20,0,0,5.02,0.4,2.04,33.23800000000005
0,2,0,13,-12,0,1,-2,0,4,12,0,-1,-2,0,13,19,0,0,5.02,0.4,2.04,33.28100000000005
0,2,0,12,-11,0,1,-2,0,6,10,0,-1,-2,0,10,17,0,0,5.02,0.4,2.04,33.32400000000005
0,2,0,10,-8,0,1,-2,0,10,7,0,-1,-2,0,9,18,0,0,5.02,0.4,2.04,33.36700000000005
0,2,0,10,-7,0,1,-2,0,11,6,0,-1,-2,0,13,16,0,0,5.02,0.4,2.04,33.410000000000046
0,2,0,10,-7,0,1,-2,0,12,5,0,-1,-2,0,8,15,0,0,5.02,0.41,2.07,33.453000000000046
0,2,0,9,-7,0,1,-2,0,13,5,0,-1,-2,0,2,14,0,0,5.02,0.41,2.07,33.496000000000045
0,2,0,9,-5,0,1,-2,0,16,2,0,-1,-2,0,-8,10,0,0,5.02,0.41,2.07,33.539000000000044
0,2,0,8,-5,0,1,-2,0,16,2,0,-1,-2,0,-10,9,0,0,5.02,0.41,2.07,33.58200000000004
0,2,0,7,-4,0,1,-2,0,17,1,0,-1,-2,0,-13,8,0,0,5.02,0.41,2.07,33.62500000000004
0,2,0,7,-3,0,1,-2,0,18,1,0,-1,-2,0,-14,5,0,0,5.02,0.41,2.07,33.66800000000004
0,2,0,2,-8,0,1,-2,0,-21,14,0,-1,-1,-1,9,13,0,0,5.03,0.42,2.12,33.713000000000044
0,2,0,1,-8,0,1,-2,0,-23,19,0,-1,-1,-1,4,16,0,0,5.03,0.42,2.12,33.758000000000045
0,2,0,1,-7,0,1,-2,0,-27,31,0,-1,-1,-1,-4,21,0,0,5.03,0.42,2.12,33.80300000000005
0,2,0,1,-7,0,1,-2,0,-30,35,0,-1,-1,-1,-5,22,0,0,5.03,0.42,2.12,33.84800000000005
0,2,0,2,-6,0,1,-2,0,-32,39,0,-1,-1,-1,-6,22,0,0,5.03,0.42,2.12,33.89300000000005
0,2,0,2,-6,0,1,-2,0,-34,42,0,-1,-1,-1,-6,22,0,0,5.03,0.42,2.12,33.93800000000005
0,2,0,2,-5,0,0,-2,0,-35,46,0,-1,-1,-1,-1,19,0,0,5.03,0.42,2.12,33.983000000000054
0,2,0,2,-4,0,0,-2,0,-35,47,0,-1,-1,-1,0,17,0,0,5.02,0.4,2.04,34.02600000000005
0,2,0,2,-4,0,0,-2,0,-34,46,0,-1,-1,-1,0,15,0,0,5.02,0.4,2.04,34.06900000000005
0,2,0,2,-3,0,0,-2,0,-34,45,0,-1,-1,-1,1,14,0,0,5.02,0.4,2.04,34.11200000000005
0,2,0,2,-3,0,0,-2,0,-32,44,0,-1,-1,-1,0,11,0,0,5.02,0.4,2.04,34.15500000000005
0,2,0,1,-1,0,0,-2,0,-26,38,0,-1,-1,-1,0,9,0,0,5.02,0.4,2.04,34.19800000000005
0,2,0,1,0,0,0,-2,0,-22,36,0,-1,-1,-1,0,9,0,0,5.02,0.4,2.04,34.24100000000005
0,2,0,1,-1,0,0,-2,0,-18,33,0,-1,-1,-1,0,8,0,0,5.02,0.4,2.04,34.28400000000005
0,2,0,1,0,0,0,-2,0,-15,30,0,-1,-1,-1,-2,7,0,0,5.02,0.4,2.04,34.32700000000005
0,2,0,-1,16,0,0,-2,0,14,-26,0,-1,-1,-1,-4,-17,0,0,5.02,0.4,2.05,34.37000000000005
0,2,0,-1,16,0,0,-2,0,14,-26,0,-1,-1,-1,-4,-17,0,0,5.02,0.4,2.05,34.413000000000046
-1,2,0,0,16,0,0,-2,0,15,-25,0,-1,-1,-1,-5,-17,0,0,5.02,0.4,2.05,34.456000000000046
