0,2,0,-15,-6,0,1,0,2,30,-40,0,0,1,4,154,-70,0,0,5.04,0.47,2.37,1046.5239999999985
0,2,0,-16,-7,0,1,0,2,30,-42,0,0,1,3,140,-82,0,0,5.04,0.47,2.37,1047.6209999999985
0,2,0,-16,-7,0,1,0,2,32,-46,0,0,1,3,148,-100,0,0,5.04,0.47,2.37,1048.7179999999985
0,2,0,-16,-5,0,1,0,2,30,-56,0,0,1,3,157,-123,0,0,5.04,0.47,2.37,1049.8149999999985
0,2,0,-16,-4,0,1,0,2,25,-53,0,0,1,3,176,-108,0,0,5.04,0.47,2.37,1050.9119999999984
0,2,0,-15,-3,0,1,1,2,17,-21,0,0,1,3,179,-81,0,0,5.04,0.47,2.37,1052.0089999999984
0,2,0,-15,-3,0,1,1,2,11,-6,0,0,1,3,178,-76,0,0,5.04,0.47,2.37,1053.1059999999984
0,2,0,-15,-4,0,1,1,2,-5,30,0,0,1,3,186,-58,0,1,5.04,0.47,2.37,1054.2029999999984
0,2,0,-13,-5,0,1,1,2,-21,36,0,0,1,3,186,-43,0,1,5.04,0.47,2.37,1055.2999999999984
0,2,0,-10,-5,0,0,1,2,-34,20,0,0,1,2,173,-21,0,1,5.04,0.47,2.37,1056.3969999999983
0,2,0,-8,-5,0,1,0,2,-37,10,0,0,1,2,169,-18,0,1,5.04,0.47,2.37,1057.4939999999983
0,2,0,-5,-3,0,1,0,2,-37,-9,0,0,1,2,154,-21,0,1,5.04,0.47,2.37,1058.5909999999983
0,2,0,-3,0,0,1,0,2,-38,-16,0,0,1,2,135,-23,0,1,5.04,0.47,2.37,1059.6879999999983
0,2,0,-1,2,0,1,0,2,-44,7,0,0,1,2,111,-22,0,1,5.04,0.47,2.37,1060.7849999999983
0,2,0,0,3,0,1,1,2,-48,19,0,0,1,2,100,-19,0,0,5.04,0.47,2.37,1061.8819999999982
0,2,0,2,4,0,1,1,2,-60,43,0,0,1,1,68,-38,0,0,5.04,0.47,2.37,1062.9789999999982
0,2,0,4,3,0,1,0,2,-67,36,0,0,1,1,23,-30,0,1,5.04,0.47,2.37,1064.0759999999982
0,2,0,6,3,0,1,0,3,-60,7,0,0,1,2,11,11,0,1,5.04,0.47,2.37,1065.1729999999982
0,2,0,8,3,0,1,0,3,-47,-7,0,0,1,1,-13,1,0,0,5.04,0.47,2.37,1066.2699999999982
0,2,0,9,4,0,1,0,3,-34,-3,0,0,1,1,-25,-3,0,0,5.04,0.47,2.37,1067.3669999999981
0,2,0,9,5,0,1,0,3,-22,6,0,0,1,1,-36,9,0,0,5.04,0.48,2.45,1068.4999999999982
0,2,0,9,5,0,1,0,3,-10,11,0,0,2,2,-37,16,0,0,5.04,0.48,2.45,1069.6329999999982
0,2,0,8,5,0,1,0,3,-5,14,0,0,2,2,-58,19,0,1,5.04,0.48,2.45,1070.7659999999983
0,2,0,7,5,0,0,0,3,6,16,0,0,1,2,-85,36,0,1,5.04,0.48,2.45,1071.8989999999983
0,2,0,5,2,0,0,0,3,37,12,0,0,1,1,-112,78,0,1,5.04,0.48,2.45,1073.0319999999983
0,2,0,4,0,0,1,0,2,54,8,0,0,0,1,-146,89,0,1,5.04,0.48,2.45,1074.1649999999984
0,2,0,3,0,0,1,0,2,55,6,0,0,0,1,-152,92,0,1,5.04,0.48,2.45,1075.2979999999984
0,2,0,3,-2,0,1,0,2,50,-14,0,0,0,1,-171,80,0,0,5.04,0.48,2.45,1076.4309999999984
0,2,0,3,-5,0,1,0,2,41,-31,0,0,1,1,-160,51,0,0,5.04,0.48,2.45,1077.5639999999985
0,2,0,4,-8,0,1,1,2,34,-44,0,0,0,1,-167,31,0,0,5.04,0.48,2.45,1078.6969999999985
0,2,0,3,-9,0,1,1,2,32,-49,0,0,1,1,-165,21,0,0,5.04,0.48,2.45,1079.8299999999986
0,3,0,0,-9,0,1,1,2,30,-55,0,0,0,1,-169,31,0,0,5.04,0.48,2.45,1080.9629999999986
0,3,0,-2,-7,0,1,1,2,27,-47,0,0,0,1,-176,52,0,0,5.04,0.48,2.45,1082.0959999999986
0,3,0,-4,-6,0,1,1,2,25,-45,0,0,0,1,-174,62,0,0,5.04,0.48,2.45,1083.2289999999987
0,3,0,-8,-4,0,1,1,2,14,-33,0,0,0,1,-173,79,0,0,5.04,0.48,2.45,1084.3619999999987
0,2,0,-11,-3,0,1,1,2,4,-13,0,0,0,1,-160,90,0,0,5.04,0.48,2.45,1085.4949999999988
0,2,0,-12,-5,0,1,0,2,-4,1,0,0,0,1,-137,92,0,0,5.04,0.48,2.45,1086.6279999999988
0,2,0,-14,-10,0,0,0,3,-62,-29,0,0,0,1,-119,19,0,0,5.03,0.41,2.06,43.04099999999998
0,2,0,-14,-11,0,0,0,3,-56,-32,0,0,0,1,-114,42,0,0,5.03,0.41,2.06,43.98599999999998
0,2,0,-13,-13,0,0,0,3,-59,-25,0,0,0,1,-106,54,0,0,5.03,0.41,2.06,44.93099999999998
0,2,0,-11,-12,0,0,0,3,-62,-16,0,0,0,1,-98,52,0,0,5.03,0.41,2.06,45.87599999999998
0,2,0,-9,-11,0,0,0,3,-68,-7,0,0,0,1,-81,48,0,0,5.03,0.41,2.06,46.820999999999984
0,2,0,-7,-8,0,0,0,3,-74,-7,0,0,0,1,-67,44,0,0,5.03,0.41,2.06,47.765999999999984
0,2,0,-3,-7,0,0,0,2,-84,-18,0,0,0,1,-51,32,0,0,5.03,0.41,2.06,48.710999999999984
0,2,0,0,-8,0,0,0,2,-100,-35,0,0,0,1,-27,18,0,0,5.03,0.41,2.06,49.655999999999985
0,2,0,2,-12,0,0,0,2,-106,-46,0,0,0,2,-11,14,0,1,5.03,0.41,2.06,50.600999999999985
0,2,0,3,-13,0,0,0,2,-116,-50,0,0,0,2,7,13,0,0,5.03,0.41,2.06,51.545999999999985
0,2,0,3,-11,0,0,0,2,-112,-49,0,0,0,2,41,24,0,0,5.03,0.41,2.06,52.490999999999985
0,2,0,1,-6,0,0,0,2,-96,-48,0,0,0,3,69,53,0,0,5.03,0.42,2.12,53.460999999999984
0,2,0,-2,-2,0,0,0,2,-59,-43,0,0,0,4,77,61,0,0,5.03,0.42,2.12,54.43099999999998
0,3,0,-7,0,0,0,0,2,-22,-46,0,0,0,4,93,47,0,0,5.03,0.42,2.12,55.40099999999998
0,3,0,-10,1,0,0,0,2,4,-54,0,0,0,3,101,35,0,0,5.03,0.42,2.12,56.37099999999998
0,2,0,-12,2,0,0,-1,2,38,-49,0,0,0,3,129,28,0,0,5.03,0.42,2.12,57.34099999999998
0,2,0,-13,3,0,1,-1,2,56,-37,0,0,0,3,160,37,0,0,5.03,0.42,2.12,58.31099999999998
0,2,0,-13,3,0,0,-1,2,63,-31,0,0,0,3,150,1,0,0,5.03,0.42,2.12,59.28099999999998
0,2,0,-12,6,0,1,0,2,81,-19,0,0,0,4,148,12,0,0,5.03,0.42,2.12,60.250999999999976
0,2,0,-9,11,0,1,0,2,104,-12,0,0,0,3,150,8,0,0,5.03,0.42,2.12,61.220999999999975
0,2,0,-7,16,0,1,0,2,124,-10,0,0,0,3,136,0,0,0,5.03,0.42,2.12,62.190999999999974
0,2,0,-7,17,0,1,0,2,133,-25,0,0,0,3,134,-9,0,0,5.03,0.42,2.12,63.16099999999997
0,2,0,-7,13,0,1,0,2,136,-43,0,0,0,3,144,-17,0,0,5.03,0.42,2.12,64.13099999999997
0,2,0,-8,6,0,1,0,1,138,-51,0,0,0,3,145,-18,0,0,5.03,0.42,2.12,65.10099999999997
0,2,0,-8,1,0,1,0,1,143,-54,0,0,0,3,146,-21,0,0,5.03,0.42,2.12,66.07099999999997
0,2,0,-7,1,0,1,0,1,146,-49,0,0,1,3,138,-23,0,0,5.03,0.42,2.12,67.04099999999997
0,2,0,-8,2,0,1,0,1,138,-46,0,0,1,3,121,-22,0,0,5.03,0.42,2.12,68.01099999999997
0,2,0,-9,2,0,1,0,1,121,-52,0,0,1,2,100,-23,0,0,5.03,0.42,2.12,68.98099999999997
0,2,0,-10,2,0,1,1,2,105,-57,0,0,1,2,82,-28,0,0,5.03,0.42,2.12,69.95099999999996
0,2,0,-8,2,0,1,1,2,85,-48,0,0,1,2,59,-30,0,0,5.03,0.42,2.12,70.92099999999996
0,2,0,-6,0,0,1,0,2,68,-26,0,0,1,2,42,-24,0,0,5.03,0.42,2.12,71.89099999999996
0,2,0,-3,-1,0,1,1,2,39,-7,0,0,1,2,28,-30,0,0,5.03,0.42,2.12,72.86099999999996
0,2,0,-1,-3,0,1,1,2,16,11,0,0,1,2,4,-36,0,0,5.03,0.43,2.16,73.85199999999996
0,2,0,0,-4,0,1,1,2,-1,34,0,0,1,2,-19,-17,0,0,5.03,0.43,2.16,74.84299999999996
0,3,0,0,-4,0,1,1,2,-20,58,0,0,2,2,-47,2,0,0,5.03,0.43,2.16,75.83399999999996
0,3,0,0,-7,0,1,0,2,-45,89,0,0,1,2,-69,32,0,0,5.03,0.43,2.16,76.82499999999996
0,2,0,-1,-10,0,1,1,2,-65,130,0,0,1,2,-82,67,0,0,5.03,0.43,2.16,77.81599999999996
0,2,0,0,-11,0,1,1,2,-81,142,0,0,1,1,-122,63,0,0,5.03,0.43,2.16,78.80699999999996
0,2,0,0,-10,0,0,0,2,-98,113,0,0,0,1,-143,26,0,0,5.03,0.43,2.16,79.79799999999996
0,2,0,0,-10,0,0,0,2,-103,105,0,0,0,1,-147,11,0,0,5.03,0.43,2.16,80.78899999999996
0,2,0,0,-10,0,0,0,2,-113,118,0,0,0,1,-161,-5,0,0,5.03,0.43,2.16,81.77999999999996
0,2,0,0,-10,0,0,0,2,-111,119,0,0,0,1,-177,3,0,0,5.03,0.43,2.16,82.77099999999996
0,2,0,0,-10,0,0,0,2,-110,113,0,0,0,1,-201,14,0,0,5.03,0.43,2.16,83.76199999999996
0,2,0,0,-9,0,0,0,2,-118,77,0,0,0,1,-216,7,0,0,5.03,0.43,2.16,84.75299999999996
0,2,0,0,-6,0,0,0,2,-129,65,0,0,0,1,-223,-27,0,0,5.03,0.43,2.16,85.74399999999996
0,2,0,0,-5,0,0,0,2,-133,70,0,0,0,1,-218,-36,0,0,5.03,0.43,2.16,86.73499999999996
0,2,0,-1,-3,0,0,0,2,-128,59,0,0,0,1,-207,-19,0,0,5.03,0.43,2.16,87.72599999999996
0,2,0,-1,-3,0,0,0,3,-119,32,0,0,0,1,-190,-4,0,0,5.03,0.43,2.16,88.71699999999996
0,2,0,-2,0,0,0,0,3,-111,21,0,0,0,1,-176,-4,0,0,5.03,0.43,2.16,89.70799999999996
0,2,0,-2,0,0,0,0,3,-108,37,0,0,0,1,-153,-3,0,0,5.03,0.43,2.16,90.69899999999996
0,2,0,-3,-2,0,0,0,3,-101,46,0,0,0,1,-133,8,0,0,5.03,0.43,2.16,91.68999999999996
0,2,0,-4,-3,0,0,0,3,-89,38,0,0,0,1,-118,18,0,0,5.03,0.43,2.16,92.68099999999995
0,2,0,-4,-3,0,0,0,3,-82,34,0,0,0,1,-95,34,0,0,5.03,0.43,2.16,93.67199999999995
0,2,0,-4,-1,0,0,0,3,-80,31,0,0,0,1,-77,48,0,0,5.03,0.43,2.18,94.67399999999995
0,2,0,-3,0,0,0,0,3,-75,16,0,0,0,1,-62,58,0,0,5.03,0.43,2.18,95.67599999999995
0,2,0,-2,3,0,0,0,3,-70,3,0,0,0,1,-30,31,0,0,5.03,0.43,2.18,96.67799999999994
0,2,0,-1,5,0,0,0,3,-71,-26,0,0,0,2,2,23,0,0,5.03,0.43,2.18,97.67999999999994
0,2,0,-1,6,0,0,0,3,-70,-50,0,0,0,1,23,7,0,0,5.03,0.43,2.18,98.68199999999993
0,2,0,-4,7,0,0,0,2,-49,-72,0,0,0,2,69,-4,0,0,5.03,0.43,2.18,99.68399999999993
0,2,0,-7,4,0,0,0,2,-33,-112,0,0,0,2,91,-4,0,0,5.03,0.43,2.18,100.68599999999992
0,2,0,-10,3,0,0,0,2,-17,-116,0,0,0,3,127,43,0,0,5.03,0.43,2.18,101.68799999999992
0,2,0,-11,3,0,0,0,2,-8,-104,0,0,0,3,142,53,0,0,5.03,0.43,2.18,102.68999999999991
0,2,0,-15,2,0,0,0,2,-3,-102,0,0,1,3,174,45,0,0,5.03,0.43,2.18,103.69199999999991
0,2,0,-16,1,0,1,0,2,-3,-97,0,0,1,3,153,34,0,0,5.03,0.43,2.18,104.6939999999999
0,2,0,-17,1,0,1,0,2,-3,-71,0,0,1,4,137,34,0,0,5.03,0.43,2.18,105.6959999999999
0,2,0,-17,1,0,0,0,2,19,-28,0,0,0,4,147,35,0,0,5.03,0.43,2.18,106.6979999999999
0,2,0,-14,5,0,0,-1,2,53,-6,0,0,0,3,164,48,0,0,5.03,0.43,2.18,107.69999999999989
0,2,0,-12,6,0,0,-1,2,71,-11,0,0,0,4,177,3,0,0,5.03,0.43,2.18,108.70199999999988
0,2,0,-11,5,0,0,0,1,101,-8,0,0,0,4,190,10,0,0,5.03,0.43,2.18,109.70399999999988
0,2,0,-10,4,0,0,0,1,114,-9,0,0,0,4,191,2,0,0,5.03,0.43,2.18,110.70599999999988
0,2,0,-11,4,0,1,0,1,143,-7,0,0,0,3,193,-8,0,0,5.03,0.43,2.18,111.70799999999987
0,2,0,-12,5,0,1,0,1,157,-9,0,0,0,3,188,-10,0,0,5.03,0.43,2.18,112.70999999999987
0,2,0,-12,7,0,1,0,1,168,-17,0,0,0,3,187,-25,0,0,5.03,0.43,2.18,113.71199999999986
0,2,0,-13,8,0,1,0,1,172,-10,0,0,0,3,172,-19,0,0,5.03,0.43,2.18,114.71399999999986
0,2,0,-14,7,0,1,0,1,173,-7,0,0,0,3,162,-11,0,0,5.03,0.42,2.15,115.70199999999986
0,2,0,-12,2,0,0,0,1,157,-16,0,0,1,2,128,-17,0,0,5.03,0.42,2.15,116.68999999999986
0,2,0,-12,1,0,1,0,1,149,-14,0,0,1,2,118,-16,0,0,5.03,0.42,2.15,117.67799999999986
0,2,0,-9,0,0,1,1,1,132,5,0,0,1,2,95,-18,0,0,5.03,0.42,2.15,118.66599999999985
0,2,0,-6,-2,0,1,1,1,119,8,0,0,1,2,70,-35,0,0,5.03,0.42,2.15,119.65399999999985
0,3,0,-3,-1,0,1,1,2,95,20,0,0,1,2,49,-44,0,0,5.03,0.42,2.15,120.64199999999985
0,3,0,-2,0,0,1,1,2,55,72,0,0,1,2,35,19,0,0,5.03,0.42,2.15,121.62999999999985
0,2,0,0,-2,0,1,1,2,14,138,0,0,2,2,17,18,0,0,5.03,0.42,2.15,122.61799999999985
0,2,0,2,-4,0,0,1,2,-25,153,0,0,1,2,-13,16,0,0,5.03,0.42,2.15,123.60599999999985
0,2,0,4,-5,0,0,1,2,-45,77,0,0,1,2,-34,1,0,0,5.03,0.42,2.15,124.59399999999985
0,2,0,4,-3,0,0,0,3,-50,15,0,0,1,1,-50,-2,0,0,5.03,0.42,2.15,125.58199999999985
0,2,0,4,0,0,0,0,3,-54,4,0,0,1,1,-73,-24,0,0,5.03,0.42,2.15,126.56999999999985
0,2,0,5,0,0,0,0,3,-58,31,0,0,1,1,-121,-16,0,0,5.03,0.42,2.15,127.55799999999985
0,2,0,4,0,0,1,0,3,-55,35,0,0,1,1,-168,18,0,0,5.03,0.42,2.15,128.54599999999985
0,2,0,2,0,0,0,0,3,-63,16,0,0,1,1,-205,37,0,0,5.03,0.42,2.15,129.53399999999985
0,2,0,1,0,0,0,0,3,-76,19,0,0,0,1,-209,31,0,0,5.03,0.42,2.15,130.52199999999985
0,2,0,0,0,0,0,0,3,-81,19,0,0,0,1,-204,0,0,0,5.03,0.42,2.15,131.50999999999985
0,2,0,-1,-1,0,0,0,3,-85,4,0,0,0,1,-203,-28,0,0,5.03,0.42,2.15,132.49799999999985
0,2,0,-1,-4,0,0,0,3,-83,-14,0,0,0,1,-203,-14,0,0,5.03,0.42,2.15,133.48599999999985
0,2,0,-2,-5,0,0,0,3,-84,-22,0,0,0,1,-204,-8,0,0,5.03,0.42,2.15,134.47399999999985
0,2,0,-3,-5,0,0,0,3,-81,-8,0,0,0,1,-205,12,0,0,5.03,0.42,2.15,135.46199999999985
0,2,0,-5,-4,0,0,0,3,-78,-2,0,0,0,1,-190,31,0,0,5.02,0.41,2.06,136.40799999999984
0,2,0,-7,-4,0,0,0,3,-68,-13,0,0,0,1,-164,35,0,0,5.02,0.41,2.06,137.35399999999984
0,2,0,-8,-6,0,0,0,3,-61,-49,0,0,0,1,-154,37,0,0,5.02,0.41,2.06,138.29999999999984
0,2,0,-10,-8,0,0,0,3,-57,-73,0,0,0,1,-143,46,0,0,5.02,0.41,2.06,139.24599999999984
0,2,0,-12,-11,0,0,0,2,-62,-84,0,0,0,1,-136,58,0,0,5.02,0.41,2.06,140.19199999999984
0,2,0,-12,-13,0,1,0,2,-70,-78,0,0,0,1,-128,68,0,0,5.02,0.41,2.06,141.13799999999983
0,2,0,-10,-11,0,1,0,2,-76,-81,0,0,0,1,-114,77,0,0,5.02,0.41,2.06,142.08399999999983
0,2,0,-8,-7,0,1,0,2,-75,-92,0,0,0,1,-93,79,0,0,5.02,0.41,2.06,143.02999999999983
0,2,0,-6,-3,0,1,0,3,-66,-98,0,0,0,1,-73,71,0,0,5.02,0.41,2.06,143.97599999999983
0,2,0,-5,-1,0,1,0,3,-66,-99,0,0,0,1,-61,63,0,0,5.02,0.41,2.06,144.92199999999983
0,2,0,-3,1,0,1,0,3,-74,-88,0,0,0,1,-30,38,0,0,5.02,0.41,2.06,145.86799999999982
0,2,0,-1,3,0,1,0,2,-91,-56,0,-1,0,1,-11,6,0,0,5.02,0.41,2.06,146.81399999999982
0,2,0,0,3,0,1,0,2,-106,-27,0,0,0,2,2,-15,0,0,5.02,0.41,2.06,147.75999999999982
0,2,0,0,2,0,1,0,2,-118,-4,0,0,0,2,28,-19,0,0,5.02,0.41,2.06,148.70599999999982
0,2,0,1,0,0,1,0,2,-130,9,0,0,0,2,34,0,0,0,5.02,0.41,2.06,149.65199999999982
0,2,0,1,0,0,1,0,2,-135,14,0,0,0,2,37,4,0,0,5.02,0.41,2.06,150.59799999999981
0,2,0,0,0,0,1,0,2,-131,21,0,0,0,3,57,20,0,0,5.02,0.41,2.06,151.5439999999998
0,2,0,0,1,0,1,0,2,-120,26,0,0,0,3,76,18,0,0,5.02,0.41,2.06,152.4899999999998
0,2,0,-1,4,0,0,0,2,-95,30,0,0,0,3,87,6,0,0,5.02,0.41,2.06,153.4359999999998
0,2,0,-2,7,0,1,0,2,-50,33,0,0,0,3,100,-3,0,0,5.02,0.41,2.06,154.3819999999998
0,2,0,-2,8,0,1,0,2,-33,34,0,0,0,3,98,-21,0,0,5.02,0.41,2.06,155.3279999999998
0,2,0,-3,8,0,0,0,2,-1,31,0,0,0,3,112,-1,0,0,5.03,0.44,2.24,156.3559999999998
0,2,0,-4,9,0,0,0,2,23,30,0,0,0,3,130,11,0,0,5.03,0.44,2.24,157.3839999999998
0,2,0,-6,10,0,1,-1,2,48,32,0,0,0,3,145,20,0,0,5.03,0.44,2.24,158.41199999999978
0,3,0,-9,10,0,0,-1,2,75,30,0,0,0,3,165,4,0,0,5.03,0.44,2.24,159.43999999999977
0,3,0,-10,10,0,1,0,2,87,31,0,0,0,3,163,-17,0,0,5.03,0.44,2.24,160.46799999999976
0,3,0,-14,7,0,1,0,2,118,39,0,0,0,3,178,-33,0,0,5.03,0.44,2.24,161.49599999999975
0,2,0,-16,4,0,1,0,1,143,51,0,0,0,3,168,-46,0,0,5.03,0.44,2.24,162.52399999999975
0,2,0,-18,1,0,1,0,1,159,54,0,0,0,4,164,-51,0,0,5.03,0.44,2.24,163.55199999999974
0,2,0,-17,0,0,1,0,1,164,50,0,0,0,3,163,-54,0,0,5.03,0.44,2.24,164.57999999999973
0,2,0,-14,1,0,0,0,1,173,30,0,0,0,3,167,-58,0,0,5.03,0.44,2.24,165.60799999999972
0,2,0,-10,3,0,1,0,1,181,5,0,0,0,3,173,-49,0,0,5.03,0.44,2.24,166.6359999999997
0,2,0,-6,2,0,1,0,1,192,-10,0,0,1,3,174,-38,0,0,5.03,0.44,2.24,167.6639999999997
0,2,0,-5,2,0,1,0,1,191,-13,0,0,1,3,175,-38,0,0,5.03,0.44,2.24,168.6919999999997
0,2,0,-1,-1,0,1,0,1,182,-20,0,0,1,3,172,-41,0,0,5.03,0.44,2.24,169.7199999999997
0,2,0,3,-5,0,1,1,1,149,-11,0,0,1,2,160,-48,0,0,5.03,0.44,2.24,170.74799999999968
0,2,0,8,-6,0,0,1,1,118,4,0,0,1,2,145,-45,0,0,5.03,0.44,2.24,171.77599999999967
0,2,0,12,-5,0,1,1,2,97,22,0,0,1,2,129,-38,0,0,5.03,0.44,2.24,172.80399999999966
0,2,0,15,-3,0,1,1,2,85,47,0,0,1,2,115,-15,0,0,5.03,0.44,2.24,173.83199999999965
0,2,0,15,-2,0,1,1,2,60,102,0,0,1,2,97,-8,0,0,5.03,0.44,2.24,174.85999999999964
0,2,0,15,0,0,0,1,2,28,144,0,0,1,1,51,-16,0,0,5.03,0.44,2.24,175.88799999999964
0,2,0,14,0,0,0,1,2,-13,124,0,0,1,2,36,-33,0,0,5.03,0.44,2.24,176.91599999999963
0,2,0,13,1,0,0,1,2,-28,105,0,0,1,1,24,-44,0,0,5.03,0.44,2.23,177.94099999999963
0,2,0,12,2,0,0,1,2,-57,62,0,0,1,2,10,-62,0,1,5.03,0.44,2.23,178.96599999999964
0,2,0,9,4,0,0,0,2,-58,58,0,0,1,1,-3,-41,0,0,5.03,0.44,2.23,179.99099999999964
0,2,0,5,5,0,0,0,3,-74,44,0,0,2,0,-85,-41,0,0,5.03,0.44,2.23,182.04099999999966
0,2,0,5,3,0,0,0,3,-64,25,0,0,1,0,-142,-35,0,0,5.03,0.44,2.23,183.06599999999966
0,2,0,5,0,0,0,0,3,-54,2,0,0,0,0,-168,-27,0,0,5.03,0.44,2.23,184.09099999999967
0,2,0,5,-1,0,0,0,3,-51,0,0,0,0,1,-166,-19,0,0,5.03,0.44,2.23,185.11599999999967
0,2,0,4,-1,0,0,0,3,-47,9,0,0,0,1,-174,7,0,0,5.03,0.44,2.23,186.14099999999968
0,2,0,2,-1,0,0,0,3,-45,12,0,1,0,1,-163,13,0,1,5.03,0.44,2.23,187.16599999999968
0,2,0,0,-1,0,0,0,3,-43,16,0,0,0,1,-162,16,0,1,5.03,0.44,2.23,188.1909999999997
0,2,0,-3,-4,0,0,0,2,-45,12,0,0,0,1,-159,12,0,1,5.03,0.44,2.23,189.2159999999997
0,2,0,-5,-6,0,0,0,2,-44,-4,0,0,0,1,-162,17,0,0,5.03,0.44,2.23,190.2409999999997
0,2,0,-7,-7,0,0,0,2,-42,-25,0,0,0,1,-156,29,0,0,5.03,0.44,2.23,191.2659999999997
0,2,0,-9,-8,0,0,0,3,-40,-57,0,0,0,1,-159,37,0,0,5.03,0.44,2.23,192.2909999999997
0,2,0,-9,-8,0,0,0,3,-39,-70,0,0,0,1,-159,38,0,0,5.03,0.44,2.23,193.31599999999972
0,2,0,-9,-8,0,0,0,3,-37,-102,0,0,0,1,-160,30,0,0,5.03,0.44,2.23,194.34099999999972
0,2,0,-8,-6,0,0,0,3,-39,-117,0,0,0,1,-168,22,0,0,5.03,0.44,2.23,195.36599999999973
0,2,0,-7,-3,0,0,0,3,-46,-134,0,0,0,1,-182,47,0,0,5.03,0.44,2.23,196.39099999999974
0,2,0,-6,1,0,1,0,2,-65,-126,0,0,0,1,-192,79,0,0,5.03,0.44,2.23,197.41599999999974
0,2,0,-3,5,0,1,0,2,-77,-103,0,0,0,1,-187,103,0,0,5.03,0.44,2.23,198.44099999999975
0,2,0,-1,8,0,1,0,2,-90,-84,0,0,0,1,-159,112,0,0,5.03,0.44,2.23,199.46599999999975
0,2,0,1,8,0,1,0,2,-97,-57,0,0,0,1,-134,100,0,0,5.03,0.44,2.23,200.49099999999976
0,2,0,2,7,0,1,0,2,-97,-45,0,0,0,1,-117,91,0,0,5.03,0.44,2.23,201.51599999999976
0,2,0,3,6,0,1,0,2,-92,-39,0,0,0,1,-111,89,0,0,5.03,0.44,2.23,202.54099999999977
0,2,0,3,5,0,1,0,2,-75,-27,0,0,0,1,-98,81,0,0,5.03,0.44,2.23,203.56599999999978
0,2,0,3,5,0,1,0,2,-54,-9,0,0,0,1,-79,64,0,0,5.03,0.44,2.23,204.59099999999978
0,2,0,2,4,0,1,0,2,-38,0,0,0,0,1,-54,47,0,0,5.03,0.44,2.23,205.6159999999998
0,2,0,2,4,0,1,0,2,-36,2,0,0,0,2,-47,38,0,0,5.03,0.44,2.23,206.6409999999998
0,2,0,0,3,0,1,0,2,-40,4,0,0,0,2,-25,14,0,0,5.03,0.44,2.23,207.6659999999998
0,2,0,0,2,0,1,0,2,-52,13,0,0,0,2,-10,-7,0,0,5.03,0.44,2.23,208.6909999999998
0,2,0,-1,2,0,1,0,2,-71,25,0,0,0,2,30,-5,0,0,5.03,0.44,2.23,209.7159999999998
0,2,0,-2,2,0,1,0,2,-76,29,0,0,0,3,38,-14,0,0,5.03,0.44,2.23,210.74099999999981
0,2,0,-3,4,0,1,0,2,-82,39,0,0,0,3,59,-19,0,0,5.03,0.44,2.23,211.76599999999982
0,2,0,-5,7,0,1,0,2,-74,37,0,0,0,3,64,-11,0,0,5.03,0.44,2.23,212.79099999999983
0,2,0,-7,9,0,0,0,2,-53,34,0,0,0,3,77,-8,0,0,5.03,0.44,2.23,213.81599999999983
0,2,0,-7,9,0,0,0,2,-41,32,0,0,0,2,78,-14,0,0,5.03,0.44,2.23,214.84099999999984
0,2,0,-8,8,0,0,0,2,-5,26,0,0,0,2,96,-41,0,0,5.03,0.44,2.23,215.86599999999984
0,2,0,-11,5,0,0,-1,2,33,30,0,0,0,3,114,-69,0,0,5.03,0.44,2.23,216.89099999999985
0,2,0,-14,3,0,0,-1,2,62,30,0,0,0,3,137,-82,0,0,5.03,0.44,2.23,217.91599999999985
0,2,0,-15,3,0,0,0,2,72,31,0,0,0,3,132,-85,0,0,5.03,0.44,2.23,218.94099999999986
0,2,0,-17,2,0,0,0,2,87,27,0,0,0,3,130,-46,0,0,5.03,0.44,2.23,219.96599999999987
0,2,0,-19,2,0,0,0,2,100,26,0,1,0,3,149,-6,0,0,5.03,0.44,2.23,220.98899999999986
0,2,0,-20,1,0,0,0,1,112,27,0,0,0,3,190,-16,0,0,5.03,0.44,2.23,222.01199999999986
0,2,0,-19,0,0,0,0,1,117,25,0,0,0,3,187,-24,0,0,5.03,0.44,2.23,223.03499999999985
0,2,0,-18,-1,0,0,0,1,133,15,0,0,1,3,164,-58,0,0,5.03,0.44,2.23,224.05799999999985
0,2,0,-15,-3,0,1,0,1,155,14,0,0,0,3,153,-72,0,0,5.03,0.44,2.23,225.08099999999985
0,2,0,-12,-4,0,1,0,1,154,17,0,0,0,3,165,-88,0,0,5.03,0.44,2.23,226.10399999999984
0,2,0,-11,-5,0,1,0,1,146,18,0,0,0,3,169,-75,0,0,5.03,0.44,2.23,227.12699999999984
0,2,0,-7,-5,0,1,0,2,117,14,0,0,0,3,172,-59,0,0,5.03,0.44,2.23,228.14999999999984
0,2,0,-4,-6,0,1,0,1,82,28,0,0,1,3,170,-62,0,0,5.03,0.44,2.23,229.17299999999983
0,2,0,-1,-7,0,1,1,1,60,55,0,0,1,3,174,-57,0,0,5.03,0.44,2.23,230.19599999999983
0,2,0,0,-6,0,1,1,2,55,62,0,0,1,3,179,-54,0,0,5.03,0.44,2.23,231.21899999999982
0,2,0,2,-6,0,0,1,2,35,56,0,0,1,3,188,-49,0,0,5.03,0.44,2.23,232.24199999999982
0,2,0,4,-5,0,0,1,2,6,39,0,0,1,2,172,-36,0,0,5.03,0.44,2.23,233.26499999999982
0,2,0,5,-4,0,0,1,2,-28,17,0,0,1,2,151,-26,0,0,5.03,0.44,2.23,234.2879999999998
0,2,0,5,-3,0,0,1,2,-41,14,0,0,1,2,145,-27,0,0,5.03,0.44,2.23,235.3109999999998
0,2,0,6,-1,0,1,1,2,-69,20,0,0,1,2,119,-23,0,0,5.03,0.44,2.23,236.3339999999998
0,2,0,6,0,0,0,0,2,-81,52,0,0,1,2,99,-24,0,0,5.03,0.44,2.23,237.3569999999998
0,2,0,5,2,0,0,0,2,-78,78,0,0,1,2,59,-15,0,0,5.03,0.44,2.23,238.3799999999998
0,2,0,3,3,0,0,0,3,-70,75,0,0,1,1,15,-11,0,0,5.03,0.44,2.23,239.4029999999998
0,2,0,3,3,0,0,0,3,-64,62,0,0,1,1,-1,-6,0,0,5.03,0.44,2.23,240.4259999999998
0,2,0,1,3,0,0,0,3,-54,10,0,0,1,1,-23,-18,0,0,5.03,0.44,2.23,241.44899999999978
0,2,0,0,3,0,0,0,3,-46,-21,0,0,1,1,-50,-23,0,0,5.03,0.45,2.31,242.5109999999998
0,2,0,0,2,0,0,0,3,-39,-9,0,0,1,1,-72,-12,0,0,5.03,0.45,2.31,243.5729999999998
0,2,0,0,2,0,0,0,3,-37,-3,0,0,1,1,-78,-4,0,0,5.03,0.45,2.31,244.63499999999982
0,2,0,0,0,0,0,0,3,-30,12,0,1,2,1,-97,37,0,0,5.03,0.45,2.31,245.69699999999983
0,2,0,0,0,0,0,0,3,-29,10,0,1,1,1,-110,90,0,0,5.03,0.45,2.31,246.75899999999984
0,2,0,-1,0,0,0,0,3,-30,6,0,0,0,1,-122,86,0,0,5.03,0.45,2.31,247.82099999999986
0,2,0,-1,0,0,0,0,3,-32,4,0,0,0,1,-128,78,0,0,5.03,0.45,2.31,248.88299999999987
0,2,0,-3,0,0,0,0,3,-34,0,0,0,0,2,-134,48,0,0,5.03,0.45,2.31,249.94499999999988
0,2,0,-5,-1,0,0,0,3,-33,0,0,0,1,2,-120,8,0,0,5.03,0.45,2.31,251.0069999999999
0,2,0,-7,-1,0,0,0,3,-28,1,0,0,1,2,-128,-11,0,0,5.03,0.45,2.31,252.0689999999999
0,2,0,-7,0,0,0,0,3,-25,0,0,0,0,1,-138,-23,0,0,5.03,0.45,2.31,253.13099999999991
0,2,0,-8,0,0,0,0,3,-21,-7,0,0,0,1,-156,-24,0,0,5.03,0.45,2.31,254.19299999999993
0,2,0,-8,0,0,0,0,2,-17,-31,0,0,0,1,-144,2,0,0,5.03,0.45,2.31,255.25499999999994
0,2,0,-8,0,0,0,0,2,-5,-56,0,0,0,1,-145,2,0,0,5.03,0.45,2.31,256.31699999999995
0,2,0,-8,-1,0,0,0,2,2,-65,0,0,0,1,-140,2,0,0,5.03,0.45,2.31,257.37899999999996
0,2,0,-8,-3,0,1,0,2,23,-76,0,0,0,2,-134,10,0,0,5.03,0.45,2.31,258.441
0,2,0,-8,-4,0,1,0,2,32,-78,0,0,0,2,-132,23,0,0,5.03,0.45,2.31,259.503
0,2,0,-8,-4,0,1,0,2,28,-75,0,0,0,2,-135,28,0,0,5.03,0.45,2.31,260.565
0,2,0,-8,-4,0,1,0,2,29,-78,0,0,0,2,-135,29,0,0,5.03,0.45,2.31,261.627
0,2,0,-8,-4,0,1,0,2,29,-88,0,0,0,1,-137,29,0,0,5.03,0.45,2.31,262.689
0,2,0,-6,-5,0,1,0,2,32,-96,0,0,0,1,-141,36,0,0,5.03,0.45,2.31,263.75100000000003
0,2,0,-5,-6,0,1,0,2,29,-95,0,0,0,1,-140,49,0,0,5.03,0.44,2.23,264.77700000000004
0,2,0,-4,-7,0,1,0,2,28,-90,0,0,0,1,-137,52,0,0,5.03,0.44,2.23,265.80300000000005
0,2,0,-2,-8,0,1,0,2,20,-75,0,0,0,1,-126,64,0,0,5.03,0.44,2.23,266.82900000000006
0,2,0,-1,-10,0,1,0,2,11,-70,0,0,0,1,-110,71,0,0,5.03,0.44,2.23,267.8550000000001
0,2,0,-1,-11,0,1,0,2,3,-68,0,0,0,1,-89,55,0,0,5.03,0.44,2.23,268.8810000000001
0,2,0,-1,-12,0,1,0,2,-1,-64,0,0,0,1,-84,47,0,0,5.03,0.44,2.23,269.9070000000001
0,2,0,-2,-13,0,1,0,2,-12,-46,0,0,0,1,-74,30,0,0,5.03,0.44,2.23,270.9330000000001
0,2,0,-3,-13,0,1,0,2,-26,-22,0,0,0,2,-62,14,0,0,5.03,0.44,2.23,271.9590000000001
0,2,0,-4,-13,0,1,1,2,-41,5,0,0,0,1,-59,9,0,0,5.03,0.44,2.23,272.9850000000001
0,2,0,-3,-12,0,1,1,2,-57,30,0,0,0,2,-39,9,0,0,5.03,0.44,2.23,274.01100000000014
0,2,0,-3,-11,0,1,1,2,-62,38,0,0,0,2,-40,10,0,0,5.03,0.44,2.23,275.03700000000015
0,2,0,-2,-10,0,1,1,1,-77,56,0,0,0,2,-17,0,0,0,5.03,0.44,2.23,276.06300000000016
0,2,0,-2,-8,0,1,0,1,-86,67,0,0,0,2,9,-17,0,0,5.03,0.44,2.23,277.08900000000017
0,2,0,-1,-7,0,0,0,1,-84,69,0,0,0,2,32,-27,0,0,5.03,0.44,2.23,278.1150000000002
0,2,0,-1,-7,0,0,0,1,-78,63,0,0,0,2,46,-28,0,0,5.03,0.44,2.23,279.1410000000002
0,2,0,-1,-6,0,0,0,2,-57,54,0,0,0,2,69,-34,0,0,5.03,0.44,2.23,280.1670000000002
0,2,0,-2,-6,0,0,0,2,-31,33,0,1,0,3,85,-11,0,0,5.03,0.44,2.23,281.1930000000002
0,2,0,-3,-6,0,0,0,2,2,14,0,0,0,3,101,-1,0,0,5.03,0.44,2.23,282.2190000000002
0,2,0,-3,-6,0,0,0,2,13,9,0,0,0,3,112,-3,0,0,5.03,0.44,2.23,283.24500000000023
0,2,0,-3,-3,0,0,0,2,43,3,0,0,0,3,130,-12,0,0,5.03,0.44,2.23,284.27100000000024
0,2,0,-4,0,0,0,0,2,61,-1,0,1,0,3,134,-8,0,0,5.03,0.44,2.23,285.29700000000025
0,2,0,-5,2,0,1,0,2,75,3,0,0,0,3,148,-11,0,0,5.03,0.46,2.35,286.37700000000024
0,2,0,-6,3,0,1,0,2,82,7,0,0,0,3,148,-8,0,0,5.03,0.46,2.35,287.4570000000002
0,2,0,-8,3,0,0,0,1,94,12,0,0,0,3,151,-3,0,0,5.03,0.46,2.35,288.5370000000002
0,2,0,-10,2,0,0,0,1,102,12,0,0,0,3,151,-18,0,0,5.03,0.46,2.35,289.6170000000002
0,2,0,-12,1,0,0,0,1,102,-2,0,0,0,3,159,-16,0,0,5.03,0.46,2.35,290.6970000000002
0,2,0,-12,1,0,0,0,1,99,-8,0,0,0,3,151,-34,0,0,5.03,0.46,2.35,291.77700000000016
0,2,0,-14,0,0,1,0,1,87,-22,0,0,0,3,166,-42,0,0,5.03,0.46,2.35,292.85700000000014
0,2,0,-15,0,0,1,0,1,67,-26,0,0,0,3,175,-44,0,0,5.03,0.46,2.35,293.9370000000001
0,2,0,-16,-1,0,1,1,2,52,-3,0,0,0,3,187,-24,0,0,5.03,0.46,2.35,295.0170000000001
0,2,0,-16,-1,0,1,1,2,44,6,0,0,0,3,190,-18,0,0,5.03,0.46,2.35,296.0970000000001
0,2,0,-15,-3,0,1,1,2,25,30,0,0,1,3,186,-17,0,0,5.03,0.46,2.35,297.1770000000001
0,2,0,-13,-4,0,1,1,2,0,31,0,0,1,3,174,-20,0,0,5.03,0.46,2.35,298.25700000000006
0,2,0,-11,-5,0,1,1,2,-17,30,0,0,1,2,164,-13,0,0,5.03,0.46,2.35,299.33700000000005
0,2,0,-9,-5,0,1,1,2,-25,30,0,0,1,2,162,-7,0,0,5.03,0.46,2.35,300.41700000000003
0,2,0,-6,-5,0,1,1,2,-38,30,0,0,1,2,153,7,0,0,5.03,0.46,2.35,301.497
0,2,0,-1,-4,0,0,1,2,-47,38,0,0,1,2,133,16,0,0,5.03,0.46,2.35,302.577
0,2,0,1,-4,0,0,1,2,-53,45,0,0,1,2,106,31,0,0,5.03,0.46,2.35,303.657
0,2,0,2,-4,0,0,0,2,-52,44,0,0,1,1,92,25,0,0,5.03,0.46,2.35,304.73699999999997
0,2,0,5,-3,0,1,0,2,-52,56,0,0,1,1,57,11,0,0,5.03,0.46,2.35,305.81699999999995
0,2,0,7,-3,0,0,0,2,-53,55,0,0,1,1,14,-6,0,0,5.03,0.46,2.35,306.89699999999993
0,2,0,8,-1,0,0,0,3,-51,35,0,0,1,1,3,-18,0,0,5.03,0.46,2.35,307.9769999999999
0,2,0,8,-1,0,0,0,2,-48,30,0,0,1,1,-1,-12,0,1,5.04,0.46,2.36,309.0619999999999
0,2,0,8,0,0,0,0,3,-38,14,0,0,1,1,-23,-11,0,1,5.04,0.46,2.36,310.1469999999999
0,2,0,8,2,0,0,0,3,-27,3,0,0,1,1,-52,7,0,0,5.04,0.46,2.36,311.23199999999986
0,2,0,6,4,0,1,0,3,-16,6,0,0,1,1,-79,10,0,0,5.04,0.46,2.36,312.31699999999984
0,2,0,6,3,0,0,0,3,-14,6,0,0,1,1,-85,11,0,0,5.04,0.46,2.36,313.4019999999998
0,2,0,4,3,0,0,0,3,-12,15,0,0,1,1,-89,2,0,0,5.04,0.46,2.36,314.4869999999998
0,2,0,1,2,0,0,0,3,-5,18,0,0,1,1,-75,-8,0,0,5.04,0.46,2.36,315.5719999999998
0,2,0,0,0,0,0,0,3,1,14,0,0,0,1,-96,-13,0,0,5.04,0.46,2.36,316.65699999999975
0,2,0,-2,0,0,0,0,3,13,5,0,0,0,1,-102,-17,0,0,5.04,0.46,2.36,317.74199999999973
0,2,0,12,5,0,0,0,3,11,44,0,0,1,2,-40,23,0,0,5.04,0.47,2.37,318.8319999999997
0,2,0,11,5,0,0,0,2,8,39,0,0,1,2,-42,25,0,0,5.04,0.47,2.37,319.9219999999997
0,2,0,12,5,0,0,0,2,10,32,0,0,1,2,-58,31,0,0,5.04,0.47,2.37,321.01199999999966
0,2,0,12,4,0,0,0,2,22,26,0,0,1,1,-62,27,0,0,5.04,0.47,2.37,322.10199999999963
0,2,0,12,4,0,0,0,2,26,25,0,0,1,1,-66,19,0,0,5.04,0.49,2.48,323.24099999999964
0,2,0,11,4,0,0,0,2,40,21,0,0,1,1,-72,-7,0,0,5.04,0.49,2.48,324.37999999999965
0,2,0,11,2,0,1,0,3,50,17,0,0,1,1,-92,-27,0,0,5.04,0.49,2.48,325.51899999999966
0,2,0,10,1,0,1,0,3,57,8,0,0,1,1,-125,-45,0,0,5.04,0.49,2.48,326.6579999999997
0,2,0,11,0,0,1,0,3,54,1,0,0,1,1,-146,-32,0,0,5.04,0.49,2.48,327.7969999999997
0,2,0,9,0,0,0,1,2,33,-7,0,0,1,1,-173,-6,0,0,5.04,0.49,2.48,328.9359999999997
0,2,0,7,2,0,0,1,2,6,6,0,0,0,1,-147,-18,0,0,5.04,0.49,2.48,330.0749999999997
0,2,0,4,3,0,0,0,2,-7,20,0,0,0,1,-110,-25,0,0,5.04,0.49,2.48,331.2139999999997
0,2,0,3,3,0,0,1,2,-10,19,0,0,0,1,-105,-28,0,1,5.04,0.49,2.48,332.3529999999997
0,2,0,0,3,0,1,1,2,-7,-2,0,0,1,1,-121,-14,0,1,5.04,0.49,2.48,333.49199999999973
0,2,0,-1,1,0,0,1,2,0,-43,0,0,1,1,-149,4,0,0,5.04,0.49,2.48,334.63099999999974
0,2,0,-3,0,0,1,1,2,7,-66,0,0,0,1,-166,8,0,0,5.04,0.49,2.48,335.76999999999975
0,2,0,-3,0,0,1,1,2,10,-64,0,0,0,1,-168,12,0,0,5.04,0.49,2.48,336.90899999999976
0,2,0,-4,1,0,1,0,2,7,-20,0,0,0,1,-157,23,0,0,5.04,0.49,2.48,338.0479999999998
0,2,0,-5,2,0,1,0,2,0,13,0,0,0,1,-114,38,0,0,5.04,0.49,2.48,339.1869999999998
0,2,0,-7,4,0,0,0,2,3,6,0,0,0,2,-84,50,0,0,5.04,0.49,2.48,340.3259999999998
0,2,0,-7,3,0,0,0,2,4,-6,0,0,0,2,-79,54,0,0,5.04,0.49,2.48,341.4649999999998
0,2,0,-9,3,0,0,1,2,6,-48,0,0,0,2,-81,65,0,0,5.04,0.49,2.48,342.6039999999998
0,2,0,-11,1,0,0,1,3,5,-91,0,0,0,2,-80,68,0,0,5.04,0.49,2.48,343.7429999999998
0,2,0,-11,0,0,1,1,2,-5,-107,0,0,0,2,-82,46,0,0,5.04,0.49,2.48,344.88199999999983
0,2,0,-11,0,0,1,1,2,-12,-105,0,0,0,2,-81,37,0,0,5.04,0.49,2.48,346.02099999999984
0,2,0,-11,0,0,1,0,2,-31,-55,0,0,0,2,-83,33,0,0,5.03,0.45,2.3,347.08099999999985
0,2,0,-9,0,0,1,1,2,-40,0,0,0,0,1,-82,47,0,0,5.03,0.45,2.3,348.14099999999985
0,2,0,-6,-1,0,1,1,2,-45,26,0,0,0,1,-78,64,0,0,5.03,0.45,2.3,349.20099999999985
0,2,0,-5,-1,0,1,1,2,-46,30,0,0,0,1,-76,61,0,0,5.03,0.45,2.3,350.26099999999985
0,2,0,-3,0,0,1,0,2,-51,27,0,0,0,1,-73,60,0,0,5.03,0.45,2.3,351.32099999999986
0,2,0,-2,0,0,1,0,2,-60,16,0,0,0,1,-70,55,0,0,5.03,0.45,2.3,352.38099999999986
0,2,0,-1,1,0,1,0,2,-68,5,0,0,0,1,-71,46,0,0,5.03,0.45,2.3,353.44099999999986
0,2,0,-1,1,0,1,0,2,-69,-4,0,0,0,1,-75,43,0,0,5.03,0.45,2.3,354.50099999999986
0,2,0,-1,1,0,1,0,2,-69,-6,0,0,0,1,-76,44,0,0,5.03,0.45,2.3,355.56099999999986
0,2,0,0,0,0,1,0,2,-67,-3,0,0,0,1,-70,43,0,0,5.03,0.45,2.3,356.62099999999987
0,2,0,0,-2,0,1,0,2,-63,4,0,0,0,1,-57,47,0,0,5.03,0.45,2.3,357.68099999999987
0,2,0,0,-3,0,1,0,1,-62,8,0,0,0,2,-47,47,0,0,5.03,0.45,2.3,358.7409999999999
0,2,0,0,-3,0,1,0,1,-62,22,0,0,0,2,-28,49,0,0,5.03,0.45,2.3,359.8009999999999
0,2,0,0,-3,0,1,1,1,-56,38,0,0,0,2,-8,30,0,0,5.03,0.45,2.3,360.8609999999999
0,2,0,-1,-2,0,0,0,2,-44,48,0,0,0,2,29,19,0,0,5.03,0.45,2.3,362.9809999999999
0,2,0,-1,-2,0,0,0,2,-31,51,0,0,0,2,54,17,0,0,5.03,0.45,2.3,364.0409999999999
0,2,0,-1,-1,0,0,0,2,-19,37,0,0,0,3,81,-1,0,0,5.03,0.45,2.3,365.1009999999999
0,2,0,-2,0,0,0,0,2,-4,13,0,0,0,3,94,-12,0,0,5.03,0.45,2.3,366.1609999999999
0,2,0,-3,0,0,0,0,2,0,5,0,0,0,3,91,-31,0,0,5.03,0.45,2.3,367.2209999999999
0,2,0,-5,0,0,0,0,2,18,-1,0,0,0,3,100,-13,0,0,5.03,0.45,2.3,368.2809999999999
0,2,0,-8,0,0,0,0,2,30,5,0,0,0,3,101,-18,0,0,5.04,0.46,2.32,369.3499999999999
0,2,0,-10,0,0,1,0,2,40,24,0,0,0,3,124,-20,0,0,5.04,0.46,2.32,370.4189999999999
0,2,0,-10,0,0,1,0,2,41,31,0,0,0,3,123,-24,0,0,5.04,0.46,2.32,371.48799999999994
0,2,0,-11,0,0,0,0,2,48,32,0,0,0,3,124,-50,0,0,5.04,0.46,2.32,372.55699999999996
0,2,0,-12,-2,0,1,0,2,55,27,0,0,0,3,115,-75,0,0,5.04,0.46,2.32,373.626
0,3,0,-14,-5,0,0,0,2,67,35,0,0,0,3,141,-70,0,0,5.04,0.46,2.32,374.695
0,3,0,-15,-6,0,0,0,2,70,34,0,0,0,3,148,-48,0,0,5.04,0.46,2.32,375.764
0,3,0,-17,-6,0,0,0,2,67,13,0,0,0,4,171,-55,0,0,5.04,0.46,2.32,376.833
0,3,0,-19,-6,0,0,0,2,68,-5,0,0,1,3,167,-92,0,0,5.04,0.46,2.32,377.90200000000004
0,2,0,-20,-4,0,1,0,2,65,-12,0,0,1,3,163,-80,0,0,5.04,0.46,2.32,378.97100000000006
0,2,0,-20,-4,0,1,1,2,63,-13,0,0,1,3,163,-74,0,0,5.04,0.46,2.32,380.0400000000001
0,2,0,-18,-5,0,1,1,2,46,-5,0,0,1,3,174,-67,0,0,5.04,0.46,2.32,381.1090000000001
0,2,0,-15,-6,0,1,0,2,25,17,0,0,1,3,184,-45,0,0,5.04,0.46,2.32,382.1780000000001
0,2,0,-11,-6,0,1,1,2,2,29,0,0,1,2,183,-28,0,0,5.04,0.46,2.32,383.2470000000001
0,2,0,-10,-5,0,1,1,2,-4,31,0,0,1,2,180,-25,0,0,5.04,0.46,2.32,384.31600000000014
0,2,0,-7,-3,0,0,1,2,-18,35,0,0,1,2,169,-24,0,0,5.04,0.46,2.32,385.38500000000016
0,2,0,-4,0,0,0,1,2,-30,33,0,0,1,2,158,-24,0,0,5.04,0.46,2.32,386.4540000000002
0,2,0,-1,1,0,0,1,2,-45,28,0,0,1,2,138,-18,0,0,5.04,0.46,2.32,387.5230000000002
0,2,0,1,2,0,0,0,2,-50,41,0,0,1,1,110,-3,0,0,5.04,0.46,2.32,388.5920000000002
0,2,0,2,2,0,0,0,2,-51,47,0,0,1,1,96,0,0,0,5.04,0.46,2.32,389.66100000000023
0,2,0,5,2,0,0,0,2,-53,52,0,0,1,1,58,-4,0,0,5.04,0.46,2.32,390.73000000000025
0,2,0,8,1,0,0,0,2,-51,53,0,0,1,1,22,-6,0,0,5.04,0.48,2.46,391.8610000000002
0,2,0,11,1,0,0,0,2,-45,49,0,0,1,1,-21,-29,0,0,5.04,0.48,2.46,392.9920000000002
0,2,0,12,1,0,0,0,3,-39,42,0,0,2,2,-24,-11,0,0,5.04,0.48,2.46,394.12300000000016
0,2,0,13,1,0,0,0,3,-22,21,0,0,1,1,-20,-12,0,0,5.04,0.48,2.46,395.25400000000013
0,2,0,14,2,0,0,0,3,-8,-2,0,0,1,1,-41,-1,0,0,5.04,0.48,2.46,396.3850000000001
0,2,0,14,2,0,0,0,3,-4,-8,0,0,1,1,-47,-7,0,0,5.04,0.48,2.46,397.5160000000001
0,2,0,15,3,0,0,0,3,-1,-16,0,0,2,1,-74,12,0,0,5.04,0.48,2.46,398.64700000000005
0,2,0,14,5,0,0,0,3,-5,-3,0,0,1,1,-106,28,0,0,5.04,0.48,2.46,399.778
0,2,0,14,6,0,0,0,3,-13,11,0,0,1,1,-99,26,0,0,5.04,0.48,2.46,400.909
0,2,0,13,6,0,0,0,3,-8,21,0,0,0,1,-119,24,0,0,5.04,0.48,2.46,402.03999999999996
0,2,0,12,5,0,0,0,3,-7,24,0,0,1,1,-112,35,0,0,5.04,0.48,2.46,403.17099999999994
0,2,0,11,4,0,0,0,3,-9,17,0,0,0,1,-119,36,0,0,5.04,0.48,2.46,404.3019999999999
0,2,0,10,2,0,0,0,3,-15,5,0,0,0,1,-114,36,0,0,5.04,0.48,2.46,405.4329999999999
0,2,0,9,1,0,0,0,2,-16,4,0,0,1,1,-98,27,0,0,5.04,0.48,2.46,406.56399999999985
0,2,0,6,0,0,0,0,2,-20,0,0,0,0,1,-122,9,0,0,5.04,0.48,2.46,407.6949999999998
0,2,0,3,-1,0,0,0,2,-26,-6,0,0,0,1,-139,0,0,0,5.04,0.48,2.46,408.8259999999998
0,3,0,0,-2,0,0,0,2,-22,-19,0,0,0,1,-156,-1,0,0,5.04,0.48,2.46,409.95699999999977
0,3,0,-2,-3,0,0,0,2,-20,-23,0,0,0,1,-153,0,0,0,5.04,0.48,2.46,411.08799999999974
0,3,0,-5,-3,0,0,0,3,-13,-34,0,0,0,1,-157,16,0,0,5.04,0.48,2.46,412.2189999999997
0,3,0,-8,-4,0,0,0,3,-10,-44,0,0,0,1,-169,34,0,0,5.04,0.48,2.46,413.3499999999997
0,2,0,-11,-4,0,1,0,3,-15,-59,0,0,0,1,-164,37,0,0,5.04,0.48,2.46,414.48099999999965
0,2,0,-12,-5,0,1,0,3,-15,-64,0,0,0,1,-161,35,0,0,5.03,0.43,2.18,415.4849999999997
0,2,0,-13,-7,0,0,0,2,-15,-75,0,0,0,1,-148,27,0,0,5.03,0.43,2.18,416.4889999999997
0,2,0,-13,-8,0,1,0,2,-10,-80,0,0,0,1,-136,28,0,0,5.03,0.43,2.18,417.4929999999997
0,2,0,-13,-7,0,1,0,2,-3,-80,0,0,0,1,-133,40,0,0,5.03,0.43,2.18,418.49699999999973
0,2,0,-13,-7,0,1,0,2,-1,-84,0,0,0,1,-133,44,0,0,5.03,0.43,2.18,419.50099999999975
0,2,0,-13,-3,0,1,1,2,6,-97,0,0,0,1,-133,61,0,0,5.03,0.43,2.18,420.50499999999977
0,2,0,-12,0,0,1,1,2,2,-91,0,0,0,1,-135,69,0,0,5.03,0.43,2.18,421.5089999999998
0,2,0,-11,4,0,1,1,2,-9,-69,0,0,0,1,-123,78,0,0,5.03,0.43,2.18,422.5129999999998
0,2,0,-9,6,0,1,1,2,-23,-46,0,0,0,1,-112,90,0,0,5.03,0.43,2.18,423.5169999999998
0,2,0,-8,7,0,1,0,2,-31,-40,0,0,0,1,-104,87,0,0,5.03,0.43,2.18,424.52099999999984
0,2,0,-6,8,0,1,0,2,-38,-22,0,0,0,1,-81,78,0,0,5.03,0.43,2.18,425.52499999999986
0,2,0,-5,8,0,1,0,2,-38,-19,0,0,0,1,-62,62,0,0,5.03,0.43,2.18,426.5289999999999
0,2,0,-5,7,0,1,0,2,-29,-29,0,0,0,1,-46,40,0,0,5.03,0.43,2.18,427.5329999999999
0,2,0,-5,6,0,1,0,2,-25,-36,0,0,0,1,-43,29,0,0,5.03,0.43,2.18,428.5369999999999
0,2,0,-5,4,0,1,0,2,-21,-47,0,0,0,2,-26,13,0,0,5.03,0.43,2.18,429.54099999999994
0,2,0,-4,2,0,1,0,2,-25,-38,0,0,0,2,-9,-4,0,0,5.03,0.43,2.18,430.54499999999996
0,2,0,-3,0,0,1,1,2,-42,-9,0,0,0,2,6,-8,0,0,5.03,0.43,2.18,431.549
0,2,0,-3,-1,0,1,1,2,-47,1,0,0,0,2,18,-6,0,0,5.03,0.43,2.18,432.553
0,2,0,-2,-1,0,1,1,2,-63,17,0,0,0,2,44,-5,0,0,5.03,0.43,2.18,433.557
0,2,0,-2,-1,0,1,0,2,-68,19,0,0,0,2,60,-24,0,0,5.03,0.43,2.18,434.56100000000004
0,2,0,-2,0,0,0,0,2,-64,11,0,0,0,2,70,-24,0,0,5.03,0.43,2.18,435.56500000000005
0,2,0,-2,1,0,0,0,2,-60,9,0,0,0,2,71,-19,0,0,5.04,0.47,2.41,436.6720000000001
0,2,0,-3,3,0,1,0,2,-46,12,0,0,0,3,86,1,0,0,5.04,0.47,2.41,437.7790000000001
0,2,0,-4,4,0,1,0,2,-23,12,0,0,0,3,88,15,0,0,5.04,0.47,2.41,438.88600000000014
0,2,0,-8,3,0,1,0,2,3,10,0,0,0,3,89,14,0,0,5.04,0.47,2.41,439.99300000000017
0,2,0,-9,3,0,0,0,2,13,9,0,0,0,3,88,14,0,0,5.04,0.47,2.41,441.1000000000002
0,2,0,-12,2,0,0,0,2,33,2,0,0,0,3,92,0,0,0,5.04,0.47,2.41,442.2070000000002
0,2,0,-16,1,0,0,0,2,47,-14,0,0,0,3,106,-18,0,0,5.04,0.47,2.41,443.31400000000025
0,2,0,-18,-1,0,1,0,2,53,-21,0,0,0,3,116,-24,0,0,5.04,0.47,2.41,444.4210000000003
0,2,0,-19,-2,0,1,0,2,57,-19,0,0,0,3,118,-21,0,0,5.04,0.47,2.41,445.5280000000003
0,2,0,-21,-6,0,1,0,1,71,-2,0,0,0,3,133,-21,0,0,5.04,0.47,2.41,446.63500000000033
0,2,0,-21,-7,0,1,0,1,82,14,0,0,0,3,129,-10,0,0,5.04,0.47,2.41,447.74200000000036
0,2,0,-22,-5,0,1,0,1,89,15,0,0,0,3,128,-30,0,0,5.04,0.47,2.41,448.8490000000004
0,2,0,-23,-4,0,1,0,1,92,14,0,0,0,3,130,-42,0,0,5.04,0.47,2.41,449.9560000000004
0,2,0,-25,0,0,1,0,1,99,3,0,0,1,3,131,-51,0,0,5.04,0.47,2.41,451.06300000000044
0,2,0,-26,1,0,1,0,1,94,-17,0,0,0,3,118,-72,0,0,5.04,0.47,2.41,452.17000000000047
0,2,0,-24,-1,0,1,0,1,85,-28,0,0,0,3,151,-57,0,0,5.04,0.47,2.41,453.2770000000005
0,2,0,-23,-2,0,1,0,1,82,-22,0,0,0,3,157,-53,0,0,5.04,0.47,2.41,454.3840000000005
0,2,0,-20,-7,0,1,0,1,68,3,0,0,1,3,166,-34,0,0,5.04,0.47,2.41,455.49100000000055
0,2,0,-17,-11,0,1,0,1,47,37,0,0,1,3,165,-26,0,0,5.04,0.47,2.41,456.5980000000006
0,2,0,-13,-11,0,1,1,1,33,53,0,0,1,2,151,-35,0,0,5.04,0.47,2.41,457.7050000000006
0,2,0,-12,-10,0,1,1,1,27,57,0,0,1,2,146,-40,0,0,5.04,0.47,2.41,458.81200000000064
0,2,0,-8,-8,0,1,0,2,17,76,0,0,1,2,132,-45,0,0,5.04,0.46,2.36,459.8990000000006
0,2,0,-5,-5,0,1,1,2,12,104,0,0,1,2,107,-20,0,0,5.04,0.46,2.36,460.9860000000006
0,2,0,-2,-3,0,0,1,2,2,126,0,0,1,2,75,-16,0,0,5.04,0.46,2.36,462.0730000000006
0,2,0,1,-2,0,0,1,2,-11,132,0,0,1,2,36,-35,0,0,5.04,0.46,2.36,463.1600000000006
0,2,0,5,-1,0,0,1,2,-21,131,0,0,1,1,-3,-54,0,0,5.04,0.46,2.36,464.2470000000006
0,2,0,8,-1,0,0,0,3,-30,124,0,0,2,2,-9,-32,0,0,5.04,0.46,2.36,465.3340000000006
0,2,0,9,0,0,0,1,3,-49,122,0,0,1,1,-16,-16,0,0,5.04,0.46,2.36,466.42100000000056
0,2,0,10,0,0,0,1,3,-58,115,0,0,1,1,-24,-13,0,0,5.04,0.46,2.36,467.50800000000055
0,2,0,10,1,0,0,1,3,-80,102,0,0,1,1,-56,0,0,0,5.04,0.46,2.36,468.59500000000054
0,2,0,9,3,0,0,1,3,-98,86,0,0,2,1,-106,14,0,0,5.04,0.46,2.36,469.6820000000005
0,2,0,9,5,0,0,0,3,-91,64,0,0,1,0,-143,35,0,0,5.04,0.46,2.36,470.7690000000005
0,2,0,7,8,0,0,0,3,-70,43,0,0,0,0,-173,51,0,0,5.04,0.46,2.36,471.8560000000005
0,2,0,7,9,0,0,0,3,-59,9,0,0,0,0,-177,58,0,0,5.04,0.46,2.36,472.9430000000005
0,2,0,6,10,0,0,0,3,-59,-10,0,0,0,1,-141,4,0,0,5.04,0.46,2.36,474.0300000000005
0,2,0,7,10,0,0,0,3,-57,-13,0,0,0,1,-126,-20,0,0,5.04,0.46,2.36,475.1170000000005
0,2,0,3,7,0,0,0,3,-55,-15,0,0,0,1,-123,-21,0,0,5.04,0.46,2.36,476.20400000000046
0,2,0,1,8,0,0,0,2,-50,-24,0,0,0,1,-114,-20,0,0,5.04,0.46,2.36,477.29100000000045
0,2,0,-1,7,0,0,0,2,-45,-43,0,0,0,1,-99,-3,0,0,5.04,0.46,2.36,478.37800000000044
0,2,0,-5,5,0,0,0,2,-41,-68,0,0,0,1,-93,14,0,0,5.04,0.46,2.36,479.46500000000043
0,2,0,-7,2,0,0,0,2,-40,-96,0,0,0,1,-85,23,0,0,5.04,0.46,2.36,480.5520000000004
0,2,0,-9,-1,0,1,0,2,-38,-113,0,0,0,2,-87,26,0,0,5.04,0.46,2.36,481.6390000000004
0,2,0,-11,-5,0,1,0,2,-33,-98,0,0,0,1,-95,36,0,0,5.03,0.43,2.21,482.6550000000004
0,2,0,-11,-8,0,0,0,2,-20,-103,0,0,0,1,-99,45,0,0,5.03,0.43,2.21,483.67100000000045
0,2,0,-11,-8,0,0,0,2,-15,-112,0,0,0,1,-90,51,0,0,5.03,0.43,2.21,484.68700000000047
0,2,0,-11,-9,0,0,0,2,2,-154,0,0,0,1,-102,61,0,0,5.03,0.43,2.21,485.7030000000005
0,2,0,-10,-8,0,1,0,3,22,-190,0,0,0,1,-107,83,0,0,5.03,0.43,2.21,486.7190000000005
0,2,0,-10,-7,0,1,0,2,32,-193,0,0,0,1,-111,94,0,0,5.03,0.43,2.21,487.7350000000005
0,2,0,-10,-6,0,1,0,2,26,-160,0,0,0,1,-111,91,0,0,5.03,0.43,2.21,488.75100000000054
0,2,0,-9,-7,0,1,0,2,11,-119,0,0,0,1,-114,90,0,0,5.03,0.43,2.21,489.76700000000056
0,2,0,-8,-7,0,1,0,2,-1,-93,0,0,0,1,-110,82,0,0,5.03,0.43,2.21,490.7830000000006
0,2,0,-5,-6,0,1,0,2,-4,-78,0,0,0,2,-98,77,0,0,5.03,0.43,2.21,491.7990000000006
0,2,0,-3,-3,0,2,0,2,-4,-67,0,0,0,2,-93,81,0,0,5.03,0.43,2.21,492.8150000000006
0,2,0,-1,0,0,2,1,2,-14,-49,0,0,0,2,-76,72,0,0,5.03,0.43,2.21,493.83100000000064
0,2,0,0,1,0,2,1,2,-36,-24,0,0,0,2,-46,52,0,0,5.03,0.43,2.21,494.84700000000066
0,2,0,0,2,0,2,1,2,-48,-19,0,0,0,2,-28,47,0,0,5.03,0.43,2.21,495.8630000000007
0,2,0,-1,0,0,1,1,1,-59,22,0,0,0,2,6,31,0,0,5.03,0.43,2.21,496.8790000000007
0,2,0,-1,-3,0,1,0,1,-57,49,0,0,0,2,46,15,0,0,5.03,0.43,2.21,497.8950000000007
0,2,0,-2,-5,0,1,0,1,-40,59,0,0,0,3,70,-2,0,0,5.03,0.43,2.21,498.91100000000074
0,2,0,-2,-5,0,1,0,1,-12,66,0,0,0,3,85,-20,0,0,5.03,0.43,2.21,499.92700000000076
0,2,0,-3,-4,0,1,0,2,14,58,0,0,0,3,111,-22,0,0,5.03,0.43,2.21,500.9430000000008
0,2,0,-3,-1,0,1,0,2,35,49,0,0,0,3,130,-13,0,0,5.03,0.43,2.21,501.9590000000008
0,2,0,-1,3,0,1,0,2,48,42,0,0,0,3,145,-2,0,0,5.03,0.43,2.21,502.9750000000008
0,2,0,-1,3,0,1,0,2,51,43,0,0,0,3,142,-16,0,0,5.03,0.45,2.28,504.0260000000008
0,2,0,-1,7,0,1,0,2,60,58,0,0,0,3,146,-43,0,0,5.03,0.45,2.28,505.0770000000008
0,3,0,-2,6,0,1,0,1,61,59,0,0,0,3,149,-70,0,0,5.03,0.45,2.28,506.1280000000008
0,3,0,-5,3,0,1,0,1,60,45,0,1,1,3,147,-53,0,0,5.03,0.45,2.28,507.17900000000077
0,2,0,-8,0,0,1,0,1,60,40,0,0,0,3,157,-58,0,0,5.03,0.45,2.28,508.23000000000076
0,2,0,-9,-1,0,1,0,1,62,54,0,0,0,3,160,-67,0,0,5.03,0.45,2.28,509.28100000000074
0,2,0,-8,0,0,1,0,1,60,53,0,0,1,3,163,-56,0,0,5.03,0.45,2.28,510.33200000000073
0,2,0,-7,4,0,1,1,2,49,50,0,0,0,3,170,-50,0,0,5.03,0.45,2.28,511.3830000000007
0,2,0,-9,9,0,1,1,2,33,70,0,0,1,3,184,-55,0,0,5.03,0.45,2.28,512.4340000000008
0,3,0,-11,10,0,1,1,2,28,80,0,0,1,3,187,-56,0,0,5.03,0.45,2.28,513.4850000000008
0,2,0,-14,10,0,1,1,2,13,96,0,0,1,2,183,-50,0,0,5.03,0.45,2.28,514.5360000000009
0,2,0,-13,7,0,0,1,2,-2,99,0,0,1,2,165,-29,0,0,5.03,0.45,2.28,515.5870000000009
0,2,0,-10,4,0,0,1,2,-22,95,0,0,1,2,142,-6,0,0,5.03,0.45,2.28,516.6380000000009
0,2,0,-5,2,0,0,0,2,-43,90,0,0,1,2,122,17,0,0,5.03,0.45,2.28,517.689000000001
0,2,0,-1,1,0,0,0,2,-53,78,0,0,1,2,99,22,0,0,5.03,0.45,2.28,518.740000000001
0,2,0,2,2,0,0,0,2,-47,72,0,0,1,2,67,9,0,0,5.03,0.45,2.28,519.7910000000011
0,2,0,7,4,0,0,0,2,-45,68,0,0,1,1,32,-13,0,0,5.03,0.45,2.28,520.8420000000011
0,2,0,11,6,0,0,0,2,-51,59,0,0,1,1,-2,-32,0,0,5.03,0.45,2.28,521.8930000000012
0,2,0,13,9,0,0,0,3,-54,55,0,0,1,1,-26,-28,0,0,5.03,0.45,2.28,522.9440000000012
0,2,0,14,9,0,0,0,3,-54,53,0,0,1,1,-30,-35,0,0,5.03,0.45,2.28,523.9950000000013
0,2,0,15,10,0,0,0,3,-49,48,0,0,1,1,-39,-14,0,0,5.03,0.45,2.28,525.0460000000013
0,2,0,17,9,0,0,0,3,-37,38,0,0,1,1,-63,3,0,0,5.03,0.44,2.25,526.0810000000013
0,2,0,-13,2,0,1,1,2,57,-14,0,0,1,2,134,-18,0,0,5.03,0.43,2.2,527.0930000000012
0,2,0,-13,1,0,1,1,2,26,0,0,0,1,2,130,-22,0,0,5.03,0.43,2.2,528.1050000000012
0,2,0,-14,1,0,1,1,2,-3,30,0,0,1,2,121,-14,0,0,5.03,0.43,2.2,529.1170000000011
0,3,0,-16,1,0,1,1,2,-20,52,0,0,1,2,97,3,0,0,5.03,0.43,2.2,530.129000000001
0,2,0,-17,2,0,1,1,2,-26,56,0,0,1,2,80,12,0,0,5.03,0.43,2.2,531.141000000001
0,2,0,-18,2,0,0,0,2,-28,53,0,0,1,2,72,17,0,0,5.03,0.43,2.2,532.1530000000009
0,2,0,-18,3,0,0,0,2,-36,37,0,0,1,2,49,13,0,0,5.03,0.43,2.2,533.1650000000009
0,2,0,-16,3,0,0,0,2,-36,19,0,0,1,1,12,-3,0,0,5.03,0.43,2.2,534.1770000000008
0,2,0,-15,3,0,1,0,2,-25,12,0,0,2,1,-21,4,0,0,5.03,0.43,2.2,535.1890000000008
0,2,0,-15,4,0,0,0,2,-20,6,0,0,2,1,-32,-12,0,0,5.03,0.43,2.2,536.2010000000007
0,2,0,-13,5,0,0,0,3,-12,-21,0,0,2,1,-46,-6,0,0,5.03,0.43,2.2,537.2130000000006
0,2,0,-10,6,0,1,0,3,-6,-34,0,0,2,0,-87,17,0,0,5.03,0.43,2.2,538.2250000000006
0,2,0,-8,6,0,1,0,3,0,-26,0,0,1,1,-114,49,0,0,5.03,0.44,2.25,539.2630000000006
0,2,0,-7,6,0,1,0,3,-2,-21,0,0,1,1,-102,57,0,0,5.03,0.44,2.25,540.3010000000006
0,2,0,-4,5,0,0,0,3,-6,-13,0,0,0,1,-116,50,0,0,5.03,0.44,2.25,541.3390000000006
0,2,0,-1,4,0,0,0,3,-9,-8,0,0,0,1,-120,40,0,0,5.03,0.44,2.25,542.3770000000006
0,2,0,1,3,0,0,0,3,-7,-8,0,0,0,1,-119,17,0,0,5.03,0.44,2.25,543.4150000000006
0,2,0,1,3,0,0,0,3,-8,-7,0,0,0,1,-123,11,0,0,5.03,0.44,2.25,544.4530000000007
0,2,0,2,3,0,1,0,3,-10,-4,0,0,1,1,-126,6,0,0,5.03,0.44,2.25,545.4910000000007
0,2,0,3,3,0,1,0,3,-19,-10,0,0,1,1,-133,23,0,0,5.03,0.44,2.25,546.5290000000007
0,2,0,4,4,0,1,0,3,-23,-20,0,0,0,1,-137,39,0,0,5.03,0.44,2.25,547.5670000000007
0,2,0,4,4,0,1,0,3,-24,-30,0,0,0,1,-137,40,0,0,5.03,0.44,2.25,548.6050000000007
0,2,0,5,5,0,0,0,3,-25,-56,0,0,0,1,-143,22,0,1,5.03,0.44,2.25,549.6430000000007
0,2,0,7,5,0,1,0,3,-27,-78,0,0,0,1,-132,7,0,0,5.03,0.44,2.25,550.6810000000007
0,2,0,8,5,0,1,0,2,-26,-90,0,0,0,1,-134,1,0,0,5.03,0.44,2.25,551.7190000000007
0,2,0,8,5,0,1,0,2,-27,-94,0,0,0,1,-137,8,0,0,5.03,0.44,2.25,552.7570000000007
0,2,0,8,6,0,1,0,3,-29,-100,0,0,0,1,-140,28,0,1,5.03,0.44,2.25,553.7950000000008
0,2,0,7,6,0,1,0,3,-36,-92,0,0,0,1,-146,42,0,0,5.03,0.44,2.25,554.8330000000008
0,2,0,6,6,0,1,0,2,-44,-86,0,0,0,1,-149,46,0,0,5.03,0.44,2.25,555.8710000000008
0,2,0,5,6,0,1,0,2,-74,-44,0,0,0,1,-164,50,0,0,5.03,0.44,2.25,556.9090000000008
0,2,0,4,5,0,1,0,2,-86,-26,0,0,0,1,-159,43,0,0,5.03,0.44,2.25,557.9470000000008
0,2,0,3,4,0,1,0,2,-87,-32,0,0,0,1,-140,41,0,0,5.03,0.44,2.25,558.9850000000008
0,2,0,4,3,0,1,0,2,-83,-39,0,0,0,1,-133,44,0,0,5.03,0.44,2.25,560.0230000000008
0,2,0,3,1,0,1,0,2,-67,-51,0,0,0,1,-115,57,0,0,5.03,0.42,2.15,561.0130000000008
0,3,0,0,0,0,1,0,2,-71,-48,0,0,0,1,-102,66,0,0,5.03,0.42,2.15,562.0030000000008
0,3,0,-3,0,0,1,0,2,-74,-17,0,0,0,1,-93,76,0,0,5.03,0.42,2.15,562.9930000000008
0,3,0,-8,1,0,1,0,2,-73,-8,0,0,0,2,-85,78,0,0,5.03,0.42,2.15,563.9830000000009
0,2,0,-9,1,0,1,0,2,-72,-4,0,0,0,2,-80,75,0,0,5.03,0.42,2.15,564.9730000000009
0,2,0,-12,0,0,1,0,2,-66,3,0,0,0,2,-67,71,0,0,5.03,0.42,2.15,565.9630000000009
0,2,0,-13,0,0,1,0,2,-54,6,0,0,0,2,-55,63,0,0,5.03,0.42,2.15,566.9530000000009
0,2,0,-15,-3,0,1,0,2,-44,3,0,0,0,2,-47,42,0,0,5.03,0.42,2.15,567.9430000000009
0,2,0,-16,-6,0,1,0,2,-37,13,0,0,0,2,-36,22,0,0,5.03,0.42,2.15,568.9330000000009
0,2,0,-17,-7,0,1,0,2,-37,21,0,0,0,2,-25,22,0,0,5.03,0.42,2.15,569.9230000000009
0,2,0,-16,-9,0,1,0,1,-21,41,0,0,0,2,-11,20,0,0,5.03,0.42,2.15,570.9130000000009
0,2,0,-18,-7,0,1,0,1,-5,42,0,0,0,2,10,8,0,1,5.03,0.42,2.15,571.9030000000009
0,2,0,-18,-5,0,1,0,1,7,45,0,0,0,2,41,3,0,0,5.03,0.42,2.15,572.8930000000009
0,2,0,-17,-4,0,1,0,1,9,45,0,0,0,2,55,-7,0,0,5.03,0.42,2.15,573.883000000001
0,2,0,-17,-1,0,1,0,1,11,38,0,0,0,2,87,-36,0,0,5.03,0.42,2.15,574.873000000001
0,2,0,-15,0,0,1,0,1,16,32,0,0,0,3,108,-45,0,0,5.03,0.42,2.15,575.863000000001
0,2,0,-13,0,0,1,0,1,28,31,0,0,0,3,108,-32,0,0,5.03,0.42,2.15,576.853000000001
0,2,0,-13,-1,0,1,0,1,34,28,0,0,0,3,120,-16,0,0,5.03,0.42,2.15,577.843000000001
0,2,0,-11,-3,0,1,0,1,49,22,0,0,0,3,119,-26,0,0,5.03,0.42,2.15,578.833000000001
0,2,0,-8,-5,0,1,0,2,66,20,0,0,0,4,126,-39,0,0,5.03,0.42,2.15,579.823000000001
0,2,0,-6,-6,0,1,0,2,85,18,0,0,0,3,136,-66,0,0,5.03,0.42,2.15,580.813000000001
0,2,0,-6,-6,0,1,0,2,91,22,0,0,0,3,132,-66,0,0,5.04,0.46,2.36,581.900000000001
0,2,0,-5,-6,0,1,0,1,108,46,0,0,0,3,139,-62,0,0,5.04,0.46,2.36,582.987000000001
0,2,0,-4,-5,0,0,0,1,121,44,0,0,0,3,154,-55,0,0,5.04,0.46,2.36,584.074000000001
0,2,0,-3,-5,0,0,0,2,117,17,0,0,0,3,163,-64,0,0,5.04,0.46,2.36,585.161000000001
0,2,0,-2,-5,0,0,0,2,115,11,0,0,0,3,161,-67,0,0,5.04,0.46,2.36,586.248000000001
0,2,0,0,-6,0,1,0,1,107,15,0,0,0,3,162,-80,0,0,5.04,0.46,2.36,587.335000000001
0,2,0,1,-7,0,1,1,1,83,26,0,0,0,3,169,-94,0,0,5.04,0.46,2.36,588.4220000000009
0,2,0,2,-7,0,1,1,1,55,51,0,0,0,3,169,-97,0,0,5.04,0.46,2.36,589.5090000000009
0,2,0,2,-6,0,1,0,1,48,63,0,0,1,3,170,-85,0,0,5.04,0.46,2.36,590.5960000000009
0,2,0,3,-6,0,1,1,2,24,74,0,0,1,2,160,-64,0,0,5.04,0.46,2.36,591.6830000000009
0,2,0,2,-5,0,1,1,2,0,102,0,0,1,2,151,-36,0,0,5.04,0.46,2.36,592.7700000000009
0,2,0,0,-5,0,1,1,2,-34,115,0,0,1,2,147,-21,0,0,5.04,0.46,2.36,593.8570000000009
0,3,0,-3,-6,0,0,1,2,-57,119,0,0,1,2,135,-11,0,1,5.04,0.46,2.36,594.9440000000009
0,3,0,-6,-7,0,0,0,2,-63,95,0,0,1,2,115,-4,0,1,5.04,0.46,2.36,596.0310000000009
0,3,0,-9,-4,0,0,0,2,-63,70,0,0,1,2,83,-7,0,0,5.04,0.46,2.36,597.1180000000008
0,3,0,-11,0,0,0,0,2,-63,47,0,0,1,2,45,-18,0,0,5.04,0.46,2.36,598.2050000000008
0,2,0,-12,3,0,0,0,2,-54,38,0,0,1,2,3,-29,0,0,5.04,0.46,2.36,599.2920000000008
0,2,0,-12,2,0,0,0,3,-36,20,0,0,1,1,-27,-17,0,0,5.04,0.46,2.36,600.3790000000008
0,2,0,-10,0,0,0,0,3,-26,7,0,0,2,1,-52,18,0,1,5.04,0.46,2.36,601.4660000000008
0,2,0,-9,-2,0,0,0,3,-25,5,0,0,1,1,-66,25,0,1,5.04,0.46,2.36,602.5530000000008
0,2,0,-7,-3,0,0,0,3,-23,8,0,0,1,1,-100,46,0,0,5.04,0.46,2.36,603.6400000000008
0,2,0,-4,-2,0,0,0,2,-16,4,0,0,1,1,-147,59,0,0,5.04,0.48,2.46,604.7730000000008
0,2,0,-1,0,0,0,0,2,-12,-3,0,0,0,1,-158,59,0,0,5.04,0.48,2.46,605.9060000000009
0,2,0,1,1,0,0,0,3,-7,-9,0,0,0,1,-155,68,0,0,5.04,0.48,2.46,607.0390000000009
0,2,0,2,2,0,1,0,3,-12,-24,0,0,1,1,-149,54,0,0,5.04,0.48,2.46,608.1720000000009
0,2,0,4,3,0,1,0,3,-22,-25,0,0,0,1,-152,43,0,0,5.04,0.48,2.46,609.305000000001
0,2,0,6,4,0,1,0,3,-32,-20,0,0,0,1,-160,41,0,0,5.04,0.48,2.46,610.438000000001
0,2,0,8,3,0,0,0,2,-34,-24,0,0,0,1,-172,53,0,0,5.04,0.48,2.46,611.571000000001
0,2,0,8,3,0,0,0,2,-35,-28,0,0,0,1,-175,58,0,0,5.04,0.48,2.46,612.7040000000011
0,2,0,8,1,0,0,0,3,-32,-42,0,0,0,1,-162,65,0,0,5.04,0.48,2.46,613.8370000000011
0,2,0,8,0,0,0,0,3,-25,-58,0,0,0,2,-155,37,0,0,5.04,0.48,2.46,614.9700000000012
0,2,0,7,0,0,1,0,3,-26,-81,0,0,0,2,-154,23,0,0,5.04,0.48,2.46,616.1030000000012
0,2,0,5,-1,0,1,0,3,-34,-93,0,0,0,2,-162,25,0,0,5.04,0.48,2.46,617.2360000000012
0,2,0,2,-1,0,1,0,3,-41,-69,0,0,0,1,-159,30,0,0,5.04,0.48,2.46,618.3690000000013
0,2,0,0,0,0,1,0,3,-48,-61,0,0,0,1,-139,23,0,0,5.04,0.48,2.46,619.5020000000013
0,2,0,-1,0,0,1,0,3,-48,-63,0,0,0,1,-128,21,0,0,5.04,0.48,2.46,620.6350000000014
0,2,0,-1,0,0,1,0,3,-47,-68,0,0,0,1,-123,25,0,0,5.04,0.48,2.46,621.7680000000014
0,2,0,-2,1,0,1,0,2,-48,-65,0,0,0,1,-119,33,0,0,5.04,0.48,2.46,622.9010000000014
0,2,0,-2,1,0,1,0,2,-57,-57,0,0,0,1,-106,32,0,0,5.04,0.48,2.46,624.0340000000015
0,2,0,-3,0,0,1,0,2,-66,-36,0,0,0,1,-92,36,0,0,5.04,0.48,2.46,625.1670000000015
0,2,0,-4,-2,0,1,0,2,-66,-24,0,0,0,1,-76,25,0,0,5.04,0.48,2.46,626.3000000000015
0,2,0,-5,-4,0,1,0,2,-65,-10,0,0,0,1,-60,20,0,0,5.04,0.48,2.46,627.4330000000016
0,2,0,-6,-6,0,1,0,2,-63,-4,0,0,0,1,-37,15,0,0,5.04,0.46,2.35,628.5170000000015
0,2,0,-8,-7,0,1,0,2,-68,1,0,0,0,1,-14,2,0,0,5.04,0.46,2.35,629.6010000000015
0,2,0,-11,-8,0,1,0,2,-74,-2,0,0,0,1,10,-17,0,0,5.04,0.46,2.35,630.6850000000014
0,2,0,-12,-8,0,1,0,2,-75,-9,0,0,0,2,26,-39,0,0,5.04,0.46,2.35,631.7690000000014
0,2,0,-11,-6,0,1,0,2,-80,-4,0,0,0,2,41,-65,0,0,5.04,0.46,2.35,632.8530000000013
0,2,0,-10,-4,0,1,0,2,-83,2,0,0,0,2,57,-57,0,0,5.04,0.46,2.35,633.9370000000013
0,2,0,-9,1,0,1,0,2,-76,8,0,1,0,2,72,-10,0,0,5.04,0.46,2.35,635.0210000000012
0,2,0,-8,4,0,1,0,2,-60,8,0,0,0,2,92,18,0,0,5.04,0.46,2.35,636.1050000000012
0,2,0,-6,5,0,1,0,1,-46,0,0,0,0,2,108,1,0,0,5.04,0.46,2.35,637.1890000000011
0,2,0,-6,5,0,1,0,1,-40,-1,0,0,0,2,114,-9,0,0,5.04,0.46,2.35,638.273000000001
0,2,0,-4,4,0,1,0,2,-18,7,0,0,0,3,107,-50,0,0,5.04,0.46,2.35,639.357000000001
0,2,0,-4,3,0,1,0,2,9,16,0,0,0,2,101,-58,0,0,5.04,0.46,2.35,640.4410000000009
0,2,0,-5,3,0,1,0,2,31,19,0,0,0,2,110,-41,0,0,5.04,0.46,2.35,641.5250000000009
0,2,0,-5,5,0,1,0,2,44,23,0,0,0,2,118,-17,0,0,5.04,0.46,2.35,642.6090000000008
0,2,0,-5,8,0,1,0,2,61,38,0,0,0,3,140,-21,0,0,5.04,0.46,2.35,643.6930000000008
0,2,0,-5,8,0,1,0,2,75,42,0,0,0,3,130,-32,0,0,5.04,0.46,2.35,644.7770000000007
0,2,0,-6,8,0,1,0,2,80,39,0,0,0,3,131,-28,0,0,5.04,0.46,2.35,645.8610000000007
0,2,0,-10,5,0,1,0,2,92,37,0,0,0,3,119,-43,0,0,5.04,0.46,2.35,646.9450000000006
0,2,0,-14,1,0,1,0,2,105,33,0,1,0,3,126,-24,0,0,5.04,0.46,2.35,648.0290000000006
0,2,0,-18,0,0,0,0,2,115,16,0,0,0,3,144,-25,0,0,5.04,0.46,2.35,649.1130000000005
0,2,0,-19,0,0,1,0,1,128,0,0,0,0,3,157,-33,0,0,5.04,0.46,2.35,650.1970000000005
0,2,0,-18,-2,0,1,0,1,140,2,0,0,0,3,165,-43,0,0,5.03,0.44,2.21,651.2180000000004
0,2,0,-20,-6,0,1,0,1,146,12,0,0,1,3,163,-45,0,0,5.03,0.44,2.21,652.2390000000004
0,2,0,-20,-7,0,1,0,1,145,20,0,0,0,3,139,-41,0,0,5.03,0.44,2.21,653.2600000000003
0,3,0,-22,-8,0,1,0,1,138,40,0,0,1,3,144,-41,0,0,5.03,0.44,2.21,654.2810000000003
0,3,0,-22,-6,0,0,0,1,132,62,0,0,1,2,130,-46,0,0,5.03,0.44,2.21,655.3020000000002
0,2,0,-21,-2,0,0,1,2,128,78,0,0,1,3,124,-42,0,0,5.03,0.44,2.21,656.3230000000002
0,2,0,-19,-2,0,0,1,2,120,63,0,0,1,2,121,-35,0,0,5.03,0.44,2.21,657.3440000000002
0,2,0,-16,-5,0,1,1,2,90,71,0,0,1,2,108,-29,0,0,5.03,0.44,2.21,658.3650000000001
0,2,0,-12,-8,0,1,1,2,63,92,0,0,1,2,81,-28,0,0,5.03,0.44,2.21,659.3860000000001
0,2,0,-9,-8,0,1,1,2,39,112,0,0,1,2,58,-23,0,0,5.03,0.44,2.21,660.407
0,2,0,-6,-6,0,0,1,2,21,138,0,0,1,1,32,-28,0,0,5.03,0.44,2.21,661.428
0,2,0,-3,-3,0,0,1,2,-4,136,0,0,1,1,10,-17,0,0,5.03,0.44,2.21,662.449
0,2,0,0,0,0,0,1,2,-33,89,0,0,1,1,-7,-8,0,0,5.03,0.44,2.21,663.4699999999999
0,2,0,1,2,0,0,0,2,-36,43,0,0,2,1,-32,-13,0,0,5.03,0.44,2.21,664.4909999999999
0,2,0,1,2,0,0,1,2,-34,23,0,0,2,1,-42,-14,0,0,5.03,0.44,2.21,665.5119999999998
0,2,0,3,2,0,0,0,2,-28,13,0,0,1,1,-68,-10,0,0,5.03,0.44,2.21,666.5329999999998
0,2,0,6,1,0,0,0,2,-29,12,0,0,1,1,-108,4,0,0,5.03,0.44,2.21,667.5539999999997
0,2,0,10,0,0,0,0,3,-34,12,0,0,1,1,-127,9,0,0,5.03,0.44,2.21,668.5749999999997
0,2,0,13,-2,0,0,0,3,-40,-6,0,0,1,1,-127,35,0,0,5.03,0.44,2.21,669.5959999999997
0,2,0,15,-2,0,0,0,3,-51,-14,0,1,1,2,-137,46,0,0,5.03,0.44,2.21,670.6169999999996
0,2,0,17,-3,0,0,0,3,-60,-11,0,0,0,2,-146,31,0,0,5.03,0.44,2.21,671.6379999999996
0,2,0,17,-3,0,0,0,3,-65,-16,0,0,0,1,-149,11,0,0,5.03,0.44,2.23,672.6669999999996
0,2,0,17,-2,0,0,0,3,-65,-18,0,0,0,1,-148,8,0,0,5.03,0.44,2.23,673.6959999999996
0,2,0,17,0,0,0,0,2,-67,-22,0,1,0,1,-141,17,0,0,5.03,0.44,2.23,674.7249999999996
0,2,0,18,0,0,0,0,2,-67,-19,0,0,0,1,-130,33,0,0,5.03,0.44,2.23,675.7539999999996
0,2,0,18,0,0,0,0,2,-65,-15,0,0,0,2,-125,42,0,0,5.03,0.44,2.23,676.7829999999996
0,2,0,16,-1,0,0,0,2,-62,-24,0,0,0,2,-134,42,0,0,5.03,0.44,2.23,677.8119999999996
0,3,0,13,-1,0,0,0,3,-60,-47,0,0,0,1,-142,40,0,0,5.03,0.44,2.23,678.8409999999996
0,3,0,9,-1,0,0,0,2,-58,-63,0,0,0,1,-153,38,0,0,5.03,0.44,2.23,679.8699999999995
0,3,0,3,0,0,0,0,2,-50,-77,0,0,0,1,-168,38,0,0,5.03,0.44,2.23,680.8989999999995
0,2,0,0,-1,0,0,0,2,-38,-83,0,0,0,1,-174,41,0,0,5.03,0.44,2.23,681.9279999999995
0,2,0,-1,-1,0,0,0,2,-34,-88,0,0,0,1,-178,48,0,0,5.03,0.44,2.23,682.9569999999995
0,2,0,-2,-5,0,1,0,3,-26,-97,0,0,0,1,-200,79,0,0,5.03,0.44,2.23,683.9859999999995
0,2,0,-3,-8,0,1,0,3,-23,-94,0,0,0,1,-217,108,0,0,5.03,0.44,2.23,685.0149999999995
0,2,0,-5,-11,0,1,0,2,-25,-64,0,0,0,1,-219,120,0,0,5.03,0.44,2.23,686.0439999999995
0,2,0,-7,-11,0,1,0,2,-21,-31,0,0,0,1,-206,138,0,0,5.03,0.44,2.23,687.0729999999995
0,2,0,-10,-10,0,1,0,2,-12,-21,0,0,0,1,-176,140,0,0,5.03,0.44,2.23,688.1019999999995
0,2,0,-12,-8,0,0,0,2,-5,-32,0,0,0,1,-135,112,0,0,5.03,0.44,2.23,689.1309999999995
0,2,0,-13,-6,0,0,0,2,0,-55,0,0,0,1,-109,103,0,0,5.03,0.44,2.23,690.1599999999995
0,2,0,-11,-4,0,1,0,2,0,-78,0,0,0,1,-79,83,0,0,5.03,0.44,2.23,691.1889999999995
0,2,0,-9,-2,0,1,0,2,-7,-86,0,0,0,1,-47,68,0,0,5.03,0.44,2.23,692.2179999999995
0,2,0,-7,-1,0,1,0,2,-15,-73,0,0,0,1,-27,55,0,0,5.03,0.44,2.23,693.2469999999995
0,2,0,-6,0,0,1,0,1,-7,-37,0,0,0,1,-5,43,0,0,5.03,0.42,2.15,694.2409999999995
0,2,0,-5,0,0,1,0,1,-1,-21,0,0,0,1,3,45,0,0,5.03,0.42,2.15,695.2349999999996
0,2,0,-3,-1,0,1,0,2,25,9,0,0,0,1,32,39,0,0,5.03,0.42,2.15,696.2289999999996
0,2,0,-3,-3,0,1,0,2,42,11,0,0,-1,2,77,17,0,0,5.03,0.42,2.15,697.2229999999996
0,2,0,-4,-4,0,1,0,2,46,3,0,0,0,2,117,-27,0,0,5.03,0.42,2.15,698.2169999999996
0,2,0,-7,-5,0,1,0,2,51,23,0,0,0,2,150,-97,0,0,5.03,0.42,2.15,700.2049999999997
0,2,0,-8,-4,0,1,0,2,57,29,0,0,0,2,166,-67,0,0,5.03,0.42,2.15,701.1989999999997
0,2,0,-8,-3,0,1,0,2,59,26,0,0,0,2,169,-59,0,0,5.03,0.42,2.15,702.1929999999998
0,2,0,-8,0,0,1,0,2,63,3,0,0,0,3,176,-41,0,0,5.03,0.42,2.15,703.1869999999998
0,2,0,-8,2,0,1,0,2,64,-14,0,0,0,3,175,-43,0,0,5.03,0.42,2.15,704.1809999999998
0,2,0,-9,3,0,1,1,2,61,-12,0,0,0,3,177,-61,0,0,5.03,0.42,2.15,705.1749999999998
0,2,0,-11,2,0,1,1,1,51,-7,0,0,0,3,184,-94,0,0,5.03,0.42,2.15,706.1689999999999
0,2,0,-12,1,0,1,1,2,40,-3,0,0,1,4,155,-77,0,0,5.03,0.42,2.15,707.1629999999999
0,2,0,-13,-1,0,1,1,2,30,-16,0,0,0,3,146,-56,0,0,5.03,0.42,2.15,708.1569999999999
0,2,0,-12,-3,0,1,0,2,25,-16,0,0,0,3,147,-49,0,0,5.03,0.42,2.15,709.151
0,2,0,-12,-4,0,1,1,2,24,-12,0,0,0,2,141,-56,0,0,5.03,0.42,2.15,710.145
0,2,0,-12,-5,0,1,1,2,19,3,0,0,1,3,146,-64,0,0,5.03,0.42,2.15,711.139
0,2,0,-14,-4,0,1,1,2,14,18,0,0,1,3,130,-74,0,0,5.03,0.42,2.15,712.133
0,2,0,-15,-1,0,1,1,2,10,31,0,0,1,3,124,-76,0,0,5.03,0.42,2.15,713.1270000000001
0,2,0,-16,3,0,1,1,2,-6,12,0,0,1,3,129,-69,0,1,5.03,0.42,2.15,714.1210000000001
0,2,0,-16,7,0,1,1,2,-28,2,0,0,1,3,140,-44,0,0,5.03,0.44,2.22,715.1440000000001
0,2,0,-14,9,0,1,1,1,-45,4,0,0,1,2,146,-18,0,0,5.03,0.44,2.22,716.1670000000001
0,2,0,-11,8,0,1,1,2,-51,18,0,0,1,2,142,-9,0,0,5.03,0.44,2.22,717.1900000000002
0,2,0,-8,5,0,1,0,2,-50,19,0,0,1,2,129,-9,0,0,5.03,0.44,2.22,718.2130000000002
0,2,0,-5,3,0,1,0,2,-45,0,0,0,1,2,106,-13,0,0,5.03,0.44,2.22,719.2360000000002
0,2,0,-2,1,0,1,0,2,-37,-16,0,0,1,2,84,-30,0,0,5.03,0.44,2.22,720.2590000000002
0,2,0,-1,1,0,1,0,2,-35,-19,0,0,1,2,75,-33,0,0,5.03,0.44,2.22,721.2820000000003
0,2,0,2,0,0,1,0,2,-31,-14,0,0,1,2,50,-54,0,0,5.03,0.44,2.22,722.3050000000003
0,2,0,4,0,0,1,0,3,-25,-8,0,0,1,2,21,-71,0,0,5.03,0.44,2.22,723.3280000000003
0,2,0,6,-2,0,1,0,3,-15,-7,0,0,1,2,16,-75,0,0,5.03,0.44,2.22,724.3510000000003
0,2,0,7,-2,0,1,0,3,-5,-13,0,0,1,2,0,-64,0,1,5.03,0.44,2.22,725.3740000000004
0,2,0,8,-1,0,1,0,3,6,-20,0,0,1,2,-24,-44,0,1,5.03,0.44,2.22,726.3970000000004
0,2,0,8,0,0,1,0,3,17,-21,0,0,1,2,-64,-14,0,0,5.03,0.44,2.22,727.4200000000004
0,2,0,9,2,0,1,0,3,24,-15,0,0,2,2,-120,28,0,0,5.03,0.44,2.22,728.4430000000004
0,2,0,9,3,0,1,0,3,25,-9,0,0,1,2,-147,35,0,0,5.03,0.44,2.22,729.4660000000005
0,2,0,9,4,0,1,0,3,30,-2,0,1,0,1,-182,77,0,0,5.03,0.44,2.22,730.4890000000005
0,2,0,7,7,0,1,0,3,37,-15,0,1,0,1,-181,110,0,0,5.03,0.44,2.22,731.5120000000005
0,2,0,6,9,0,1,0,2,31,-43,0,0,0,0,-158,108,0,0,5.03,0.44,2.22,732.5350000000005
0,2,0,6,9,0,1,1,2,23,-59,0,0,0,1,-137,85,0,0,5.03,0.44,2.22,733.5580000000006
0,2,0,6,8,0,1,1,2,22,-62,0,0,1,1,-161,91,0,0,5.03,0.44,2.22,734.5810000000006
0,3,0,3,9,0,1,1,1,17,-34,0,0,1,1,-202,130,0,0,5.03,0.44,2.22,735.6040000000006
0,3,0,0,11,0,1,1,1,-1,0,0,0,0,0,-239,144,0,0,5.03,0.42,2.11,736.5800000000006
0,3,0,-1,11,0,1,1,1,-10,8,0,0,0,0,-236,142,0,0,5.03,0.42,2.11,737.5560000000006
0,2,0,-5,11,0,1,1,1,-38,26,0,0,0,1,-223,133,0,0,5.03,0.42,2.11,738.5320000000006
0,2,0,-8,8,0,1,1,1,-62,31,0,0,0,1,-202,119,0,0,5.03,0.42,2.11,739.5080000000006
0,2,0,-8,5,0,1,1,1,-100,31,0,0,0,1,-180,107,0,0,5.03,0.42,2.11,740.4840000000006
0,2,0,-8,2,0,1,0,1,-127,36,0,0,0,1,-156,109,0,0,5.03,0.42,2.11,741.4600000000006
0,2,0,-9,1,0,1,0,1,-144,37,0,0,0,1,-140,117,0,0,5.03,0.42,2.11,742.4360000000006
0,2,0,-11,2,0,1,0,2,-150,31,0,0,0,1,-114,112,0,0,5.03,0.42,2.11,743.4120000000006
0,2,0,-11,2,0,1,0,2,-134,20,0,0,0,1,-109,76,0,0,5.03,0.42,2.11,744.3880000000006
0,2,0,-11,2,0,1,0,2,-114,8,0,0,0,1,-103,67,0,0,5.03,0.42,2.11,745.3640000000006
0,2,0,-10,2,0,1,0,2,-106,8,0,0,0,1,-102,64,0,0,5.03,0.42,2.11,746.3400000000006
0,2,0,-9,2,0,1,0,2,-77,10,0,0,0,1,-81,54,0,0,5.03,0.42,2.11,747.3160000000006
0,2,0,-7,2,0,1,0,2,-40,13,0,0,0,1,-51,40,0,0,5.03,0.42,2.11,748.2920000000006
0,2,0,-4,1,0,1,0,2,0,19,0,0,0,1,-9,33,0,0,5.03,0.42,2.11,749.2680000000006
0,2,0,-1,1,0,1,0,2,25,23,0,-1,0,1,23,3,0,0,5.03,0.42,2.11,750.2440000000006
0,2,0,0,2,0,1,0,2,41,27,0,0,0,2,19,-43,0,0,5.03,0.42,2.11,751.2200000000006
0,2,0,2,3,0,1,0,2,41,28,0,0,0,2,70,-54,0,0,5.03,0.42,2.11,752.1960000000006
0,2,0,3,3,0,1,0,2,32,33,0,0,0,3,97,-55,0,0,5.03,0.42,2.11,753.1720000000006
0,2,0,3,3,0,1,0,2,22,46,0,0,0,3,122,-17,0,0,5.03,0.42,2.11,754.1480000000006
0,2,0,3,3,0,1,0,2,21,50,0,0,0,3,123,-6,0,0,5.03,0.42,2.11,755.1240000000006
0,2,0,3,3,0,1,0,2,25,52,0,0,0,3,137,-12,0,0,5.03,0.42,2.11,756.1000000000006
0,2,0,1,2,0,1,0,2,41,51,0,0,0,3,150,-69,0,0,5.03,0.44,2.25,757.1370000000006
0,2,0,0,1,0,1,0,2,69,47,0,0,0,3,160,-106,0,0,5.03,0.44,2.25,758.1740000000007
0,2,0,0,2,0,0,0,2,86,40,0,0,0,3,165,-118,0,0,5.03,0.44,2.25,759.2110000000007
0,2,0,0,1,0,0,0,2,85,17,0,0,0,3,159,-90,0,0,5.03,0.44,2.25,760.2480000000007
0,2,0,-2,0,0,0,0,2,78,0,0,0,0,3,164,-77,0,0,5.03,0.44,2.25,761.2850000000008
0,2,0,-3,0,0,0,0,2,70,-5,0,0,0,3,176,-93,0,0,5.03,0.44,2.25,762.3220000000008
0,2,0,-3,0,0,1,0,2,68,-3,0,0,0,3,173,-100,0,0,5.03,0.44,2.25,763.3590000000008
0,2,0,-4,0,0,1,0,2,66,9,0,0,0,3,159,-108,0,0,5.03,0.44,2.25,764.3960000000009
0,2,0,-5,-3,0,1,1,2,59,4,0,0,0,3,162,-90,0,0,5.03,0.44,2.25,765.4330000000009
0,2,0,-6,-5,0,1,1,2,47,-4,0,0,0,3,170,-80,0,0,5.03,0.44,2.25,766.4700000000009
0,2,0,-6,-6,0,1,1,1,24,-7,0,0,1,3,158,-77,0,0,5.03,0.44,2.25,767.507000000001
0,2,0,-7,-6,0,1,1,1,3,16,0,0,1,3,150,-63,0,0,5.03,0.44,2.25,768.544000000001
0,2,0,-7,-5,0,1,1,1,-16,35,0,0,1,3,144,-45,0,0,5.03,0.44,2.25,769.581000000001
0,2,0,-7,-4,0,1,1,1,-22,38,0,0,1,3,142,-41,0,0,5.03,0.44,2.25,770.6180000000011
0,2,0,-8,-2,0,0,1,2,-46,29,0,0,1,3,142,-28,0,0,5.03,0.44,2.25,771.6550000000011
0,2,0,-9,0,0,1,1,2,-69,20,0,0,1,2,134,-24,0,0,5.03,0.44,2.25,772.6920000000011
0,2,0,-10,4,0,1,1,2,-78,10,0,0,1,2,118,-26,0,0,5.03,0.44,2.25,773.7290000000012
0,2,0,-9,5,0,1,1,2,-70,-2,0,0,1,2,93,-33,0,0,5.03,0.44,2.25,774.7660000000012
0,2,0,-7,4,0,1,0,2,-57,-20,0,0,1,1,56,-51,0,0,5.03,0.44,2.25,775.8030000000012
0,2,0,-5,3,0,1,0,3,-45,-23,0,0,1,1,17,-41,0,0,5.03,0.44,2.25,776.8400000000013
0,2,0,-3,3,0,1,0,3,-35,-13,0,0,1,1,3,-10,0,0,5.03,0.44,2.25,777.8770000000013
0,2,0,-1,4,0,1,0,3,-28,1,0,0,1,1,-13,18,0,0,5.03,0.45,2.27,778.9280000000014
0,2,0,-1,5,0,1,0,3,-26,2,0,0,1,1,-18,38,0,0,5.03,0.45,2.27,779.9790000000014
0,2,0,1,5,0,1,0,3,-15,-2,0,0,1,1,-41,58,0,0,5.03,0.45,2.27,781.0300000000015
0,2,0,2,5,0,1,0,3,-1,-17,0,0,1,1,-61,57,0,0,5.03,0.45,2.27,782.0810000000015
0,2,0,4,5,0,1,0,3,11,-26,0,0,1,2,-70,56,0,0,5.03,0.45,2.27,783.1320000000015
0,2,0,5,5,0,1,0,3,16,-28,0,0,0,2,-72,49,0,0,5.03,0.45,2.27,784.1830000000016
0,2,0,6,4,0,1,0,3,24,-23,0,0,1,2,-75,42,0,0,5.03,0.45,2.27,785.2340000000016
0,2,0,7,2,0,1,0,3,30,-13,0,0,0,2,-87,50,0,0,5.03,0.45,2.27,786.2850000000017
0,2,0,8,1,0,0,0,2,37,-10,0,0,0,1,-87,53,0,0,5.03,0.45,2.27,787.3360000000017
0,2,0,7,1,0,1,0,2,41,-11,0,0,0,1,-85,48,0,0,5.03,0.45,2.27,788.3870000000018
0,2,0,7,1,0,1,0,3,49,-22,0,0,1,1,-75,30,0,0,5.03,0.45,2.27,789.4380000000018
0,2,0,7,0,0,1,0,3,65,-38,0,0,1,1,-103,5,0,0,5.03,0.45,2.27,790.4890000000019
0,2,0,6,0,0,1,0,2,50,-40,0,0,1,0,-154,-13,0,0,5.03,0.45,2.27,791.5400000000019
0,2,0,6,0,0,1,0,2,45,-41,0,0,0,1,-167,-19,0,0,5.03,0.45,2.27,792.5910000000019
0,2,0,5,0,0,1,0,2,25,-34,0,0,0,1,-163,-28,0,0,5.03,0.45,2.27,793.642000000002
0,2,0,5,0,0,1,0,2,14,-35,0,0,0,1,-158,-57,0,0,5.03,0.45,2.27,794.693000000002
0,2,0,4,-1,0,1,1,2,11,-40,0,0,0,1,-164,-72,0,0,5.03,0.45,2.27,795.7440000000021
0,2,0,3,-1,0,1,1,2,11,-52,0,0,0,1,-163,-82,0,0,5.03,0.45,2.27,796.7950000000021
0,2,0,0,-2,0,1,1,2,6,-49,0,0,1,1,-175,-70,0,0,5.03,0.45,2.27,797.8460000000022
0,3,0,-4,-3,0,1,1,2,-4,-36,0,0,0,1,-182,-47,0,0,5.03,0.45,2.27,798.8970000000022
0,3,0,-6,-3,0,1,1,2,-10,-27,0,0,0,0,-180,-35,0,0,5.03,0.45,2.27,799.9480000000023
0,3,0,-13,-6,0,1,1,2,-25,-8,0,0,0,0,-165,-5,0,0,5.03,0.43,2.17,800.9490000000022
0,3,0,-17,-6,0,1,1,2,-36,5,0,0,0,1,-145,17,0,0,5.03,0.43,2.17,801.9500000000022
0,2,0,-21,-8,0,1,1,2,-36,11,0,0,0,1,-133,34,0,0,5.03,0.43,2.17,802.9510000000022
0,2,0,-22,-8,0,1,1,2,-38,14,0,0,0,1,-129,39,0,0,5.03,0.43,2.17,803.9520000000022
0,2,0,-24,-10,0,1,0,2,-44,24,0,0,0,1,-119,49,0,0,5.03,0.43,2.17,804.9530000000021
0,2,0,-25,-12,0,1,0,2,-52,22,0,0,0,1,-110,49,0,0,5.03,0.43,2.17,805.9540000000021
0,2,0,-23,-11,0,1,0,2,-58,12,0,0,0,2,-98,44,0,0,5.03,0.43,2.17,806.9550000000021
0,2,0,-22,-9,0,1,0,2,-61,8,0,0,0,2,-95,41,0,0,5.03,0.43,2.17,807.9560000000021
0,2,0,-21,-5,0,1,0,2,-66,-2,0,0,0,2,-87,41,0,0,5.03,0.43,2.17,808.957000000002
0,2,0,-21,0,0,1,0,2,-66,0,0,0,0,2,-76,39,0,0,5.03,0.43,2.17,809.958000000002
0,2,0,-21,6,0,2,0,2,-58,8,0,0,0,2,-65,28,0,0,5.03,0.43,2.17,810.959000000002
0,2,0,-18,9,0,2,1,1,-52,19,0,0,0,2,-54,21,0,0,5.03,0.43,2.17,811.960000000002
0,2,0,-17,9,0,2,1,1,-51,24,0,0,0,2,-45,19,0,0,5.03,0.43,2.17,812.961000000002
0,2,0,-14,9,0,1,1,1,-50,34,0,0,0,3,-24,-7,0,0,5.03,0.43,2.17,813.9620000000019
0,2,0,-10,6,0,1,1,1,-47,43,0,0,0,3,11,-34,0,0,5.03,0.43,2.17,814.9630000000019
0,2,0,-8,3,0,1,0,1,-32,49,0,0,0,3,43,-25,0,0,5.03,0.43,2.17,815.9640000000019
0,2,0,-8,1,0,1,0,1,-3,60,0,0,0,3,65,-15,0,0,5.03,0.43,2.17,816.9650000000019
0,2,0,-9,-1,0,0,0,2,24,60,0,0,0,3,81,-7,0,0,5.03,0.43,2.17,817.9660000000018
0,2,0,-8,-2,0,0,0,2,47,43,0,0,0,3,88,-22,0,0,5.03,0.43,2.17,818.9670000000018
0,2,0,-8,-2,0,0,0,2,55,37,0,1,0,3,98,-24,0,0,5.03,0.43,2.17,819.9680000000018
0,2,0,-6,-2,0,0,0,2,80,35,0,1,0,3,125,-45,0,0,5.03,0.43,2.17,820.9690000000018
0,2,0,4,-4,0,0,0,1,-22,72,0,0,0,3,47,-58,0,0,5.03,0.43,2.18,821.9770000000018
0,2,0,4,-5,0,0,0,1,-5,68,0,1,0,3,70,-49,0,0,5.03,0.43,2.18,822.9850000000018
0,2,0,4,-6,0,0,0,1,8,19,0,1,0,3,99,-24,0,0,5.03,0.43,2.18,823.9930000000019
0,2,0,2,-6,0,0,0,2,10,-17,0,1,0,3,97,-9,0,0,5.03,0.43,2.18,825.0010000000019
0,2,0,0,-5,0,1,1,2,1,-40,0,0,0,3,102,-30,0,0,5.03,0.43,2.18,826.009000000002
0,2,0,-4,-4,0,1,1,2,-7,-17,0,1,0,3,106,-24,0,0,5.03,0.43,2.18,827.017000000002
0,2,0,-8,-3,0,1,1,2,-20,-15,0,0,0,3,136,-49,0,0,5.03,0.43,2.18,828.025000000002
0,2,0,-12,-2,0,1,1,2,-32,-22,0,0,0,2,154,-21,0,0,5.03,0.43,2.18,829.0330000000021
0,2,0,-13,-1,0,1,1,2,-36,-21,0,0,0,2,151,-8,0,0,5.03,0.43,2.18,830.0410000000021
0,2,0,-15,0,0,1,1,2,-55,-1,0,0,1,2,161,3,0,0,5.03,0.43,2.18,831.0490000000021
0,2,0,-16,0,0,1,1,1,-68,26,0,1,1,2,166,14,0,0,5.03,0.43,2.18,832.0570000000022
0,2,0,-16,0,0,1,0,2,-66,47,0,0,1,2,161,9,0,0,5.03,0.43,2.18,833.0650000000022
0,2,0,-15,1,0,1,0,2,-52,62,0,0,1,3,148,4,0,0,5.03,0.43,2.18,834.0730000000023
0,2,0,-15,3,0,1,0,2,-36,66,0,0,1,3,136,-8,0,1,5.03,0.42,2.14,835.0620000000023
0,2,0,-14,5,0,1,0,2,-28,60,0,0,1,2,129,-17,0,1,5.03,0.42,2.14,836.0510000000023
0,2,0,-13,5,0,0,0,2,-33,47,0,0,1,2,118,-22,0,1,5.03,0.42,2.14,837.0400000000024
0,2,0,-13,5,0,1,0,2,-35,43,0,0,1,2,114,-20,0,1,5.03,0.42,2.14,838.0290000000024
0,2,0,-12,7,0,1,0,2,-38,35,0,0,1,2,109,0,0,1,5.03,0.42,2.14,839.0180000000024
0,2,0,-12,9,0,1,0,2,-34,48,0,0,1,2,95,22,0,1,5.03,0.42,2.14,840.0070000000024
0,2,0,-11,9,0,1,0,2,-25,51,0,0,1,2,80,36,0,1,5.03,0.42,2.14,840.9960000000025
0,2,0,-10,9,0,1,0,3,-14,44,0,0,1,2,66,15,0,0,5.03,0.42,2.14,841.9850000000025
0,2,0,-9,7,0,1,0,3,-4,25,0,0,1,2,43,-4,0,0,5.03,0.42,2.14,842.9740000000025
0,2,0,-7,6,0,1,0,3,5,22,0,0,1,1,19,-4,0,0,5.03,0.42,2.14,843.9630000000026
0,2,0,-4,4,0,1,0,3,11,26,0,0,1,2,-18,0,0,0,5.03,0.42,2.14,844.9520000000026
0,2,0,-1,1,0,0,0,3,18,25,0,0,1,2,-8,14,0,0,5.03,0.42,2.14,845.9410000000026
0,2,0,1,0,0,0,0,3,27,16,0,0,1,2,-17,9,0,0,5.03,0.42,2.14,846.9300000000027
0,2,0,5,-1,0,0,0,3,35,0,0,0,1,2,-28,-14,0,0,5.03,0.42,2.14,847.9190000000027
0,2,0,5,-1,0,0,0,3,38,-4,0,0,1,2,-33,-11,0,0,5.03,0.42,2.14,848.9080000000027
0,2,0,7,-1,0,0,0,2,49,-9,0,0,2,1,-57,-5,0,0,5.03,0.42,2.14,849.8970000000028
0,2,0,9,0,0,0,0,2,67,-12,0,0,1,1,-74,-4,0,1,5.03,0.42,2.14,850.8860000000028
0,2,0,10,0,0,1,0,2,92,-13,0,0,1,2,-79,-11,0,0,5.03,0.42,2.14,851.8750000000028
0,2,0,10,1,0,1,0,3,120,-17,0,0,1,1,-77,-12,0,0,5.03,0.42,2.14,852.8640000000029
0,2,0,9,2,0,1,1,3,116,-27,0,0,2,1,-94,-13,0,0,5.03,0.42,2.14,853.8530000000029
0,2,0,10,3,0,1,1,2,92,-21,0,0,0,1,-160,-24,0,0,5.03,0.42,2.14,854.8420000000029
0,2,0,10,5,0,1,1,2,61,-20,0,0,0,1,-158,-13,0,0,5.04,0.45,2.29,855.903000000003
0,2,0,10,6,0,0,1,2,49,-20,0,0,1,1,-156,-8,0,0,5.04,0.45,2.29,856.964000000003
0,2,0,10,7,0,0,1,2,29,-20,0,0,0,1,-163,3,0,0,5.04,0.45,2.29,858.025000000003
0,2,0,10,5,0,1,1,2,26,-6,0,0,1,0,-178,31,0,0,5.04,0.45,2.29,859.0860000000031
0,2,0,9,3,0,1,1,2,15,1,0,0,0,1,-190,54,0,0,5.04,0.45,2.29,860.1470000000031
0,2,0,6,2,0,1,1,2,0,-4,0,0,0,1,-166,36,0,1,5.04,0.45,2.29,861.2080000000032
0,3,0,2,1,0,1,1,2,-16,-29,0,0,0,1,-121,-3,0,0,5.04,0.45,2.29,862.2690000000032
0,3,0,-1,0,0,0,1,2,-27,-57,0,0,0,2,-85,-13,0,0,5.04,0.45,2.29,863.3300000000032
0,2,0,-5,-2,0,1,1,2,-31,-76,0,1,0,2,-77,-5,0,0,5.04,0.45,2.29,864.3910000000033
0,2,0,-6,-2,0,1,1,2,-33,-80,0,1,0,2,-76,0,0,0,5.04,0.45,2.29,865.4520000000033
0,2,0,-8,-5,0,1,1,2,-34,-71,0,1,0,2,-81,20,0,0,5.04,0.45,2.29,866.5130000000033
0,2,0,-9,-7,0,1,0,2,-37,-46,0,0,0,1,-84,36,0,0,5.04,0.45,2.29,867.5740000000034
0,2,0,-10,-7,0,1,1,2,-50,-23,0,0,0,1,-82,45,0,0,5.04,0.45,2.29,868.6350000000034
0,2,0,-10,-7,0,1,1,2,-69,-3,0,0,0,1,-83,57,0,0,5.04,0.45,2.29,869.6960000000034
0,2,0,-10,-7,0,1,0,2,-80,19,0,0,0,1,-79,67,0,1,5.04,0.45,2.29,870.7570000000035
0,2,0,-10,-7,0,1,0,2,-81,29,0,0,0,1,-75,75,0,0,5.04,0.45,2.29,871.8180000000035
0,2,0,-9,-7,0,1,0,2,-75,37,0,0,0,1,-74,82,0,0,5.04,0.45,2.29,872.8790000000035
0,2,0,-7,-6,0,1,0,2,-65,42,0,0,0,1,-77,76,0,1,5.04,0.45,2.29,873.9400000000036
0,2,0,-5,-4,0,1,1,2,-73,43,0,0,0,1,-81,63,0,0,5.04,0.45,2.29,875.0010000000036
0,2,0,-4,-4,0,1,1,2,-75,42,0,0,0,1,-80,60,0,0,5.04,0.45,2.29,876.0620000000036
0,2,0,-3,-2,0,1,1,2,-78,44,0,0,0,1,-71,42,0,0,5.04,0.45,2.29,877.1230000000037
0,2,0,-3,0,0,1,1,2,-76,45,0,0,0,1,-50,32,0,0,5.03,0.44,2.26,878.1680000000036
0,2,0,-3,2,0,1,1,2,-72,44,0,0,0,1,-17,33,0,1,5.03,0.44,2.26,879.2130000000036
0,2,0,-3,3,0,1,1,2,-70,41,0,0,0,2,18,52,0,0,5.03,0.44,2.26,880.2580000000036
0,2,0,-4,3,0,1,0,2,-69,41,0,0,0,2,39,49,0,0,5.03,0.44,2.26,881.3030000000035
0,2,0,-5,4,0,1,0,2,-59,48,0,0,0,3,42,55,0,0,5.03,0.44,2.26,882.3480000000035
0,2,0,-6,4,0,1,0,2,-43,61,0,0,0,3,60,67,0,0,5.03,0.44,2.26,883.3930000000034
0,2,0,-7,4,0,1,0,2,-36,65,0,0,0,3,75,61,0,0,5.03,0.44,2.26,884.4380000000034
0,2,0,-8,5,0,0,0,2,-12,69,0,0,0,3,93,39,0,0,5.03,0.44,2.26,885.4830000000034
0,2,0,-10,4,0,0,0,2,17,58,0,0,0,3,108,15,0,0,5.03,0.44,2.26,886.5280000000033
0,2,0,-13,0,0,0,0,2,47,40,0,0,0,4,126,-13,0,0,5.03,0.44,2.26,887.5730000000033
0,2,0,-17,-4,0,0,0,2,68,18,0,0,0,4,135,-13,0,0,5.03,0.44,2.26,888.6180000000032
0,2,0,-19,-8,0,0,0,2,78,0,0,0,0,4,148,-33,0,0,5.03,0.44,2.26,889.6630000000032
0,2,0,-19,-9,0,0,0,2,78,-5,0,0,0,3,141,-43,0,0,5.03,0.44,2.26,890.7080000000032
0,2,0,-20,-10,0,0,0,2,85,-3,0,0,0,3,152,-77,0,0,5.03,0.44,2.26,891.7530000000031
0,2,0,-19,-11,0,0,0,2,89,-2,0,0,0,4,149,-82,0,0,5.03,0.44,2.26,892.7980000000031
0,2,0,-18,-10,0,0,0,2,85,-17,0,0,0,4,151,-72,0,0,5.03,0.44,2.26,893.843000000003
0,2,0,-17,-9,0,0,0,2,85,-18,0,0,0,4,154,-70,0,0,5.03,0.44,2.26,894.888000000003
0,2,0,-17,-6,0,0,0,2,81,-15,0,0,0,3,160,-60,0,0,5.03,0.44,2.26,895.933000000003
0,2,0,-17,-2,0,0,1,2,70,-21,0,0,0,3,163,-92,0,0,5.03,0.44,2.26,896.9780000000029
0,2,0,-17,-1,0,0,1,2,65,-23,0,0,0,3,169,-91,0,0,5.03,0.44,2.26,898.0230000000029
0,2,0,-18,0,0,1,1,1,49,-26,0,0,0,3,180,-82,0,0,5.03,0.44,2.26,899.0680000000028
0,2,0,-18,1,0,1,1,1,30,-11,0,0,1,3,180,-55,0,1,5.03,0.42,2.11,900.0430000000028
0,2,0,-16,0,0,1,1,1,2,12,0,0,1,2,148,-28,0,1,5.03,0.42,2.11,901.0180000000029
0,2,0,-15,0,0,1,1,1,-9,18,0,0,1,2,159,-18,0,1,5.03,0.42,2.11,901.9930000000029
0,2,0,-11,0,0,1,1,1,-43,41,0,0,1,2,141,-17,0,1,5.03,0.42,2.11,902.9680000000029
0,2,0,-7,1,0,0,1,2,-66,52,0,0,1,2,124,2,0,1,5.03,0.42,2.11,903.9430000000029
0,2,0,-4,2,0,0,1,2,-75,36,0,0,1,2,98,5,0,1,5.03,0.42,2.11,904.918000000003
0,2,0,-2,3,0,0,1,2,-72,12,0,0,1,1,67,-12,0,1,5.03,0.42,2.11,905.893000000003
0,2,0,0,3,0,0,0,2,-67,2,0,0,1,1,49,-31,0,1,5.03,0.42,2.11,906.868000000003
0,2,0,1,4,0,0,0,2,-60,-25,0,0,1,1,11,-40,0,1,5.03,0.42,2.11,907.843000000003
0,2,0,3,4,0,1,0,3,-56,-53,0,0,1,1,-21,-66,0,0,5.03,0.42,2.11,908.818000000003
0,2,0,5,4,0,1,0,3,-49,-39,0,0,1,1,-28,-19,0,0,5.03,0.42,2.11,909.7930000000031
0,2,0,5,4,0,1,0,3,-49,-32,0,0,1,1,-46,-27,0,0,5.03,0.42,2.11,910.7680000000031
0,2,0,7,5,0,1,0,3,-45,-9,0,0,1,1,-68,10,0,1,5.03,0.42,2.11,911.7430000000031
0,2,0,9,5,0,1,0,3,-39,0,0,0,1,1,-94,43,0,1,5.03,0.42,2.11,912.7180000000031
0,2,0,9,6,0,0,0,3,-35,-2,0,0,1,1,-99,56,0,1,5.03,0.42,2.11,913.6930000000032
0,2,0,10,6,0,0,0,3,-32,-4,0,0,1,1,-96,63,0,1,5.03,0.42,2.11,914.6680000000032
0,2,0,9,6,0,0,0,3,-24,-12,0,0,0,1,-115,76,0,1,5.03,0.42,2.11,915.6430000000032
0,2,0,9,7,0,0,0,3,-19,-11,0,0,0,2,-122,87,0,1,5.03,0.42,2.11,916.6180000000032
0,2,0,8,8,0,1,0,3,-17,-6,0,0,0,1,-115,89,0,1,5.03,0.42,2.11,917.5930000000033
0,2,0,7,7,0,1,0,3,-10,6,0,0,0,1,-98,60,0,1,5.03,0.42,2.11,918.5680000000033
0,2,0,6,5,0,1,0,2,-15,20,0,0,0,1,-107,20,0,1,5.03,0.42,2.11,919.5430000000033
0,2,0,5,1,0,0,0,2,-17,11,0,0,1,1,-111,16,0,1,5.03,0.45,2.28,920.5960000000033
0,2,0,5,0,0,0,0,2,-14,1,0,0,1,1,-119,18,0,1,5.03,0.45,2.28,921.6490000000033
0,2,0,6,-5,0,0,0,2,9,-42,0,0,1,1,-120,27,0,1,5.03,0.45,2.28,922.7020000000033
0,2,0,4,-9,0,1,0,3,41,-90,0,0,1,1,-138,31,0,1,5.03,0.45,2.28,923.7550000000033
0,3,0,1,-11,0,1,0,3,51,-107,0,0,0,1,-180,24,0,0,5.03,0.45,2.28,924.8080000000033
0,3,0,0,-10,0,1,1,2,48,-96,0,0,0,1,-188,27,0,0,5.03,0.45,2.28,925.8610000000033
0,3,0,-6,-8,0,1,1,2,30,-59,0,0,0,1,-178,9,0,0,5.03,0.45,2.28,926.9140000000033
0,2,0,-10,-7,0,1,1,2,11,-26,0,0,0,1,-179,11,0,0,5.03,0.45,2.28,927.9670000000033
0,2,0,-13,-7,0,1,1,2,-1,-15,0,0,0,1,-196,42,0,0,5.03,0.45,2.28,929.0200000000033
0,2,0,-13,-7,0,1,1,2,-5,-17,0,0,0,1,-204,56,0,0,5.03,0.45,2.28,930.0730000000033
0,2,0,-13,-9,0,1,1,2,-6,-36,0,0,0,1,-195,76,0,0,5.03,0.45,2.28,931.1260000000033
0,2,0,-9,-8,0,1,1,2,-9,-44,0,0,0,1,-161,84,0,0,5.03,0.45,2.28,932.1790000000033
0,2,0,-8,-8,0,1,1,2,-11,-46,0,0,0,1,-144,87,0,0,5.03,0.45,2.28,933.2320000000033
0,2,0,-6,-6,0,1,1,2,-19,-45,0,0,0,1,-104,91,0,0,5.03,0.45,2.28,934.2850000000033
0,2,0,-6,-3,0,1,0,2,-20,-29,0,0,0,1,-82,86,0,1,5.03,0.45,2.28,935.3380000000033
0,2,0,-6,-1,0,1,0,2,-15,-3,0,0,0,2,-75,72,0,0,5.03,0.45,2.28,936.3910000000033
0,2,0,-5,2,0,1,0,2,-10,13,0,0,0,2,-71,62,0,0,5.03,0.45,2.28,937.4440000000033
0,2,0,-5,3,0,1,0,2,-9,17,0,0,0,1,-68,56,0,0,5.03,0.45,2.28,938.4970000000033
0,2,0,-3,5,0,1,0,2,-9,20,0,0,0,1,-60,43,0,0,5.03,0.45,2.28,939.5500000000033
0,2,0,-2,6,0,1,0,2,-9,7,0,0,0,1,-49,33,0,0,5.03,0.45,2.28,940.6030000000032
0,2,0,-1,6,0,1,0,2,-13,-13,0,0,0,1,-37,14,0,0,5.03,0.45,2.28,941.6560000000032
0,2,0,-1,6,0,1,0,2,-15,-19,0,0,0,1,-28,3,0,0,5.03,0.45,2.28,942.7110000000032
0,2,0,0,3,0,1,1,1,-20,-23,0,0,0,1,-7,-19,0,0,5.03,0.45,2.28,943.7660000000031
0,2,0,0,1,0,1,1,1,-26,-9,0,0,0,2,10,-27,0,0,5.03,0.45,2.28,944.8210000000031
0,2,0,0,0,0,1,1,1,-33,19,0,0,0,3,28,-34,0,0,5.03,0.45,2.28,945.876000000003
0,2,0,-1,0,0,1,1,1,-36,33,0,0,0,2,40,-21,0,0,5.03,0.45,2.28,946.931000000003
0,2,0,-4,1,0,1,0,1,-18,74,0,0,0,2,58,-12,0,0,5.03,0.45,2.28,949.0410000000029
0,2,0,-5,3,0,0,0,1,1,65,0,0,0,2,81,-8,0,0,5.03,0.45,2.28,950.0960000000028
0,2,0,-5,4,0,0,0,1,9,57,0,0,0,2,87,-14,0,0,5.03,0.45,2.28,951.1510000000028
0,2,0,-4,7,0,0,0,2,28,37,0,0,0,3,109,-32,0,0,5.03,0.45,2.28,952.2060000000027
0,2,0,-4,8,0,0,0,2,41,30,0,0,0,3,113,-42,0,0,5.03,0.45,2.28,953.2610000000027
0,2,0,-5,7,0,0,0,2,48,36,0,0,0,4,118,-39,0,0,5.03,0.45,2.28,954.3160000000026
0,2,0,-5,5,0,0,0,2,49,37,0,0,0,4,119,-33,0,0,5.03,0.45,2.28,955.3710000000026
0,2,0,-7,2,0,0,0,2,51,27,0,0,0,4,129,-56,0,0,5.03,0.45,2.28,956.4260000000025
0,2,0,-9,-1,0,0,0,2,55,1,0,0,0,3,134,-78,0,0,5.03,0.45,2.28,957.4810000000025
0,2,0,-10,-4,0,0,0,2,65,-8,0,1,0,3,142,-73,0,0,5.03,0.45,2.28,958.5360000000024
0,2,0,-10,-5,0,0,0,2,66,-14,0,0,0,4,149,-100,0,0,5.03,0.45,2.28,959.5910000000024
0,2,0,-10,-7,0,1,0,2,63,-14,0,0,0,3,167,-96,0,0,5.03,0.45,2.28,960.6460000000023
0,2,0,-10,-8,0,1,1,2,46,-13,0,0,1,3,183,-87,0,0,5.03,0.45,2.28,961.7010000000023
0,2,0,-10,-8,0,1,1,2,33,-14,0,0,1,3,178,-56,0,0,5.03,0.45,2.28,962.7560000000022
0,2,0,-10,-7,0,1,1,2,28,-13,0,0,1,3,176,-50,0,0,5.03,0.45,2.28,963.8110000000022
0,2,0,-11,-5,0,1,1,2,19,-4,0,0,1,3,168,-53,0,0,5.03,0.44,2.22,964.8370000000021
0,2,0,-11,-1,0,1,1,2,3,-1,0,0,1,3,162,-56,0,0,5.03,0.44,2.22,965.8630000000021
0,2,0,-10,0,0,1,1,2,-4,-6,0,0,1,2,161,-49,0,0,5.03,0.44,2.22,966.889000000002
0,2,0,-9,1,0,1,1,2,-26,-4,0,0,1,2,166,-30,0,1,5.03,0.44,2.22,967.915000000002
0,2,0,-7,1,0,1,1,2,-43,16,0,0,1,2,170,-12,0,1,5.03,0.44,2.22,968.941000000002
0,2,0,-5,1,0,1,1,2,-51,49,0,0,1,2,167,10,0,0,5.03,0.44,2.22,969.9670000000019
0,2,0,-3,1,0,1,1,2,-59,67,0,0,1,1,140,31,0,0,5.03,0.44,2.22,970.9930000000019
0,2,0,-1,2,0,1,0,2,-60,73,0,0,1,1,129,30,0,0,5.03,0.44,2.22,972.0190000000018
0,2,0,0,3,0,1,0,2,-56,66,0,0,1,1,90,16,0,0,5.03,0.44,2.22,973.0450000000018
0,2,0,3,5,0,0,0,2,-47,34,0,0,1,1,64,-15,0,0,5.03,0.44,2.22,974.0710000000017
0,2,0,6,7,0,1,0,2,-36,16,0,0,1,1,37,-31,0,0,5.03,0.44,2.22,975.0970000000017
0,2,0,7,7,0,1,0,2,-36,8,0,0,1,1,28,-31,0,0,5.03,0.44,2.22,976.1230000000016
0,2,0,10,7,0,1,0,2,-27,6,0,0,1,1,7,-34,0,0,5.03,0.44,2.22,977.1490000000016
0,2,0,12,6,0,0,0,3,-25,15,0,0,1,1,4,6,0,0,5.03,0.44,2.22,978.1750000000015
0,2,0,14,4,0,0,0,3,-21,16,0,0,1,1,-6,27,0,1,5.03,0.44,2.22,979.2010000000015
0,2,0,14,4,0,0,0,3,-20,10,0,0,1,1,-12,29,0,1,5.03,0.44,2.22,980.2270000000015
0,2,0,15,2,0,0,0,3,-12,0,0,0,1,1,-26,21,0,1,5.03,0.44,2.22,981.2530000000014
0,2,0,15,2,0,0,0,3,-4,-8,0,0,1,1,-44,11,0,1,5.03,0.44,2.22,982.2790000000014
0,2,0,15,1,0,0,0,2,2,-12,0,0,1,1,-62,0,0,1,5.03,0.44,2.22,983.3050000000013
0,2,0,15,1,0,0,0,2,5,-11,0,0,1,2,-70,-1,0,1,5.03,0.44,2.22,984.3310000000013
0,2,0,14,1,0,0,0,2,10,-19,0,0,1,2,-93,-4,0,1,5.03,0.44,2.22,985.3570000000012
0,2,0,12,0,0,0,0,2,11,-31,0,0,1,1,-111,7,0,1,5.04,0.47,2.37,986.4540000000012
0,2,0,11,0,0,0,0,2,11,-35,0,0,0,1,-119,9,0,1,5.04,0.47,2.37,987.5510000000012
0,2,0,10,0,0,0,0,2,6,-47,0,0,1,1,-117,22,0,1,5.04,0.47,2.37,988.6480000000012
0,2,0,8,0,0,1,0,2,4,-56,0,0,1,1,-119,14,0,1,5.04,0.47,2.37,989.7450000000011
0,3,0,5,1,0,1,0,2,2,-66,0,0,1,1,-120,13,0,1,5.04,0.47,2.37,990.8420000000011
0,3,0,3,1,0,1,0,2,4,-71,0,0,1,1,-120,16,0,1,5.04,0.47,2.37,991.9390000000011
0,3,0,0,1,0,1,0,2,12,-84,0,0,1,1,-139,33,0,0,5.04,0.47,2.37,993.0360000000011
0,3,0,-5,1,0,1,0,2,23,-93,0,0,1,1,-152,51,0,0,5.04,0.47,2.37,994.1330000000011
0,2,0,-8,0,0,1,1,2,22,-83,0,0,0,1,-169,81,0,0,5.04,0.47,2.37,995.230000000001
0,2,0,-9,0,0,1,1,2,18,-71,0,0,0,1,-171,92,0,0,5.04,0.47,2.37,996.327000000001
0,2,0,-11,-3,0,1,1,2,-1,-31,0,0,0,1,-155,113,0,0,5.04,0.47,2.37,997.424000000001
0,2,0,-11,-5,0,1,0,2,-20,-2,0,0,0,2,-139,123,0,0,5.04,0.47,2.37,998.521000000001
0,2,0,-10,-6,0,1,0,2,-32,9,0,0,0,2,-135,142,0,0,5.04,0.47,2.37,999.618000000001
0,2,0,-10,-6,0,1,0,2,-34,11,0,0,0,2,-136,148,0,0,5.04,0.47,2.37,1000.7150000000009
0,2,0,-9,-4,0,1,0,2,-31,13,0,0,0,2,-142,174,0,0,5.04,0.47,2.37,1001.8120000000009
0,2,0,-8,-2,0,1,0,2,-23,0,0,0,0,1,-144,169,0,0,5.04,0.47,2.37,1002.9090000000009
0,2,0,-6,-1,0,1,0,2,-16,-19,0,0,0,1,-144,145,0,0,5.04,0.47,2.37,1004.0060000000009
0,2,0,-6,-1,0,1,1,2,-14,-24,0,0,0,1,-143,144,0,0,5.04,0.47,2.37,1005.1030000000009
0,2,0,-4,-1,0,1,1,2,-11,-20,0,0,0,1,-148,122,0,0,5.04,0.47,2.37,1006.2000000000008
0,2,0,-2,-1,0,1,1,2,-12,-13,0,0,0,1,-142,102,0,0,5.04,0.47,2.37,1007.2970000000008
0,2,0,0,-1,0,1,1,2,-17,-9,0,0,0,1,-132,90,0,0,5.04,0.47,2.37,1008.3940000000008
0,2,0,0,0,0,1,1,2,-18,-6,0,0,0,1,-127,90,0,0,5.03,0.44,2.23,1009.4270000000008
0,2,0,1,2,0,1,0,2,-23,-4,0,0,0,1,-105,94,0,0,5.03,0.44,2.23,1010.4600000000008
0,2,0,4,-4,0,1,1,2,18,-45,0,0,1,1,-129,-5,0,1,5.03,0.47,2.39,1011.5670000000008
0,3,0,0,-4,0,1,1,2,14,-47,0,0,1,1,-152,25,0,1,5.03,0.47,2.39,1012.6740000000008
0,3,0,-5,-4,0,1,1,2,1,-32,0,0,1,1,-178,55,0,0,5.03,0.47,2.39,1013.7810000000007
0,3,0,-6,-4,0,1,1,2,-4,-22,0,0,0,1,-187,66,0,0,5.03,0.47,2.39,1014.8880000000007
0,2,0,-9,-3,0,1,1,2,-16,-6,0,0,0,1,-194,68,0,0,5.03,0.47,2.39,1015.9950000000007
0,2,0,-10,-2,0,1,1,2,-20,9,0,0,0,1,-182,57,0,0,5.03,0.47,2.39,1017.1020000000007
0,2,0,-9,-2,0,1,0,2,-19,16,0,0,0,1,-165,54,0,0,5.03,0.47,2.39,1018.2090000000006
0,2,0,-9,-2,0,1,0,2,-17,15,0,0,0,1,-154,57,0,0,5.03,0.47,2.39,1019.3160000000006
0,2,0,-6,-3,0,1,0,2,-15,7,0,0,0,2,-130,72,0,0,5.03,0.47,2.39,1020.4230000000006
0,2,0,-3,-2,0,1,0,2,-23,-8,0,0,0,2,-116,82,0,0,5.03,0.47,2.39,1021.5300000000005
0,2,0,-1,0,0,1,0,2,-35,-19,0,0,0,2,-99,85,0,0,5.03,0.47,2.39,1022.6370000000005
0,2,0,-1,1,0,1,0,2,-41,-21,0,0,0,2,-95,85,0,0,5.03,0.44,2.23,1023.6700000000005
0,2,0,-1,3,0,1,0,2,-55,-13,0,0,0,2,-85,78,0,0,5.03,0.44,2.23,1024.7030000000004
0,2,0,-2,3,0,1,0,2,-63,-1,0,0,0,2,-85,73,0,0,5.03,0.44,2.23,1025.7360000000003
0,2,0,-3,3,0,1,0,2,-62,10,0,0,0,2,-83,67,0,0,5.03,0.44,2.23,1026.7690000000002
0,2,0,-3,2,0,1,0,2,-46,26,0,0,0,2,-85,59,0,0,5.03,0.44,2.23,1027.8020000000001
0,2,0,-3,2,0,1,0,2,-42,27,0,0,0,2,-80,53,0,0,5.03,0.44,2.23,1028.835
0,2,0,-2,2,0,1,0,1,-26,32,0,0,0,1,-72,40,0,0,5.03,0.44,2.23,1029.868
0,2,0,-1,3,0,1,0,2,-12,37,0,0,0,2,-55,37,0,0,5.03,0.44,2.23,1030.9009999999998
0,2,0,0,4,0,1,0,2,-1,38,0,0,0,2,-40,40,0,0,5.03,0.44,2.23,1031.9339999999997
0,2,0,0,4,0,1,0,2,2,36,0,0,0,1,-35,39,0,0,5.03,0.44,2.23,1032.9669999999996
0,2,0,1,3,0,1,0,2,7,22,0,0,0,2,-18,31,0,0,5.03,0.44,2.23,1033.9999999999995
0,2,0,1,3,0,1,0,2,12,5,0,0,0,2,14,5,0,0,5.03,0.44,2.23,1035.0329999999994
0,2,0,1,2,0,1,0,2,14,0,0,-1,0,2,38,-41,0,0,5.03,0.44,2.23,1036.0659999999993
0,2,0,1,1,0,1,0,2,16,4,0,-1,0,2,45,-59,0,0,5.03,0.44,2.23,1037.0989999999993
0,2,0,1,0,0,1,0,2,23,22,0,0,0,2,24,-105,0,0,5.03,0.44,2.23,1038.1319999999992
0,2,0,0,-1,0,1,0,1,27,43,0,0,0,2,80,-106,0,0,5.03,0.44,2.23,1039.164999999999
0,2,0,0,-1,0,1,0,1,29,46,0,0,0,2,105,-94,0,0,5.03,0.44,2.23,1040.197999999999
0,2,0,-2,-1,0,0,0,1,40,38,0,0,0,2,144,-69,0,0,5.03,0.44,2.23,1041.2309999999989
0,2,0,-5,-1,0,0,0,2,47,20,0,0,0,3,144,-60,0,0,5.03,0.44,2.23,1042.2639999999988
0,2,0,-8,-1,0,0,0,2,55,-16,0,0,0,3,151,-64,0,0,5.03,0.44,2.23,1043.2969999999987
0,2,0,-10,-2,0,0,0,2,50,-27,0,0,0,3,155,-66,0,0,5.03,0.44,2.23,1044.3299999999986
0,2,0,-13,-4,0,1,1,2,38,-37,0,0,1,3,157,-67,0,0,5.04,0.47,2.37,1045.4269999999985
