0,2,0,-37,104,0,1,-2,0,28,-220,0,-4,-1,2,142,47,0,1,5.04,0.47,2.37,1322.286999999997
0,2,0,-42,105,0,2,-2,0,30,-186,0,-4,-1,2,129,41,0,0,5.04,0.47,2.37,1323.633999999997
0,2,0,-46,110,0,2,-2,0,30,-155,0,-3,-1,2,105,41,0,0,5.04,0.47,2.37,1324.980999999997
0,2,0,-45,117,0,1,-2,0,26,-148,0,-3,-1,2,96,50,0,0,5.04,0.47,2.37,1326.327999999997
0,2,0,-43,122,0,1,-2,0,19,-159,0,-3,-1,1,100,63,0,0,5.04,0.47,2.37,1327.674999999997
0,2,0,-38,126,0,1,-2,0,11,-170,0,-2,0,1,111,63,0,0,5.04,0.47,2.37,1329.021999999997
0,2,0,-36,126,0,1,-2,0,7,-173,0,-3,0,1,127,86,0,0,5.04,0.47,2.37,1330.368999999997
0,2,0,-32,125,0,1,-2,0,-2,-177,0,-2,0,1,129,83,0,0,5.04,0.47,2.37,1331.715999999997
0,2,0,-29,121,0,1,-2,0,-5,-165,0,-2,0,1,111,104,0,1,5.04,0.45,2.31,1333.024999999997
0,2,0,-28,111,0,1,-2,0,1,-143,0,-2,0,1,89,125,0,1,5.04,0.45,2.31,1334.3339999999969
0,2,0,-28,107,0,1,-2,0,4,-134,0,-2,0,0,73,129,0,1,5.04,0.45,2.31,1335.6429999999968
0,2,0,-25,94,0,1,-2,0,9,-119,0,-1,-1,0,72,122,0,0,5.04,0.45,2.31,1336.9519999999968
0,2,0,-21,86,0,1,-2,0,11,-114,0,-1,0,0,106,117,0,0,5.04,0.45,2.31,1338.2609999999968
0,2,0,-16,82,0,1,-2,0,9,-113,0,-1,0,0,108,88,0,0,5.04,0.45,2.31,1339.5699999999968
0,2,0,-14,82,0,1,-2,0,8,-114,0,-1,0,0,104,77,0,0,5.04,0.45,2.31,1340.8789999999967
0,2,0,-11,82,0,1,-2,0,7,-112,0,0,0,0,101,89,0,0,5.04,0.45,2.31,1342.1879999999967
0,2,0,-8,84,0,1,-2,0,10,-109,0,0,0,0,95,109,0,0,5.04,0.45,2.31,1343.4969999999967
0,2,0,-4,90,0,1,-2,0,18,-103,0,0,0,0,82,125,0,0,5.04,0.45,2.31,1344.8059999999966
0,2,0,-2,93,0,1,-2,0,21,-100,0,0,0,0,76,134,0,0,5.04,0.45,2.31,1346.1149999999966
0,2,0,-1,98,0,1,-1,0,26,-93,0,0,0,0,60,150,0,0,5.04,0.45,2.31,1347.4239999999966
0,2,0,0,105,0,1,-1,0,30,-89,0,1,0,0,45,140,0,1,5.04,0.45,2.31,1348.7329999999965
0,2,0,0,108,0,1,-1,0,29,-89,0,1,0,0,44,146,0,1,5.04,0.45,2.31,1350.0419999999965
0,2,0,2,115,0,1,-1,0,26,-91,0,2,0,0,40,208,0,1,5.04,0.45,2.31,1351.3509999999965
0,2,0,5,122,0,1,-1,0,27,-94,0,3,0,-1,37,250,0,1,5.04,0.45,2.31,1352.6599999999964
0,2,0,11,125,0,1,-2,0,51,-96,0,3,0,-1,37,250,0,1,5.04,0.45,2.31,1353.9689999999964
0,2,0,18,126,0,1,-2,0,67,-84,0,3,0,-1,26,250,0,1,5.04,0.45,2.31,1355.2779999999964
0,2,0,21,127,0,1,-2,0,71,-83,0,2,0,-1,13,250,0,1,5.04,0.45,2.31,1356.5869999999964
0,2,0,26,128,0,1,-2,0,74,-86,0,2,0,0,-39,250,0,1,5.04,0.45,2.31,1357.8959999999963
0,2,0,31,128,0,1,-2,0,63,-103,0,2,0,0,-85,250,0,1,5.04,0.45,2.31,1359.2049999999963
0,3,0,27,121,0,1,-2,0,49,-126,0,0,1,1,-112,237,0,1,5.03,0.44,2.25,1360.4799999999964
-1,4,0,22,117,0,0,-3,-1,45,-137,0,0,1,1,-116,218,0,1,5.03,0.44,2.25,1361.7549999999965
-2,5,0,-6,94,0,0,-3,-1,38,-165,0,-3,1,2,-105,141,0,1,5.03,0.44,2.25,1363.0299999999966
-2,4,0,-29,28,0,0,-2,-1,34,-193,0,-5,1,3,-52,30,0,1,5.03,0.44,2.25,1364.3049999999967
-1,2,-1,-19,22,0,1,-2,-1,37,-218,0,-5,0,3,31,-53,0,0,5.03,0.44,2.25,1365.5799999999967
0,2,0,-9,90,0,0,-2,0,5,-32,0,0,0,0,36,90,0,0,5.03,0.44,2.22,52.486999999999966
0,2,0,-9,94,0,0,-2,0,4,-31,0,0,1,0,42,74,0,0,5.03,0.44,2.22,53.73599999999997
0,2,0,-10,96,0,0,-2,0,4,-31,0,0,1,0,43,68,0,0,5.03,0.44,2.22,54.98499999999997
0,2,0,-9,98,0,0,-2,0,3,-37,0,0,1,0,33,56,0,0,5.03,0.44,2.22,56.23399999999997
0,2,0,-9,102,0,0,-2,0,0,-46,0,1,1,0,18,43,0,0,5.03,0.44,2.22,57.482999999999976
0,2,0,-10,102,0,0,-2,0,0,-60,0,1,1,0,2,34,0,0,5.03,0.44,2.22,58.73199999999998
0,2,0,-10,101,0,0,-2,0,0,-77,0,1,1,0,-5,31,0,0,5.03,0.44,2.22,59.98099999999998
0,2,0,-10,98,0,0,-2,0,3,-84,0,1,1,0,-6,33,0,0,5.03,0.44,2.22,61.22999999999998
0,2,0,-11,93,0,0,-2,0,7,-98,0,1,1,0,-13,49,0,0,5.03,0.44,2.22,62.478999999999985
0,2,0,-13,85,0,0,-2,0,7,-109,0,1,0,0,-37,69,0,0,5.03,0.44,2.22,63.72799999999999
0,2,0,-11,77,0,0,-2,0,0,-115,0,2,0,0,-34,105,0,0,5.03,0.44,2.22,64.97699999999999
0,2,0,-11,75,0,0,-2,0,-3,-117,0,1,0,0,-45,116,0,0,5.03,0.44,2.22,66.22599999999998
0,2,0,-8,71,0,0,-2,0,-2,-113,0,2,0,-1,-72,146,0,0,5.03,0.44,2.22,67.47499999999998
0,2,0,-5,69,0,0,-2,0,6,-110,0,2,0,-1,-62,167,0,0,5.03,0.44,2.22,68.72399999999998
0,2,0,-3,68,0,0,-2,0,10,-115,0,2,0,-1,-49,175,0,0,5.03,0.44,2.22,69.97299999999997
0,2,0,-2,66,0,0,-2,0,11,-138,0,2,0,-1,-83,177,0,0,5.03,0.44,2.22,71.22199999999997
0,2,0,-1,65,0,0,-2,0,10,-155,0,2,0,-1,-73,216,0,0,5.03,0.44,2.22,72.47099999999996
0,2,0,3,60,0,0,-2,0,3,-221,0,3,0,0,-114,250,0,0,5.03,0.44,2.22,73.71999999999996
0,2,0,13,53,0,1,-2,0,0,-250,0,1,0,0,-169,250,0,0,5.03,0.44,2.22,74.96899999999995
0,2,0,27,44,0,1,-2,0,2,-250,0,0,0,0,-208,197,0,0,5.03,0.44,2.22,76.21799999999995
0,2,0,31,40,0,1,-2,0,3,-250,0,0,0,0,-215,174,0,0,5.03,0.44,2.22,77.46699999999994
0,1,0,41,32,0,2,-2,0,9,-221,0,-1,0,1,-187,149,0,0,5.03,0.45,2.3,78.76299999999995
0,1,0,50,26,0,2,-2,0,13,-144,0,-3,0,2,-104,221,0,0,5.03,0.45,2.3,80.05899999999995
0,2,0,54,24,0,2,-2,0,21,-72,0,-5,0,3,39,187,0,0,5.03,0.45,2.3,81.35499999999996
0,4,0,32,38,0,1,-2,-1,27,-17,0,-5,1,5,190,9,0,1,5.03,0.45,2.3,82.65099999999997
-1,5,0,15,44,0,1,-2,-1,29,0,0,-5,2,5,200,-56,0,1,5.03,0.45,2.3,83.94699999999997
-1,5,0,-25,40,0,1,-3,-1,31,25,0,-5,3,5,17,-98,0,1,5.03,0.45,2.3,85.24299999999998
-1,4,0,-37,26,0,1,-3,-1,34,25,0,-5,3,2,46,-2,0,1,5.03,0.45,2.3,86.53899999999999
-1,3,0,-36,10,0,1,-2,-1,39,18,0,-5,3,2,90,66,0,1,5.03,0.45,2.3,87.835
-1,2,0,-36,-6,0,1,-2,-1,37,12,0,-5,3,2,96,67,0,1,5.03,0.45,2.3,89.131
-1,2,0,-33,-40,0,0,-1,0,-7,10,0,-4,2,2,94,58,0,1,5.03,0.45,2.3,90.427
-1,1,0,-31,-65,0,1,-2,0,53,26,0,-2,1,1,89,22,0,1,5.03,0.45,2.3,91.72300000000001
0,1,0,-27,-78,0,1,0,0,51,29,0,-1,0,0,93,123,0,1,5.03,0.45,2.3,93.01900000000002
0,1,0,-26,-84,0,0,-1,0,32,16,0,-3,0,2,84,250,0,0,5.03,0.45,2.3,94.31500000000003
0,2,0,-12,-50,0,0,-2,0,-12,101,0,1,0,-1,29,-211,0,0,5.03,0.45,2.3,95.61100000000003
0,2,0,-10,-39,0,0,-2,0,-19,108,0,1,0,-1,39,-250,0,0,5.03,0.45,2.3,96.90700000000004
0,3,0,-2,-30,0,0,-2,0,-26,101,0,0,0,-1,29,-250,0,0,5.03,0.45,2.3,98.20300000000005
0,3,0,-3,-26,0,0,-2,0,-37,84,0,2,0,-2,24,-207,0,0,5.03,0.45,2.3,99.49900000000005
0,2,0,-4,-26,0,0,-2,0,-47,68,0,2,0,-2,24,-126,0,0,5.03,0.45,2.3,100.79500000000006
0,2,0,-3,-27,0,1,-2,0,-45,64,0,1,0,-1,12,-151,0,0,5.03,0.45,2.3,102.09100000000007
0,2,0,-1,-28,0,1,-2,0,-45,55,0,2,0,-2,8,-144,0,0,5.03,0.45,2.3,103.38700000000007
0,2,0,0,-32,0,1,-2,0,-50,48,0,2,1,-1,2,-131,0,0,5.03,0.45,2.3,104.68300000000008
0,2,0,1,-36,0,0,-2,0,-59,47,0,2,1,-1,-96,-147,0,1,5.03,0.45,2.3,105.97600000000008
0,2,0,1,-38,0,1,-2,0,-58,48,0,2,1,-1,-125,-133,0,1,5.03,0.45,2.3,107.26900000000009
0,2,0,1,-41,0,1,-2,0,-52,50,0,3,2,-1,-129,-27,0,1,5.03,0.45,2.3,108.5620000000001
0,2,0,0,-38,0,0,-2,0,-51,43,0,3,1,-1,-118,19,0,1,5.03,0.45,2.3,109.8550000000001
0,2,0,-2,-31,0,1,-2,0,-48,43,0,2,1,-1,-120,51,0,1,5.03,0.45,2.3,111.14800000000011
0,2,0,-3,-28,0,1,-2,0,-44,50,0,2,1,-1,-130,62,0,1,5.03,0.45,2.3,112.44100000000012
0,2,0,-6,-19,0,1,-2,0,-38,58,0,1,1,-1,-153,71,0,1,5.03,0.45,2.3,113.73400000000012
0,2,0,-8,-12,0,1,-2,0,-31,68,0,1,1,0,-141,60,0,1,5.03,0.45,2.3,115.02700000000013
0,2,0,-8,-9,0,1,-2,0,-26,71,0,1,1,0,-142,52,0,1,5.03,0.45,2.3,116.32000000000014
0,2,0,-8,-6,0,0,-2,0,-25,64,0,1,1,0,-162,66,0,1,5.03,0.45,2.3,117.61300000000014
0,2,0,-8,-6,0,0,-2,0,-25,54,0,1,1,0,-161,92,0,1,5.03,0.45,2.3,118.90600000000015
0,2,0,-8,-6,0,0,-2,0,-12,37,0,1,1,0,-146,116,0,1,5.03,0.45,2.3,120.19900000000015
0,2,0,-9,-8,0,0,-2,0,-4,12,0,0,1,0,-127,133,0,1,5.03,0.45,2.3,121.49200000000016
0,2,0,-7,-15,0,0,-2,0,3,-13,0,0,0,1,-101,86,0,1,5.03,0.45,2.3,122.78500000000017
0,2,0,-6,-19,0,0,-2,0,7,-20,0,0,0,1,-93,54,0,1,5.03,0.45,2.3,124.07800000000017
0,2,0,-1,-31,0,1,-2,0,12,-29,0,-1,0,2,-140,13,0,0,5.03,0.45,2.3,125.37100000000018
0,2,0,2,-42,0,1,-2,0,15,-22,0,-2,-1,1,-111,-17,0,0,5.03,0.45,2.3,126.66400000000019
-1,2,-1,3,-48,0,2,-2,0,12,8,0,-2,-2,1,-42,-22,0,0,5.03,0.45,2.3,127.95700000000019
-1,2,-1,1,-51,0,2,-2,0,9,24,0,-2,-2,1,-25,-23,0,0,5.03,0.45,2.3,129.2500000000002
-1,2,0,-1,-61,0,2,-2,0,3,78,0,-3,-2,2,26,-37,0,0,5.03,0.45,2.3,130.5430000000002
-1,2,0,-2,-76,0,2,-2,0,-4,123,0,-3,-1,1,41,-62,0,1,5.03,0.45,2.3,131.8360000000002
-1,3,0,-5,-99,0,2,-2,-1,-1,149,0,-2,-1,1,28,-99,0,1,5.03,0.44,2.23,133.09300000000022
-2,3,0,-15,-128,0,1,-2,-1,-4,155,0,-3,-1,1,-60,-62,0,1,5.03,0.44,2.23,134.35000000000022
-2,3,0,-17,-142,0,1,-2,-1,-2,151,0,-2,-1,2,-63,-74,0,0,5.03,0.44,2.23,135.60700000000023
-1,2,-1,-12,-169,0,1,-2,-1,1,136,0,-2,0,2,-113,-6,0,0,5.03,0.44,2.23,136.86400000000023
-1,2,-1,-10,-196,0,1,-2,0,-7,125,0,-2,-1,1,-117,153,0,0,5.03,0.44,2.23,138.12100000000024
-1,2,0,-10,-217,0,1,-2,0,-11,118,0,-2,-1,1,-127,71,0,1,5.03,0.44,2.23,139.37800000000024
-1,1,0,-7,-235,0,1,-1,0,-34,112,0,-1,-2,1,-65,128,0,1,5.03,0.44,2.23,140.63500000000025
0,1,0,-9,-242,0,1,-1,0,-47,111,0,-2,-1,1,-43,113,0,1,5.03,0.44,2.23,141.89200000000025
0,2,0,-5,-250,0,1,-1,0,-58,122,0,-3,-1,1,-13,63,0,0,5.03,0.44,2.23,143.14900000000026
0,2,0,-2,-250,0,2,-1,0,-61,143,0,-4,-1,1,16,-26,0,0,5.03,0.44,2.23,144.40600000000026
0,2,0,1,-250,0,2,-1,-1,-61,168,0,-3,-1,1,23,-95,0,0,5.03,0.44,2.23,145.66300000000027
0,2,0,3,-250,0,2,-1,-1,-69,175,0,-3,-1,1,22,-117,0,0,5.03,0.44,2.23,146.92000000000027
0,2,0,4,-246,0,1,-1,-1,-89,182,0,-3,-2,0,40,-129,0,0,5.03,0.44,2.23,148.17700000000028
0,2,0,7,-232,0,1,-1,-1,-94,178,0,-4,-2,1,62,-105,0,0,5.03,0.44,2.23,149.43400000000028
0,2,0,8,-217,0,2,-1,-1,-90,183,0,-4,-2,0,81,-60,0,0,5.03,0.44,2.23,150.6910000000003
0,2,0,12,-201,0,2,-1,-1,-99,196,0,-4,-2,1,95,-16,0,0,5.03,0.44,2.23,151.9480000000003
0,2,0,13,-195,0,2,-1,-1,-102,202,0,-4,-2,0,89,4,0,0,5.03,0.44,2.23,153.2050000000003
0,2,0,16,-181,0,2,-2,-1,-108,212,0,-3,-2,0,95,28,0,0,5.03,0.44,2.23,154.4620000000003
0,2,0,19,-173,0,2,-2,-2,-113,210,0,-4,-2,0,99,65,0,1,5.03,0.44,2.23,155.7190000000003
0,2,0,21,-174,0,2,-2,-2,-121,198,0,-3,-2,0,88,94,0,1,5.03,0.44,2.23,156.9760000000003
0,2,0,22,-175,0,2,-2,-2,-124,195,0,-3,-2,0,91,101,0,1,5.03,0.44,2.23,158.23300000000032
0,2,0,22,-178,0,2,-2,-2,-135,185,0,-3,-1,0,103,114,0,1,5.04,0.46,2.32,159.53700000000032
0,2,0,22,-175,0,3,-1,-2,-146,194,0,-3,-1,0,109,107,0,1,5.04,0.46,2.32,160.84100000000032
0,2,0,22,-171,0,3,-1,-2,-159,209,0,-3,-2,0,127,96,0,1,5.04,0.46,2.32,162.14500000000032
0,2,0,22,-167,0,2,-1,-2,-167,214,0,-3,-2,0,143,91,0,0,5.04,0.46,2.32,163.44900000000032
0,2,0,22,-166,0,3,-1,-2,-169,213,0,-3,-1,0,144,98,0,1,5.04,0.46,2.32,164.75300000000033
0,2,0,21,-164,0,3,-2,-2,-183,198,0,-3,-1,0,148,137,0,1,5.04,0.46,2.32,166.05700000000033
0,2,0,22,-167,0,3,-1,-2,-159,166,0,-2,-2,0,110,207,0,1,5.04,0.46,2.32,167.36100000000033
0,2,0,23,-169,0,3,-1,-2,-150,179,0,-4,-2,0,153,250,0,1,5.04,0.46,2.32,168.66500000000033
0,2,0,24,-169,0,3,-1,-2,-160,178,0,-4,-2,0,177,250,0,1,5.04,0.46,2.32,169.96900000000034
0,2,0,24,-168,0,3,-2,-2,-162,167,0,-4,0,0,178,215,0,1,5.04,0.46,2.32,171.27300000000034
0,2,0,27,-164,0,3,-1,-2,-137,155,0,-4,-1,1,203,95,0,1,5.04,0.46,2.32,172.57700000000034
0,2,0,30,-158,0,4,-1,-2,-118,187,0,-3,-5,0,250,5,0,1,5.04,0.46,2.32,173.88100000000034
0,2,0,35,-155,0,4,-1,-2,-92,219,0,-3,-1,-3,250,115,0,1,5.04,0.46,2.32,175.18500000000034
0,2,0,37,-155,0,4,-1,-2,-99,217,0,0,1,0,250,197,0,1,5.04,0.46,2.32,176.48900000000035
0,2,0,38,-151,0,3,-1,-2,-132,155,0,-2,0,0,124,250,0,1,5.04,0.46,2.32,177.79300000000035
0,2,0,36,-151,0,3,-2,-2,-150,99,0,-2,0,0,-3,250,0,1,5.04,0.46,2.32,179.09700000000035
0,2,0,35,-148,0,3,-1,-1,-164,41,0,-2,-3,0,13,250,0,1,5.04,0.46,2.32,180.40100000000035
0,2,0,40,-148,0,4,-2,-1,-149,35,0,-2,-2,0,129,144,0,1,5.04,0.46,2.32,181.70500000000035
0,2,0,42,-148,0,5,-1,-1,-143,50,0,-2,-2,0,162,122,0,1,5.04,0.46,2.32,183.00900000000036
0,2,0,47,-153,0,5,-2,0,-131,97,0,-1,-1,1,153,121,0,1,5.04,0.46,2.32,184.31300000000036
-1,2,0,46,-159,0,4,-1,-1,-134,116,0,-1,-2,1,129,179,0,1,5.04,0.46,2.32,185.61700000000036
-1,2,0,39,-170,0,3,0,0,-160,98,0,-1,-2,2,176,250,0,1,5.04,0.45,2.29,186.90900000000036
-1,2,0,24,-177,0,4,-1,0,-141,106,0,-2,0,3,250,250,0,1,5.04,0.45,2.29,188.20100000000036
0,2,0,20,-178,0,3,-1,0,-144,108,0,-2,-1,2,221,250,0,1,5.04,0.45,2.29,189.49300000000036
0,2,0,17,-173,0,4,-2,0,-112,144,0,-2,-1,0,134,201,0,0,5.04,0.45,2.29,190.78500000000037
0,1,0,22,-165,0,3,-1,0,-115,170,0,-1,0,0,97,167,0,0,5.04,0.45,2.29,192.07700000000037
0,1,0,31,-158,0,1,-1,0,-92,152,0,-1,-1,0,67,155,0,1,5.04,0.45,2.29,193.36900000000037
0,2,0,36,-150,0,0,0,0,-105,86,0,-1,-2,0,36,153,0,1,5.04,0.45,2.29,194.66100000000037
0,2,0,36,-146,0,0,0,1,-170,56,0,-1,-2,0,30,153,0,1,5.04,0.45,2.29,195.95300000000037
0,3,0,27,-126,0,1,-2,-1,-66,11,0,-1,-2,0,57,140,0,1,5.04,0.45,2.29,197.24500000000037
0,4,0,20,-115,0,2,0,1,-93,12,0,-2,-2,0,79,133,0,0,5.04,0.45,2.29,198.53700000000038
0,3,0,18,-113,0,0,0,1,-42,31,0,-2,-2,0,77,148,0,0,5.04,0.45,2.29,199.82900000000038
0,3,0,19,-113,0,0,0,1,-61,33,0,-2,-2,0,78,153,0,0,5.04,0.45,2.29,201.12100000000038
0,2,-1,20,-123,0,0,0,0,35,11,0,-2,-2,0,72,131,0,1,5.04,0.45,2.29,202.41300000000038
0,2,0,14,-140,0,0,0,0,63,-39,0,-2,-2,0,95,171,0,1,5.04,0.45,2.29,203.70500000000038
0,2,0,10,-137,0,0,0,0,1,-73,0,0,-2,0,67,216,0,1,5.04,0.45,2.29,204.99700000000038
0,2,0,6,-131,0,0,0,0,-47,-88,0,-2,-2,0,68,178,0,1,5.04,0.45,2.29,206.28900000000039
0,2,0,6,-126,0,0,0,0,-54,-88,0,-2,-2,0,67,165,0,1,5.04,0.45,2.29,207.5810000000004
0,2,0,3,-114,0,0,1,0,-40,-87,0,-2,-2,0,71,157,0,1,5.04,0.45,2.29,208.8730000000004
0,2,0,3,-105,0,-1,1,0,-39,-95,0,-2,-1,0,67,139,0,1,5.04,0.45,2.29,210.1650000000004
0,2,0,3,-95,0,-1,1,0,-61,-119,0,-1,-1,0,54,102,0,1,5.04,0.45,2.29,211.4570000000004
0,2,0,3,-92,0,-1,1,0,-69,-134,0,-1,-1,0,50,88,0,1,5.04,0.45,2.29,212.7490000000004
0,2,0,2,-85,0,-1,1,0,-82,-187,0,-1,-1,0,38,47,0,1,5.03,0.43,2.21,213.9940000000004
0,2,0,7,-85,0,-1,0,0,-92,-248,0,-1,-1,0,30,13,0,1,5.03,0.43,2.21,215.2390000000004
0,2,0,14,-90,0,-1,0,0,-100,-250,0,-1,-1,0,31,0,0,1,5.03,0.43,2.21,216.4840000000004
0,1,0,22,-94,0,0,0,0,-100,-250,0,-1,-1,0,32,-3,0,0,5.03,0.43,2.21,217.7290000000004
0,1,0,26,-96,0,0,0,0,-95,-250,0,-1,-1,0,44,7,0,0,5.03,0.43,2.21,218.97400000000042
0,1,0,26,-97,0,0,0,0,-93,-250,0,-1,-1,0,48,12,0,0,5.03,0.43,2.21,220.21900000000042
0,1,0,29,-99,0,0,0,0,-85,-250,0,-1,-1,0,52,36,0,0,5.03,0.43,2.21,221.46400000000042
0,1,0,34,-99,0,1,0,0,-83,-250,0,-1,-1,0,47,65,0,0,5.03,0.43,2.21,222.70900000000043
0,2,0,40,-98,0,2,0,0,-76,-250,0,-1,-1,0,45,85,0,0,5.03,0.43,2.21,223.95400000000043
0,2,0,44,-97,0,3,0,1,-72,-250,0,-1,-1,0,43,87,0,0,5.03,0.43,2.21,225.19900000000044
0,2,0,46,-98,0,3,0,1,-74,-250,0,-1,-1,0,42,87,0,0,5.03,0.43,2.21,226.44400000000044
0,2,0,49,-101,0,5,-1,0,-80,-250,0,-1,-2,0,39,80,0,0,5.03,0.43,2.21,227.68900000000045
0,2,0,51,-107,0,5,-1,0,-57,-173,0,-1,-2,0,39,72,0,0,5.03,0.43,2.21,228.93400000000045
0,2,0,52,-114,0,5,0,0,-63,-32,0,-1,-2,0,38,67,0,0,5.03,0.43,2.21,230.17900000000046
0,2,0,54,-112,0,5,0,0,-110,93,0,-1,-2,0,34,62,0,0,5.03,0.43,2.21,231.42400000000046
0,2,0,55,-110,0,5,0,0,-112,108,0,-1,-2,0,33,61,0,0,5.03,0.43,2.21,232.66900000000047
0,3,0,50,-95,0,5,0,0,-91,108,0,-1,-2,0,35,59,0,1,5.03,0.43,2.21,233.91400000000047
0,4,0,33,-65,0,5,0,0,-47,95,0,-1,-3,0,40,61,0,1,5.03,0.43,2.21,235.15900000000047
0,5,0,2,-41,0,5,0,0,24,105,0,-1,-2,0,37,61,0,1,5.03,0.43,2.21,236.40400000000048
1,5,0,-13,-31,0,5,0,1,20,134,0,-1,-2,0,32,62,0,1,5.03,0.43,2.21,237.64900000000048
1,4,0,-32,-3,0,5,0,1,18,196,0,-1,-2,0,13,56,0,1,5.03,0.43,2.21,238.8940000000005
1,3,0,-32,31,0,3,0,1,25,225,0,-1,-1,0,-4,47,0,1,5.03,0.46,2.32,240.1980000000005
0,2,0,-23,60,0,2,0,1,20,240,0,-1,-1,0,-23,29,0,1,5.03,0.46,2.32,241.5020000000005
0,1,0,-16,74,0,1,0,0,18,245,0,-1,-1,1,-50,12,0,0,5.03,0.46,2.32,242.8060000000005
0,1,0,-13,77,0,0,0,0,27,240,0,-1,-1,1,-62,8,0,0,5.03,0.46,2.32,244.1100000000005
0,1,0,-6,74,0,0,0,0,70,210,0,-1,-1,1,-93,15,0,0,5.03,0.46,2.32,245.4140000000005
0,1,0,0,60,0,-1,0,0,68,173,0,-1,-1,1,-103,3,0,0,5.03,0.46,2.32,246.7180000000005
-1,2,-1,3,41,0,-1,1,0,58,132,0,-2,-2,1,-78,8,0,1,5.03,0.46,2.32,248.0220000000005
-2,2,-1,3,35,0,-1,1,0,19,102,0,-2,-2,1,-34,-22,0,1,5.03,0.46,2.32,249.3260000000005
-1,2,0,3,32,0,-1,1,0,11,90,0,-2,-2,1,-21,-43,0,1,5.03,0.46,2.32,250.6300000000005
0,2,0,7,27,0,-1,1,0,1,79,0,-1,-2,1,19,-16,0,0,5.03,0.46,2.32,251.9340000000005
0,2,0,7,17,0,-1,1,0,4,66,0,-1,-2,0,32,3,0,0,5.03,0.46,2.32,253.2380000000005
0,2,0,9,13,0,-1,1,0,6,47,0,-1,-2,0,49,13,0,0,5.03,0.46,2.32,254.5420000000005
0,1,0,14,16,0,0,1,0,5,29,0,-1,-2,0,66,44,0,0,5.03,0.46,2.32,255.84600000000052
0,1,0,16,16,0,0,2,0,6,20,0,-1,-2,0,68,52,0,0,5.03,0.46,2.32,257.1500000000005
0,1,0,20,14,0,0,2,0,9,-3,0,-1,-1,0,66,59,0,0,5.03,0.46,2.32,258.45400000000046
0,2,0,20,8,0,0,2,0,4,-17,0,-1,-1,0,50,44,0,0,5.03,0.46,2.32,259.75800000000044
0,2,0,17,2,0,0,2,0,2,-13,0,-1,-1,0,37,22,0,0,5.03,0.46,2.32,261.0620000000004
0,2,0,14,-1,0,0,2,0,5,0,0,0,-2,0,33,1,0,0,5.03,0.46,2.32,262.3660000000004
0,2,0,14,-2,0,0,2,0,4,5,0,0,-2,0,33,-3,0,0,5.03,0.46,2.32,263.67000000000036
0,2,0,12,-3,0,0,2,0,0,13,0,0,-2,0,38,-13,0,0,5.03,0.46,2.32,264.97400000000033
0,2,0,11,-1,0,0,2,0,-6,12,0,0,-2,0,43,-19,0,0,5.03,0.46,2.32,266.2780000000003
0,2,0,11,0,0,0,2,0,-18,-2,0,-1,-2,0,41,-21,0,0,5.04,0.47,2.41,267.6370000000003
0,2,0,9,-1,0,0,2,0,-27,-13,0,-1,-2,0,31,-34,0,0,5.04,0.47,2.41,268.99600000000027
0,2,0,8,-1,0,0,2,0,-27,-13,0,-1,-2,0,26,-38,0,0,5.04,0.47,2.41,270.35500000000025
0,2,0,5,-2,0,0,1,0,-25,-11,0,-1,-1,0,18,-41,0,0,5.04,0.47,2.41,271.7140000000002
0,2,0,1,-2,0,-1,1,0,-31,-6,0,-1,-1,0,15,-26,0,0,5.04,0.47,2.41,273.0730000000002
0,2,0,-2,0,0,-1,1,0,-41,-30,0,-1,-1,0,12,-10,0,0,5.04,0.47,2.41,274.4320000000002
0,2,0,-7,5,0,-2,1,0,-53,-82,0,-1,-1,0,4,-5,0,1,5.04,0.47,2.41,275.79100000000017
0,2,0,-21,14,0,-3,0,0,-58,-148,0,-1,-1,0,-10,-10,0,1,5.04,0.47,2.41,277.15000000000015
0,3,0,-28,17,0,-3,0,0,-57,-169,0,-1,-1,0,-18,-13,0,1,5.04,0.47,2.41,278.5090000000001
0,3,0,-40,25,0,-2,0,0,-51,-207,0,-2,-1,0,-39,-27,0,1,5.04,0.47,2.41,279.8680000000001
1,4,0,-42,32,0,-2,-1,0,-56,-195,0,-2,-1,0,-61,-43,0,1,5.04,0.47,2.41,281.2270000000001
1,4,0,-34,47,0,0,-2,0,-77,-172,0,-2,-2,1,-86,-62,0,0,5.04,0.47,2.41,282.58600000000007
0,4,0,-34,68,0,0,-3,0,-77,-145,0,-2,-2,1,-107,-86,0,0,5.04,0.47,2.41,283.94500000000005
0,3,0,-45,84,0,1,-5,0,-41,-184,0,-2,-2,1,-120,-104,0,0,5.04,0.47,2.41,285.30400000000003
0,2,0,-29,159,0,1,-2,-1,61,-92,0,0,0,0,11,177,0,0,5.04,0.47,2.37,286.639
0,2,0,-25,157,0,1,-2,-1,52,-91,0,0,0,0,13,131,0,0,5.04,0.47,2.37,287.974
-1,2,0,-21,143,0,1,-2,0,37,-95,0,0,0,0,24,97,0,1,5.04,0.47,2.37,289.30899999999997
-1,2,0,-19,123,0,1,-2,0,15,-100,0,0,0,0,31,88,0,1,5.04,0.47,2.37,290.64399999999995
-1,2,0,-24,95,0,0,-2,0,-4,-105,0,0,1,0,28,105,0,1,5.04,0.47,2.37,291.9789999999999
0,2,0,-26,77,0,0,-2,0,-17,-109,0,0,1,0,22,130,0,1,5.04,0.47,2.37,293.3139999999999
0,2,0,-22,70,0,0,-2,0,-22,-115,0,0,1,0,11,159,0,0,5.04,0.47,2.37,294.6489999999999
0,2,0,-16,72,0,0,-2,0,-33,-125,0,0,1,0,-7,179,0,0,5.04,0.47,2.37,295.98399999999987
0,2,0,-10,78,0,0,-2,0,-38,-145,0,1,0,-1,-24,190,0,0,5.04,0.47,2.37,297.31899999999985
0,2,0,-9,78,0,0,-2,0,-38,-149,0,1,0,-1,-29,180,0,0,5.04,0.47,2.37,298.6539999999998
0,2,0,-9,79,0,0,-2,0,-30,-161,0,1,0,-1,-41,160,0,0,5.04,0.47,2.37,299.9889999999998
0,2,0,-9,85,0,1,-2,0,-16,-169,0,1,0,-1,-62,181,0,0,5.04,0.47,2.37,301.3239999999998
0,2,0,-5,92,0,1,-2,0,10,-177,0,1,0,-1,-71,202,0,0,5.04,0.47,2.37,302.65899999999976
0,2,0,-2,98,0,1,-2,0,32,-195,0,2,0,-1,-73,222,0,0,5.04,0.47,2.37,303.99399999999974
0,2,0,0,106,0,1,-2,0,39,-188,0,2,0,-1,-78,250,0,0,5.04,0.47,2.37,305.3289999999997
0,2,0,2,113,0,1,-2,0,39,-176,0,1,0,-1,-115,250,0,0,5.04,0.47,2.37,306.6639999999997
0,2,0,9,118,0,1,-2,0,35,-143,0,0,0,0,-141,239,0,0,5.04,0.47,2.37,307.9989999999997
0,2,0,19,118,0,1,-2,0,32,-102,0,-1,1,0,-161,170,0,0,5.04,0.47,2.37,309.33399999999966
0,2,0,24,116,0,1,-2,0,32,-65,0,-4,1,1,-132,128,0,0,5.04,0.47,2.37,310.66899999999964
0,2,0,19,109,0,1,-2,0,31,-42,0,-5,0,2,-62,101,0,0,5.04,0.47,2.37,312.0039999999996
-1,4,0,-1,96,0,1,-2,-1,37,-32,0,-5,1,4,20,-21,0,1,5.04,0.46,2.32,313.3139999999996
-2,4,0,-12,88,0,0,-2,-1,40,-32,0,-5,1,4,27,-54,0,1,5.04,0.46,2.32,314.6239999999996
-3,4,0,-36,55,0,0,-2,-1,49,-41,0,-5,2,3,15,-48,0,1,5.04,0.46,2.32,315.9339999999996
-2,3,-1,-41,30,0,0,-2,-1,29,-60,0,-5,2,2,44,24,0,0,5.04,0.46,2.32,317.24399999999963
-2,3,-1,-38,7,0,0,-2,-1,73,-55,0,-5,2,2,70,39,0,1,5.04,0.46,2.32,318.55399999999963
-2,2,0,-36,-1,0,0,-2,0,56,-58,0,-5,2,2,72,32,0,1,5.04,0.46,2.32,319.86399999999963
-1,2,0,-33,-28,0,1,-2,0,37,-54,0,-3,1,1,67,16,0,0,5.04,0.46,2.32,321.17399999999964
-1,1,0,-20,-40,0,1,-2,0,21,-37,0,-2,1,1,53,2,0,0,5.04,0.46,2.32,322.48399999999964
0,1,0,-8,-42,0,1,-2,0,-10,-17,0,-1,1,1,41,-15,0,0,5.04,0.46,2.32,323.79399999999964
0,1,0,-3,-41,0,1,-2,0,-16,-11,0,-1,1,1,35,-33,0,0,5.04,0.46,2.32,325.10399999999964
0,1,0,1,-34,0,1,-1,0,-32,3,0,0,0,0,38,-73,0,0,5.04,0.46,2.32,326.41399999999965
0,2,0,6,-26,0,1,-2,0,-33,14,0,0,0,0,29,-31,0,1,5.04,0.46,2.32,327.72399999999965
0,2,0,7,-22,0,1,-2,0,-24,25,0,0,0,0,40,-28,0,1,5.04,0.46,2.32,329.03399999999965
0,2,0,5,-21,0,1,-2,0,-22,26,0,0,0,0,51,14,0,1,5.04,0.46,2.32,330.34399999999965
0,2,0,1,-19,0,1,-2,0,-17,27,0,0,0,0,41,-49,0,0,5.04,0.46,2.32,331.65399999999966
0,2,0,-2,-15,0,1,-2,0,-13,29,0,0,1,0,35,-68,0,0,5.04,0.46,2.32,332.96399999999966
0,2,0,-4,-15,0,1,-2,0,-12,36,0,0,1,0,34,-108,0,0,5.04,0.46,2.32,334.27399999999966
0,2,0,-5,-14,0,1,-2,0,-15,49,0,0,1,0,34,-136,0,0,5.04,0.46,2.32,335.58399999999966
0,2,0,-5,-15,0,1,-2,0,-19,51,0,0,1,0,36,-141,0,0,5.04,0.46,2.32,336.89399999999966
0,2,0,-6,-16,0,1,-2,0,-30,41,0,1,1,0,40,-147,0,0,5.04,0.46,2.32,338.20399999999967
0,2,0,-7,-17,0,0,-2,0,-39,26,0,1,1,-1,44,-143,0,0,5.04,0.46,2.32,339.51399999999967
0,2,0,-7,-18,0,1,-2,0,-36,16,0,1,1,-1,36,-139,0,0,5.03,0.44,2.25,340.78399999999965
0,2,0,-8,-16,0,1,-2,0,-26,16,0,2,1,-1,28,-110,0,0,5.03,0.44,2.25,342.05399999999963
0,2,0,-8,-10,0,0,-2,0,-44,13,0,1,2,-1,-27,-81,0,1,5.03,0.44,2.25,343.3239999999996
0,2,0,-9,-3,0,1,-2,0,-43,20,0,2,2,-1,-76,-41,0,1,5.03,0.44,2.25,344.5939999999996
0,2,0,-11,2,0,1,-2,0,-31,33,0,3,2,-2,-82,35,0,1,5.03,0.44,2.25,345.8639999999996
0,2,0,-12,5,0,0,-2,0,-19,38,0,4,2,-1,-100,71,0,0,5.03,0.44,2.25,347.13399999999956
0,2,0,-11,5,0,1,-2,0,-15,43,0,3,2,-2,-92,58,0,0,5.03,0.44,2.25,348.40399999999954
0,2,0,-10,6,0,1,-2,0,-11,45,0,3,2,-1,-95,24,0,0,5.03,0.44,2.25,349.6739999999995
0,2,0,-9,6,0,1,-2,0,-11,49,0,3,2,-1,-127,24,0,0,5.03,0.44,2.25,350.9439999999995
0,2,0,-8,5,0,1,-2,0,-12,50,0,3,2,-1,-180,70,0,0,5.03,0.44,2.25,352.2139999999995
0,2,0,-9,4,0,0,-2,0,-11,49,0,3,1,-1,-196,85,0,0,5.03,0.44,2.25,353.48399999999947
0,2,0,-9,0,0,0,-2,0,-7,46,0,2,0,0,-211,99,0,0,5.03,0.44,2.25,354.75399999999945
0,2,0,-9,-8,0,0,-2,0,-4,44,0,1,0,0,-203,98,0,0,5.03,0.44,2.25,356.02399999999943
0,2,0,-5,-16,0,0,-2,0,-2,40,0,0,0,1,-181,85,0,0,5.03,0.44,2.25,357.2939999999994
0,2,0,1,-24,0,0,-2,0,-5,38,0,-2,-2,2,-144,67,0,0,5.03,0.44,2.25,358.5639999999994
0,2,0,5,-27,0,0,-2,0,-8,37,0,-4,-2,3,-127,57,0,0,5.03,0.44,2.25,359.8339999999994
0,2,0,11,-35,0,0,-2,0,-16,29,0,-5,-3,4,-36,39,0,0,5.03,0.44,2.25,361.10399999999936
0,2,-1,7,-36,0,0,-2,0,-27,13,0,-5,-2,4,50,17,0,0,5.03,0.44,2.25,362.37399999999934
-1,3,0,-11,-50,0,0,-2,0,-35,-8,0,-5,0,5,151,-84,0,1,5.03,0.44,2.25,363.6439999999993
-1,4,0,-18,-59,0,0,-2,0,-37,-14,0,-5,0,5,161,-107,0,1,5.03,0.44,2.25,364.9139999999993
-2,5,0,-30,-86,0,0,-2,-1,-34,-21,0,-4,1,3,124,-121,0,1,5.03,0.44,2.25,366.1839999999993
-3,4,0,-35,-114,0,1,-2,-1,-33,-14,0,-2,1,2,41,-65,0,1,5.04,0.46,2.35,367.5109999999993
-2,3,-1,-37,-149,0,1,-3,-1,-25,4,0,-1,1,1,45,-36,0,1,5.04,0.46,2.35,368.8379999999993
-2,2,-1,-35,-162,0,1,-2,0,-31,16,0,-1,1,1,49,-29,0,0,5.04,0.46,2.35,370.1649999999993
-1,2,-1,-34,-202,0,1,-2,0,-49,60,0,-1,0,1,64,-43,0,0,5.04,0.46,2.35,371.4919999999993
-1,1,0,-27,-231,0,1,-2,0,-48,117,0,0,0,0,39,-74,0,0,5.04,0.46,2.35,372.8189999999993
-1,1,0,-21,-250,0,1,-2,0,-40,168,0,0,0,0,21,-103,0,0,5.04,0.46,2.35,374.1459999999993
0,1,0,-20,-250,0,1,-1,0,-44,209,0,0,0,0,15,-110,0,1,5.04,0.46,2.35,375.4729999999993
0,1,0,-16,-250,0,1,-1,0,-51,215,0,0,0,0,9,-67,0,1,5.04,0.46,2.35,376.7999999999993
0,1,0,-9,-250,0,1,-1,0,-49,222,0,0,0,0,5,-72,0,1,5.04,0.46,2.35,378.12699999999927
0,1,0,-5,-237,0,1,-2,0,-32,214,0,0,0,0,16,-163,0,0,5.04,0.46,2.35,379.45399999999927
0,1,0,-1,-214,0,0,-1,0,-44,188,0,-1,0,0,6,-230,0,0,5.04,0.46,2.35,380.78099999999927
0,1,0,0,-206,0,0,-2,0,-49,177,0,0,0,0,8,-250,0,0,5.04,0.46,2.35,382.10799999999927
0,2,-1,1,-186,0,1,-2,0,-60,146,0,-1,0,0,11,-250,0,0,5.04,0.46,2.35,383.43499999999926
0,2,-1,6,-166,0,1,-2,-1,-62,130,0,-1,0,0,10,-212,0,0,5.04,0.46,2.35,384.76199999999926
0,2,0,15,-153,0,1,-2,-1,-56,124,0,-1,0,0,7,-235,0,0,5.04,0.46,2.35,386.08899999999926
0,2,0,27,-158,0,1,-2,-1,-50,145,0,-2,-1,0,15,-183,0,0,5.04,0.46,2.35,387.41599999999926
0,2,0,37,-173,0,1,-2,-1,-40,193,0,-2,-1,1,28,-158,0,1,5.04,0.46,2.35,388.74299999999926
0,2,0,30,-190,0,1,-2,-1,-40,241,0,-2,-2,1,20,-111,0,0,5.04,0.46,2.35,390.06999999999925
0,2,0,25,-196,0,1,-2,-1,-41,250,0,-2,-2,1,25,-83,0,0,5.04,0.46,2.35,391.39699999999925
0,2,0,24,-198,0,1,-2,-1,-40,250,0,-3,-2,1,10,-60,0,0,5.04,0.46,2.35,392.72399999999925
0,2,0,28,-194,0,0,-2,-1,-43,250,0,-3,-2,1,-13,-33,0,0,5.04,0.46,2.35,394.05099999999925
0,2,0,29,-192,0,0,-2,-1,-46,250,0,-3,-2,1,-22,-18,0,0,5.04,0.46,2.32,395.3599999999993
0,2,0,28,-191,0,0,-2,-1,-51,240,0,-4,-3,1,23,32,0,0,5.04,0.46,2.32,396.6689999999993
0,2,0,23,-190,0,0,-2,-1,-53,201,0,-4,-3,1,14,37,0,0,5.04,0.46,2.32,397.9779999999993
0,3,0,19,-187,0,1,-2,-1,-49,179,0,-4,-3,0,25,19,0,0,5.04,0.46,2.32,399.28699999999935
0,2,0,18,-188,0,1,-2,-1,-58,183,0,-4,-3,0,22,32,0,1,5.04,0.46,2.32,400.5959999999994
0,2,0,21,-190,0,1,-2,-1,-66,201,0,-4,-2,0,16,127,0,0,5.04,0.46,2.32,401.9049999999994
0,2,0,25,-195,0,1,-2,-2,-73,206,0,-4,-2,0,26,236,0,0,5.04,0.46,2.32,403.21399999999943
0,2,0,27,-206,0,1,-2,-2,-69,218,0,-4,-2,0,61,250,0,0,5.04,0.46,2.32,404.52299999999946
0,2,0,27,-209,0,1,-1,-2,-67,225,0,-4,-2,0,75,250,0,0,5.04,0.46,2.32,405.8319999999995
0,2,0,29,-217,0,1,-1,-2,-61,250,0,-5,-2,0,102,186,0,0,5.04,0.46,2.32,407.1409999999995
0,2,0,34,-219,0,2,-1,-2,-64,250,0,-4,-2,0,96,123,0,0,5.04,0.46,2.32,408.44999999999953
0,2,0,38,-217,0,2,-1,-2,-74,237,0,-3,-2,0,84,141,0,0,5.04,0.46,2.32,409.75899999999956
0,2,0,41,-212,0,2,-1,-2,-81,209,0,-2,-2,0,91,217,0,0,5.04,0.46,2.32,411.0679999999996
0,2,0,43,-209,0,3,-1,-3,-83,207,0,-3,-2,0,113,250,0,0,5.04,0.46,2.32,412.3769999999996
0,2,0,48,-207,0,3,-1,-3,-83,222,0,-4,-2,0,134,238,0,0,5.04,0.46,2.32,413.68599999999964
0,1,0,54,-203,0,3,-1,-3,-91,232,0,-3,-1,0,141,190,0,0,5.04,0.46,2.32,414.99499999999966
0,1,0,56,-200,0,4,-1,-3,-96,232,0,-3,-1,0,143,187,0,0,5.04,0.46,2.32,416.3039999999997
0,2,0,61,-192,0,4,-1,-3,-113,224,0,-3,-1,0,148,203,0,0,5.04,0.46,2.32,417.6129999999997
0,3,0,60,-183,0,4,-2,-3,-130,192,0,-2,-1,0,148,249,0,1,5.04,0.46,2.32,418.92199999999974
0,3,0,44,-173,0,5,-3,-2,-136,163,0,-2,-1,0,146,250,0,1,5.04,0.46,2.32,420.23099999999977
-1,4,0,19,-155,0,5,-3,-2,-127,168,0,-3,-1,0,153,250,0,1,5.04,0.46,2.32,421.5399999999998
0,3,0,14,-151,0,5,-4,-2,-114,202,0,-3,-1,0,171,235,0,0,5.03,0.44,2.24,422.8039999999998
0,2,0,16,-141,0,5,-4,-1,-141,249,0,-2,-1,0,169,175,0,0,5.03,0.44,2.24,424.0679999999998
0,2,0,17,-139,0,5,-5,-2,-107,236,0,-2,-1,0,163,162,0,1,5.03,0.44,2.24,425.3319999999998
0,2,0,16,-125,0,5,-5,-1,-43,232,0,-2,-1,0,158,132,0,1,5.03,0.44,2.24,426.59599999999983
0,3,0,14,-116,0,5,-5,-2,-39,184,0,-2,-1,0,120,163,0,1,5.03,0.44,2.24,427.85999999999984
0,3,0,12,-107,0,4,-5,-1,-18,167,0,-1,-1,0,83,139,0,1,5.03,0.44,2.24,429.12399999999985
0,2,0,12,-106,0,4,-5,-1,-11,181,0,-2,-1,0,78,134,0,1,5.03,0.44,2.24,430.38799999999986
0,2,0,14,-104,0,3,-5,-1,0,174,0,-2,-1,0,66,113,0,0,5.03,0.44,2.24,431.6519999999999
0,2,0,17,-103,0,2,-5,-1,-7,206,0,-1,-1,0,53,169,0,0,5.03,0.44,2.24,432.9159999999999
0,2,0,10,-108,0,5,-5,-2,105,194,0,-1,-1,0,53,108,0,0,5.03,0.44,2.24,434.1799999999999
0,2,0,13,-104,0,-1,-4,3,-180,38,0,-1,-2,0,67,174,0,0,5.03,0.44,2.24,435.4439999999999
0,2,0,11,-105,0,1,-2,0,-82,114,0,-2,-2,0,76,248,0,0,5.03,0.44,2.24,436.7079999999999
0,2,0,14,-98,0,1,-2,0,-103,83,0,-1,-1,0,40,174,0,0,5.03,0.44,2.24,437.9719999999999
0,2,0,13,-94,0,0,-3,-1,-91,50,0,-1,-1,0,45,109,0,0,5.03,0.44,2.24,439.23599999999993
0,2,0,12,-90,0,0,-2,0,-86,62,0,-1,-1,0,42,92,0,0,5.03,0.44,2.24,440.49999999999994
0,2,0,12,-87,0,0,-1,0,-79,30,0,-1,-1,0,22,64,0,0,5.03,0.44,2.24,441.76399999999995
0,2,0,11,-78,0,0,-2,0,-65,-3,0,-1,-1,0,13,28,0,0,5.03,0.44,2.24,443.02799999999996
0,2,0,9,-71,0,0,-1,0,-48,-7,0,-1,-1,0,10,-13,0,0,5.03,0.44,2.24,444.292
0,2,0,9,-69,0,0,-1,0,-43,-11,0,-1,-1,0,10,-31,0,0,5.03,0.44,2.24,445.556
0,2,0,9,-66,0,-1,0,0,-48,-56,0,-1,-1,0,17,-64,0,0,5.03,0.44,2.24,446.82
0,2,0,10,-69,0,-1,0,0,-55,-91,0,-1,-1,0,22,-84,0,0,5.03,0.44,2.24,448.084
0,2,0,17,-72,0,-1,0,0,-55,-100,0,-1,-1,0,20,-89,0,0,5.03,0.46,2.33,449.397
0,1,0,33,-79,0,-1,0,0,-21,-39,0,-1,-1,0,-21,-50,0,0,5.03,0.46,2.33,450.71
0,2,0,37,-82,0,-1,0,0,-8,-45,0,-1,-1,1,-19,-37,0,0,5.03,0.46,2.33,452.02299999999997
0,2,0,41,-87,0,-2,1,0,-4,-95,0,-1,-2,1,-4,-31,0,0,5.03,0.46,2.33,453.33599999999996
0,2,0,42,-89,0,-2,1,0,-3,-118,0,-1,-2,1,4,-27,0,0,5.03,0.46,2.33,454.64899999999994
0,2,0,46,-94,0,-1,1,0,0,-179,0,-1,-1,1,20,1,0,0,5.03,0.46,2.33,455.96199999999993
0,2,0,50,-96,0,0,1,0,6,-195,0,-1,-1,1,18,50,0,0,5.03,0.46,2.33,457.2749999999999
0,1,0,52,-94,0,0,1,0,0,-194,0,-1,-1,2,17,114,0,0,5.03,0.46,2.33,458.5879999999999
0,2,0,47,-91,0,1,2,1,-35,-157,0,-1,-1,2,37,87,0,0,5.03,0.46,2.33,459.9009999999999
0,2,0,45,-90,0,1,2,2,-44,-160,0,-1,-1,2,44,65,0,0,5.03,0.46,2.33,461.2139999999999
0,3,0,35,-88,0,3,1,2,-61,-234,0,-1,-2,1,61,8,0,1,5.03,0.46,2.33,462.5269999999999
0,4,0,13,-84,0,5,0,1,-14,-250,0,-1,-2,1,72,-13,0,1,5.03,0.46,2.33,463.83999999999986
0,5,0,-3,-80,0,5,0,0,42,-148,0,-1,-2,0,76,-15,0,0,5.03,0.46,2.33,465.15299999999985
1,4,0,-8,-54,0,5,0,0,42,17,0,-1,-2,0,68,7,0,0,5.03,0.46,2.33,466.46599999999984
1,3,0,-16,-23,0,5,0,0,13,61,0,-1,-2,0,42,35,0,0,5.03,0.46,2.33,467.7789999999998
0,2,0,-18,-1,0,5,1,0,-8,35,0,-1,-2,0,23,56,0,0,5.03,0.46,2.33,469.0919999999998
0,2,0,-18,11,0,5,1,0,-19,52,0,-1,-1,0,10,66,0,0,5.03,0.46,2.33,470.4049999999998
0,2,0,-18,13,0,5,1,0,-21,73,0,-1,-1,0,7,69,0,0,5.03,0.46,2.33,471.7179999999998
0,2,0,-16,21,0,4,1,0,-6,146,0,-1,-1,0,4,80,0,0,5.03,0.46,2.33,473.0309999999998
0,2,0,-14,24,0,2,1,0,0,188,0,-1,-1,0,0,96,0,0,5.03,0.46,2.33,474.34399999999977
0,2,0,-11,27,0,1,0,0,-1,193,0,-1,-1,0,-6,109,0,0,5.03,0.46,2.33,475.65699999999975
0,2,0,-11,30,0,0,0,0,-2,180,0,0,-1,0,-3,131,0,0,5.04,0.45,2.28,476.94299999999976
0,2,0,-9,27,0,0,0,0,-10,158,0,-1,-1,0,1,130,0,1,5.04,0.45,2.28,478.22899999999976
0,2,0,-7,25,0,0,0,0,-17,148,0,-1,-1,0,-2,136,0,0,5.04,0.45,2.28,479.51499999999976
0,2,0,-1,22,0,-1,0,0,-23,129,0,-1,-1,0,-5,107,0,0,5.04,0.45,2.28,480.80099999999976
0,2,0,1,21,0,-1,0,0,-27,110,0,-1,-2,0,-1,110,0,0,5.04,0.45,2.28,482.08699999999976
0,2,0,0,27,0,-1,1,0,-28,92,0,-1,-2,0,-19,78,0,0,5.04,0.45,2.28,483.37299999999976
0,2,0,-2,33,0,-2,1,0,-20,72,0,-1,-1,0,-19,62,0,0,5.04,0.45,2.28,484.65899999999976
0,2,0,-3,34,0,-2,2,0,-9,39,0,-1,-1,0,-18,60,0,0,5.04,0.45,2.28,485.94499999999977
0,2,0,-1,33,0,-1,2,0,-12,7,0,-1,-1,0,-32,47,0,0,5.04,0.45,2.28,487.23099999999977
0,2,0,0,32,0,-1,2,0,-15,3,0,-1,-1,1,-37,37,0,0,5.04,0.45,2.28,488.51699999999977
0,2,0,1,29,0,-1,2,0,-26,5,0,-1,-1,1,-41,11,0,0,5.04,0.45,2.28,489.80299999999977
0,2,0,3,25,0,-1,2,0,-37,10,0,-1,-1,0,-35,-11,0,0,5.04,0.45,2.28,491.08899999999977
0,2,0,3,19,0,-1,2,0,-41,14,0,-1,-1,0,-21,-36,0,0,5.04,0.45,2.28,492.3749999999998
0,2,0,5,11,0,-1,1,0,-37,15,0,-1,-1,0,-8,-59,0,0,5.04,0.45,2.28,493.6609999999998
0,2,0,8,0,0,-2,1,0,-26,-12,0,-1,-2,0,-2,-70,0,0,5.04,0.45,2.28,494.9469999999998
0,2,0,10,-4,0,-2,1,0,-24,-30,0,-1,-1,0,0,-75,0,0,5.04,0.45,2.28,496.2329999999998
0,2,0,21,-31,0,-3,0,0,-50,-187,0,-1,-1,0,23,-55,0,0,5.04,0.45,2.28,497.5189999999998
0,2,0,22,-30,0,-2,0,0,-54,-190,0,-1,-1,0,19,-52,0,1,5.04,0.45,2.28,498.8049999999998
0,2,0,23,-26,0,-1,0,1,-56,-156,0,-1,-2,0,22,-34,0,1,5.04,0.45,2.28,500.0909999999998
0,3,0,17,-19,0,0,-1,0,-48,-105,0,-1,-2,0,26,-19,0,1,5.04,0.45,2.28,501.3769999999998
0,4,0,2,-9,0,2,-2,0,-35,-67,0,-1,-2,0,29,-1,0,1,5.04,0.45,2.28,502.6629999999998
0,5,0,-20,-1,0,2,-3,0,-11,-97,0,-2,-2,0,21,17,0,1,5.03,0.44,2.21,503.9119999999998
1,5,0,-42,9,0,4,-4,0,34,-176,0,-2,-2,0,1,15,0,1,5.03,0.44,2.21,505.16099999999983
1,5,0,-47,16,0,4,-4,0,56,-172,0,-2,-2,0,-8,12,0,0,5.03,0.44,2.21,506.40999999999985
1,4,0,-61,45,0,4,-3,0,83,-129,0,-2,-2,0,-41,-5,0,0,5.03,0.44,2.21,507.6589999999999
0,3,0,-76,76,0,4,-3,0,71,-26,0,-2,-2,0,-67,-26,0,0,5.03,0.44,2.21,508.9079999999999
0,3,0,-88,98,0,3,-3,0,66,56,0,-1,-1,0,-85,-37,0,0,5.03,0.44,2.21,510.1569999999999
0,2,0,-99,108,0,3,-2,0,19,61,0,-1,-1,0,-108,-40,0,1,5.03,0.44,2.21,511.40599999999995
0,2,0,-103,112,0,2,-3,0,25,21,0,-1,-1,0,-127,-41,0,0,5.03,0.44,2.21,512.655
0,1,0,-105,113,0,2,-2,0,10,-32,0,-1,-1,0,-135,-44,0,0,5.03,0.44,2.21,513.904
0,1,0,-106,116,0,2,-3,0,9,-95,0,0,-1,0,-136,-55,0,0,5.03,0.44,2.21,515.153
0,1,0,-106,118,0,2,-3,-1,13,-116,0,0,-1,0,-133,-58,0,0,5.03,0.44,2.21,516.402
0,1,0,-101,118,0,2,-3,-1,37,-174,0,-1,-1,0,-126,-77,0,0,5.03,0.44,2.21,517.6510000000001
0,1,0,-89,121,0,3,-3,-1,58,-150,0,-1,-1,0,-119,-119,0,0,5.03,0.44,2.21,518.9000000000001
0,1,0,-75,117,0,3,-3,0,31,-77,0,-1,-1,0,-108,-69,0,0,5.03,0.44,2.21,520.1490000000001
0,1,0,-59,118,0,3,-3,0,-10,-45,0,-1,-2,0,-135,-115,0,0,5.03,0.44,2.21,521.3980000000001
0,2,0,-47,121,0,2,-3,-1,-33,-79,0,-1,-2,0,-123,-151,0,0,5.03,0.44,2.21,522.6470000000002
0,2,0,-44,125,0,1,-4,-1,-13,-166,0,-1,-2,0,-103,-148,0,0,5.03,0.44,2.21,523.8960000000002
0,2,0,-45,128,0,2,-4,-1,5,-214,0,-1,-2,0,-105,-146,0,0,5.03,0.44,2.21,525.1450000000002
0,2,0,-46,132,0,2,-4,-2,13,-217,0,-2,-2,0,-102,-140,0,0,5.03,0.44,2.21,526.3940000000002
0,2,0,-46,144,0,2,-4,-2,34,-211,0,-1,-2,0,-97,-146,0,0,5.03,0.44,2.21,527.6430000000003
0,2,0,-46,162,0,2,-4,-2,29,-238,0,-3,-2,1,-23,-250,0,0,5.03,0.44,2.21,528.8920000000003
0,2,0,-45,179,0,2,-4,-2,16,-250,0,-1,-2,0,-37,-250,0,0,5.03,0.44,2.21,530.1410000000003
0,2,0,-44,190,0,2,-4,-2,1,-250,0,-1,-2,0,-14,-250,0,0,5.03,0.44,2.21,531.3900000000003
0,2,0,-43,199,0,2,-3,-2,-10,-250,0,-1,-2,0,-10,-232,0,0,5.03,0.44,2.21,532.6390000000004
0,2,0,-40,203,0,2,-3,-2,-19,-250,0,-2,-1,0,-11,-212,0,0,5.03,0.44,2.21,533.8880000000004
0,2,0,-38,204,0,1,-3,-2,-27,-241,0,-2,-1,0,-35,-210,0,0,5.03,0.44,2.21,535.1370000000004
0,2,0,-38,204,0,1,-3,-2,-29,-237,0,-2,-1,0,-56,-207,0,0,5.03,0.44,2.21,536.3860000000004
0,2,0,-40,205,0,1,-3,-2,-29,-250,0,-2,-1,0,-80,-209,0,0,5.03,0.44,2.21,537.6350000000004
0,3,0,-44,212,0,1,-2,-2,-24,-250,0,-2,-2,0,-103,-224,0,0,5.03,0.44,2.21,538.8840000000005
0,2,0,-45,221,0,1,-2,-2,-18,-250,0,-2,-2,0,-115,-229,0,0,5.03,0.44,2.21,540.1330000000005
0,2,0,-43,225,0,1,-2,-2,-16,-250,0,-2,-2,-1,-117,-232,0,0,5.03,0.44,2.21,541.3820000000005
0,2,0,-39,228,0,1,-2,-2,-17,-250,0,-3,-2,-1,-111,-232,0,1,5.03,0.44,2.21,542.6310000000005
0,2,0,-35,227,0,1,-2,-2,-22,-250,0,-3,-2,-1,-96,-216,0,1,5.03,0.44,2.21,543.8800000000006
0,2,0,-33,224,0,1,-2,-2,-20,-250,0,-3,-2,-1,-85,-197,0,0,5.03,0.44,2.21,545.1290000000006
0,2,0,-30,220,0,1,-2,-1,-22,-250,0,-3,-2,-1,-94,-192,0,0,5.03,0.44,2.21,546.3780000000006
0,2,0,-25,222,0,1,-2,-1,-24,-229,0,-4,-2,-1,-111,-191,0,0,5.03,0.44,2.21,547.6270000000006
0,2,0,-20,223,0,1,-2,-1,-20,-195,0,-4,-2,0,-121,-181,0,0,5.03,0.44,2.21,548.8760000000007
0,1,0,-15,225,0,1,-2,-1,-14,-163,0,-4,-2,0,-127,-164,0,0,5.03,0.44,2.21,550.1250000000007
0,1,0,-14,225,0,1,-2,-1,-8,-153,0,-4,-2,0,-125,-156,0,0,5.03,0.44,2.21,551.3740000000007
0,1,0,-11,226,0,1,-2,0,4,-128,0,-4,-3,0,-109,-114,0,0,5.03,0.44,2.21,552.6230000000007
0,1,0,-8,227,0,1,-2,0,14,-110,0,-5,-3,0,-82,-89,0,0,5.03,0.44,2.21,553.8720000000008
0,1,0,-6,229,0,1,-2,0,19,-95,0,-5,-3,0,-57,-71,0,1,5.03,0.44,2.21,555.1210000000008
-1,2,0,-6,228,0,0,-2,0,20,-85,0,-5,-3,0,-26,-55,0,0,5.03,0.44,2.26,556.3960000000008
-1,2,0,-10,223,0,0,-2,0,21,-86,0,-5,-3,1,11,-62,0,0,5.03,0.44,2.26,557.6710000000007
0,2,0,-15,215,0,0,-2,0,18,-101,0,-5,-3,1,24,-57,0,1,5.03,0.44,2.26,558.9460000000007
0,2,0,-22,195,0,0,-2,0,22,-117,0,-4,-3,1,41,-27,0,1,5.03,0.44,2.26,560.2210000000007
0,2,0,-25,186,0,0,-1,0,24,-122,0,-4,-3,1,54,-11,0,1,5.03,0.44,2.26,561.4960000000007
0,2,0,-36,146,0,0,-1,0,29,-129,0,-4,-3,1,93,14,0,1,5.03,0.44,2.26,562.7710000000006
0,2,0,-34,116,0,1,-2,0,67,-48,0,-4,-2,1,117,9,0,0,5.03,0.44,2.26,564.0460000000006
-1,3,0,-28,99,0,0,-1,0,25,-94,0,-4,-2,1,133,-8,0,1,5.03,0.44,2.26,565.3210000000006
0,3,0,-31,91,0,0,-2,0,9,-136,0,-3,-2,1,137,0,0,1,5.03,0.44,2.26,566.5960000000006
0,3,0,-34,98,0,0,-2,0,-4,-161,0,-2,-2,0,147,40,0,1,5.03,0.44,2.26,567.8710000000005
0,3,0,-34,109,0,1,-2,0,-9,-150,0,-1,-1,0,138,90,0,1,5.03,0.44,2.26,569.1460000000005
0,2,0,-32,110,0,1,-2,-1,13,-105,0,-1,0,0,104,84,0,0,5.03,0.44,2.26,570.4210000000005
0,2,0,-29,114,0,1,-2,-1,39,-58,0,-2,0,1,59,73,0,0,5.03,0.44,2.26,571.6960000000005
0,2,0,-27,125,0,1,-2,0,67,-25,0,-2,0,1,6,82,0,0,5.03,0.44,2.26,572.9710000000005
0,2,0,-26,128,0,1,-2,0,67,-18,0,-1,0,0,0,77,0,0,5.03,0.44,2.26,574.2460000000004
0,2,0,-25,137,0,1,-2,0,50,-6,0,0,0,0,-10,167,0,0,5.03,0.44,2.26,575.5210000000004
0,2,0,-27,140,0,1,-2,0,34,-14,0,0,0,0,-30,209,0,0,5.03,0.44,2.26,576.7960000000004
0,2,0,-23,149,0,0,-2,-1,21,-37,0,1,0,0,26,171,0,0,5.03,0.44,2.26,578.0710000000004
0,2,0,-23,150,0,0,-2,-1,16,-49,0,0,0,0,49,146,0,0,5.03,0.44,2.26,579.3460000000003
0,2,0,-19,150,0,0,-2,-1,22,-87,0,0,0,0,27,151,0,0,5.03,0.44,2.26,580.6210000000003
0,2,0,-16,151,0,0,-2,-1,29,-134,0,0,0,0,18,132,0,0,5.03,0.44,2.26,581.8960000000003
0,2,0,-13,153,0,0,-2,-1,22,-165,0,0,0,0,11,105,0,0,5.04,0.46,2.34,583.2190000000003
0,2,0,-15,148,0,0,-2,0,13,-182,0,0,0,0,9,116,0,0,5.04,0.46,2.34,584.5420000000003
0,2,0,-14,151,0,0,-2,0,6,-183,0,1,0,0,2,129,0,0,5.04,0.46,2.34,585.8650000000002
0,2,0,-12,149,0,0,-2,0,4,-186,0,1,0,0,-1,174,0,0,5.04,0.46,2.34,587.1880000000002
0,2,0,-9,149,0,0,-2,0,0,-182,0,2,0,-1,6,218,0,0,5.04,0.46,2.34,588.5110000000002
0,2,0,-9,149,0,0,-2,0,0,-179,0,2,0,-1,7,229,0,0,5.04,0.46,2.34,589.8340000000002
0,2,0,-8,148,0,0,-2,0,4,-178,0,2,0,0,4,244,0,0,5.04,0.46,2.34,591.1570000000002
0,1,0,-5,142,0,0,-2,0,6,-177,0,2,0,0,0,249,0,0,5.04,0.46,2.34,592.4800000000001
0,1,0,-1,136,0,0,-2,0,3,-176,0,2,0,0,-4,240,0,0,5.04,0.46,2.34,593.8030000000001
0,1,0,1,134,0,0,-2,0,2,-174,0,1,0,0,-7,232,0,0,5.04,0.46,2.34,595.1260000000001
0,1,0,5,128,0,0,-2,0,4,-168,0,1,0,0,-20,210,0,0,5.04,0.46,2.34,596.4490000000001
0,1,0,10,123,0,0,-2,0,6,-159,0,1,0,0,-30,167,0,0,5.04,0.46,2.34,597.772
0,2,0,16,113,0,0,-2,0,4,-149,0,0,1,0,-43,112,0,0,5.04,0.46,2.34,599.095
0,2,0,20,111,0,0,-2,0,4,-145,0,0,1,0,-49,95,0,0,5.04,0.46,2.34,600.418
0,2,0,31,101,0,0,-2,0,7,-136,0,0,1,1,-66,44,0,0,5.04,0.46,2.34,601.741
0,2,0,40,94,0,0,-2,0,15,-134,0,-1,1,2,-82,28,0,0,5.04,0.46,2.34,603.064
0,3,0,44,86,0,0,-2,0,21,-140,0,-3,1,2,-75,76,0,0,5.04,0.46,2.34,604.387
0,3,0,42,81,0,0,-2,0,27,-146,0,-4,1,2,-58,104,0,0,5.04,0.46,2.34,605.7099999999999
-1,4,0,29,63,0,0,-3,-1,42,-164,0,-5,2,3,4,163,0,0,5.04,0.46,2.34,607.0329999999999
-1,5,0,1,43,0,0,-3,-1,55,-187,0,-5,2,4,53,130,0,1,5.04,0.46,2.34,608.3559999999999
-1,4,0,-24,15,0,1,-2,-1,63,-209,0,-5,3,4,63,4,0,0,5.04,0.46,2.34,609.6789999999999
-1,3,0,-28,-3,0,1,-2,-1,77,-218,0,-5,3,3,38,-32,0,0,5.04,0.47,2.39,611.0269999999998
-1,2,0,-27,-12,0,1,-2,-1,76,-222,0,-5,3,3,40,-44,0,0,5.04,0.47,2.39,612.3749999999998
-1,2,0,-24,-31,0,1,-2,-1,67,-205,0,-3,3,2,60,-60,0,0,5.04,0.47,2.39,613.7229999999997
0,1,0,-19,-41,0,2,-2,0,39,-174,0,-2,2,1,66,-53,0,0,5.04,0.47,2.39,615.0709999999997
0,1,0,-11,-41,0,2,-1,0,15,-135,0,0,1,1,79,-51,0,0,5.04,0.47,2.39,616.4189999999996
0,2,0,23,-199,0,1,-2,-1,-74,155,0,-3,-2,1,55,-57,0,0,5.04,0.48,2.42,617.7859999999996
0,2,0,20,-204,0,2,-2,0,-31,190,0,-4,-2,2,65,-63,0,0,5.04,0.48,2.42,619.1529999999996
0,2,0,16,-209,0,1,-2,-1,-24,191,0,-4,-2,2,19,-39,0,0,5.04,0.48,2.42,620.5199999999995
0,2,0,12,-212,0,1,-1,-1,-14,181,0,-2,-3,0,10,10,0,0,5.04,0.48,2.42,621.8869999999995
0,2,0,11,-213,0,1,-1,-1,-13,178,0,-2,-3,0,27,47,0,0,5.04,0.48,2.42,623.2539999999995
0,2,0,9,-214,0,1,-1,-1,-19,183,0,-3,-3,0,112,106,0,0,5.04,0.48,2.42,624.6209999999994
0,2,0,11,-218,0,1,-1,-1,-34,207,0,-4,-3,0,130,147,0,0,5.04,0.48,2.42,625.9879999999994
0,2,0,11,-224,0,1,-1,-1,-52,238,0,-5,-3,0,172,165,0,0,5.04,0.48,2.42,627.3549999999993
0,2,0,9,-229,0,1,-1,-1,-67,250,0,-5,-2,1,115,138,0,0,5.04,0.45,2.29,628.6489999999993
0,2,0,10,-230,0,1,-1,-2,-69,250,0,-5,-2,0,87,124,0,0,5.04,0.45,2.29,629.9429999999993
0,2,0,14,-237,0,1,-1,-2,-75,250,0,-4,-3,0,85,131,0,0,5.04,0.45,2.29,631.2369999999993
0,2,0,21,-240,0,1,-1,-2,-75,250,0,-3,-2,0,97,183,0,0,5.04,0.45,2.29,632.5309999999993
0,2,0,29,-238,0,2,-1,-2,-80,250,0,-3,-2,0,130,250,0,0,5.04,0.45,2.29,633.8249999999992
0,2,0,37,-234,0,2,-1,-1,-94,250,0,-3,-2,0,155,250,0,0,5.04,0.45,2.29,635.1189999999992
0,2,0,40,-232,0,2,-1,-1,-99,250,0,-4,-2,0,163,250,0,0,5.04,0.45,2.29,636.4129999999992
0,2,0,46,-227,0,2,-1,-2,-105,250,0,-4,-1,0,172,250,0,0,5.04,0.45,2.29,637.7069999999992
0,2,0,50,-223,0,2,-1,-2,-98,250,0,-4,-1,0,160,170,0,0,5.04,0.45,2.29,639.0009999999992
0,2,0,54,-215,0,2,-1,-2,-84,242,0,-3,-1,0,155,134,0,0,5.04,0.45,2.29,640.2949999999992
0,2,0,55,-212,0,2,-1,-2,-79,230,0,-2,-1,0,157,138,0,0,5.04,0.45,2.29,641.5889999999991
0,2,0,55,-201,0,3,-1,-2,-71,211,0,-2,-1,0,164,181,0,0,5.04,0.45,2.29,642.8829999999991
0,3,0,49,-188,0,3,-1,-2,-80,188,0,-2,-1,0,169,228,0,0,5.04,0.45,2.29,644.1769999999991
0,3,0,39,-174,0,3,-2,-1,-94,157,0,-2,-2,0,181,243,0,1,5.04,0.45,2.29,645.4709999999991
0,3,0,32,-171,0,3,-2,-1,-100,142,0,-3,-2,0,187,235,0,1,5.04,0.45,2.29,646.7649999999991
0,3,0,19,-161,0,4,-2,-1,-108,121,0,-3,-1,0,199,199,0,1,5.04,0.45,2.29,648.0589999999991
0,2,0,16,-156,0,5,-2,-2,-103,128,0,-3,-1,0,210,171,0,0,5.04,0.45,2.29,649.352999999999
0,2,0,17,-153,0,5,-3,-2,-96,155,0,-2,-1,0,203,171,0,0,5.04,0.45,2.29,650.646999999999
0,2,0,18,-152,0,5,-3,-2,-93,160,0,-2,-1,0,196,173,0,0,5.04,0.45,2.29,651.940999999999
0,2,0,17,-146,0,5,-3,-3,-95,145,0,-2,-1,0,187,199,0,0,5.04,0.45,2.29,653.234999999999
0,3,0,12,-138,0,5,-3,-3,-93,103,0,-2,-1,0,168,208,0,1,5.04,0.45,2.29,654.528999999999
0,3,0,14,-138,0,5,-2,-2,-109,72,0,-2,-1,0,114,188,0,0,5.03,0.44,2.25,655.798999999999
0,3,0,14,-130,0,5,-3,-3,-127,67,0,-2,-2,0,116,173,0,1,5.03,0.44,2.25,657.0689999999989
0,2,0,15,-131,0,5,-3,-2,-52,91,0,-2,-1,0,104,159,0,0,5.03,0.44,2.25,658.3389999999989
0,2,0,17,-126,0,4,-3,-3,-76,165,0,-2,-1,0,55,130,0,0,5.03,0.44,2.25,659.6089999999989
0,2,0,16,-123,0,4,-4,-2,-88,206,0,-2,-1,0,59,146,0,0,5.03,0.44,2.25,660.8789999999989
0,2,0,16,-125,0,4,-3,-2,-84,197,0,-3,-1,0,55,202,0,0,5.03,0.44,2.25,662.1489999999989
0,2,0,19,-123,0,3,-3,-2,-119,186,0,-2,-1,0,74,111,0,0,5.03,0.44,2.25,663.4189999999988
0,2,0,18,-123,0,2,-5,-1,-111,147,0,-1,-1,0,65,177,0,0,5.03,0.44,2.25,664.6889999999988
0,2,0,20,-123,0,1,-1,-1,-250,146,0,-2,-1,0,92,222,0,0,5.03,0.44,2.25,665.9589999999988
0,2,0,22,-118,0,2,-4,-1,-154,222,0,-2,-1,0,66,250,0,0,5.03,0.44,2.25,667.2289999999988
0,2,0,24,-121,0,3,-3,-1,-166,193,0,-1,-1,0,58,147,0,0,5.03,0.44,2.25,668.4989999999988
0,2,0,23,-119,0,2,-3,0,-179,206,0,-1,-1,0,53,101,0,0,5.03,0.44,2.25,669.7689999999988
0,2,0,23,-115,0,1,-1,0,-250,175,0,-2,-1,0,48,80,0,0,5.03,0.44,2.25,671.0389999999987
0,2,0,23,-101,0,1,-3,-1,-155,168,0,-2,-1,0,46,52,0,0,5.03,0.44,2.25,672.3089999999987
0,2,0,24,-96,0,0,-2,0,-142,139,0,-1,-1,0,47,42,0,0,5.03,0.44,2.25,673.5789999999987
0,2,0,26,-91,0,1,-2,0,-106,119,0,-1,-1,0,52,16,0,0,5.03,0.44,2.25,674.8489999999987
0,2,0,26,-91,0,0,-1,0,-64,123,0,-1,-1,0,52,0,0,1,5.03,0.44,2.25,676.1189999999987
0,2,0,26,-95,0,0,-1,0,-7,108,0,-1,-1,0,45,-8,0,1,5.03,0.44,2.25,677.3889999999986
0,2,0,26,-99,0,0,0,0,35,58,0,-1,-1,0,30,-14,0,0,5.03,0.44,2.25,678.6589999999986
0,2,0,28,-101,0,0,0,0,41,39,0,-1,-1,0,26,-16,0,0,5.03,0.44,2.25,679.9289999999986
0,2,0,32,-104,0,0,0,0,-23,12,0,-1,-1,0,18,-10,0,0,5.03,0.44,2.25,681.1989999999986
0,2,0,35,-106,0,0,0,0,-52,-36,0,-1,-1,0,9,-13,0,0,5.04,0.47,2.4,682.5529999999986
0,2,0,38,-106,0,0,0,0,-53,-76,0,-1,-1,1,15,2,0,0,5.04,0.47,2.4,683.9069999999987
0,2,0,39,-104,0,0,0,0,-47,-88,0,-1,-1,0,14,-3,0,0,5.04,0.47,2.4,685.2609999999987
0,2,0,41,-104,0,0,0,0,-34,-108,0,-1,-1,1,15,-1,0,0,5.04,0.47,2.4,686.6149999999988
0,2,0,40,-102,0,0,0,0,-37,-120,0,-1,-1,1,23,1,0,0,5.04,0.47,2.4,687.9689999999988
0,2,0,40,-102,0,0,0,0,-38,-128,0,-1,-1,1,27,4,0,0,5.04,0.47,2.4,689.3229999999988
0,2,0,41,-105,0,-1,1,0,-51,-188,0,-1,-1,1,36,22,0,1,5.04,0.47,2.4,690.6769999999989
0,2,0,41,-108,0,-1,1,0,-69,-250,0,-1,-1,1,47,38,0,1,5.04,0.47,2.4,692.0309999999989
0,2,0,41,-111,0,0,1,0,-77,-250,0,-1,-2,0,71,68,0,0,5.04,0.47,2.4,693.384999999999
0,2,0,41,-110,0,0,1,0,-80,-250,0,0,-2,0,84,83,0,0,5.04,0.47,2.4,694.738999999999
0,2,0,39,-101,0,0,1,1,-76,-250,0,-1,-1,0,114,116,0,1,5.04,0.47,2.4,696.092999999999
0,3,0,32,-87,0,2,1,2,-62,-250,0,-1,-2,1,122,127,0,1,5.04,0.47,2.4,697.4469999999991
0,4,0,17,-68,0,4,0,2,-38,-156,0,-2,-2,1,108,113,0,1,5.04,0.47,2.4,698.8009999999991
0,4,0,11,-60,0,5,0,2,-29,-140,0,-2,-2,1,101,103,0,1,5.04,0.47,2.4,700.1549999999992
1,5,0,-8,-31,0,5,-1,1,-34,-158,0,-2,-2,0,80,76,0,1,5.04,0.47,2.4,701.5089999999992
1,5,0,-27,-1,0,5,-2,0,-10,-111,0,-2,-1,0,48,45,0,1,5.04,0.47,2.4,702.8629999999993
1,3,0,-44,21,0,5,-1,1,10,-6,0,-2,-1,0,16,19,0,1,5.04,0.47,2.4,704.2169999999993
1,3,0,-47,27,0,5,0,1,15,37,0,-1,-1,0,5,11,0,1,5.04,0.47,2.4,705.5709999999993
0,2,0,-52,38,0,5,0,1,2,135,0,-1,-1,0,-4,6,0,1,5.04,0.47,2.4,706.9249999999994
0,2,0,-48,41,0,4,0,1,-7,189,0,-1,-1,0,-12,13,0,1,5.04,0.47,2.4,708.2789999999994
0,1,0,-38,38,0,2,0,1,13,202,0,-1,-1,0,-15,33,0,0,5.04,0.47,2.4,709.6329999999995
0,1,0,-35,33,0,2,1,1,26,200,0,-1,-1,0,-17,42,0,0,5.03,0.43,2.21,710.8819999999995
0,1,0,-26,29,0,0,1,1,57,179,0,-1,-1,0,-19,61,0,0,5.03,0.43,2.21,712.1309999999995
-1,2,0,-22,29,0,0,1,1,74,156,0,-1,-1,0,-27,74,0,0,5.03,0.43,2.21,713.3799999999995
-1,2,0,-20,33,0,0,1,1,40,138,0,-2,-2,0,-27,36,0,0,5.03,0.43,2.21,714.6289999999996
0,2,0,-18,33,0,0,1,0,22,124,0,-1,-2,0,-36,65,0,0,5.03,0.43,2.21,715.8779999999996
0,2,0,-15,26,0,-1,1,0,17,116,0,-2,-1,0,-23,65,0,0,5.03,0.43,2.21,717.1269999999996
0,2,0,-13,26,0,-1,1,0,15,111,0,-1,-1,0,-34,73,0,0,5.03,0.43,2.21,718.3759999999996
0,2,0,-10,18,0,-1,1,0,6,92,0,-1,-1,0,-44,6,0,0,5.03,0.43,2.21,719.6249999999997
0,1,0,-6,17,0,-1,1,0,3,65,0,-1,-1,0,-32,-6,0,0,5.03,0.43,2.21,720.8739999999997
0,1,0,-4,15,0,-1,2,0,-1,39,0,-1,-1,0,-19,5,0,0,5.03,0.43,2.21,722.1229999999997
0,1,0,-3,15,0,-1,2,0,-4,29,0,-1,-1,0,-19,10,0,0,5.03,0.43,2.21,723.3719999999997
0,2,0,-4,14,0,0,2,0,-8,4,0,-1,-1,0,-17,-1,0,0,5.03,0.43,2.21,724.6209999999998
0,2,0,-5,11,0,0,2,0,-8,-13,0,-1,-1,0,-10,-16,0,0,5.03,0.43,2.21,725.8699999999998
0,2,0,-4,10,0,0,2,0,0,-33,0,-1,-1,0,-18,-42,0,0,5.03,0.43,2.21,727.1189999999998
0,2,0,-3,9,0,0,2,0,1,-42,0,-1,-1,0,-20,-51,0,0,5.03,0.43,2.21,728.3679999999998
0,2,0,-2,7,0,0,2,0,1,-67,0,-1,-1,0,-31,-67,0,0,5.03,0.43,2.21,729.6169999999998
0,2,0,-1,2,0,0,2,0,2,-92,0,-1,-1,0,-40,-78,0,0,5.03,0.43,2.21,730.8659999999999
0,2,0,1,-5,0,0,1,0,5,-127,0,-1,-1,0,-42,-82,0,0,5.03,0.43,2.21,732.1149999999999
0,2,0,3,-9,0,0,1,0,0,-131,0,-1,-1,0,-41,-88,0,0,5.03,0.43,2.21,733.3639999999999
0,1,0,7,-20,0,0,1,0,-26,-147,0,-1,-1,0,-31,-86,0,0,5.03,0.43,2.21,734.6129999999999
0,1,0,12,-28,0,0,1,0,-21,-166,0,-1,-2,0,-16,-77,0,0,5.03,0.43,2.21,735.862
0,2,0,17,-35,0,0,1,1,-1,-168,0,-1,-2,0,-11,-65,0,0,5.04,0.47,2.37,737.203
0,2,0,18,-37,0,0,1,1,2,-159,0,-1,-2,0,-10,-59,0,0,5.04,0.47,2.37,738.544
0,2,0,21,-37,0,0,1,1,-2,-136,0,-1,-2,0,-12,-39,0,0,5.04,0.47,2.37,739.885
0,2,0,23,-33,0,0,1,1,-12,-154,0,-1,-2,1,-11,-10,0,0,5.04,0.47,2.37,741.226
0,2,0,25,-27,0,0,0,1,0,-209,0,-1,-1,1,-6,10,0,0,5.04,0.47,2.37,742.567
0,2,0,25,-24,0,0,0,1,11,-229,0,-1,-1,1,-4,13,0,0,5.04,0.47,2.37,743.908
0,2,0,26,-19,0,1,0,1,55,-244,0,-2,-1,1,0,0,0,0,5.04,0.47,2.37,745.249
0,2,0,25,-13,0,2,0,2,70,-195,0,-2,-1,1,5,-24,0,0,5.04,0.47,2.37,746.59
0,3,0,24,-6,0,5,-1,0,30,-154,0,-1,-1,1,9,-31,0,0,5.04,0.47,2.37,747.931
0,3,0,23,-3,0,5,-1,0,23,-137,0,-1,-1,1,9,-29,0,0,5.04,0.47,2.37,749.272
0,3,0,15,4,0,5,-1,0,37,-138,0,-1,-1,0,13,-17,0,0,5.04,0.47,2.37,750.613
0,4,0,-2,11,0,5,-1,-1,36,-165,0,-1,-2,0,17,-5,0,1,5.04,0.47,2.37,751.9540000000001
0,5,0,-31,9,0,5,-1,-1,19,-182,0,-2,-2,0,20,-8,0,1,5.04,0.47,2.37,753.2950000000001
0,5,0,-43,14,0,5,-1,-1,15,-179,0,-2,-2,0,17,-14,0,1,5.04,0.47,2.37,754.6360000000001
0,4,0,-62,28,0,4,-1,-1,13,-122,0,-2,-1,0,-7,-37,0,0,5.04,0.47,2.37,755.9770000000001
1,3,0,-67,67,0,4,-1,-1,22,-35,0,-2,-1,0,-46,-55,0,0,5.04,0.47,2.37,757.3180000000001
0,3,0,-77,97,0,3,-1,0,46,47,0,-2,-1,0,-80,-60,0,1,5.04,0.47,2.37,758.6590000000001
0,2,0,-81,108,0,2,-1,0,58,69,0,-2,-1,0,-90,-58,0,1,5.04,0.47,2.37,760.0000000000001
0,2,0,-87,131,0,1,-1,-1,88,105,0,-2,-1,0,-112,-45,0,1,5.04,0.47,2.37,761.3410000000001
0,2,0,-84,145,0,1,-1,-1,110,129,0,-2,-1,0,-130,-48,0,0,5.04,0.47,2.37,762.6820000000001
0,1,0,-77,154,0,0,0,-1,141,118,0,-2,-1,0,-137,-74,0,0,5.04,0.47,2.37,764.0230000000001
0,1,0,-67,160,0,0,0,-1,167,102,0,-1,-1,0,-135,-57,0,0,5.04,0.48,2.47,765.4170000000001
0,1,0,-63,159,0,0,0,0,174,93,0,-1,-1,0,-123,-21,0,0,5.04,0.48,2.47,766.8110000000001
0,1,0,-54,162,0,0,0,0,185,66,0,-1,-1,0,-133,-43,0,0,5.04,0.48,2.47,768.2050000000002
0,1,0,-45,162,0,0,0,0,193,38,0,-1,-1,0,-122,-84,0,0,5.04,0.48,2.47,769.5990000000002
0,1,0,-40,159,0,0,0,-1,195,17,0,-1,-1,0,-110,-99,0,0,5.04,0.48,2.47,770.9930000000002
0,1,0,-37,159,0,0,0,-1,195,11,0,-1,-1,0,-110,-102,0,0,5.04,0.48,2.47,772.3870000000002
0,2,0,-30,159,0,0,-1,-1,184,0,0,-1,-1,0,-108,-109,0,0,5.04,0.48,2.47,773.7810000000002
0,2,0,-25,163,0,0,-1,-1,178,-14,0,-1,-1,0,-113,-147,0,0,5.04,0.48,2.47,775.1750000000002
0,2,0,-22,171,0,1,-1,-1,177,-37,0,-1,-1,0,-119,-190,0,0,5.04,0.48,2.47,776.5690000000002
0,2,0,-22,173,0,1,-2,-1,173,-37,0,-1,-2,0,-119,-200,0,0,5.04,0.48,2.47,777.9630000000002
0,2,0,-26,178,0,1,-2,-1,156,-35,0,-1,-2,0,-128,-226,0,0,5.04,0.48,2.47,779.3570000000002
0,2,0,-30,183,0,1,-2,-1,148,-74,0,-1,-2,0,-137,-238,0,0,5.04,0.48,2.47,780.7510000000002
0,2,0,-34,189,0,2,-2,-1,152,-104,0,-2,-2,0,-140,-231,0,0,5.04,0.48,2.47,782.1450000000002
0,2,0,-35,192,0,1,-2,-1,160,-89,0,-1,-2,0,-138,-222,0,0,5.04,0.48,2.47,783.5390000000002
0,2,0,-34,196,0,1,-2,-1,161,-57,0,-2,-1,0,-144,-201,0,0,5.04,0.48,2.47,784.9330000000002
0,2,0,-30,198,0,1,-3,-2,163,-30,0,-2,-1,0,-159,-198,0,0,5.04,0.48,2.47,786.3270000000002
0,2,0,-28,197,0,1,-3,-2,159,-50,0,-2,-1,0,-164,-198,0,0,5.04,0.48,2.47,787.7210000000002
0,2,0,-22,193,0,1,-4,-2,143,-124,0,-2,-1,0,-174,-193,0,0,5.04,0.48,2.47,789.1150000000002
0,2,0,-16,185,0,2,-5,-2,133,-161,0,-2,-1,0,-180,-180,0,0,5.04,0.48,2.47,790.5090000000002
0,2,0,-14,180,0,4,-5,-2,93,-182,0,-2,-2,0,-174,-165,0,0,5.04,0.48,2.47,791.9030000000002
0,2,0,-16,177,0,4,-5,-2,94,-136,0,-2,-2,0,-169,-161,0,0,5.04,0.48,2.47,793.2970000000003
0,2,0,-23,180,0,3,-5,-2,68,-158,0,-3,-2,0,-154,-167,0,0,5.03,0.44,2.26,794.5730000000002
0,3,0,-31,184,0,3,-5,-2,44,-155,0,-3,-2,0,-145,-194,0,0,5.03,0.44,2.26,795.8490000000002
0,3,0,-34,190,0,3,-4,-2,29,-168,0,-2,-2,0,-145,-214,0,0,5.03,0.44,2.26,797.1250000000001
0,3,0,-35,194,0,3,-4,-2,24,-178,0,-2,-2,0,-148,-211,0,0,5.03,0.44,2.26,798.4010000000001
0,2,0,-38,219,0,2,-4,-1,2,-228,0,-3,-2,-1,-147,-191,0,0,5.03,0.44,2.26,799.677
0,2,0,-37,235,0,2,-4,-1,20,-247,0,-3,-2,-1,-135,-178,0,0,5.03,0.44,2.26,800.953
0,2,0,-34,246,0,2,-3,-1,34,-250,0,-3,-1,0,-145,-175,0,0,5.03,0.44,2.26,802.2289999999999
0,1,0,-29,250,0,2,-2,-1,51,-250,0,-3,-2,0,-149,-159,0,0,5.03,0.44,2.26,803.5049999999999
0,1,0,-23,250,0,1,-2,-1,43,-250,0,-4,-2,0,-150,-128,0,1,5.03,0.44,2.26,804.7809999999998
0,2,-1,-19,250,0,1,-2,-1,43,-250,0,-4,-3,0,-144,-77,0,0,5.03,0.44,2.26,806.0569999999998
0,2,-1,-19,250,0,1,-2,-1,46,-250,0,-4,-3,0,-114,-16,0,1,5.03,0.44,2.26,807.3329999999997
0,2,-1,-20,250,0,1,-2,-1,46,-250,0,-4,-3,0,-104,3,0,1,5.03,0.44,2.26,808.6089999999997
0,2,-1,-21,250,0,1,-2,-1,46,-250,0,-5,-3,0,-96,64,0,1,5.03,0.44,2.26,809.8849999999996
0,2,-1,-21,250,0,1,-2,-1,47,-238,0,-5,-2,0,-109,110,0,1,5.03,0.44,2.26,811.1609999999996
0,2,-1,-18,250,0,1,-2,-1,49,-219,0,-5,-2,1,-149,106,0,0,5.03,0.44,2.26,812.4369999999996
0,2,-1,-14,250,0,1,-2,-1,63,-202,0,-5,-2,1,-172,44,0,0,5.03,0.44,2.26,813.7129999999995
-1,1,-1,-9,240,0,1,-1,-1,78,-185,0,-5,-2,1,-144,-8,0,0,5.03,0.44,2.26,814.9889999999995
-1,1,-1,-7,211,0,1,-1,0,85,-173,0,-4,-2,1,-81,-33,0,0,5.03,0.44,2.26,816.2649999999994
-1,1,-1,-9,177,0,1,-1,0,78,-167,0,-4,-2,1,-28,-32,0,1,5.03,0.44,2.26,817.5409999999994
-1,1,-1,-10,168,0,1,-1,0,73,-167,0,-4,-2,1,-12,-29,0,1,5.03,0.44,2.26,818.8169999999993
-1,2,0,-19,138,0,0,-1,0,56,-169,0,-3,-1,1,35,-27,0,1,5.03,0.44,2.26,820.0929999999993
-1,3,0,-40,110,0,0,-1,0,40,-168,0,-3,-1,1,88,-49,0,1,5.04,0.47,2.37,821.4319999999993
0,4,0,-50,92,0,1,-1,-1,30,-164,0,-2,-1,0,113,-59,0,1,5.04,0.47,2.37,822.7709999999994
0,3,0,-40,99,0,1,-2,-1,31,-156,0,-2,0,0,115,-53,0,1,5.04,0.47,2.37,824.1099999999994
0,3,0,-29,104,0,1,-2,-1,40,-150,0,-1,-1,0,112,-49,0,1,5.04,0.47,2.37,825.4489999999995
0,2,0,-33,105,0,0,-2,-1,59,-158,0,-1,0,0,117,-56,0,1,5.04,0.47,2.37,826.7879999999996
0,2,0,-44,100,0,1,-2,-1,59,-156,0,0,0,0,105,-37,0,1,5.04,0.47,2.37,828.1269999999996
0,2,0,-51,105,0,1,-2,-1,45,-142,0,0,0,0,74,-17,0,1,5.04,0.47,2.37,829.4659999999997
0,2,0,-53,103,0,1,-2,-1,34,-133,0,0,0,0,77,-1,0,1,5.04,0.47,2.37,830.8049999999997
0,2,0,-47,100,0,1,-2,-1,11,-111,0,0,0,0,84,21,0,0,5.04,0.47,2.37,832.1439999999998
0,2,0,-34,90,0,1,-2,-1,-11,-86,0,0,0,0,32,100,0,0,5.04,0.47,2.37,833.4829999999998
0,2,0,-34,84,0,1,-2,0,-17,-74,0,0,0,-1,17,149,0,0,5.04,0.47,2.37,834.8219999999999
0,2,0,-35,82,0,1,-2,0,-20,-69,0,0,0,-1,17,165,0,0,5.04,0.47,2.37,836.161
0,2,0,-32,75,0,1,-2,0,-27,-51,0,1,0,-1,34,195,0,0,5.04,0.47,2.37,837.5
0,2,0,-28,72,0,1,-2,0,-37,-30,0,1,0,-1,38,196,0,0,5.04,0.47,2.37,838.839
0,2,0,-24,74,0,0,-2,0,-46,-12,0,1,0,-1,-6,234,0,0,5.04,0.47,2.37,840.1780000000001
0,2,0,-19,80,0,0,-2,0,-45,-2,0,1,0,-1,-33,244,0,0,5.04,0.47,2.37,841.5170000000002
0,2,0,-16,86,0,0,-2,0,-42,-23,0,1,0,-1,-59,229,0,0,5.04,0.47,2.37,842.8560000000002
0,2,0,-12,89,0,0,-2,0,-38,-53,0,1,0,-1,-35,184,0,0,5.04,0.47,2.37,844.1950000000003
0,2,0,-6,89,0,0,-2,0,-39,-77,0,2,0,-1,-25,142,0,0,5.04,0.47,2.37,845.5340000000003
0,1,0,0,91,0,0,-2,1,-39,-250,0,3,0,-1,-41,139,0,0,5.04,0.47,2.37,846.8730000000004
0,1,0,4,97,0,2,-3,0,23,-250,0,2,0,0,-74,159,0,0,5.04,0.47,2.37,848.2120000000004
0,2,0,5,101,0,2,-3,0,47,-250,0,3,1,0,-105,190,0,0,5.04,0.48,2.42,849.5830000000004
0,2,0,10,103,0,2,-2,0,70,-187,0,1,1,0,-142,226,0,0,5.04,0.48,2.42,850.9540000000004
0,2,0,13,103,0,2,-2,0,69,-150,0,0,2,0,-152,206,0,0,5.04,0.48,2.42,852.3250000000004
0,2,0,23,100,0,2,-2,0,57,-83,0,-3,1,1,-143,128,0,0,5.04,0.48,2.42,853.6960000000004
0,1,0,29,101,0,1,-2,0,36,-40,0,-5,1,3,-102,62,0,0,5.04,0.48,2.42,855.0670000000003
0,2,-1,26,100,0,1,-2,0,35,-12,0,-5,0,3,-56,-8,0,0,5.04,0.48,2.42,856.4380000000003
-1,3,-1,10,89,0,1,-2,-1,32,5,0,-5,0,3,29,-56,0,0,5.04,0.48,2.42,857.8090000000003
-2,4,-1,-10,63,0,0,-2,-1,38,10,0,-5,1,2,58,-20,0,1,5.04,0.48,2.42,859.1800000000003
-3,4,0,-28,11,0,0,-2,-1,44,4,0,-5,2,2,56,32,0,0,5.04,0.48,2.42,860.5510000000003
-2,3,0,-21,-18,0,0,-2,-1,42,-9,0,-5,1,1,56,20,0,1,5.04,0.48,2.42,861.9220000000003
-2,3,0,-18,-28,0,1,-3,-1,61,-11,0,-4,1,1,61,8,0,1,5.04,0.48,2.42,863.2930000000002
-2,2,0,-11,-47,0,0,-2,0,34,-11,0,-2,0,1,73,0,0,0,5.04,0.48,2.42,864.6640000000002
-1,2,0,-9,-61,0,1,-2,0,20,-2,0,-1,0,0,82,-24,0,0,5.04,0.48,2.42,866.0350000000002
0,2,0,-15,-73,0,1,-1,0,4,12,0,0,0,0,75,-63,0,0,5.04,0.48,2.42,867.4060000000002
0,2,0,-18,-71,0,1,-1,0,-1,35,0,1,0,0,82,-119,0,0,5.04,0.48,2.42,868.7770000000002
0,2,0,-15,-55,0,1,-1,0,-10,56,0,1,0,0,49,-17,0,0,5.04,0.48,2.42,870.1480000000001
0,1,0,-11,-36,0,1,-1,0,-10,91,0,1,0,0,44,-79,0,1,5.04,0.48,2.42,871.5190000000001
0,1,0,-8,-24,0,0,-2,0,-14,78,0,1,0,0,43,-75,0,1,5.04,0.48,2.42,872.8900000000001
0,2,0,-12,-11,0,0,-2,0,-20,72,0,1,1,0,51,-117,0,1,5.04,0.48,2.42,874.2610000000001
0,2,0,-13,0,0,0,-2,0,-22,45,0,1,1,0,59,-144,0,1,5.04,0.48,2.42,875.6320000000001
0,2,0,-8,4,0,0,-2,0,-23,21,0,1,1,-1,55,-138,0,1,5.04,0.48,2.42,877.003
0,2,0,-6,6,0,1,-2,0,-25,7,0,1,1,-1,52,-123,0,1,5.04,0.48,2.42,878.374
0,2,0,-6,5,0,0,-2,0,-33,0,0,1,2,-1,32,-107,0,1,5.04,0.48,2.42,879.745
0,2,0,-6,4,0,1,-2,0,-31,-1,0,1,2,-1,16,-95,0,1,5.04,0.48,2.42,881.116
0,2,0,-6,4,0,1,-2,0,-36,0,0,1,2,-1,-34,-63,0,1,5.04,0.48,2.42,882.487
0,2,0,-5,6,0,1,-2,0,-44,4,0,1,2,-1,-43,-31,0,1,5.04,0.48,2.42,883.858
0,2,0,-4,9,0,1,-2,0,-55,-3,0,2,2,-1,-54,3,0,1,5.04,0.48,2.42,885.2289999999999
0,2,0,-4,11,0,1,-2,0,-62,-9,0,1,1,-1,-86,38,0,1,5.04,0.48,2.42,886.5999999999999
0,2,0,-6,12,0,1,-2,0,-57,-21,0,2,2,-1,-87,46,0,1,5.04,0.48,2.42,887.9709999999999
0,2,0,-11,14,0,1,-2,0,-31,-46,0,1,2,-1,-73,31,0,1,5.04,0.48,2.42,890.7129999999999
0,2,0,-11,14,0,1,-3,0,-18,-40,0,1,2,-1,-78,34,0,1,5.04,0.48,2.42,892.0839999999998
0,2,0,-11,14,0,1,-2,0,14,-15,0,2,1,-1,-96,71,0,1,5.04,0.48,2.42,893.4549999999998
0,2,0,-10,13,0,1,-2,0,23,7,0,2,1,-1,-125,125,0,1,5.04,0.48,2.42,894.8259999999998
0,2,0,-8,8,0,1,-2,0,17,27,0,3,1,-2,-170,157,0,1,5.04,0.48,2.42,896.1969999999998
0,1,0,0,1,0,1,-1,0,5,29,0,2,1,-1,-201,93,0,0,5.04,0.48,2.42,897.5679999999998
0,1,0,10,-20,0,1,-1,0,-1,22,0,2,1,0,-238,33,0,0,5.04,0.48,2.42,898.9389999999997
-1,2,0,23,-44,0,1,-1,0,-11,31,0,1,0,0,-232,32,0,0,5.04,0.48,2.42,900.3099999999997
-1,3,0,27,-71,0,1,-2,0,-15,57,0,0,-2,2,-145,66,0,1,5.04,0.48,2.42,901.6809999999997
-2,3,0,24,-80,0,1,-2,0,-20,67,0,-1,-2,3,-95,95,0,1,5.04,0.48,2.42,903.0519999999997
-3,4,0,6,-97,0,1,-2,0,-24,87,0,-5,-3,5,43,145,0,1,5.04,0.48,2.42,904.4229999999997
-3,4,0,-23,-112,0,1,-2,0,-29,96,0,-5,-1,5,215,3,0,0,5.04,0.48,2.42,905.7939999999996
-1,3,-1,-30,-116,0,1,-2,-1,-31,104,0,-5,2,5,121,-41,0,1,5.03,0.43,2.2,907.0399999999996
-1,2,-1,-37,-134,0,2,-2,-1,-22,119,0,-5,3,4,52,-81,0,1,5.03,0.43,2.2,908.2859999999996
-1,2,-1,-35,-158,0,1,-2,0,-30,137,0,-4,2,3,90,-59,0,1,5.03,0.43,2.2,909.5319999999996
-1,1,0,-28,-187,0,1,-1,0,-62,149,0,-2,2,2,116,-94,0,1,5.03,0.43,2.2,910.7779999999996
-1,1,0,-24,-210,0,1,-1,0,-70,157,0,-1,1,1,120,-96,0,1,5.03,0.43,2.2,912.0239999999995
0,1,0,-23,-224,0,1,-1,0,-105,148,0,0,1,0,134,-119,0,1,5.03,0.43,2.2,913.2699999999995
0,1,0,-24,-228,0,0,-1,0,-113,132,0,-1,1,0,138,-78,0,0,5.03,0.43,2.2,914.5159999999995
0,1,0,-22,-222,0,0,-1,0,-118,107,0,0,0,0,119,-71,0,0,5.03,0.43,2.2,915.7619999999995
0,1,0,-22,-211,0,0,-1,0,-124,93,0,0,0,-1,130,-130,0,0,5.03,0.43,2.2,917.0079999999995
0,1,0,-19,-205,0,0,-1,0,-126,94,0,0,0,0,121,-147,0,0,5.03,0.43,2.2,918.2539999999995
0,1,0,-16,-196,0,0,-2,-1,-125,109,0,0,0,0,99,-163,0,1,5.03,0.43,2.2,919.4999999999994
0,1,0,-12,-188,0,0,-2,-1,-126,121,0,0,0,0,88,-212,0,1,5.03,0.43,2.2,920.7459999999994
0,2,0,-9,-181,0,1,-2,-1,-123,147,0,0,0,0,68,-250,0,1,5.03,0.43,2.2,921.9919999999994
0,2,0,-6,-160,0,2,-2,0,-92,250,0,0,0,0,51,-250,0,1,5.03,0.43,2.2,923.2379999999994
0,3,0,-3,-149,0,0,-2,-1,-93,250,0,0,0,-1,54,-250,0,1,5.03,0.43,2.2,924.4839999999994
0,3,0,0,-156,0,0,-2,-1,-105,250,0,0,0,0,51,-249,0,1,5.03,0.43,2.2,925.7299999999993
0,3,0,5,-171,0,1,-2,0,-105,250,0,0,0,0,15,-226,0,0,5.03,0.43,2.2,926.9759999999993
0,3,0,8,-175,0,1,-2,0,-107,244,0,0,0,0,1,-221,0,0,5.03,0.43,2.2,928.2219999999993
0,2,0,11,-179,0,1,-2,0,-111,222,0,-1,-1,0,-24,-213,0,0,5.03,0.43,2.2,929.4679999999993
0,2,0,11,-184,0,0,-2,-1,-115,197,0,-1,-1,0,-41,-192,0,0,5.03,0.43,2.2,930.7139999999993
0,2,0,13,-187,0,0,-2,-1,-111,165,0,-1,-1,0,-79,-157,0,0,5.03,0.43,2.2,931.9599999999992
0,2,0,16,-190,0,0,-2,-1,-106,140,0,-1,-2,0,-80,-113,0,0,5.04,0.5,2.55,933.4009999999993
0,2,0,14,-195,0,0,-2,-1,-89,117,0,-2,-2,0,-69,-109,0,1,5.04,0.5,2.55,934.8419999999993
0,2,0,15,-198,0,0,-2,-1,-69,119,0,-3,-2,1,-90,-174,0,0,5.04,0.5,2.55,936.2829999999993
0,2,0,16,-198,0,1,-1,-1,-56,127,0,-3,-2,1,-168,-197,0,0,5.04,0.5,2.55,937.7239999999994
0,2,0,16,-196,0,0,-1,-1,-54,133,0,-3,-2,1,-199,-171,0,0,5.04,0.5,2.55,939.1649999999994
0,2,0,17,-192,0,1,-1,-1,-39,138,0,-2,-4,0,-234,-40,0,0,5.04,0.5,2.55,940.6059999999994
0,2,0,17,-184,0,1,-2,-1,-38,138,0,-2,-5,0,-159,87,0,0,5.04,0.5,2.55,942.0469999999995
0,2,0,17,-172,0,1,-1,-1,-36,138,0,-4,-5,0,-31,108,0,0,5.04,0.5,2.55,943.4879999999995
0,2,0,18,-166,0,1,-1,-1,-32,130,0,-5,-5,0,41,96,0,1,5.04,0.5,2.55,944.9289999999995
0,2,0,23,-168,0,2,-1,-1,-25,140,0,-5,-4,1,-8,164,0,1,5.04,0.5,2.55,946.3699999999995
0,2,0,30,-175,0,2,-1,-1,-28,172,0,-5,-4,0,-26,239,0,0,5.04,0.5,2.55,947.8109999999996
0,2,0,33,-177,0,3,-1,-2,-34,231,0,-5,-3,0,41,248,0,0,5.04,0.5,2.55,949.2519999999996
0,2,0,37,-177,0,2,-1,-2,-41,250,0,-5,-2,0,94,207,0,0,5.04,0.5,2.55,950.6929999999996
0,2,0,45,-179,0,2,-1,-2,-52,250,0,-5,-1,0,85,192,0,0,5.04,0.5,2.55,952.1339999999997
0,2,0,52,-183,0,3,-1,-2,-63,206,0,-4,-1,0,44,228,0,0,5.04,0.5,2.55,953.5749999999997
0,2,0,56,-183,0,4,-1,-2,-61,208,0,-4,-1,0,23,247,0,0,5.04,0.5,2.55,955.0159999999997
0,2,0,56,-180,0,4,-1,-2,-98,176,0,-4,-1,0,34,231,0,1,5.04,0.5,2.55,956.4569999999998
0,3,0,51,-174,0,5,-1,-2,-123,192,0,-3,-1,0,56,211,0,1,5.04,0.5,2.55,957.8979999999998
0,3,0,48,-171,0,5,-1,-2,-127,205,0,-3,-1,0,62,213,0,1,5.04,0.5,2.55,959.3389999999998
0,4,0,32,-160,0,5,-2,-2,-123,244,0,-3,-1,0,86,224,0,1,5.04,0.5,2.55,960.7799999999999
0,3,0,24,-158,0,5,-2,-2,-109,250,0,-3,-1,0,107,246,0,1,5.04,0.5,2.55,962.2209999999999
-1,2,0,25,-159,0,5,-3,-2,-91,240,0,-3,-1,0,132,239,0,0,5.04,0.47,2.37,963.5629999999999
0,1,0,28,-162,0,4,-4,-1,-62,221,0,-3,-1,0,158,210,0,0,5.04,0.47,2.37,964.9049999999999
0,1,0,10,-19,0,-1,1,0,-42,-47,0,-1,-1,0,12,-14,0,0,5.03,0.43,2.18,966.1379999999998
0,1,0,13,-23,0,-1,1,0,-42,-61,0,-1,-1,0,12,-17,0,0,5.03,0.43,2.18,967.3709999999998
0,1,0,16,-29,0,-1,1,0,-42,-78,0,-1,-1,0,5,-13,0,0,5.03,0.43,2.18,968.6039999999997
0,2,0,18,-34,0,-1,1,0,-45,-98,0,-1,-1,0,-8,-15,0,0,5.03,0.43,2.18,969.8369999999996
0,2,0,18,-34,0,-1,1,0,-52,-113,0,-2,-1,0,-21,-25,0,0,5.03,0.43,2.18,971.0699999999996
0,2,0,16,-30,0,0,0,1,-52,-107,0,-2,-1,0,-28,-43,0,0,5.03,0.43,2.18,972.3029999999995
0,2,0,14,-21,0,0,0,1,-51,-96,0,-2,-1,0,-30,-62,0,0,5.03,0.43,2.18,973.5359999999995
0,3,0,10,-7,0,2,0,1,-50,-98,0,-1,-2,0,-25,-64,0,0,5.03,0.43,2.18,974.7689999999994
0,3,0,7,-1,0,2,0,1,-45,-106,0,-2,-2,0,-22,-61,0,0,5.03,0.43,2.18,976.0019999999994
0,4,0,-9,11,0,2,-1,0,-17,-131,0,-1,-2,0,-15,-44,0,0,5.03,0.43,2.18,977.2349999999993
0,5,0,-38,26,0,4,-2,0,5,-128,0,-2,-2,0,-12,-29,0,0,5.03,0.43,2.18,978.4679999999993
1,5,0,-62,42,0,5,-1,0,8,-56,0,-2,-2,0,-19,-30,0,0,5.04,0.49,2.47,979.8679999999993
0,4,0,-76,72,0,4,-1,0,9,46,0,-2,-2,0,-41,-32,0,0,5.04,0.49,2.47,981.2679999999992
0,3,0,-86,101,0,3,-1,0,-14,101,0,-2,-1,0,-68,-29,0,0,5.04,0.49,2.47,982.6679999999992
0,2,0,-90,121,0,2,-1,0,-38,91,0,-2,-1,0,-96,-23,0,0,5.04,0.49,2.47,984.0679999999992
0,2,0,-92,132,0,1,-1,0,-31,42,0,-2,-1,0,-133,-21,0,0,5.04,0.49,2.47,985.4679999999992
0,2,0,-89,139,0,1,-2,0,-41,-20,0,-1,-1,0,-156,-48,0,0,5.04,0.49,2.47,986.8679999999991
0,1,0,-86,139,0,1,-2,0,-31,-17,0,-1,-1,0,-157,-40,0,0,5.04,0.49,2.47,988.2679999999991
0,1,0,-78,143,0,1,-2,0,-37,-54,0,-2,-1,0,-177,-55,0,0,5.04,0.49,2.47,989.6679999999991
0,1,0,-70,146,0,2,-2,0,-64,-64,0,-1,-1,0,-167,-111,0,0,5.04,0.49,2.47,991.0679999999991
0,1,0,-64,145,0,1,-3,0,-33,-60,0,-1,-1,0,-150,-143,0,0,5.04,0.49,2.47,992.467999999999
0,1,0,-56,144,0,2,-3,0,0,-71,0,-1,-1,0,-144,-156,0,0,5.04,0.49,2.47,993.867999999999
0,1,0,-53,146,0,2,-3,0,7,-82,0,-1,-1,0,-144,-161,0,0,5.04,0.49,2.47,995.267999999999
0,1,0,-47,152,0,2,-3,0,20,-140,0,-1,-1,0,-151,-183,0,0,5.04,0.49,2.47,996.667999999999
0,2,0,-41,155,0,4,-3,0,25,-173,0,-1,-1,0,-146,-181,0,0,5.04,0.49,2.47,998.067999999999
0,2,0,-40,158,0,4,-3,0,42,-151,0,-2,-1,0,-157,-200,0,0,5.04,0.49,2.47,999.4679999999989
0,2,0,-42,162,0,3,-3,0,54,-119,0,-1,-1,0,-155,-210,0,0,5.04,0.49,2.47,1000.8679999999989
0,2,0,-44,164,0,3,-3,0,58,-97,0,-1,-1,0,-152,-213,0,0,5.04,0.49,2.47,1002.2679999999989
0,2,0,-47,172,0,3,-3,-1,76,-150,0,-1,-1,0,-150,-209,0,0,5.04,0.49,2.47,1003.6679999999989
0,2,0,-47,188,0,3,-3,-1,83,-227,0,-2,-1,0,-150,-198,0,0,5.04,0.49,2.47,1005.0679999999988
0,2,0,-47,203,0,4,-3,0,68,-250,0,-2,-1,0,-153,-186,0,0,5.04,0.49,2.47,1006.4679999999988
0,2,0,-47,208,0,4,-3,0,64,-250,0,-2,-2,0,-154,-180,0,0,5.04,0.49,2.47,1007.8679999999988
0,2,0,-45,216,0,3,-3,-1,54,-250,0,-2,-2,0,-153,-175,0,0,5.05,0.5,2.55,1009.3109999999988
0,2,0,-42,219,0,3,-3,-1,53,-250,0,-2,-2,0,-147,-170,0,0,5.05,0.5,2.55,1010.7539999999988
0,2,0,-40,219,0,2,-3,-1,53,-233,0,-2,-2,0,-143,-169,0,0,5.05,0.5,2.55,1012.1969999999988
0,2,0,-39,218,0,2,-3,-1,52,-229,0,-2,-2,0,-142,-173,0,0,5.05,0.5,2.55,1013.6399999999987
0,2,0,-38,217,0,2,-3,-1,48,-223,0,-2,-1,0,-144,-173,0,0,5.05,0.5,2.55,1015.0829999999987
0,2,0,-35,215,0,1,-3,-1,42,-240,0,-2,-1,0,-154,-176,0,0,5.05,0.5,2.55,1016.5259999999987
0,2,0,-34,215,0,1,-3,-2,31,-250,0,-2,-1,0,-163,-178,0,0,5.05,0.5,2.55,1017.9689999999987
0,2,0,-34,219,0,1,-3,-2,29,-250,0,-2,-2,0,-167,-183,0,0,5.05,0.5,2.55,1019.4119999999987
0,2,0,-37,227,0,1,-3,-2,32,-250,0,-2,-2,0,-176,-183,0,1,5.05,0.5,2.55,1020.8549999999987
0,2,0,-39,234,0,1,-3,-1,32,-250,0,-2,-2,0,-180,-186,0,0,5.05,0.5,2.55,1022.2979999999986
0,2,0,-38,239,0,1,-3,-1,23,-250,0,-3,-2,0,-176,-174,0,0,5.05,0.5,2.55,1023.7409999999986
0,2,0,-37,241,0,1,-3,-1,18,-250,0,-3,-2,0,-175,-170,0,0,5.05,0.5,2.55,1025.1839999999986
0,2,0,-31,241,0,1,-3,-1,-1,-250,0,-3,-2,0,-161,-126,0,0,5.05,0.5,2.55,1026.6269999999986
0,2,0,-25,239,0,2,-3,-1,11,-250,0,-3,-2,0,-154,-125,0,0,5.05,0.5,2.55,1028.0699999999986
0,2,0,-21,236,0,1,-3,0,28,-225,0,-3,-2,0,-133,-110,0,1,5.05,0.5,2.55,1029.5129999999986
0,2,0,-20,235,0,1,-3,0,-2,-213,0,-3,-2,0,-124,-99,0,1,5.05,0.5,2.55,1030.9559999999985
0,2,0,-20,234,0,1,-3,0,-4,-176,0,-4,-2,0,-102,-73,0,1,5.05,0.5,2.55,1032.3989999999985
0,2,0,-23,233,0,1,-2,0,0,-165,0,-4,-2,0,-94,-27,0,0,5.05,0.5,2.55,1033.8419999999985
0,2,0,-24,234,0,1,-2,0,4,-164,0,-4,-2,0,-89,14,0,0,5.05,0.5,2.55,1035.2849999999985
0,2,0,-23,235,0,1,-2,0,5,-165,0,-5,-1,0,-89,21,0,0,5.05,0.5,2.55,1036.7279999999985
0,1,0,-20,236,0,1,-2,0,10,-159,0,-5,-2,0,-56,25,0,1,5.05,0.5,2.55,1038.1709999999985
0,1,0,-15,237,0,1,-2,0,18,-139,0,-5,-2,0,-28,34,0,0,5.03,0.43,2.2,1039.4159999999983
0,1,0,-12,234,0,1,-2,0,19,-112,0,-5,-2,0,-8,46,0,0,5.03,0.43,2.2,1040.6609999999982
0,2,0,-15,223,0,0,-2,0,21,-108,0,-4,-2,0,2,41,0,1,5.03,0.43,2.2,1041.9059999999981
0,2,0,-19,218,0,0,-2,0,22,-110,0,-4,-1,0,3,37,0,1,5.03,0.43,2.2,1043.150999999998
0,2,0,-26,200,0,0,-2,0,24,-134,0,-4,-1,0,3,18,0,1,5.03,0.43,2.2,1044.395999999998
0,2,0,-29,178,0,0,-1,0,25,-166,0,-4,-1,1,12,0,0,0,5.03,0.43,2.2,1045.6409999999978
0,2,0,-26,160,0,0,-1,0,27,-191,0,-4,-1,1,39,-15,0,0,5.03,0.43,2.2,1046.8859999999977
0,3,0,-21,146,0,0,-1,0,31,-197,0,-4,-1,1,60,-23,0,0,5.03,0.43,2.2,1048.1309999999976
0,3,0,-22,141,0,0,-2,0,33,-196,0,-3,-1,1,65,-20,0,0,5.03,0.43,2.2,1049.3759999999975
0,3,0,-25,131,0,1,-2,0,40,-184,0,-3,-1,1,82,3,0,0,5.03,0.43,2.2,1050.6209999999974
0,3,0,-25,128,0,1,-2,0,46,-169,0,-2,-1,1,94,48,0,0,5.03,0.43,2.2,1051.8659999999973
0,2,0,-26,127,0,1,-2,0,43,-163,0,-3,0,2,95,73,0,0,5.03,0.43,2.2,1053.1109999999971
0,2,0,-26,127,0,1,-2,0,41,-162,0,-3,0,2,92,75,0,0,5.03,0.43,2.2,1054.355999999997
0,2,0,-28,127,0,1,-2,0,32,-164,0,-2,0,1,78,76,0,0,5.03,0.43,2.2,1055.600999999997
0,2,0,-28,136,0,1,-2,0,21,-169,0,0,0,1,33,78,0,0,5.03,0.43,2.2,1056.8459999999968
0,2,0,-28,139,0,1,-2,0,18,-171,0,0,0,0,39,82,0,0,5.03,0.43,2.2,1058.0909999999967
0,2,0,-28,144,0,1,-2,0,13,-173,0,0,0,0,39,88,0,0,5.03,0.43,2.2,1059.3359999999966
0,2,0,-29,144,0,1,-2,0,14,-171,0,0,0,0,29,125,0,0,5.03,0.43,2.2,1060.5809999999965
0,2,0,-31,141,0,1,-2,0,18,-166,0,0,0,0,27,150,0,0,5.03,0.43,2.2,1061.8259999999964
0,2,0,-32,140,0,1,-2,0,25,-164,0,0,0,0,29,140,0,0,5.03,0.43,2.2,1063.0709999999963
0,2,0,-33,136,0,1,-2,0,31,-149,0,0,0,0,56,122,0,0,5.03,0.43,2.2,1064.3159999999962
0,2,0,-33,133,0,1,-2,0,22,-125,0,0,0,0,62,107,0,0,5.05,0.5,2.56,1065.7679999999962
0,2,0,-30,130,0,1,-2,0,11,-105,0,0,0,0,57,99,0,0,5.05,0.5,2.56,1067.2199999999962
0,1,0,-28,129,0,1,-2,0,9,-98,0,1,0,-1,52,121,0,0,5.05,0.5,2.56,1068.6719999999962
0,2,0,-27,123,0,1,-2,0,4,-89,0,1,0,-1,40,152,0,0,5.05,0.5,2.56,1070.1239999999962
0,2,0,-24,114,0,0,-2,0,5,-88,0,1,0,-1,19,154,0,1,5.05,0.5,2.56,1071.5759999999962
0,2,0,-21,108,0,0,-2,0,9,-94,0,1,0,-1,-3,131,0,1,5.05,0.5,2.56,1073.0279999999962
0,2,0,-20,106,0,0,-2,0,10,-97,0,1,0,-1,-8,121,0,1,5.05,0.5,2.56,1074.4799999999962
0,2,0,-17,104,0,0,-2,0,12,-110,0,2,0,-1,-14,107,0,1,5.05,0.5,2.56,1075.9319999999962
0,2,0,-15,103,0,0,-2,0,10,-118,0,2,0,-1,-21,125,0,1,5.05,0.5,2.56,1077.3839999999961
0,2,0,-12,103,0,0,-2,0,8,-124,0,2,0,-1,-39,155,0,0,5.05,0.5,2.56,1078.8359999999961
0,2,0,-9,104,0,0,-2,0,8,-125,0,2,0,-1,-60,161,0,0,5.05,0.5,2.56,1080.2879999999961
0,2,0,-5,105,0,0,-2,0,3,-127,0,2,0,-1,-91,183,0,0,5.05,0.5,2.56,1081.7399999999961
0,2,0,-1,105,0,0,-1,0,-1,-128,0,3,0,-1,-101,180,0,0,5.05,0.5,2.56,1083.1919999999961
0,2,0,3,105,0,0,-1,0,0,-139,0,3,0,-1,-110,192,0,0,5.05,0.5,2.56,1084.6439999999961
0,1,0,6,106,0,0,-1,0,3,-145,0,3,0,-1,-105,191,0,0,5.05,0.5,2.56,1086.0959999999961
0,1,0,17,108,0,1,-1,0,18,-161,0,2,0,0,-110,196,0,0,5.05,0.5,2.56,1087.5479999999961
0,1,0,32,111,0,1,-2,0,64,-181,0,0,0,0,-123,148,0,0,5.05,0.5,2.56,1088.9999999999961
0,1,0,45,108,0,1,-2,0,81,-190,0,-5,0,2,-87,-11,0,0,5.05,0.5,2.56,1090.4519999999961
-1,3,0,42,96,0,1,-2,0,57,-231,0,-5,1,4,-43,-44,0,1,5.05,0.5,2.56,1091.9039999999961
-1,3,0,34,89,0,1,-2,0,49,-241,0,-5,1,4,-30,-11,0,1,5.05,0.5,2.56,1093.3559999999961
-2,5,0,8,77,0,1,-3,-1,40,-226,0,-5,2,5,23,124,0,1,5.05,0.5,2.56,1094.8079999999961
-3,5,0,-25,39,0,1,-3,-1,47,-181,0,-5,3,4,83,135,0,1,5.04,0.48,2.43,1096.1829999999961
-3,4,0,-29,18,0,2,-3,-1,51,-138,0,-5,4,4,98,41,0,1,5.04,0.48,2.43,1097.5579999999961
-2,3,-1,-27,16,0,2,-3,-1,52,-123,0,-5,4,3,92,10,0,1,5.04,0.48,2.43,1098.9329999999961
-2,2,0,-26,-15,0,2,-2,0,39,-70,0,-4,3,2,76,-16,0,1,5.04,0.48,2.43,1100.3079999999961
-1,2,0,-27,-47,0,1,-2,0,24,-23,0,-1,2,1,42,-5,0,1,5.04,0.48,2.43,1101.6829999999961
-1,1,0,-27,-73,0,1,-1,0,22,17,0,0,1,0,48,-1,0,1,5.04,0.48,2.43,1103.0579999999961
-1,1,0,-26,-77,0,1,-1,0,3,24,0,0,1,0,51,-10,0,0,5.04,0.48,2.43,1104.4329999999961
0,1,0,-22,-63,0,1,-1,0,17,75,0,0,1,0,60,-80,0,0,5.04,0.48,2.43,1107.1829999999961
0,1,0,-20,-49,0,1,-1,0,32,92,0,0,1,0,54,-194,0,1,5.04,0.48,2.43,1108.5579999999961
0,1,0,-17,-39,0,1,-2,0,65,99,0,2,0,-1,47,-154,0,1,5.04,0.48,2.43,1109.9329999999961
0,2,0,-15,-27,0,0,-1,0,2,75,0,1,1,-1,-14,-1,0,1,5.04,0.48,2.43,1111.3079999999961
0,2,0,-15,-18,0,0,-2,0,-4,55,0,1,1,-1,-18,66,0,1,5.04,0.48,2.43,1112.6829999999961
0,2,0,-11,-14,0,0,-2,0,-20,26,0,1,1,-1,-15,7,0,1,5.04,0.48,2.43,1114.0579999999961
0,2,0,-8,-12,0,0,-2,0,-20,19,0,1,1,-1,-14,-6,0,1,5.04,0.48,2.43,1115.4329999999961
0,2,0,-5,-13,0,1,-2,0,-27,4,0,1,1,-1,4,-69,0,1,5.04,0.48,2.43,1116.8079999999961
0,2,0,-5,-12,0,1,-2,0,-31,4,0,1,1,0,16,-122,0,1,5.04,0.48,2.43,1118.1829999999961
0,2,0,-6,-5,0,1,-2,0,-44,12,0,1,1,-1,5,-87,0,1,5.04,0.48,2.43,1119.5579999999961
0,2,0,-6,-3,0,1,-2,0,-45,15,0,1,1,-1,4,-74,0,1,5.04,0.48,2.43,1120.9329999999961
0,2,0,-6,2,0,1,-2,0,-57,19,0,1,1,0,-12,-39,0,1,5.04,0.48,2.43,1122.3079999999961
0,2,0,-5,8,0,1,-2,0,-74,6,0,1,1,0,-53,-20,0,1,5.04,0.48,2.43,1123.6829999999961
0,2,0,-4,13,0,1,-2,0,-85,-26,0,2,1,-1,-59,18,0,1,5.03,0.43,2.21,1124.934999999996
0,2,0,-4,15,0,1,-2,0,-81,-35,0,3,1,0,-73,38,0,1,5.03,0.43,2.21,1126.186999999996
0,2,0,-4,20,0,2,-3,0,-40,2,0,2,1,-1,-46,39,0,1,5.03,0.43,2.21,1127.438999999996
0,2,0,-3,23,0,1,-2,0,-13,26,0,2,2,0,-74,41,0,1,5.03,0.43,2.21,1128.690999999996
0,2,0,-1,24,0,1,-2,0,-7,26,0,2,2,0,-101,44,0,1,5.03,0.43,2.21,1129.942999999996
0,2,0,0,23,0,1,-2,0,-4,27,0,2,2,0,-110,49,0,1,5.03,0.43,2.21,1131.1949999999958
0,2,0,0,20,0,1,-2,0,-4,32,0,2,1,0,-120,51,0,1,5.03,0.43,2.21,1132.4469999999958
0,2,0,0,12,0,1,-2,0,-14,36,0,1,0,0,-132,58,0,0,5.03,0.43,2.21,1133.6989999999957
0,2,0,2,3,0,1,-2,0,-20,40,0,1,0,0,-133,71,0,0,5.03,0.43,2.21,1134.9509999999957
0,2,0,3,-1,0,1,-2,0,-21,41,0,0,0,0,-130,76,0,0,5.03,0.43,2.21,1136.2029999999957
-1,2,0,8,-13,0,1,-1,0,-24,42,0,-1,-1,0,-112,71,0,0,5.03,0.43,2.21,1137.4549999999956
0,2,0,11,-22,0,1,-1,0,-25,43,0,-3,-1,1,-86,22,0,0,5.03,0.43,2.21,1138.7069999999956
0,2,0,12,-29,0,1,-1,0,-23,46,0,-3,-1,1,-59,-40,0,0,5.03,0.43,2.21,1139.9589999999955
0,2,0,11,-33,0,1,-2,0,-27,47,0,-4,-1,1,-48,-59,0,0,5.03,0.43,2.21,1141.2109999999955
-1,3,0,6,-41,0,1,-2,-1,-30,36,0,-3,-1,2,-33,-78,0,1,5.03,0.43,2.21,1142.4629999999954
-2,4,0,-6,-60,0,1,-2,-1,-28,23,0,-3,0,1,-35,-69,0,1,5.03,0.43,2.21,1143.7149999999954
-2,4,0,-22,-93,0,1,-2,-1,-32,10,0,-2,0,1,-23,-57,0,0,5.03,0.43,2.21,1144.9669999999953
-2,3,0,-24,-101,0,1,-2,-1,-26,7,0,-2,0,1,-20,-63,0,1,5.03,0.43,2.21,1146.2189999999953
-1,2,-1,-23,-124,0,1,-2,-1,-28,4,0,-2,0,1,-37,-55,0,0,5.03,0.43,2.21,1147.4709999999952
-1,2,-1,-23,-151,0,1,-2,0,-36,12,0,-2,0,1,-101,-55,0,0,5.03,0.43,2.21,1148.7229999999952
-1,1,0,-23,-176,0,1,-1,0,-46,36,0,-1,0,1,-141,-61,0,0,5.03,0.43,2.21,1149.9749999999951
-1,1,0,-21,-182,0,1,-1,0,-49,46,0,-1,0,1,-151,-51,0,0,5.04,0.47,2.39,1151.3279999999952
0,1,0,-19,-194,0,2,-1,0,-67,88,0,-1,-1,1,-159,-32,0,0,5.04,0.47,2.39,1152.6809999999953
0,2,0,-17,-200,0,1,-1,0,-70,153,0,-1,-1,1,-155,-6,0,0,5.04,0.47,2.39,1154.0339999999953
0,1,0,-15,-200,0,1,-1,0,-61,194,0,-1,-1,1,-121,-15,0,0,5.04,0.47,2.39,1155.3869999999954
0,2,0,-14,-198,0,1,-1,0,-54,196,0,-1,-1,1,-107,-26,0,0,5.04,0.47,2.39,1156.7399999999955
0,1,0,-11,-193,0,1,-1,0,-64,193,0,-1,-1,1,-82,-20,0,0,5.04,0.47,2.39,1158.0929999999955
0,1,0,-8,-190,0,1,-2,0,-79,177,0,-2,-1,2,-70,4,0,0,5.04,0.47,2.39,1159.4459999999956
0,2,0,-6,-184,0,1,-2,0,-64,165,0,-2,-1,2,-47,41,0,0,5.04,0.47,2.39,1160.7989999999957
0,2,0,-4,-180,0,1,-2,0,-54,166,0,-2,-2,2,-39,57,0,0,5.04,0.47,2.39,1162.1519999999957
0,2,0,0,-175,0,1,-2,0,-71,155,0,-3,-2,2,-10,60,0,0,5.04,0.47,2.39,1163.5049999999958
0,2,0,6,-171,0,1,-2,0,-84,159,0,-3,-2,1,42,53,0,0,5.04,0.47,2.39,1164.8579999999959
0,2,0,13,-174,0,1,-2,0,-83,172,0,-4,-2,2,65,28,0,0,5.04,0.47,2.39,1166.210999999996
0,2,0,16,-166,0,1,-2,0,-84,173,0,-5,-2,1,71,0,0,0,5.04,0.47,2.39,1167.563999999996
0,2,0,23,-171,0,1,-2,0,-87,188,0,-4,-2,1,87,16,0,1,5.04,0.47,2.39,1168.916999999996
0,2,0,27,-182,0,1,-2,-1,-93,209,0,-3,-2,1,109,35,0,1,5.04,0.47,2.39,1170.2699999999961
0,2,0,27,-192,0,1,-2,-1,-93,227,0,-3,-2,0,118,55,0,1,5.04,0.47,2.39,1171.6229999999962
0,2,0,27,-196,0,1,-2,-1,-93,233,0,-3,-2,0,128,61,0,1,5.04,0.47,2.39,1172.9759999999962
0,2,0,26,-200,0,1,-2,-1,-90,247,0,-4,-2,0,162,43,0,0,5.04,0.47,2.39,1174.3289999999963
0,2,0,29,-196,0,1,-2,-1,-94,250,0,-4,-2,0,184,20,0,0,5.04,0.47,2.39,1175.6819999999964
0,2,0,31,-195,0,1,-2,-1,-105,245,0,-4,-2,0,153,0,0,0,5.04,0.47,2.39,1177.0349999999964
0,2,0,32,-195,0,1,-2,-1,-112,218,0,-4,-2,0,114,7,0,0,5.04,0.47,2.39,1178.3879999999965
0,2,0,31,-197,0,1,-2,-1,-111,194,0,-3,-2,0,114,34,0,0,5.03,0.45,2.3,1179.6939999999965
0,2,0,30,-198,0,1,-2,-1,-110,190,0,-3,-2,0,119,46,0,0,5.03,0.45,2.3,1180.9999999999966
0,2,0,29,-201,0,1,-2,-1,-108,192,0,-3,-2,0,128,65,0,0,5.03,0.45,2.3,1182.3059999999966
0,2,0,27,-204,0,1,-2,-1,-106,211,0,-3,-1,0,122,75,0,1,5.03,0.45,2.3,1183.6119999999967
0,2,0,28,-206,0,1,-1,-1,-107,232,0,-3,-1,0,100,95,0,1,5.03,0.45,2.3,1184.9179999999967
0,2,0,28,-207,0,1,-1,-1,-108,237,0,-3,-1,0,94,102,0,1,5.03,0.45,2.3,1186.2239999999967
0,2,0,29,-207,0,1,-1,-1,-111,239,0,-2,-1,0,77,148,0,1,5.03,0.45,2.3,1187.5299999999968
0,2,0,31,-209,0,1,-1,-1,-109,232,0,-2,-1,0,72,192,0,0,5.03,0.45,2.3,1188.8359999999968
0,2,0,61,-50,0,0,1,1,-64,-201,0,-2,-1,1,57,83,0,0,5.04,0.46,2.32,1190.1539999999968
0,3,0,58,-43,0,1,1,2,-74,-250,0,-2,-1,1,61,71,0,1,5.04,0.46,2.32,1191.4719999999968
0,4,0,38,-32,0,3,0,2,-51,-250,0,-2,-2,1,63,48,0,1,5.04,0.46,2.32,1192.7899999999968
0,5,0,6,-25,0,5,0,2,-7,-250,0,-2,-2,1,60,20,0,1,5.04,0.46,2.32,1194.1079999999968
0,5,0,-9,-28,0,5,-1,1,8,-205,0,-2,-2,0,58,12,0,1,5.04,0.46,2.32,1195.4259999999967
0,4,0,-32,-20,0,5,0,1,18,27,0,-1,-2,0,48,-9,0,0,5.03,0.43,2.2,1196.6739999999968
0,3,0,-42,8,0,5,0,1,9,79,0,-1,-1,0,34,0,0,1,5.03,0.43,2.2,1197.9219999999968
0,2,0,-41,35,0,5,1,1,5,10,0,-1,-1,0,12,24,0,0,5.03,0.43,2.2,1199.169999999997
0,1,0,-39,52,0,5,2,1,9,0,0,-1,-1,0,-7,40,0,0,5.03,0.43,2.2,1200.417999999997
0,1,0,-35,58,0,4,2,1,11,15,0,-1,-1,0,-14,44,0,0,5.03,0.43,2.2,1201.665999999997
0,1,0,-30,61,0,3,1,1,19,65,0,-1,-1,0,-32,49,0,0,5.03,0.43,2.2,1202.913999999997
0,1,0,-25,54,0,2,1,1,30,108,0,-1,-1,0,-48,46,0,0,5.03,0.43,2.2,1204.161999999997
0,2,0,-23,47,0,0,1,1,38,130,0,-1,-1,0,-65,37,0,0,5.03,0.43,2.2,1205.4099999999971
-1,2,0,-22,47,0,0,1,0,38,132,0,-1,-1,0,-72,41,0,0,5.03,0.43,2.2,1206.6579999999972
-1,3,0,-28,42,0,0,1,0,27,128,0,0,-1,0,-73,-2,0,0,5.03,0.43,2.2,1207.9059999999972
-1,3,0,-27,35,0,0,1,0,9,117,0,-1,-1,0,-49,36,0,0,5.03,0.43,2.2,1209.1539999999973
0,2,0,-18,33,0,0,1,0,-2,108,0,-1,-1,0,-48,0,0,0,5.03,0.43,2.2,1210.4019999999973
0,2,0,-15,31,0,-1,1,0,-6,103,0,-1,-1,0,-46,-5,0,0,5.03,0.43,2.2,1211.6499999999974
0,1,0,-10,25,0,-1,1,0,-15,81,0,-1,-1,0,-36,-28,0,0,5.03,0.43,2.2,1212.8979999999974
0,1,0,-7,25,0,-1,1,0,-21,58,0,-1,-1,0,-24,-18,0,0,5.03,0.43,2.2,1214.1459999999975
0,1,0,-6,29,0,-1,1,0,-23,45,0,-1,-1,0,-24,-17,0,0,5.03,0.43,2.2,1215.3939999999975
0,2,0,-6,30,0,-1,1,0,-24,44,0,-1,-1,0,-23,-19,0,0,5.03,0.43,2.2,1216.6419999999976
0,2,0,-6,28,0,-1,1,0,-25,49,0,-1,-1,0,-7,-25,0,0,5.03,0.43,2.2,1217.8899999999976
0,2,0,-4,22,0,-1,1,0,-24,51,0,-1,-1,0,0,-37,0,0,5.03,0.43,2.2,1219.1379999999976
0,2,0,0,12,0,-1,1,0,-22,48,0,-1,-1,0,0,-45,0,0,5.03,0.43,2.2,1220.3859999999977
0,2,0,0,9,0,-1,1,0,-21,45,0,-1,-1,0,-2,-44,0,0,5.03,0.43,2.2,1221.6339999999977
0,2,0,3,-1,0,-1,1,0,-19,22,0,-1,-1,0,-7,-54,0,0,5.03,0.45,2.26,1222.9179999999978
0,2,0,5,-9,0,-1,1,0,-17,-20,0,-1,-1,0,-16,-64,0,0,5.03,0.45,2.26,1224.201999999998
0,2,0,8,-16,0,-1,1,0,-15,-68,0,-1,-2,0,-19,-72,0,0,5.03,0.45,2.26,1225.485999999998
0,2,0,9,-18,0,-1,1,0,-17,-85,0,-1,-2,0,-21,-58,0,0,5.03,0.45,2.26,1226.7699999999982
0,2,0,11,-24,0,-1,1,0,-15,-117,0,-1,-2,0,-18,-50,0,0,5.03,0.45,2.26,1228.0539999999983
0,2,0,12,-29,0,-1,1,0,-12,-136,0,-1,-2,1,-17,-31,0,0,5.03,0.45,2.26,1229.3379999999984
0,2,0,12,-33,0,-1,1,0,-11,-123,0,-1,-1,1,-12,-12,0,0,5.03,0.45,2.26,1230.6219999999985
0,2,0,12,-34,0,-1,1,0,-12,-110,0,-1,-1,1,-7,-8,0,0,5.03,0.45,2.26,1231.9059999999986
0,2,0,11,-36,0,-1,1,0,-23,-73,0,-1,-1,1,4,-7,0,0,5.03,0.45,2.26,1233.1899999999987
0,2,0,11,-39,0,-1,1,0,-45,-64,0,-1,-1,1,17,-15,0,0,5.03,0.45,2.26,1234.4739999999988
0,2,0,11,-40,0,-1,1,0,-61,-95,0,-1,-1,1,22,-19,0,0,5.03,0.45,2.26,1235.757999999999
0,2,0,11,-40,0,-1,1,0,-62,-109,0,-1,-1,0,22,-19,0,0,5.03,0.45,2.26,1237.041999999999
0,2,0,9,-37,0,0,0,1,-56,-144,0,-1,-1,0,13,-15,0,1,5.03,0.45,2.26,1238.325999999999
0,2,0,8,-34,0,0,0,1,-53,-150,0,-1,-1,0,10,-13,0,1,5.03,0.45,2.26,1239.6099999999992
0,3,0,0,-29,0,1,0,1,-34,-146,0,-1,-1,0,8,-13,0,0,5.03,0.45,2.26,1240.8939999999993
0,3,0,-16,-32,0,3,-1,1,-14,-123,0,-2,-2,0,9,-25,0,1,5.03,0.45,2.26,1242.1779999999994
0,4,0,-31,-36,0,5,-2,1,-19,-108,0,-2,-2,0,8,-37,0,1,5.03,0.45,2.26,1243.4619999999995
0,4,0,-37,-38,0,4,-2,0,-16,-94,0,-2,-2,0,7,-39,0,1,5.03,0.45,2.26,1244.7459999999996
0,4,0,-45,-33,0,4,-2,0,-11,-57,0,-2,-2,0,0,-38,0,0,5.03,0.45,2.26,1246.0299999999997
0,3,0,-49,-12,0,4,-2,0,-10,2,0,-2,-1,0,-11,-27,0,0,5.03,0.45,2.26,1247.3139999999999
0,3,0,-57,8,0,3,-2,0,-8,60,0,-2,-1,0,-26,-9,0,0,5.03,0.45,2.26,1248.598
0,2,0,-60,16,0,3,-2,0,-4,72,0,-2,-1,0,-33,-3,0,0,5.04,0.47,2.4,1249.9579999999999
0,2,0,-63,31,0,2,-2,0,8,91,0,-2,-1,0,-52,8,0,1,5.04,0.47,2.4,1251.3179999999998
0,2,0,-64,41,0,2,-2,0,8,85,0,-2,-1,0,-73,5,0,1,5.04,0.47,2.4,1252.6779999999997
0,2,0,-63,49,0,1,-2,0,-52,56,0,-2,-1,0,-89,-10,0,0,5.04,0.47,2.4,1254.0379999999996
0,2,0,-63,52,0,1,-2,0,-42,33,0,-2,-1,0,-97,-10,0,0,5.04,0.47,2.4,1255.3979999999995
0,2,0,-62,61,0,1,-2,0,-47,-15,0,-2,-1,0,-106,-37,0,0,5.04,0.47,2.4,1256.7579999999994
0,2,0,-59,70,0,1,-2,0,-58,-72,0,-1,-1,0,-114,-55,0,0,5.04,0.47,2.4,1258.1179999999993
0,1,0,-57,82,0,1,-2,0,-77,-118,0,-1,-1,0,-119,-40,0,0,5.04,0.47,2.4,1259.4779999999992
0,1,0,-56,85,0,1,-2,0,-116,-126,0,-2,-1,0,-120,-88,0,0,5.04,0.47,2.4,1260.837999999999
0,1,0,-52,94,0,2,-3,0,-167,-119,0,-1,-1,0,-107,-61,0,0,5.04,0.47,2.4,1262.197999999999
0,1,0,-50,103,0,2,-3,0,-128,-76,0,-1,0,0,-120,-36,0,0,5.04,0.47,2.4,1263.5579999999989
0,1,0,-50,112,0,2,-3,0,-122,-40,0,-1,-1,0,-127,-47,0,0,5.04,0.47,2.4,1264.9179999999988
0,2,0,-50,115,0,2,-3,0,-107,-43,0,-1,-1,0,-125,-49,0,0,5.04,0.47,2.4,1266.2779999999987
0,2,0,-48,123,0,2,-3,0,-58,-89,0,-1,-1,0,-122,-101,0,0,5.04,0.47,2.4,1267.6379999999986
0,2,0,-47,131,0,2,-3,0,-44,-155,0,-1,-1,0,-131,-124,0,0,5.04,0.47,2.4,1268.9979999999985
0,2,0,-45,141,0,3,-3,0,-38,-175,0,-1,-1,0,-130,-137,0,0,5.04,0.47,2.4,1270.3579999999984
0,2,0,-44,145,0,3,-3,0,-29,-167,0,-1,-1,0,-131,-144,0,0,5.04,0.47,2.4,1271.7179999999983
0,2,0,-43,154,0,3,-3,0,-5,-122,0,-1,-1,0,-132,-159,0,0,5.04,0.47,2.4,1273.0779999999982
0,2,0,-44,168,0,3,-3,0,7,-100,0,-1,-2,0,-140,-179,0,0,5.04,0.47,2.4,1274.437999999998
0,2,0,-44,183,0,2,-3,0,9,-147,0,-1,-2,0,-144,-187,0,0,5.04,0.47,2.4,1275.797999999998
0,2,0,-44,188,0,2,-3,0,7,-176,0,-1,-2,0,-148,-190,0,0,5.04,0.47,2.4,1277.1579999999979
0,2,0,-43,202,0,2,-3,0,23,-250,0,-3,-2,1,-129,-237,0,0,5.03,0.43,2.21,1278.4089999999978
0,2,0,-40,212,0,3,-3,-1,54,-250,0,-2,-1,1,-115,-250,0,1,5.03,0.43,2.21,1279.6599999999978
0,2,0,-37,222,0,4,-3,0,92,-223,0,-2,-2,1,-129,-250,0,1,5.03,0.43,2.21,1280.9109999999978
0,2,0,-37,225,0,3,-3,0,100,-200,0,-2,-1,0,-134,-250,0,1,5.03,0.43,2.21,1282.1619999999978
0,2,0,-37,233,0,3,-2,-1,114,-149,0,-1,-1,0,-129,-216,0,1,5.03,0.43,2.21,1283.4129999999977
0,2,0,-39,239,0,2,-2,-1,111,-140,0,-1,-1,0,-123,-188,0,0,5.03,0.43,2.21,1284.6639999999977
0,2,0,-40,244,0,1,-2,-1,104,-162,0,-2,-1,0,-108,-167,0,0,5.03,0.43,2.21,1285.9149999999977
0,2,0,-40,246,0,1,-2,-1,99,-180,0,-2,-1,0,-108,-166,0,0,5.03,0.43,2.21,1287.1659999999977
0,2,0,-39,250,0,1,-3,-1,83,-240,0,-2,-1,0,-120,-177,0,0,5.03,0.43,2.21,1288.4169999999976
0,2,0,-36,250,0,1,-3,-1,69,-250,0,-2,-1,0,-140,-212,0,0,5.03,0.43,2.21,1289.6679999999976
0,2,0,-36,250,0,2,-3,-1,71,-250,0,-2,-2,0,-144,-239,0,0,5.03,0.43,2.21,1290.9189999999976
0,2,0,-36,250,0,2,-3,-1,74,-250,0,-2,-2,0,-140,-243,0,1,5.03,0.43,2.21,1292.1699999999976
0,2,0,-38,250,0,2,-3,-1,84,-250,0,-2,-2,0,-122,-244,0,1,5.03,0.43,2.21,1293.4209999999975
0,2,0,-40,250,0,2,-2,-1,85,-250,0,-2,-2,0,-112,-236,0,0,5.03,0.43,2.21,1294.6719999999975
0,2,0,-43,250,0,2,-2,-1,90,-234,0,-2,-1,0,-116,-227,0,1,5.03,0.43,2.21,1295.9229999999975
0,2,0,-43,250,0,2,-2,-1,110,-223,0,-3,-1,0,-118,-214,0,1,5.03,0.43,2.21,1297.1739999999975
0,2,0,-44,250,0,1,-2,-1,80,-218,0,-3,-1,0,-129,-195,0,1,5.03,0.43,2.21,1298.4249999999975
0,1,0,-42,250,0,1,-2,-1,77,-206,0,-3,-1,0,-133,-183,0,1,5.03,0.43,2.21,1299.6759999999974
0,1,0,-41,250,0,1,-2,0,84,-185,0,-3,-2,0,-127,-188,0,1,5.03,0.43,2.21,1300.9269999999974
0,1,0,-41,250,0,1,-2,0,86,-176,0,-3,-2,0,-116,-181,0,1,5.03,0.43,2.21,1302.1779999999974
0,1,0,-40,250,0,1,-1,0,94,-156,0,-3,-2,0,-91,-205,0,1,5.03,0.43,2.21,1303.4289999999974
0,1,0,-38,250,0,1,-1,0,97,-154,0,-3,-2,0,-64,-228,0,1,5.04,0.47,2.37,1304.7759999999973
0,2,-1,-40,250,0,1,-2,0,87,-161,0,-3,-2,0,-49,-210,0,1,5.04,0.47,2.37,1306.1229999999973
0,2,-1,-41,250,0,1,-2,0,83,-168,0,-3,-2,0,-46,-192,0,0,5.04,0.47,2.37,1307.4699999999973
0,3,0,-44,250,0,1,-2,0,77,-192,0,-3,-2,0,-27,-146,0,1,5.04,0.47,2.37,1308.8169999999973
0,3,0,-49,234,0,1,-2,0,77,-220,0,-3,-2,1,-2,-101,0,1,5.04,0.47,2.37,1310.1639999999973
0,2,0,-50,226,0,1,-1,0,76,-229,0,-3,-2,1,7,-88,0,1,5.04,0.47,2.37,1311.5109999999972
0,2,0,-51,207,0,1,-1,0,76,-241,0,-3,-2,1,22,-67,0,0,5.04,0.47,2.37,1312.8579999999972
0,2,-1,-48,188,0,1,-1,0,72,-240,0,-3,-2,1,27,-58,0,0,5.04,0.47,2.37,1314.2049999999972
0,3,-1,-45,164,0,1,-2,0,65,-231,0,-3,-2,2,46,-53,0,0,5.04,0.47,2.37,1315.5519999999972
0,3,-1,-43,155,0,1,-2,0,60,-229,0,-3,-2,2,55,-46,0,0,5.04,0.47,2.37,1316.8989999999972
0,3,0,-39,132,0,1,-2,0,46,-229,0,-3,-2,2,81,-19,0,1,5.04,0.47,2.37,1318.2459999999971
0,2,0,-36,114,0,1,-2,0,33,-234,0,-3,-1,2,113,20,0,1,5.04,0.47,2.37,1319.5929999999971
0,2,0,-36,106,0,1,-2,0,28,-227,0,-3,-1,2,136,46,0,1,5.04,0.47,2.37,1320.939999999997
