2,0,0,-1,0,0,1,-2,0,-5,1,0,0,-2,0,-2,-7,0,0,4.99,0.44,2.2,1.805
2,0,0,-2,0,0,1,-2,0,-5,1,0,0,-2,0,-1,-7,0,0,4.99,0.44,2.21,1.829
2,0,0,-3,0,0,1,-2,0,-5,1,0,0,-2,0,-1,-8,0,0,4.99,0.44,2.21,1.829
2,0,0,-3,0,0,1,-2,0,-5,1,0,0,-2,0,-1,-8,0,0,4.99,0.44,2.21,1.829
2,0,0,-3,0,0,1,-2,0,-5,0,0,0,-2,0,-1,-8,0,0,4.99,0.44,2.21,1.829
2,0,0,-3,0,0,1,-2,0,-6,0,0,0,-2,0,-2,-8,0,0,4.99,0.44,2.21,1.829
2,0,0,-3,0,0,1,-2,0,-6,0,0,0,-2,0,-2,-7,1,0,4.99,0.44,2.21,1.829
2,0,0,-3,0,0,1,-2,0,-6,0,0,0,-2,0,-2,-7,1,0,4.99,0.44,2.21,1.829
2,0,0,-2,0,0,1,-2,0,-6,0,0,0,-2,0,-3,-7,0,0,4.99,0.44,2.21,1.829
2,0,0,-2,0,0,1,-2,0,-5,0,0,0,-2,0,-4,-7,0,0,4.99,0.44,2.21,1.829
2,0,0,-2,0,0,1,-2,0,-5,0,0,0,-2,0,-3,-6,0,0,4.99,0.44,2.21,1.829
2,0,0,-2,0,0,1,-2,0,-5,1,0,0,-2,0,-3,-5,0,0,4.99,0.44,2.21,1.829
2,0,0,-3,0,0,1,-2,0,-5,1,0,0,-2,0,-2,-4,0,0,4.99,0.39,1.99,1.65
2,0,0,-3,0,0,1,-2,0,-6,2,0,0,-2,0,-2,-4,0,0,4.99,0.39,1.99,1.65
2,0,0,-3,0,0,1,-2,0,-6,2,0,0,-2,0,-3,-3,0,0,4.99,0.39,1.99,1.65
2,0,0,-2,0,0,1,-2,0,-6,2,0,0,-2,0,-3,-4,0,0,4.99,0.39,1.99,1.65
2,0,0,-2,0,0,1,-2,0,-6,2,0,0,-2,0,-3,-4,0,0,4.99,0.39,1.99,1.65
2,0,0,-3,0,0,1,-2,0,-6,2,0,0,-2,0,-3,-4,0,0,4.99,0.39,1.99,1.65
2,0,0,-3,0,0,1,-2,0,-7,2,0,0,-2,0,-3,-4,0,0,4.99,0.39,1.99,1.65
2,0,0,-3,0,0,1,-2,0,-7,3,0,0,-2,0,-3,-4,0,0,4.99,0.39,1.99,1.65
2,0,0,-3,0,0,1,-2,0,-7,3,0,0,-2,0,-3,-4,1,0,4.99,0.39,1.99,1.65
2,0,0,-3,0,0,1,-2,0,-7,3,0,0,-2,0,-2,-4,1,0,4.99,0.39,1.99,1.65
2,0,0,-4,0,0,1,-2,0,-7,3,0,0,-2,0,-2,-4,1,0,4.99,0.39,1.99,1.65
2,0,0,-3,0,0,1,-2,0,-7,3,0,0,-2,0,-2,-4,1,0,4.99,0.4,2.03,1.679
2,0,0,-4,0,0,1,-2,0,-7,4,0,0,-2,0,-2,-4,1,0,4.99,0.4,2.03,1.679
2,0,0,-3,0,0,1,-2,0,-7,4,0,0,-2,0,-3,-3,1,0,4.99,0.4,2.03,1.679
2,0,0,-4,0,0,1,-2,0,-7,4,0,0,-2,0,-3,-3,1,0,4.99,0.4,2.03,1.679
2,0,0,-3,0,0,1,-2,0,-7,4,0,0,-2,0,-2,-3,1,0,4.99,0.4,2.03,1.679
2,0,0,-4,0,0,1,-2,0,-7,4,0,0,-2,0,-2,-2,1,0,4.99,0.4,2.03,1.679
2,0,0,-4,0,0,1,-2,0,-7,4,0,0,-2,0,-2,-2,1,0,4.99,0.4,2.03,1.679
2,0,0,-4,0,0,1,-2,0,-7,4,0,0,-2,0,-2,-2,1,0,4.99,0.4,2.03,1.679
2,0,0,-4,0,0,1,-2,0,-7,4,0,0,-2,0,-2,-2,1,0,4.99,0.4,2.03,1.679
2,0,0,-4,0,0,1,-2,0,-7,4,0,0,-2,0,-2,-2,1,0,4.99,0.4,2.03,1.679
2,0,0,-4,0,0,1,-2,0,-7,4,0,0,-2,0,-1,-3,1,0,4.99,0.4,2.03,1.679
2,0,0,-4,0,0,1,-2,0,-8,4,0,0,-2,0,-1,-3,1,0,4.99,0.43,2.15,1.778
2,0,0,-4,0,0,1,-2,0,-8,4,0,0,-2,0,-1,-2,2,0,4.99,0.43,2.15,1.778
2,0,0,-4,0,0,1,-2,0,-8,3,0,0,-2,0,-1,-2,2,0,4.99,0.43,2.15,1.778
2,0,0,-4,0,0,1,-2,0,-7,4,0,0,-2,0,-1,-2,2,0,4.99,0.43,2.15,1.778
2,0,0,-4,0,0,1,-2,0,-7,3,-1,0,-2,0,-1,-2,2,0,4.99,0.43,2.15,1.778
2,0,0,-4,0,0,1,-2,0,-7,3,-1,0,-2,0,-1,-3,2,0,4.99,0.43,2.15,1.778
2,0,0,-4,0,0,1,-2,0,-7,3,-1,0,-2,0,-1,-3,1,0,4.99,0.43,2.15,1.778
2,0,0,-4,0,0,1,-2,0,-7,3,-1,0,-2,0,-1,-2,1,0,4.99,0.43,2.15,1.778
2,0,0,-4,0,0,1,-2,0,-7,3,-1,0,-2,0,-1,-2,1,0,4.99,0.43,2.15,1.778
2,0,0,-4,0,0,1,-2,0,-7,2,-1,0,-2,0,-1,-2,1,0,4.99,0.43,2.15,1.778
2,0,0,-4,0,0,1,-2,0,-7,2,-1,0,-2,0,-1,-1,1,0,4.99,0.43,2.15,1.778
2,0,0,-4,0,0,1,-2,0,-7,2,-1,0,-2,0,-1,-1,2,0,4.99,0.43,2.16,1.785
2,0,0,-4,0,0,1,-2,0,-6,2,-1,0,-2,0,-2,0,2,0,4.99,0.43,2.16,1.785
2,0,0,-5,0,0,1,-2,0,-6,2,-1,0,-2,0,-2,0,2,0,4.99,0.43,2.16,1.785
2,0,0,-5,0,0,1,-2,0,-6,1,0,0,-2,0,-2,0,2,0,4.99,0.43,2.16,1.785
2,0,0,-5,0,0,1,-2,0,-6,1,0,0,-2,0,-2,1,3,0,4.99,0.43,2.16,1.785
2,0,0,-4,0,0,1,-2,0,-7,1,0,0,-2,0,-2,1,2,0,4.99,0.43,2.16,1.785
2,0,0,-5,0,0,1,-2,0,-7,1,-1,0,-2,0,-2,1,3,0,4.99,0.43,2.16,1.785
2,0,0,-4,0,0,1,-2,0,-7,1,0,0,-2,0,-2,1,2,0,4.99,0.43,2.16,1.785
2,0,0,-4,0,0,1,-2,0,-6,2,0,0,-2,0,-3,1,2,0,4.99,0.43,2.16,1.785
2,0,0,-4,0,0,1,-2,0,-6,2,0,0,-2,0,-3,1,2,0,4.99,0.43,2.16,1.785
2,0,0,-3,0,0,1,-2,0,-6,2,0,0,-2,0,-2,1,2,0,4.99,0.43,2.16,1.785
2,0,0,-3,0,0,1,-2,0,-6,2,0,0,-2,0,-2,0,2,0,4.99,0.43,2.16,1.787
2,0,0,-4,0,0,1,-2,0,-6,2,0,0,-2,0,-2,0,3,0,4.99,0.43,2.16,1.787
2,0,0,-4,0,0,1,-2,0,-6,2,0,0,-2,0,-2,0,3,0,4.99,0.43,2.16,1.787
2,0,0,-4,0,0,1,-2,0,-5,1,0,0,-2,0,-2,0,3,0,4.99,0.43,2.16,1.787
2,0,0,-4,0,0,1,-2,0,-6,1,0,0,-2,0,-2,0,3,0,4.99,0.43,2.16,1.787
2,0,0,-4,0,0,1,-2,0,-7,1,0,0,-2,0,-1,0,3,0,5.0,0.43,2.17,1.8
2,0,0,-4,0,0,1,-2,0,-7,1,0,0,-2,0,-1,0,2,0,5.0,0.43,2.17,1.8
2,0,0,-4,0,0,1,-2,0,-7,1,-1,0,-2,0,-1,0,2,0,5.0,0.43,2.17,1.8
2,0,0,-4,0,0,1,-2,0,-7,2,-1,0,-2,0,-2,0,2,0,5.0,0.43,2.17,1.8
2,0,0,-3,0,0,1,-2,0,-7,2,-1,0,-2,0,-2,0,1,0,5.0,0.43,2.17,1.8
2,0,0,-3,0,0,1,-2,0,-6,3,0,0,-2,0,-2,0,1,0,5.0,0.43,2.17,1.8
2,0,0,-3,0,0,1,-2,0,-6,3,0,0,-2,0,-1,-1,1,0,5.0,0.43,2.17,1.8
2,0,0,-3,0,0,1,-2,0,-6,3,-1,0,-2,0,0,-1,1,0,5.0,0.43,2.17,1.8
2,0,0,-3,0,0,1,-2,0,-6,3,-1,0,-2,0,0,-2,1,0,5.0,0.43,2.17,1.8
2,0,0,-4,0,0,1,-2,0,-6,3,-1,0,-2,0,-1,-2,1,0,5.0,0.43,2.17,1.8
2,0,0,-4,0,0,1,-2,0,-7,3,-1,0,-2,0,-1,-1,2,0,5.0,0.43,2.17,1.8
2,0,0,-4,0,0,1,-2,0,-8,2,-1,0,-2,0,-2,-1,2,0,5.0,0.43,2.16,1.791
2,0,0,-4,0,0,1,-2,0,-8,3,-1,0,-2,0,-2,-1,2,0,5.0,0.43,2.16,1.791
2,0,0,-4,0,0,1,-2,0,-8,3,-1,0,-2,0,-3,-1,3,0,5.0,0.43,2.16,1.791
2,0,0,-5,0,0,1,-2,0,-8,3,-1,0,-2,0,-3,0,2,0,5.0,0.43,2.16,1.791
2,0,0,-5,0,0,1,-2,0,-7,4,-1,0,-2,0,-2,-1,2,0,5.0,0.43,2.16,1.791
2,0,0,-5,0,0,1,-2,0,-7,5,-1,0,-2,0,-2,-1,2,0,5.0,0.43,2.16,1.791
2,0,0,-4,0,0,1,-2,0,-6,5,-1,0,-2,0,-2,-1,2,0,5.0,0.43,2.16,1.791
2,0,0,-4,0,0,1,-2,0,-6,5,-1,0,-2,0,-2,-1,2,0,5.0,0.43,2.16,1.791
2,0,0,-4,0,0,1,-2,0,-6,6,-1,0,-2,0,-2,-1,2,0,5.0,0.43,2.16,1.791
2,0,0,-4,0,0,1,-2,0,-7,6,-1,0,-2,0,-2,0,2,0,5.0,0.43,2.16,1.791
2,0,0,-4,0,0,1,-2,0,-7,6,-1,0,-2,0,-2,0,2,0,5.0,0.43,2.16,1.791
2,0,0,-4,0,0,1,-2,0,-7,6,-1,0,-2,0,-2,0,2,0,5.0,0.43,2.17,1.793
2,0,0,-4,0,0,1,-2,0,-7,5,-1,0,-2,0,-2,0,2,0,5.0,0.43,2.17,1.793
2,0,0,-5,0,0,1,-2,0,-7,5,-1,0,-2,0,-3,0,2,0,5.0,0.43,2.17,1.793
2,0,0,-4,0,0,1,-2,0,-7,5,0,0,-2,0,-2,0,2,0,5.0,0.43,2.17,1.793
2,0,0,-4,0,0,1,-2,0,-7,5,0,0,-2,0,-2,0,2,0,5.0,0.43,2.17,1.793
2,0,0,-4,0,0,1,-2,0,-7,4,0,0,-2,0,-2,0,3,0,5.0,0.43,2.17,1.793
2,0,0,-5,0,0,1,-2,0,-7,4,0,0,-2,0,-2,0,3,0,5.0,0.43,2.17,1.793
2,0,0,-5,0,0,1,-2,0,-7,4,0,0,-2,0,-2,1,3,0,5.0,0.43,2.17,1.793
2,0,0,-5,0,0,1,-2,0,-7,4,0,0,-2,0,-2,1,3,0,5.0,0.43,2.17,1.801
2,0,0,-5,0,0,1,-2,0,-7,4,0,0,-2,0,-2,1,3,0,5.0,0.43,2.17,1.801
2,0,0,-5,0,0,1,-2,0,-7,4,0,0,-2,0,-2,2,3,0,5.0,0.43,2.17,1.801
2,0,0,-5,0,0,1,-2,0,-7,4,0,0,-2,0,-2,2,3,0,5.0,0.43,2.17,1.801
2,0,0,-4,0,0,1,-2,0,-7,3,0,0,-2,0,-2,2,3,0,5.0,0.43,2.17,1.801
2,0,0,-4,0,0,1,-2,0,-7,3,-1,0,-2,0,-2,2,3,0,5.0,0.43,2.17,1.801
2,0,0,-4,0,0,1,-2,0,-7,3,-1,0,-2,0,-2,2,3,0,5.0,0.43,2.17,1.801
2,0,0,-4,0,0,1,-2,0,-7,3,-1,0,-2,0,-1,1,3,0,5.0,0.43,2.17,1.801
2,0,0,-4,0,0,1,-2,0,-6,2,0,0,-2,0,-1,1,3,0,5.0,0.43,2.17,1.801
2,0,0,-3,0,0,1,-2,0,-6,2,-1,0,-2,0,-2,1,2,0,5.0,0.43,2.17,1.801
2,0,0,-3,0,0,1,-2,0,-6,2,-1,0,-2,0,-1,0,2,0,5.0,0.43,2.17,1.801
2,0,0,-3,0,0,1,-2,0,-6,1,-1,0,-2,0,-1,0,2,0,5.0,0.43,2.18,1.804
2,0,0,-3,0,0,1,-2,0,-6,0,-1,0,-2,0,-1,0,2,0,5.0,0.43,2.18,1.804
2,0,0,-3,1,0,1,-2,0,-6,0,0,0,-2,0,-1,0,2,0,5.0,0.43,2.18,1.804
2,0,0,-3,1,0,1,-2,0,-6,0,0,0,-2,0,-1,0,2,0,5.0,0.43,2.18,1.804
2,0,0,-3,1,0,1,-2,0,-5,-1,0,0,-2,0,-1,0,2,0,5.0,0.43,2.18,1.804
2,0,0,-3,1,0,1,-2,0,-5,-1,0,0,-2,0,-2,0,1,0,5.0,0.43,2.18,1.804
2,0,0,-7,2,0,1,-2,0,-8,2,0,0,-2,0,-2,6,4,0,5.0,0.43,2.18,1.802
2,0,0,-7,2,0,1,-2,0,-8,3,0,0,-2,0,-1,6,4,0,5.0,0.43,2.18,1.802
2,0,0,-6,2,0,1,-2,0,-8,3,0,0,-2,0,-1,6,4,0,5.0,0.43,2.18,1.802
2,0,0,-6,2,0,1,-2,0,-8,4,0,0,-2,0,-2,7,4,0,5.0,0.43,2.18,1.802
2,0,0,-6,1,0,1,-2,0,-8,5,0,0,-2,0,-2,7,4,0,5.0,0.43,2.18,1.802
2,0,0,-6,2,0,1,-2,0,-8,5,0,0,-2,0,-2,8,3,0,5.0,0.43,2.18,1.802
2,0,0,-6,2,0,1,-2,0,-8,5,0,0,-2,0,-2,9,3,0,5.0,0.43,2.18,1.802
2,0,0,-6,2,0,1,-2,0,-8,5,0,0,-2,0,-3,10,3,0,5.0,0.43,2.18,1.802
2,0,0,-6,2,0,1,-2,0,-8,5,0,0,-2,0,-4,11,3,0,5.0,0.43,2.18,1.802
2,0,0,-6,2,0,1,-2,0,-8,4,0,0,-2,0,-4,12,3,0,5.0,0.43,2.18,1.802
2,0,0,-6,2,0,1,-2,0,-8,4,0,0,-2,0,-5,12,3,0,5.0,0.44,2.23,1.849
2,0,0,-6,2,0,1,-2,0,-8,4,0,0,-2,0,-6,13,3,0,5.0,0.44,2.23,1.849
2,0,0,-6,2,0,1,-2,0,-7,4,0,0,-2,0,-6,14,3,0,5.0,0.44,2.23,1.849
2,0,0,-6,2,0,1,-2,0,-7,3,0,0,-2,0,-6,18,4,0,5.0,0.44,2.23,1.849
2,0,0,-5,2,0,1,-2,0,-7,2,0,0,-2,0,-7,22,4,0,5.0,0.44,2.23,1.849
2,0,0,-5,1,0,1,-2,0,-8,1,0,0,-2,0,-8,30,3,0,5.0,0.44,2.23,1.849
2,0,0,-5,2,0,1,-2,0,-8,0,1,0,-2,0,-10,34,3,0,5.0,0.44,2.23,1.849
2,0,0,-5,1,0,1,-2,0,-9,0,1,0,-2,0,-10,37,4,0,5.0,0.44,2.23,1.849
2,0,0,-5,2,0,1,-2,0,-9,-1,1,0,-2,0,-11,39,4,0,5.0,0.44,2.23,1.849
2,0,0,-5,2,0,1,-2,0,-11,-3,1,0,-2,0,-12,38,5,0,5.0,0.44,2.23,1.849
2,0,0,-5,2,0,1,-2,0,-12,-4,1,0,-2,0,-11,38,5,0,5.0,0.44,2.23,1.849
2,0,0,-5,2,0,1,-2,0,-12,-7,2,0,-2,0,-11,36,6,0,5.0,0.43,2.17,1.801
2,0,0,-5,1,0,1,-2,0,-12,-8,2,0,-2,0,-11,35,7,0,5.0,0.43,2.17,1.801
2,0,0,-5,1,0,1,-2,0,-13,-9,3,0,-2,0,-9,33,8,0,5.0,0.43,2.17,1.801
2,0,0,-4,2,0,1,-2,0,-13,-9,3,0,-2,-1,-7,30,9,0,5.0,0.43,2.17,1.801
2,0,0,-4,2,0,1,-2,0,-13,-10,3,0,-2,0,-6,29,9,0,5.0,0.43,2.17,1.801
2,0,0,-4,1,0,1,-2,0,-13,-9,4,0,-2,0,-4,26,9,0,5.0,0.43,2.17,1.801
2,0,0,-4,1,0,1,-2,0,-13,-9,3,0,-2,-1,-3,24,10,0,5.0,0.43,2.17,1.801
2,0,0,-4,2,0,1,-2,0,-12,-8,2,0,-2,0,-2,21,9,0,5.0,0.43,2.17,1.801
2,0,0,-3,0,0,1,-2,0,-11,-8,1,0,-2,0,-2,18,8,0,5.0,0.43,2.17,1.801
2,0,0,-3,1,0,1,-2,0,-10,-7,1,0,-2,0,0,14,7,0,5.0,0.43,2.17,1.801
2,0,0,-3,1,0,1,-2,0,-10,-7,1,0,-2,-1,0,12,7,0,5.0,0.43,2.17,1.801
2,0,0,-3,0,0,1,-2,0,-9,-6,1,0,-2,0,0,8,6,0,5.0,0.43,2.18,1.808
2,0,0,-4,1,0,1,-2,0,-9,-6,1,0,-2,0,0,7,6,0,5.0,0.43,2.18,1.808
2,0,0,-4,1,0,1,-2,0,-9,-5,1,0,-2,-1,-1,6,5,0,5.0,0.43,2.18,1.808
2,0,0,-4,1,0,1,-2,0,-10,-5,2,0,-2,0,-1,6,5,0,5.0,0.43,2.18,1.808
2,0,0,-4,1,0,1,-2,0,-11,-5,1,0,-2,-1,-3,7,4,0,5.0,0.43,2.18,1.808
2,0,0,-4,1,0,1,-2,0,-12,-5,1,0,-2,-1,-4,7,3,0,5.0,0.43,2.18,1.808
2,0,0,-4,0,0,1,-2,0,-12,-4,1,0,-2,-1,-5,7,2,0,5.0,0.43,2.18,1.808
2,0,0,-4,0,0,1,-2,0,-12,-5,1,0,-2,-1,-5,8,0,0,5.0,0.43,2.18,1.808
2,0,0,-3,0,0,1,-2,0,-12,-5,1,0,-2,-1,-7,10,-1,0,5.0,0.43,2.18,1.808
2,0,0,-3,0,0,1,-2,0,-12,-4,1,0,-2,-1,-8,11,-1,0,5.0,0.43,2.18,1.808
2,0,0,-3,0,0,1,-2,0,-13,-4,2,0,-2,-1,-11,15,-2,0,5.0,0.43,2.18,1.808
2,0,0,-3,0,0,1,-2,0,-13,-3,2,0,-2,-1,-12,21,-2,0,4.99,0.43,2.18,1.805
2,0,0,-3,0,0,1,-2,0,-13,-3,1,0,-2,-1,-16,31,-2,0,4.99,0.43,2.18,1.805
2,0,0,-3,0,0,1,-2,0,-13,-2,1,0,-2,-1,-19,35,-2,0,4.99,0.43,2.18,1.805
2,0,0,-2,0,0,1,-2,0,-12,-2,1,0,-2,-1,-21,40,-1,0,4.99,0.43,2.18,1.805
2,0,0,-3,0,0,1,-2,0,-12,-2,1,0,-2,-1,-22,42,-1,0,4.99,0.43,2.18,1.805
2,0,0,-2,0,0,1,-2,0,-11,-2,1,0,-2,-1,-23,41,-1,0,4.99,0.43,2.18,1.805
2,0,0,-2,0,0,1,-2,0,-10,-2,1,0,-2,-1,-22,38,0,0,4.99,0.43,2.18,1.805
2,0,0,-2,0,0,1,-2,0,-10,-1,1,0,-2,-1,-22,38,0,0,4.99,0.43,2.18,1.805
2,0,0,-2,0,0,1,-2,0,-10,-1,1,0,-2,-1,-21,40,1,0,4.99,0.43,2.18,1.805
2,0,0,-2,0,0,1,-2,0,-10,-1,1,0,-2,-1,-22,41,1,0,4.99,0.43,2.18,1.805
2,0,0,-2,0,0,1,-2,0,-10,-1,2,0,-2,-1,-24,44,1,0,4.99,0.43,2.18,1.805
2,0,0,-4,2,0,1,-2,0,-6,3,0,0,-2,-1,-2,0,2,0,5.0,0.43,2.19,1.812
2,0,0,-4,2,0,1,-2,0,-6,2,0,0,-2,-1,-2,0,2,0,5.0,0.43,2.19,1.812
2,0,0,-4,2,0,1,-2,0,-6,2,0,0,-2,-1,-2,0,2,0,5.0,0.43,2.19,1.812
2,0,0,-4,2,0,1,-2,0,-7,2,0,0,-2,-1,-2,0,2,0,5.0,0.43,2.19,1.812
2,0,0,-4,2,0,1,-2,0,-7,2,0,0,-2,-1,-1,0,2,0,5.0,0.43,2.19,1.812
2,0,0,-4,2,0,1,-2,0,-7,2,0,0,-2,-1,-1,0,2,0,5.0,0.43,2.19,1.811
2,0,0,-4,1,0,1,-2,0,-7,2,0,0,-2,-1,-1,0,2,0,5.0,0.43,2.19,1.811
2,0,0,-4,1,0,1,-2,0,-7,2,0,0,-2,-1,0,0,2,0,5.0,0.43,2.19,1.811
2,0,0,-4,1,0,1,-2,0,-7,3,0,0,-2,-1,0,-1,2,0,5.0,0.43,2.19,1.811
2,0,0,-4,1,0,1,-2,0,-7,3,0,0,-2,-1,0,-2,2,0,5.0,0.43,2.19,1.811
2,0,0,-4,1,0,1,-2,0,-7,3,0,0,-2,-1,0,-2,1,0,5.0,0.43,2.19,1.811
2,0,0,-4,1,0,1,-2,0,-7,3,0,0,-2,-1,0,-3,2,0,5.0,0.43,2.19,1.811
2,0,0,-4,1,0,1,-2,0,-7,3,0,0,-2,-1,0,-3,2,0,5.0,0.43,2.19,1.811
2,0,0,-5,1,0,1,-2,0,-7,3,0,0,-2,-1,0,-3,2,0,5.0,0.43,2.19,1.811
2,0,0,-4,1,0,1,-2,0,-7,3,0,0,-2,-1,0,-3,2,0,5.0,0.43,2.19,1.811
2,0,0,-4,1,0,1,-2,0,-7,4,-1,0,-2,-1,0,-2,2,0,5.0,0.43,2.19,1.811
2,0,0,-4,1,0,1,-2,0,-7,4,-1,0,-2,-1,0,-1,2,0,5.0,0.44,2.21,1.828
2,0,0,-4,1,0,1,-2,0,-7,4,-1,0,-2,-1,-1,-1,1,0,5.0,0.44,2.21,1.828
2,0,0,-4,0,0,1,-2,0,-6,4,-1,0,-2,-1,-1,0,1,0,5.0,0.44,2.21,1.828
2,0,0,-4,1,0,1,-2,0,-6,4,-1,0,-2,-1,-2,0,1,0,5.0,0.44,2.21,1.828
2,0,0,-4,0,0,1,-2,0,-6,4,-1,0,-2,-1,-2,0,1,0,5.0,0.44,2.21,1.828
2,0,0,-4,0,0,1,-2,0,-5,5,-1,0,-2,-1,-2,0,2,0,5.0,0.44,2.21,1.828
2,0,0,-4,0,0,1,-2,0,-5,5,-2,0,-2,-1,-1,0,2,0,5.0,0.44,2.21,1.828
2,0,0,-4,0,0,1,-2,0,-5,5,-2,0,-2,-1,-2,0,2,0,5.0,0.44,2.21,1.828
2,0,0,-4,0,0,1,-2,0,-4,6,-2,0,-2,-1,-2,0,1,0,5.0,0.44,2.21,1.828
2,0,0,-4,0,0,1,-2,0,-4,6,-2,0,-2,-1,-2,0,1,0,5.0,0.44,2.21,1.828
2,0,0,-3,0,0,1,-2,0,-3,7,-3,0,-2,-1,-3,1,1,0,5.0,0.44,2.21,1.828
2,0,0,-3,0,0,1,-2,0,-3,7,-2,0,-2,-1,-3,1,1,0,5.0,0.43,2.19,1.811
2,0,0,-3,0,0,1,-2,0,-3,6,-2,0,-2,-1,-3,1,1,0,5.0,0.43,2.19,1.811
2,0,0,-3,0,0,1,-2,0,-3,6,-1,0,-2,-1,-3,0,1,0,5.0,0.43,2.19,1.811
2,0,0,-3,0,0,1,-2,0,-4,4,-1,0,-2,-1,-3,0,1,0,5.0,0.43,2.19,1.811
2,0,0,-3,0,0,1,-2,0,-4,4,-1,0,-2,-1,-2,0,1,0,5.0,0.43,2.19,1.811
2,0,0,-3,0,0,1,-2,0,-5,3,-1,0,-2,-1,-2,-1,2,0,5.0,0.43,2.19,1.811
2,0,0,-3,0,0,1,-2,0,-5,3,0,0,-2,-1,-2,-1,2,0,5.0,0.43,2.19,1.811
2,0,0,-3,0,0,1,-2,0,-5,2,0,0,-2,-1,-1,-1,2,0,5.0,0.43,2.19,1.811
2,0,0,-3,0,0,1,-2,0,-5,2,0,0,-2,-1,-1,-1,2,0,5.0,0.43,2.19,1.811
2,0,0,-3,0,0,1,-2,0,-5,1,0,0,-2,-1,-1,-1,2,0,5.0,0.43,2.19,1.811
2,0,0,-3,0,0,1,-2,0,-4,1,0,0,-2,-1,-1,-1,2,0,5.0,0.43,2.19,1.811
2,0,0,-3,0,0,1,-2,0,-5,0,0,0,-2,-1,0,-1,3,0,4.99,0.43,2.19,1.815
2,0,0,-3,0,0,1,-2,0,-5,0,0,0,-2,-1,0,-2,3,0,4.99,0.43,2.19,1.815
2,0,0,-3,0,0,1,-2,0,-5,0,0,0,-2,-1,0,-2,3,0,4.99,0.43,2.19,1.815
2,0,0,-3,0,0,1,-2,0,-5,0,0,0,-2,-1,0,-2,3,0,4.99,0.43,2.19,1.815
2,0,0,-2,0,0,1,-2,0,-5,0,0,0,-2,-1,1,-3,4,0,4.99,0.43,2.19,1.815
2,0,0,-2,0,0,1,-2,0,-5,0,0,0,-2,-1,1,-2,4,0,4.99,0.43,2.19,1.815
2,0,0,-2,0,0,1,-2,0,-5,0,-1,0,-2,-1,1,-2,3,0,4.99,0.43,2.19,1.815
2,0,0,-2,0,0,1,-2,0,-5,0,-1,0,-2,-1,0,0,3,0,4.99,0.43,2.19,1.815
2,0,0,-2,0,0,1,-2,0,-6,0,0,0,-2,-1,0,0,2,0,4.99,0.43,2.19,1.815
2,0,0,-2,0,0,1,-2,0,-6,0,0,0,-2,-1,-1,0,2,0,4.99,0.43,2.19,1.815
2,0,0,-3,0,0,1,-2,0,-6,0,0,0,-2,-1,-1,1,2,0,4.99,0.43,2.19,1.815
2,0,0,-3,0,0,1,-2,0,-6,1,0,0,-2,-1,-1,1,2,0,5.0,0.43,2.17,1.801
2,0,0,-3,0,0,1,-2,0,-6,1,0,0,-2,-1,-1,0,2,0,5.0,0.43,2.17,1.801
2,0,0,-3,0,0,1,-2,0,-6,1,0,0,-2,-1,-1,0,2,0,5.0,0.43,2.17,1.801
2,0,0,-4,0,0,1,-2,0,-6,2,0,0,-2,-1,-1,0,2,0,5.0,0.43,2.17,1.801
2,0,0,-4,0,0,1,-2,0,-5,2,0,0,-2,-1,-1,0,2,0,5.0,0.43,2.17,1.801
2,0,0,-3,0,0,1,-2,0,-6,1,0,0,-2,-1,-3,0,0,0,5.0,0.43,2.19,1.818
2,0,0,-3,0,0,1,-2,0,-6,0,0,0,-2,-1,-3,0,0,0,5.0,0.43,2.19,1.818
2,0,0,-3,0,0,1,-2,0,-7,0,0,0,-2,-1,-3,-1,0,0,5.0,0.43,2.19,1.818
2,0,0,-3,0,0,1,-2,0,-8,0,0,0,-2,-1,-2,-2,0,0,5.0,0.43,2.19,1.818
2,0,0,-3,0,0,1,-2,0,-8,0,0,0,-2,-1,-2,-3,0,0,5.0,0.43,2.19,1.818
2,0,0,-3,0,0,1,-2,0,-8,0,0,0,-2,-1,-2,-3,0,0,5.0,0.43,2.19,1.818
2,0,0,-4,0,0,1,-2,0,-8,1,0,0,-2,-1,-2,-3,0,0,5.0,0.43,2.19,1.818
2,0,0,-4,0,0,1,-2,0,-8,1,0,0,-2,-1,-2,-3,1,0,5.0,0.43,2.19,1.818
2,0,0,-4,0,0,1,-2,0,-8,1,0,0,-2,-1,-2,-3,1,0,5.0,0.43,2.19,1.818
2,0,0,-4,0,0,1,-2,0,-8,1,0,0,-2,-1,-2,-3,1,0,5.0,0.43,2.19,1.818
2,0,0,-4,0,0,1,-2,0,-8,2,0,0,-2,-1,-2,-4,1,0,5.0,0.43,2.19,1.818
2,0,0,-4,0,0,1,-2,0,-8,3,-1,0,-2,-1,-2,-4,1,0,5.0,0.43,2.19,1.816
2,0,0,-4,0,0,1,-2,0,-7,4,-1,0,-2,-1,-2,-4,1,0,5.0,0.43,2.19,1.816
2,0,0,-4,0,0,1,-2,0,-6,5,-1,0,-2,-1,-1,-4,1,0,5.0,0.43,2.19,1.816
2,0,0,-4,0,0,1,-2,0,-6,5,-1,0,-2,-1,-1,-5,1,0,5.0,0.43,2.19,1.816
2,0,0,-3,0,0,1,-2,0,-6,6,-1,0,-2,-1,-1,-5,0,0,5.0,0.43,2.19,1.816
2,0,0,-4,0,0,1,-2,0,-6,5,-1,0,-2,-1,-1,-5,0,0,5.0,0.43,2.19,1.816
2,0,0,-3,0,0,1,-2,0,-6,5,-1,0,-2,-1,-1,-5,0,0,5.0,0.43,2.19,1.816
2,0,0,-3,0,0,1,-2,0,-6,5,-1,0,-2,-1,-1,-4,0,0,5.0,0.43,2.19,1.816
2,0,0,-3,-1,0,1,-2,0,-7,5,-1,0,-2,-1,-2,-4,1,0,5.0,0.43,2.19,1.816
2,0,0,-3,0,0,1,-2,0,-7,4,-1,0,-2,-1,-2,-3,1,0,5.0,0.43,2.19,1.816
2,0,0,-3,-1,0,1,-2,0,-7,3,-1,0,-2,-1,-1,-2,1,0,5.0,0.43,2.19,1.816
2,0,0,-3,-1,0,1,-2,0,-7,3,0,0,-2,-1,-1,-1,2,0,5.0,0.43,2.18,1.808
2,0,0,-3,-1,1,1,-2,0,-7,2,0,0,-2,-1,-1,-1,1,0,5.0,0.43,2.18,1.808
2,0,0,-3,-1,0,1,-2,0,-7,2,0,0,-2,-1,0,-2,2,0,5.0,0.43,2.18,1.808
2,0,0,-2,-1,0,1,-2,0,-6,2,0,0,-2,-1,0,-2,1,0,5.0,0.43,2.18,1.808
2,0,0,-3,-1,0,1,-2,0,-6,2,0,0,-2,-1,0,-2,1,0,5.0,0.43,2.18,1.808
2,0,0,-3,-1,1,1,-2,0,-6,2,0,0,-2,-1,0,-3,0,0,5.0,0.43,2.18,1.808
2,0,0,-3,-1,0,1,-2,0,-6,3,0,0,-2,-1,0,-3,0,0,5.0,0.43,2.18,1.808
2,0,0,-3,-1,0,1,-2,0,-6,3,0,0,-2,-1,0,-3,0,0,5.0,0.43,2.18,1.808
2,0,0,-3,-1,0,1,-2,0,-6,3,0,0,-2,-1,-1,-3,0,0,5.0,0.43,2.18,1.808
2,0,0,-2,-1,0,1,-2,0,-6,3,-1,0,-2,-1,-1,-3,0,0,5.0,0.43,2.18,1.808
2,0,0,-2,-1,0,1,-2,0,-6,2,-1,0,-2,-1,-1,-4,0,0,5.0,0.43,2.18,1.808
2,0,0,-2,-1,0,1,-2,0,-6,2,-1,0,-2,-1,-1,-5,0,0,5.0,0.43,2.19,1.816
2,0,0,-2,-1,0,1,-2,0,-6,2,-1,0,-2,-1,0,-7,0,0,5.0,0.43,2.19,1.816
2,0,0,-2,-1,0,1,-2,0,-6,1,-1,0,-2,-1,0,-8,0,0,5.0,0.43,2.19,1.816
2,0,0,-1,-1,0,1,-2,0,-6,1,-1,0,-2,-1,0,-9,-1,0,5.0,0.43,2.19,1.816
2,0,0,-2,-1,0,1,-2,0,-6,1,0,0,-2,-1,1,-10,-1,0,5.0,0.43,2.19,1.816
2,0,0,-2,0,0,1,-2,0,-6,1,0,0,-2,-1,2,-11,-1,0,5.0,0.43,2.19,1.816
2,0,0,-2,0,0,1,-2,0,-6,1,0,0,-2,-1,2,-11,-2,0,5.0,0.43,2.19,1.816
2,0,0,-2,0,0,1,-2,0,-5,1,-1,0,-2,-1,2,-10,-2,0,5.0,0.43,2.19,1.816
2,0,0,-2,0,0,1,-2,0,-6,1,-1,0,-2,-1,2,-9,-1,0,5.0,0.43,2.19,1.816
2,0,0,-3,0,0,1,-2,0,-6,1,-1,0,-2,-1,1,-8,-1,0,5.0,0.43,2.19,1.816
2,0,0,-2,0,0,1,-2,0,-5,1,-1,0,-2,-1,0,-7,-1,0,5.0,0.43,2.19,1.816
2,0,0,-2,0,1,1,-2,0,-5,1,-1,0,-2,-1,0,-6,-1,0,4.99,0.43,2.17,1.801
2,0,0,-2,-1,1,1,-2,0,-5,1,-1,0,-2,-1,-1,-5,-1,0,4.99,0.43,2.17,1.801
2,0,0,-2,-1,1,1,-2,0,-6,1,-1,0,-2,-1,-1,-5,-1,0,4.99,0.43,2.17,1.801
2,0,0,-2,-1,0,1,-2,0,-6,1,-1,0,-2,-1,-1,-6,-1,0,4.99,0.43,2.17,1.801
2,0,0,-2,-1,0,1,-2,0,-6,1,-2,0,-2,-1,-1,-6,-1,0,4.99,0.43,2.17,1.801
2,0,0,-3,-1,0,1,-2,0,-5,2,-2,0,-2,-1,0,-6,-1,0,4.99,0.43,2.17,1.801
2,0,0,-2,-1,0,1,-2,0,-5,3,-2,0,-2,-1,0,-6,-1,0,4.99,0.43,2.17,1.801
2,0,0,-3,-1,0,1,-2,0,-3,3,-2,0,-2,-1,0,-5,0,0,4.99,0.43,2.17,1.801
2,0,0,-3,-1,1,1,-2,0,-3,4,-1,0,-2,-1,0,-3,0,0,4.99,0.43,2.17,1.801
2,0,0,-3,-1,1,1,-2,0,-2,5,-2,0,-2,-1,0,-2,1,0,4.99,0.43,2.17,1.801
2,0,0,-3,0,0,1,-2,0,-7,3,0,0,-2,0,-2,-2,4,0,5.0,0.43,2.18,1.81
2,0,0,-4,0,0,1,-2,0,-7,1,0,0,-2,-1,-2,0,5,0,5.0,0.43,2.18,1.81
2,0,0,-4,0,0,1,-2,0,-7,0,1,0,-2,-1,-2,0,4,0,5.0,0.43,2.18,1.81
2,0,0,-4,0,0,1,-2,0,-7,0,1,0,-2,-1,-3,0,4,0,5.0,0.43,2.18,1.81
2,0,0,-4,0,0,1,-2,0,-7,0,1,0,-2,0,-2,0,4,0,5.0,0.43,2.18,1.81
2,0,0,-4,0,0,1,-2,0,-7,-1,2,0,-2,0,-2,0,4,0,5.0,0.43,2.18,1.81
2,0,0,-4,0,0,1,-2,0,-7,-1,2,0,-2,-1,-2,0,4,0,5.0,0.43,2.18,1.81
2,0,0,-4,0,0,1,-2,0,-6,-1,2,0,-2,-1,-2,-1,3,0,5.0,0.43,2.18,1.81
2,0,0,-4,0,0,1,-2,0,-6,-1,2,0,-2,-1,-2,-1,3,0,5.0,0.43,2.18,1.81
2,0,0,-3,0,0,1,-2,0,-7,-1,2,0,-2,-1,-1,-2,2,0,5.0,0.43,2.18,1.81
2,0,0,-3,0,0,1,-2,0,-7,0,2,0,-2,-1,-1,-1,1,0,5.0,0.43,2.18,1.81
2,0,0,-2,0,0,1,-2,0,-8,0,1,0,-2,-1,-2,-2,1,0,5.0,0.43,2.18,1.81
2,0,0,-2,0,0,1,-2,0,-8,1,1,0,-2,-1,-2,-2,0,0,5.0,0.43,2.18,1.81
2,0,0,-2,-1,0,1,-2,0,-8,2,1,0,-2,0,-2,-2,0,0,5.0,0.43,2.18,1.81
2,0,0,-1,-1,-1,1,-2,0,-9,3,0,0,-2,-1,-2,-2,-1,0,5.0,0.43,2.18,1.81
2,0,0,-1,-1,-1,1,-2,0,-9,4,0,0,-2,-1,-2,-3,-1,0,5.0,0.43,2.18,1.81
2,0,0,-1,-1,-1,1,-2,0,-9,5,0,0,-2,-1,-1,-3,-1,0,5.0,0.43,2.18,1.81
2,0,0,-1,-1,-1,1,-2,0,-9,6,0,0,-2,-1,-1,-3,0,0,5.0,0.43,2.19,1.815
2,0,0,-2,-1,-1,1,-2,0,-9,7,0,0,-2,-1,-1,-2,0,0,5.0,0.43,2.19,1.815
2,0,0,-1,-1,-1,1,-2,0,-9,7,0,0,-2,-1,-1,-2,0,0,5.0,0.43,2.19,1.815
2,0,0,-2,-1,-1,1,-2,0,-9,8,0,0,-2,-1,-1,-2,1,0,5.0,0.43,2.19,1.815
2,0,0,-2,-1,-1,1,-2,0,-9,9,0,0,-2,0,-2,-2,1,0,5.0,0.43,2.19,1.815
2,0,0,-2,-1,0,1,-2,0,-8,9,0,0,-2,-1,-2,-2,1,0,5.0,0.43,2.19,1.815
2,0,0,-2,-1,0,1,-2,0,-8,9,0,0,-2,-1,-3,-2,1,0,5.0,0.43,2.19,1.815
2,0,0,-2,-1,-1,1,-2,0,-7,9,0,0,-2,-1,-3,-2,1,0,5.0,0.43,2.19,1.815
2,0,0,-2,0,-1,1,-2,0,-7,9,0,0,-2,-1,-3,-3,0,0,5.0,0.43,2.19,1.815
2,0,0,-3,0,0,1,-2,0,-6,9,1,0,-2,-1,-3,-3,0,0,5.0,0.43,2.19,1.815
2,0,0,-2,-1,0,1,-2,0,-6,9,1,0,-2,0,-3,-3,0,0,5.0,0.43,2.19,1.815
2,0,0,-2,-1,-1,1,-2,0,-6,9,1,0,-2,0,-3,-3,0,0,5.0,0.43,2.19,1.818
2,0,0,-2,-1,-1,1,-2,0,-6,9,1,0,-2,0,-3,-2,0,0,5.0,0.43,2.19,1.818
2,0,0,-2,-1,0,1,-2,0,-6,9,1,0,-2,-1,-3,-1,1,0,5.0,0.43,2.19,1.818
2,0,0,-3,0,0,1,-2,0,-6,9,1,0,-2,-1,-3,0,1,0,5.0,0.43,2.19,1.818
2,0,0,-2,0,0,1,-2,0,-7,9,1,0,-2,-1,-4,0,1,0,5.0,0.43,2.19,1.818
2,0,0,-2,0,0,1,-2,0,-7,9,1,0,-2,-1,-4,0,1,0,5.0,0.43,2.19,1.818
2,0,0,-2,-1,0,1,-2,0,-7,9,1,0,-2,-1,-3,0,1,0,5.0,0.43,2.19,1.818
2,0,0,-3,0,0,1,-2,0,-7,8,1,0,-2,-1,-3,-1,1,0,5.0,0.43,2.19,1.818
2,0,0,-3,0,0,1,-2,0,-7,8,1,0,-2,-1,-3,-2,1,0,5.0,0.43,2.19,1.818
2,0,0,-3,0,0,1,-2,0,-7,8,1,0,-2,-1,-2,-2,1,0,5.0,0.43,2.19,1.818
2,0,0,-3,0,0,1,-2,0,-8,8,1,0,-2,-1,-2,-2,1,0,5.0,0.43,2.19,1.818
2,0,0,-3,0,0,1,-2,0,-8,8,0,0,-2,0,-2,-2,2,0,5.0,0.43,2.18,1.804
2,0,0,-3,0,0,1,-2,0,-9,8,0,0,-2,-1,-2,-2,1,0,5.0,0.43,2.18,1.804
2,0,0,-3,0,0,1,-2,0,-9,8,0,0,-2,0,-2,-2,2,0,5.0,0.43,2.18,1.804
2,0,0,-3,0,0,1,-2,0,-9,8,0,0,-2,0,-2,-1,2,0,5.0,0.43,2.18,1.804
2,0,0,-3,0,0,1,-2,0,-8,8,0,0,-2,0,-3,-1,2,0,5.0,0.43,2.18,1.804
2,0,0,-3,0,0,1,-2,0,-8,8,0,0,-2,-1,-3,-1,2,0,5.0,0.43,2.18,1.804
2,0,0,-3,0,0,1,-2,0,-7,7,0,0,-2,0,-3,0,2,0,5.0,0.43,2.18,1.804
2,0,0,-3,0,0,1,-2,0,-7,6,0,0,-2,-1,-3,0,3,0,5.0,0.43,2.18,1.804
2,0,0,-3,0,0,1,-2,0,-6,6,0,0,-2,-1,-2,0,3,0,5.0,0.43,2.18,1.804
2,0,0,-3,0,0,1,-2,0,-6,5,0,0,-2,-1,-2,0,3,0,5.0,0.43,2.18,1.804
2,0,0,-2,0,0,1,-2,0,-6,4,0,0,-2,-1,-1,-1,3,0,5.0,0.43,2.18,1.804
2,0,0,-2,0,0,1,-2,0,-6,4,0,0,-2,0,-1,-1,3,0,5.0,0.44,2.2,1.822
2,0,0,-3,0,0,1,-2,0,-7,4,0,0,-2,-1,-1,0,3,0,5.0,0.44,2.2,1.822
2,0,0,-3,0,0,1,-2,0,-7,4,0,0,-2,0,-2,0,4,0,5.0,0.44,2.2,1.822
2,0,0,-3,0,0,1,-2,0,-8,3,0,0,-2,-1,-3,0,4,0,5.0,0.44,2.2,1.822
2,0,0,-4,0,0,1,-2,0,-9,7,-3,0,-2,-1,-4,-1,0,0,5.0,0.43,2.19,1.819
2,0,0,-4,0,0,1,-2,0,-9,6,-3,0,-2,0,-4,-2,0,0,5.0,0.44,2.2,1.827
2,0,0,-4,0,0,1,-2,0,-9,6,-3,0,-2,-1,-4,-2,0,0,5.0,0.44,2.2,1.827
2,0,0,-4,0,0,1,-2,0,-9,6,-2,0,-2,-1,-4,-2,0,0,5.0,0.44,2.2,1.827
2,0,0,-4,0,0,1,-2,0,-9,5,-2,0,-2,-1,-3,-2,0,0,5.0,0.44,2.2,1.827
2,0,0,-5,0,0,1,-2,0,-9,5,-2,0,-2,-1,-3,-1,1,0,5.0,0.44,2.2,1.827
2,0,0,-5,0,0,1,-2,0,-9,5,-2,0,-2,-1,-3,0,2,0,5.0,0.44,2.2,1.827
2,0,0,-5,0,0,1,-2,0,-9,5,-1,0,-2,-1,-3,0,2,0,5.0,0.44,2.2,1.827
2,0,0,-5,0,0,1,-2,0,-9,4,-1,0,-2,-1,-3,1,3,0,5.0,0.44,2.2,1.827
2,0,0,-5,0,0,1,-2,0,-9,4,-2,0,-2,0,-4,1,3,0,5.0,0.44,2.2,1.827
2,0,0,-4,0,0,1,-2,0,-9,4,-2,0,-2,0,-4,1,3,0,5.0,0.44,2.2,1.827
2,0,0,-4,0,0,1,-2,0,-8,3,-1,0,-2,0,-4,1,3,0,5.0,0.44,2.2,1.827
2,0,0,-5,0,0,1,-2,0,-7,2,-1,0,-2,-1,-3,1,3,0,5.0,0.43,2.19,1.812
2,0,0,-4,0,0,1,-2,0,-7,2,-1,0,-2,-1,-3,1,3,0,5.0,0.43,2.19,1.812
2,0,0,-5,0,0,1,-2,0,-6,1,-1,0,-2,0,-3,1,3,0,5.0,0.43,2.19,1.812
2,0,0,-5,0,0,1,-2,0,-6,1,0,0,-2,-1,-2,1,4,0,5.0,0.43,2.19,1.812
2,0,0,-6,1,0,1,-2,0,-6,1,0,0,-2,0,-2,2,4,0,5.0,0.43,2.19,1.812
2,0,0,-6,1,0,1,-2,0,-5,0,0,0,-2,-1,-2,2,4,0,5.0,0.43,2.19,1.812
2,0,0,-6,1,0,1,-2,0,-5,0,0,0,-2,-1,-2,3,5,0,5.0,0.43,2.19,1.812
2,0,0,-6,1,0,1,-2,0,-5,0,0,0,-2,-1,-2,3,5,0,5.0,0.43,2.19,1.812
2,0,0,-6,0,0,1,-2,0,-5,-1,0,0,-2,-1,-2,3,4,0,5.0,0.43,2.19,1.812
2,0,0,-5,0,0,1,-2,0,-5,-1,0,0,-2,-1,-2,3,4,0,5.0,0.43,2.19,1.812
2,0,0,-5,0,0,1,-2,0,-6,-1,0,0,-2,-1,-2,2,3,0,5.0,0.43,2.19,1.812
2,0,0,-5,0,0,1,-2,0,-6,-1,0,0,-2,-1,-2,2,3,0,5.0,0.43,2.2,1.821
2,0,0,-5,0,0,1,-2,0,-5,-1,0,0,-2,-1,-2,2,2,0,5.0,0.43,2.2,1.821
2,0,0,-4,0,0,1,-2,0,-5,-1,0,0,-2,-1,-2,2,1,0,5.0,0.43,2.2,1.821
2,0,0,-4,0,0,1,-2,0,-5,-1,0,0,-2,-1,-2,2,0,0,5.0,0.43,2.2,1.821
2,0,0,-4,0,0,1,-2,0,-5,-1,0,0,-2,-1,-1,2,0,0,5.0,0.43,2.2,1.821
2,0,0,-4,0,0,1,-2,0,-5,0,0,0,-2,-1,-1,2,1,0,5.0,0.43,2.2,1.821
2,0,0,-4,0,0,1,-2,0,-5,0,0,0,-2,-1,-1,2,1,0,5.0,0.43,2.2,1.821
2,0,0,-4,0,0,1,-2,0,-5,0,-1,0,-2,-1,-1,2,2,0,5.0,0.43,2.2,1.821
2,0,0,-4,0,0,1,-2,0,-5,0,-1,0,-2,-1,-1,1,2,0,5.0,0.43,2.2,1.821
2,0,0,-4,0,0,1,-2,0,-5,0,-1,0,-2,-1,-1,1,2,0,5.0,0.43,2.2,1.821
2,0,0,-4,0,0,1,-2,0,-5,1,-1,0,-2,-1,-2,0,2,0,5.0,0.43,2.2,1.821
2,0,0,-4,0,0,1,-2,0,-5,1,-1,0,-2,-1,-2,0,2,0,5.0,0.44,2.2,1.828
2,0,0,-4,0,0,1,-2,0,-5,1,-1,0,-2,-1,-3,-1,1,0,5.0,0.44,2.2,1.828
2,0,0,-4,0,0,1,-2,0,-5,0,-1,0,-2,-1,-3,-1,1,0,5.0,0.44,2.2,1.828
2,0,0,-4,0,0,1,-2,0,-5,0,-1,0,-2,-1,-3,-1,1,0,5.0,0.44,2.2,1.828
2,0,0,-4,0,0,1,-2,0,-5,0,-1,0,-2,-1,-3,-2,1,0,5.0,0.44,2.2,1.828
2,0,0,-4,0,0,1,-2,0,-5,0,-1,0,-2,-1,-3,-2,1,0,5.0,0.44,2.2,1.828
2,0,0,-4,0,0,1,-2,0,-5,0,0,0,-2,-1,-2,-2,1,0,5.0,0.44,2.2,1.828
2,0,0,-4,0,0,1,-2,0,-5,0,0,0,-2,-1,-3,-2,1,0,5.0,0.44,2.2,1.828
2,0,0,-4,0,0,1,-2,0,-4,0,0,0,-2,-1,-3,-3,1,0,5.0,0.44,2.2,1.828
2,0,0,-4,0,0,1,-2,0,-4,0,0,0,-2,-1,-3,-3,1,0,5.0,0.44,2.2,1.828
2,0,0,-4,0,0,1,-2,0,-4,0,0,0,-2,-1,-3,-4,1,0,5.0,0.44,2.2,1.828
2,0,0,-4,0,0,1,-2,0,-4,-1,0,0,-2,-1,-4,-5,0,0,5.0,0.43,2.18,1.811
2,0,0,-3,0,0,1,-2,0,-4,-1,0,0,-2,-1,-5,-5,0,0,5.0,0.43,2.18,1.811
2,0,0,-4,0,0,1,-2,0,-4,-1,0,0,-2,-1,-5,-6,0,0,5.0,0.43,2.18,1.811
2,0,0,-4,0,0,1,-2,0,-4,-2,0,0,-2,-1,-5,-6,0,0,5.0,0.43,2.18,1.811
2,0,0,-4,0,0,1,-2,0,-3,-3,0,0,-2,-1,-5,-6,0,0,5.0,0.43,2.18,1.811
2,0,0,-4,0,0,1,-2,0,-3,-5,0,0,-2,-1,-6,-5,0,0,5.0,0.43,2.18,1.811
2,0,0,-4,0,0,1,-2,0,-1,-7,0,0,-2,-1,-6,-4,0,0,5.0,0.43,2.18,1.811
2,0,0,-4,0,0,1,-2,0,0,-7,1,0,-2,-1,-5,-3,1,0,5.0,0.43,2.18,1.811
2,0,0,-4,0,0,1,-2,0,1,-9,2,0,-2,-1,-5,-2,1,0,5.0,0.43,2.18,1.811
2,0,0,-4,0,0,1,-2,0,-5,0,0,0,-2,-1,-3,0,3,0,4.99,0.44,2.2,1.829
2,0,0,-3,0,0,1,-2,0,-5,-2,0,0,-2,-1,-2,-1,3,0,4.99,0.44,2.2,1.829
2,0,0,-3,0,0,1,-2,0,-4,-2,0,0,-2,-1,-3,0,2,0,4.99,0.44,2.2,1.829
2,0,0,-3,0,0,1,-2,0,-4,-2,0,0,-2,-1,-3,0,2,0,4.99,0.44,2.2,1.829
2,0,0,-3,0,0,1,-2,0,-4,-3,0,0,-2,-1,-3,0,2,0,4.99,0.44,2.2,1.829
2,0,0,-3,0,0,1,-2,0,-4,-3,0,0,-2,-1,-3,0,2,0,4.99,0.44,2.2,1.829
2,0,0,-3,0,0,1,-2,0,-4,-2,1,0,-2,-1,-3,0,2,0,4.99,0.44,2.2,1.829
2,0,0,-3,0,0,1,-2,0,-4,-2,1,0,-2,-1,-3,0,2,0,5.0,0.44,2.21,1.836
2,0,0,-3,0,0,1,-2,0,-4,-2,1,0,-2,-1,-3,0,2,0,5.0,0.44,2.21,1.836
2,0,0,-4,0,0,1,-2,0,-4,-2,1,0,-2,-1,-3,0,2,0,5.0,0.44,2.21,1.836
2,0,0,-3,0,0,1,-2,0,-4,-3,1,0,-2,-1,-3,0,2,0,5.0,0.44,2.21,1.836
2,0,0,-4,0,0,1,-2,0,-4,-2,1,0,-2,-1,-3,1,3,0,5.0,0.44,2.21,1.836
2,0,0,-4,0,0,1,-2,0,-5,-2,1,0,-2,-1,-3,2,2,0,5.0,0.44,2.21,1.836
2,0,0,-4,0,0,1,-2,0,-5,-2,0,0,-2,-1,-3,2,2,0,5.0,0.44,2.21,1.836
2,0,0,-4,0,0,1,-2,0,-5,-2,0,0,-2,-1,-3,2,2,0,5.0,0.44,2.21,1.836
2,0,0,-3,0,0,1,-2,0,-5,-1,0,0,-2,-1,-3,2,2,0,5.0,0.44,2.21,1.836
2,0,0,-3,0,0,1,-2,0,-6,-1,0,0,-2,-1,-3,2,2,0,5.0,0.44,2.21,1.836
2,0,0,-3,0,0,1,-2,0,-6,0,0,0,-2,-1,-3,2,2,0,5.0,0.44,2.21,1.836
2,0,0,-3,0,0,1,-2,0,-6,0,0,0,-2,-1,-2,2,2,0,5.0,0.44,2.2,1.824
2,0,0,-3,0,0,1,-2,0,-6,0,0,0,-2,-1,-2,2,2,0,5.0,0.44,2.2,1.824
2,0,0,-3,0,0,1,-2,0,-5,0,0,0,-2,-1,-3,2,2,0,5.0,0.44,2.2,1.824
2,0,0,-3,0,0,1,-2,0,-5,0,0,0,-2,-1,-3,2,2,0,5.0,0.44,2.2,1.824
2,0,0,-3,0,0,1,-2,0,-5,1,0,0,-2,-1,-3,1,2,0,5.0,0.44,2.2,1.824
2,0,0,-3,0,0,1,-2,0,-5,1,0,0,-2,-1,-3,1,2,0,5.0,0.44,2.2,1.824
2,0,0,-4,0,0,1,-2,0,-6,1,0,0,-2,-1,-3,0,2,0,5.0,0.44,2.2,1.824
2,0,0,-4,0,0,1,-2,0,-6,1,0,0,-2,-1,-3,0,1,0,5.0,0.44,2.2,1.824
2,0,0,-4,0,0,1,-2,0,-6,1,0,0,-2,-1,-3,-1,1,0,5.0,0.44,2.2,1.824
2,0,0,-4,0,0,1,-2,0,-6,2,0,0,-2,-1,-3,-1,1,0,5.0,0.44,2.2,1.824
2,0,0,-4,0,0,1,-2,0,-6,2,0,0,-2,-1,-3,-2,2,0,5.0,0.44,2.2,1.824
2,0,0,-3,0,0,1,-2,0,-6,2,0,0,-2,-1,-2,-2,2,0,5.0,0.44,2.2,1.825
2,0,0,-3,0,0,1,-2,0,-6,3,0,0,-2,-1,-2,-3,2,0,5.0,0.44,2.2,1.825
2,0,0,-3,0,0,1,-2,0,-7,3,0,0,-2,-1,-1,-3,2,0,5.0,0.44,2.2,1.825
2,0,0,-3,0,0,1,-2,0,-7,3,0,0,-2,-1,-1,-3,2,0,5.0,0.44,2.2,1.825
2,0,0,-4,0,0,1,-2,0,-7,3,0,0,-2,-1,-1,-3,2,0,5.0,0.44,2.2,1.825
2,0,0,-4,0,0,1,-2,0,-7,4,0,0,-2,-1,-2,-3,1,0,5.0,0.44,2.2,1.825
2,0,0,-4,0,0,1,-2,0,-6,4,0,0,-2,-1,-3,-3,1,0,5.0,0.44,2.2,1.825
2,0,0,-4,0,0,1,-2,0,-6,4,0,0,-2,-1,-3,-3,1,0,5.0,0.44,2.2,1.825
2,0,0,-4,0,0,1,-2,0,-6,4,0,0,-2,-1,-3,-3,1,0,5.0,0.44,2.2,1.825
2,0,0,-4,0,0,1,-2,0,-7,4,0,0,-2,-1,-3,-2,1,0,5.0,0.44,2.2,1.825
2,0,0,-5,0,0,1,-2,0,-7,3,0,0,-2,-1,-3,-2,1,0,5.0,0.44,2.2,1.825
2,0,0,-4,0,0,1,-2,0,-7,4,0,0,-2,-1,-3,-2,1,0,5.0,0.43,2.19,1.813
2,0,0,-4,0,0,1,-2,0,-7,4,0,0,-2,-1,-2,-1,2,0,5.0,0.43,2.19,1.813
2,0,0,-3,0,0,1,-2,0,-7,3,0,0,-2,-1,-2,-1,1,0,5.0,0.43,2.19,1.813
2,0,0,-3,0,0,1,-2,0,-7,3,0,0,-2,-1,-2,-1,1,0,5.0,0.43,2.19,1.813
2,0,0,-3,0,0,1,-2,0,-6,2,0,0,-2,-1,-2,-2,1,0,5.0,0.43,2.19,1.813
2,0,0,-2,0,0,1,-2,0,-6,2,0,0,-2,-1,-2,-2,0,0,5.0,0.43,2.19,1.813
2,0,0,-2,0,0,1,-2,0,-6,2,0,0,-2,-1,-2,-2,0,0,5.0,0.43,2.19,1.813
2,0,0,-2,0,0,1,-2,0,-6,2,0,0,-2,-1,-2,-1,1,0,5.0,0.43,2.19,1.813
2,0,0,-2,0,0,1,-2,0,-6,2,0,0,-2,-1,-2,-1,1,0,5.0,0.43,2.19,1.813
2,0,0,-2,0,0,1,-2,0,-6,2,0,0,-2,-1,-2,0,1,0,5.0,0.43,2.19,1.813
2,0,0,-3,0,0,1,-2,0,-7,2,0,0,-2,-1,-2,0,2,0,5.0,0.43,2.19,1.813
2,0,0,-3,0,0,1,-2,0,-7,2,0,0,-2,-1,-3,0,2,0,5.0,0.44,2.24,1.857
2,0,0,-3,0,0,1,-2,0,-6,1,0,0,-2,-1,-3,0,2,0,5.0,0.44,2.24,1.857
2,0,0,-3,0,0,1,-2,0,-6,1,0,0,-2,-1,-3,0,2,0,5.0,0.44,2.24,1.857
2,0,0,-3,0,0,1,-2,0,-6,1,0,0,-2,-1,-3,0,2,0,5.0,0.44,2.24,1.857
2,0,0,-4,0,0,1,-2,0,-8,3,0,0,-2,-1,-2,0,2,0,5.0,0.43,2.19,1.819
2,0,0,-4,0,0,1,-2,0,-8,3,0,0,-2,-1,-2,-1,1,0,5.0,0.44,2.2,1.824
2,0,0,-4,0,0,1,-2,0,-8,3,0,0,-2,-1,-2,-1,1,0,5.0,0.44,2.2,1.824
2,0,0,-3,0,0,1,-2,0,-7,3,-1,0,-2,-1,-2,-1,1,0,5.0,0.44,2.2,1.824
2,0,0,-3,0,0,1,-2,0,-7,3,0,0,-2,-1,-2,-1,1,0,5.0,0.44,2.2,1.824
2,0,0,-2,0,0,1,-2,0,-6,2,0,0,-2,-1,-1,-1,0,0,5.0,0.44,2.2,1.824
2,0,0,-3,0,0,1,-2,0,-6,2,0,0,-2,-1,-1,-2,1,0,5.0,0.44,2.2,1.824
2,0,0,-3,0,0,1,-2,0,-6,2,0,0,-2,-1,-1,-1,1,0,5.0,0.44,2.2,1.824
2,0,0,-3,0,0,1,-2,0,-6,2,0,0,-2,-1,-1,-1,1,0,5.0,0.44,2.2,1.824
2,0,0,-3,0,0,1,-2,0,-6,2,0,0,-2,-1,0,-1,2,0,5.0,0.44,2.2,1.824
2,0,0,-3,0,0,1,-2,0,-6,1,0,0,-2,-1,-1,-1,2,0,5.0,0.44,2.2,1.824
2,0,0,-4,0,0,1,-2,0,-6,1,0,0,-2,-1,-1,0,2,0,5.0,0.44,2.2,1.824
2,0,0,-4,0,0,1,-2,0,-6,1,0,0,-2,-1,-2,0,2,0,4.99,0.43,2.19,1.817
2,0,0,-4,0,0,1,-2,0,-6,1,0,0,-2,-1,-3,0,1,0,4.99,0.43,2.19,1.817
2,0,0,-4,0,0,1,-2,0,-6,1,0,0,-2,-1,-3,0,1,0,4.99,0.43,2.19,1.817
2,0,0,-3,0,0,1,-2,0,-6,1,0,0,-2,-1,-3,0,1,0,4.99,0.43,2.19,1.817
2,0,0,-3,0,0,1,-2,0,-7,1,0,0,-2,-1,-3,0,1,0,4.99,0.43,2.19,1.817
2,0,0,-3,0,0,1,-2,0,-7,1,0,0,-2,-1,-3,0,1,0,4.99,0.43,2.19,1.817
2,0,0,-3,0,0,1,-2,0,-7,1,0,0,-2,-1,-2,0,1,0,4.99,0.43,2.19,1.817
2,0,0,-3,0,0,1,-2,0,-7,1,-1,0,-2,-1,-2,-1,1,0,4.99,0.43,2.19,1.817
2,0,0,-3,0,0,1,-2,0,-7,1,0,0,-2,-1,-2,-1,1,0,4.99,0.43,2.19,1.817
2,0,0,-3,0,0,1,-2,0,-7,2,0,0,-2,-1,-1,-1,1,0,4.99,0.43,2.19,1.817
2,0,0,-3,0,0,1,-2,0,-7,1,0,0,-2,-1,-1,-2,0,0,4.99,0.43,2.19,1.817
2,0,0,-3,0,0,1,-2,0,-7,1,0,0,-2,-1,-1,-3,0,0,4.99,0.43,2.19,1.815
2,0,0,-3,0,0,1,-2,0,-7,1,0,0,-2,-1,-1,-3,0,0,4.99,0.43,2.19,1.815
2,0,0,-3,0,0,1,-2,0,-7,1,0,0,-2,-1,-1,-4,0,0,4.99,0.43,2.19,1.815
2,0,0,-3,0,0,1,-2,0,-7,1,0,0,-2,-1,-1,-4,0,0,4.99,0.43,2.19,1.815
2,0,0,-4,0,0,1,-2,0,-7,1,0,0,-2,-1,-1,-4,0,0,4.99,0.43,2.19,1.815
2,0,0,-3,0,0,1,-2,0,-6,0,0,0,-2,-1,-1,-4,0,0,4.99,0.43,2.19,1.815
2,0,0,-4,0,0,1,-2,0,-6,0,0,0,-2,-1,-1,-4,0,0,4.99,0.43,2.19,1.815
2,0,0,-4,0,0,1,-2,0,-5,0,0,0,-2,-1,-1,-3,0,0,4.99,0.43,2.19,1.815
2,0,0,-4,0,0,1,-2,0,-4,0,0,0,-2,-1,-1,-2,1,0,4.99,0.43,2.19,1.815
2,0,0,-4,0,0,1,-2,0,-5,0,0,0,-2,-1,-1,-1,1,0,4.99,0.43,2.19,1.815
2,0,0,-4,0,0,1,-2,0,-5,0,0,0,-2,-1,-1,0,1,0,4.99,0.43,2.19,1.815
2,0,0,-5,0,0,1,-2,0,-4,0,0,0,-2,-1,-1,0,2,0,5.0,0.46,2.31,1.914
2,0,0,-4,0,0,1,-2,0,-4,0,0,0,-2,-1,-1,0,2,0,5.0,0.46,2.31,1.914
2,0,0,-4,0,0,1,-2,0,-4,0,0,0,-2,-1,-1,0,2,0,5.0,0.46,2.31,1.914
2,0,0,-4,0,0,1,-2,0,-4,0,0,0,-2,-1,-1,0,2,0,5.0,0.46,2.31,1.914
2,0,0,-3,-1,0,1,-2,0,-4,0,0,0,-2,-1,-2,0,2,0,5.0,0.46,2.31,1.914
2,0,0,-4,-1,0,1,-2,0,-4,0,0,0,-2,-1,-2,0,2,0,5.0,0.46,2.31,1.914
2,0,0,-4,0,0,1,-2,0,-4,0,0,0,-2,-1,-2,1,3,0,5.0,0.46,2.31,1.914
2,0,0,-3,0,0,1,-2,0,-4,0,0,0,-2,-1,-2,1,3,0,5.0,0.46,2.31,1.914
2,0,0,-4,0,0,1,-2,0,-4,0,0,0,-2,-1,-2,1,3,0,5.0,0.46,2.31,1.914
2,0,0,-4,0,0,1,-2,0,-5,0,0,0,-2,-1,-2,1,3,0,5.0,0.46,2.31,1.914
2,0,0,-3,-1,0,1,-2,0,-5,0,0,0,-2,-1,-2,0,3,0,5.0,0.46,2.31,1.914
2,0,0,-3,-1,0,1,-2,0,-5,0,0,0,-2,-1,-2,0,3,0,5.0,0.45,2.25,1.869
2,0,0,-3,-1,0,1,-2,0,-5,0,0,0,-2,-1,-1,0,2,0,5.0,0.45,2.25,1.869
2,0,0,-3,0,0,1,-2,0,-6,0,0,0,-2,-1,-1,0,2,0,5.0,0.45,2.25,1.869
2,0,0,-3,0,0,1,-2,0,-6,0,0,0,-2,-1,-1,0,2,0,5.0,0.45,2.25,1.869
2,0,0,-3,0,0,1,-2,0,-6,0,0,0,-2,-1,-2,-1,2,0,5.0,0.45,2.25,1.869
2,0,0,-3,-1,0,1,-2,0,-6,1,0,0,-2,-1,-2,0,3,0,5.0,0.45,2.25,1.869
2,0,0,-3,0,0,1,-2,0,-6,1,0,0,-2,-1,-2,0,2,0,5.0,0.45,2.25,1.869
2,0,0,-3,0,0,1,-2,0,-6,2,0,0,-2,-1,-2,0,3,0,5.0,0.45,2.25,1.869
2,0,0,-3,0,0,1,-2,0,-7,3,0,0,-2,-1,-2,0,3,0,5.0,0.45,2.25,1.869
2,0,0,-4,0,0,1,-2,0,-8,4,0,0,-2,-1,-3,-1,1,0,5.0,0.43,2.19,1.819
2,0,0,-4,0,0,1,-2,0,-8,4,0,0,-2,-1,-3,0,1,0,5.0,0.43,2.19,1.819
2,0,0,-3,0,0,1,-2,0,-8,4,0,0,-2,-1,-3,0,1,0,5.0,0.43,2.19,1.819
2,0,0,-3,0,0,1,-2,0,-7,4,0,0,-2,-1,-2,0,1,0,5.0,0.43,2.19,1.819
2,0,0,-3,0,0,1,-2,0,-7,4,0,0,-2,-1,-2,0,2,0,5.0,0.43,2.19,1.819
2,0,0,-3,0,0,1,-2,0,-7,4,0,0,-2,-1,-2,-1,1,0,5.0,0.43,2.19,1.819
2,0,0,-3,0,0,1,-2,0,-7,4,0,0,-2,-1,-2,-1,1,0,5.0,0.43,2.19,1.819
2,0,0,-3,0,0,1,-2,0,-7,4,0,0,-2,-1,-2,-2,1,0,5.0,0.43,2.19,1.818
2,0,0,-3,0,0,1,-2,0,-7,4,0,0,-2,-1,-2,-2,1,0,5.0,0.43,2.19,1.818
2,0,0,-3,0,0,1,-2,0,-7,4,0,0,-2,-1,-2,-2,1,0,5.0,0.43,2.19,1.818
2,0,0,-3,0,0,1,-2,0,-7,3,0,0,-2,-1,-2,-2,1,0,5.0,0.43,2.19,1.818
2,0,0,-3,0,0,1,-2,0,-7,3,0,0,-2,-1,-2,-1,1,0,5.0,0.43,2.19,1.818
2,0,0,-3,0,0,1,-2,0,-7,2,0,0,-2,-1,-2,-1,1,0,5.0,0.43,2.19,1.818
2,0,0,-3,0,0,1,-2,0,-7,2,0,0,-2,-1,-2,-1,1,0,5.0,0.43,2.19,1.818
2,0,0,-3,0,0,1,-2,0,-7,2,0,0,-2,-1,-2,-1,1,0,5.0,0.43,2.19,1.818
2,0,0,-3,0,0,1,-2,0,-6,1,0,0,-2,-1,-3,-1,1,0,5.0,0.43,2.19,1.818
2,0,0,-3,0,0,1,-2,0,-6,1,0,0,-2,-1,-3,-1,1,0,5.0,0.43,2.19,1.818
2,0,0,-3,0,0,1,-2,0,-6,0,0,0,-2,-1,-3,-2,1,0,5.0,0.43,2.19,1.818
2,0,0,-3,0,0,1,-2,0,-6,0,0,0,-2,-1,-3,-2,0,0,5.0,0.44,2.2,1.825
2,0,0,-3,0,0,1,-2,0,-6,0,0,0,-2,-1,-3,-2,0,0,5.0,0.44,2.2,1.825
2,0,0,-3,0,0,1,-2,0,-6,0,0,0,-2,-1,-2,-2,1,0,5.0,0.44,2.2,1.825
2,0,0,-3,0,0,1,-2,0,-7,0,0,0,-2,-1,-2,-2,1,0,5.0,0.44,2.2,1.825
2,0,0,-3,0,0,1,-2,0,-7,0,0,0,-2,-1,-2,-2,1,0,5.0,0.44,2.2,1.825
2,0,0,-3,0,0,1,-2,0,-7,1,0,0,-2,-1,-2,-2,1,0,5.0,0.44,2.2,1.825
2,0,0,-3,0,0,1,-2,0,-6,0,0,0,-2,-1,-2,-3,1,0,5.0,0.44,2.2,1.825
2,0,0,-4,0,0,1,-2,0,-6,0,0,0,-2,-1,-3,-3,1,0,5.0,0.44,2.2,1.825
2,0,0,-4,0,0,1,-2,0,-6,0,0,0,-2,-1,-3,-3,1,0,5.0,0.44,2.2,1.825
2,0,0,-4,0,0,1,-2,0,-6,0,0,0,-2,-1,-3,-4,1,0,5.0,0.44,2.2,1.825
2,0,0,-4,0,0,1,-2,0,-7,1,0,0,-2,-1,-2,-4,1,0,5.0,0.44,2.2,1.825
2,0,0,-4,0,0,1,-2,0,-7,1,0,0,-2,-1,-2,-3,1,0,5.0,0.45,2.26,1.873
2,0,0,-3,0,0,1,-2,0,-8,2,0,0,-2,-1,-3,-3,1,0,5.0,0.45,2.26,1.873
2,0,0,-3,0,0,1,-2,0,-8,2,0,0,-2,-1,-3,-3,0,0,5.0,0.45,2.26,1.873
2,0,0,-2,0,0,1,-2,0,-7,3,0,0,-2,0,-3,-2,0,0,5.0,0.45,2.26,1.873
2,0,0,-2,0,0,1,-2,0,-7,3,0,0,-2,-1,-3,-2,0,0,5.0,0.45,2.26,1.873
2,0,0,-2,0,0,1,-2,0,-6,4,0,0,-2,-1,-2,-2,0,0,5.0,0.45,2.26,1.873
2,0,0,-2,0,0,1,-2,0,-6,4,0,0,-2,-1,-2,-2,0,0,5.0,0.45,2.26,1.873
2,0,0,-2,0,0,1,-2,0,-6,4,0,0,-2,0,-1,-2,1,0,5.0,0.45,2.26,1.873
2,0,0,-2,-1,0,1,-2,0,-6,4,0,0,-2,-1,0,-2,1,0,5.0,0.45,2.26,1.873
2,0,0,-2,0,0,1,-2,0,-6,4,-1,0,-2,-1,0,-2,1,0,5.0,0.45,2.26,1.873
2,0,0,-2,0,0,1,-2,0,-6,4,-1,0,-2,-1,-1,-2,2,0,5.0,0.45,2.26,1.873
2,0,0,-2,0,0,1,-2,0,-7,3,-1,0,-2,-1,-1,-2,2,0,4.99,0.44,2.21,1.836
2,0,0,-3,-1,0,1,-2,0,-6,3,-1,0,-2,-1,-1,-2,1,0,4.99,0.44,2.21,1.836
2,0,0,-2,-1,0,1,-2,0,-6,2,0,0,-2,-1,-2,-2,1,0,4.99,0.44,2.21,1.836
2,0,0,-2,-1,0,1,-2,0,-5,1,0,0,-2,-1,-3,-2,1,0,4.99,0.44,2.21,1.836
2,0,0,-2,-1,0,1,-2,0,-5,1,0,0,-2,-1,-3,-1,1,0,4.99,0.44,2.21,1.836
2,0,0,-2,-1,0,1,-2,0,-5,1,0,0,-2,-1,-3,-1,1,0,4.99,0.44,2.21,1.836
2,0,0,-3,-1,0,1,-2,0,-5,1,0,0,-2,-1,-3,-1,1,0,4.99,0.44,2.21,1.836
2,0,0,-2,-1,0,1,-2,0,-5,1,0,0,-2,-1,-3,-1,2,0,4.99,0.44,2.21,1.836
2,0,0,-3,-1,0,1,-2,0,-5,0,-1,0,-2,-1,-2,0,2,0,4.99,0.44,2.21,1.836
2,0,0,-3,-1,0,1,-2,0,-6,0,-1,0,-2,-1,-2,0,2,0,4.99,0.44,2.21,1.836
2,0,0,-3,-1,0,1,-2,0,-6,0,-1,0,-2,-1,-2,0,2,0,4.99,0.44,2.21,1.836
2,0,0,-2,-1,0,1,-2,0,-6,0,-1,0,-2,-1,-2,0,3,0,5.0,0.44,2.21,1.837
2,0,0,-3,-1,0,1,-2,0,-5,0,-1,0,-2,-1,-2,0,3,0,5.0,0.44,2.21,1.837
2,0,0,-2,-1,0,1,-2,0,-5,0,0,0,-2,-1,-3,0,3,0,5.0,0.44,2.21,1.837
2,0,0,-4,0,0,1,-2,0,-6,1,0,0,-2,-1,-2,0,3,0,5.0,0.45,2.25,1.87
2,0,0,-4,0,0,1,-2,0,-6,0,0,0,-2,-1,-3,0,3,0,5.0,0.45,2.25,1.87
2,0,0,-4,0,0,1,-2,0,-6,0,0,0,-2,-1,-3,0,3,0,5.0,0.44,2.21,1.833
2,0,0,-3,0,0,1,-2,0,-6,0,0,0,-2,-1,-3,0,2,0,5.0,0.44,2.21,1.833
2,0,0,-3,0,0,1,-2,0,-6,0,0,0,-2,-1,-3,0,2,0,5.0,0.44,2.21,1.833
2,0,0,-3,0,0,1,-2,0,-6,1,0,0,-2,-1,-3,0,2,0,5.0,0.44,2.21,1.833
2,0,0,-3,-1,0,1,-2,0,-5,1,0,0,-2,-1,-3,0,2,0,5.0,0.44,2.21,1.833
2,0,0,-3,-1,0,1,-2,0,-5,1,0,0,-2,-1,-3,1,3,0,5.0,0.44,2.21,1.833
2,0,0,-3,-1,0,1,-2,0,-5,1,-1,0,-2,-1,-3,1,3,0,5.0,0.44,2.21,1.833
2,0,0,-3,-1,0,1,-2,0,-5,1,-1,0,-2,-1,-3,1,3,0,5.0,0.44,2.21,1.833
2,0,0,-3,0,0,1,-2,0,-5,1,-1,0,-2,-1,-2,1,3,0,5.0,0.44,2.21,1.833
2,0,0,-3,0,0,1,-2,0,-5,1,-1,0,-2,-1,-3,1,3,0,5.0,0.44,2.21,1.833
2,0,0,-3,0,0,1,-2,0,-5,2,-1,0,-2,-1,-3,2,2,0,5.0,0.44,2.21,1.833
2,0,0,-3,0,0,1,-2,0,-3,3,-1,0,-2,-1,-3,2,2,0,5.0,0.44,2.21,1.833
2,0,0,-2,0,0,1,-2,0,-2,4,0,0,-2,-1,-4,3,1,0,5.0,0.44,2.21,1.833
2,0,0,-2,0,0,1,-2,0,-1,4,0,0,-2,-1,-4,3,1,0,5.0,0.44,2.21,1.833
2,0,0,-1,0,0,1,-2,0,0,3,0,0,-2,-1,-5,3,1,0,5.0,0.44,2.21,1.833
2,0,0,-2,0,0,1,-2,0,-1,2,0,0,-2,-1,-5,3,1,0,5.0,0.44,2.21,1.833
2,0,0,-1,0,0,1,-2,0,-2,1,0,0,-2,-1,-5,2,1,0,5.0,0.44,2.21,1.833
2,0,0,-2,0,0,1,-2,0,-3,1,0,0,-2,-1,-4,2,1,0,5.0,0.44,2.21,1.833
2,0,0,-2,0,0,1,-2,0,-5,0,0,0,-2,-1,-3,1,1,0,5.0,0.44,2.21,1.833
2,0,0,-2,0,0,1,-2,0,-6,0,0,0,-2,-1,-3,0,1,0,5.0,0.44,2.21,1.833
2,0,0,-2,0,0,1,-2,0,-7,0,0,0,-2,-1,-2,0,2,0,5.0,0.44,2.21,1.833
2,0,0,-2,0,0,1,-2,0,-8,0,0,0,-2,-1,-2,0,2,0,5.0,0.44,2.21,1.833
2,0,0,-1,-1,0,1,-2,0,-9,0,0,0,-2,-1,-2,0,2,0,5.0,0.44,2.24,1.861
2,0,0,-1,-1,0,1,-2,0,-9,0,-1,0,-2,-1,-1,0,2,0,5.0,0.44,2.24,1.861
2,0,0,-1,0,0,1,-2,0,-9,0,-1,0,-2,-1,-2,0,2,0,5.0,0.44,2.24,1.861
2,0,0,-1,0,0,1,-2,0,-8,0,-1,0,-2,-1,-2,0,2,0,5.0,0.44,2.24,1.861
2,0,0,-2,0,0,1,-2,0,-7,0,-1,0,-2,-1,-2,0,2,0,5.0,0.44,2.24,1.861
2,0,0,-2,0,0,1,-2,0,-7,0,-1,0,-2,-1,-2,0,2,0,5.0,0.44,2.24,1.861
2,0,0,-2,0,0,1,-2,0,-6,1,-1,0,-2,-1,-2,0,2,0,5.0,0.44,2.24,1.861
2,0,0,-2,0,0,1,-2,0,-5,1,-1,0,-2,-1,-1,0,2,0,5.0,0.44,2.24,1.861
2,0,0,-2,0,0,1,-2,0,-4,1,0,0,-2,-1,-1,-1,2,0,5.0,0.44,2.24,1.861
2,0,0,-2,0,0,1,-2,0,-4,1,0,0,-2,-1,-1,-2,1,0,5.0,0.44,2.24,1.861
2,0,0,-2,0,0,1,-2,0,-4,0,0,0,-2,-1,-2,-2,1,0,5.0,0.44,2.24,1.861
2,0,0,-2,0,0,1,-2,0,-5,0,0,0,-2,-1,-2,-2,1,0,4.99,0.43,2.18,1.814
2,0,0,-2,0,0,1,-2,0,-5,0,0,0,-2,-1,-2,-3,1,0,4.99,0.43,2.18,1.814
2,0,0,-2,0,0,1,-2,0,-6,-1,0,0,-2,-1,-2,-2,2,0,4.99,0.43,2.18,1.814
2,0,0,-2,0,0,1,-2,0,-6,-1,0,0,-2,-1,-2,-3,2,0,4.99,0.43,2.18,1.814
2,0,0,-3,0,0,1,-2,0,-6,-1,0,0,-2,-1,-2,-3,2,0,4.99,0.43,2.18,1.814
2,0,0,-3,0,0,1,-2,0,-6,-1,0,0,-2,-1,-2,-3,2,0,4.99,0.43,2.18,1.814
2,0,0,-3,0,0,1,-2,0,-6,-1,0,0,-2,-1,-1,-3,1,0,4.99,0.43,2.18,1.814
2,0,0,-3,0,0,1,-2,0,-5,-1,0,0,-2,-1,-1,-3,1,0,4.99,0.43,2.18,1.814
2,0,0,-3,0,0,1,-2,0,-5,0,0,0,-2,-1,-1,-3,1,0,4.99,0.43,2.18,1.814
2,0,0,-3,0,0,1,-2,0,-5,0,0,0,-2,-1,-1,-3,1,0,4.99,0.43,2.18,1.814
2,0,0,-3,0,0,1,-2,0,-5,0,-1,0,-2,-1,-1,-3,1,0,4.99,0.43,2.18,1.814
2,0,0,-3,0,0,1,-2,0,-5,0,-1,0,-2,-1,-2,-2,1,0,4.99,0.44,2.21,1.833
2,0,0,-3,0,0,1,-2,0,-5,0,-1,0,-2,-1,-2,-1,1,0,4.99,0.44,2.21,1.833
2,0,0,-3,0,0,1,-2,0,-5,0,-1,0,-2,-1,-2,0,1,0,4.99,0.44,2.21,1.833
2,0,0,-4,0,0,1,-2,0,-5,0,-1,0,-2,-1,-3,0,0,0,4.99,0.44,2.21,1.833
2,0,0,-4,0,0,1,-2,0,-5,0,-1,0,-2,-1,-3,1,0,0,4.99,0.44,2.21,1.833
2,0,0,-4,0,0,1,-2,0,-6,0,-1,0,-2,-1,-3,1,1,0,4.99,0.44,2.21,1.833
2,0,0,-4,0,0,1,-2,0,-6,0,-1,0,-2,-1,-4,2,1,0,4.99,0.44,2.21,1.833
2,0,0,-4,0,0,1,-2,0,-7,0,-1,0,-2,-1,-3,2,1,0,4.99,0.44,2.21,1.833
2,0,0,-3,0,0,1,-2,0,-6,1,0,0,-2,-1,-2,-1,3,0,5.0,0.44,2.22,1.842
2,0,0,-3,0,0,1,-2,0,-6,1,0,0,-2,-1,-2,-1,2,0,5.0,0.44,2.22,1.842
2,0,0,-3,0,0,1,-2,0,-6,1,0,0,-2,-1,-2,-1,2,0,5.0,0.44,2.22,1.842
2,0,0,-3,0,0,1,-2,0,-6,0,0,0,-2,-1,-2,-2,2,0,5.0,0.44,2.22,1.842
2,0,0,-3,0,0,1,-2,0,-6,0,0,0,-2,-1,-2,-2,2,0,5.0,0.44,2.22,1.842
2,0,0,-3,0,0,1,-2,0,-5,1,0,0,-2,-1,-3,-2,1,0,5.0,0.44,2.22,1.842
2,0,0,-2,0,0,1,-2,0,-5,1,0,0,-2,-1,-3,-2,1,0,5.0,0.44,2.22,1.842
2,0,0,-2,0,0,1,-2,0,-5,1,0,0,-2,-1,-2,-2,1,0,5.0,0.44,2.22,1.842
2,0,0,-2,0,0,1,-2,0,-6,1,0,0,-2,-1,-2,-2,1,0,4.99,0.43,2.19,1.819
2,0,0,-2,0,0,1,-2,0,-6,1,0,0,-2,-1,-2,-2,1,0,4.99,0.43,2.19,1.819
2,0,0,-3,0,0,1,-2,0,-6,1,0,0,-2,-1,-3,-1,1,0,4.99,0.43,2.19,1.819
2,0,0,-2,0,0,1,-2,0,-6,1,0,0,-2,-1,-3,0,1,0,4.99,0.43,2.19,1.819
2,0,0,-2,0,0,1,-2,0,-6,1,0,0,-2,-1,-3,0,1,0,4.99,0.43,2.19,1.819
2,0,0,-2,0,0,1,-2,0,-6,1,0,0,-2,-1,-3,0,1,0,4.99,0.43,2.19,1.819
2,0,0,-2,0,0,1,-2,0,-6,1,0,0,-2,-1,-3,0,1,0,4.99,0.43,2.19,1.819
2,0,0,-3,0,0,1,-2,0,-6,0,0,0,-2,-1,-3,0,1,0,4.99,0.43,2.19,1.819
2,0,0,-2,0,0,1,-2,0,-7,0,0,0,-2,-1,-3,0,1,0,4.99,0.43,2.19,1.819
2,0,0,-2,0,0,1,-2,0,-6,0,0,0,-2,-1,-3,1,1,0,4.99,0.43,2.19,1.819
2,0,0,-2,0,0,1,-2,0,-6,0,0,0,-2,-1,-3,3,1,0,4.99,0.43,2.19,1.819
2,0,0,-2,0,0,1,-2,0,-6,0,0,0,-2,-1,-4,5,0,0,5.0,0.44,2.2,1.829
2,0,0,-2,0,0,1,-2,0,-5,0,0,0,-2,-1,-5,6,-1,0,5.0,0.44,2.2,1.829
2,0,0,-1,0,0,1,-2,0,-5,0,0,0,-2,-1,-6,7,-2,0,5.0,0.44,2.2,1.829
2,0,0,-1,0,0,1,-2,0,-5,0,0,0,-2,-1,-6,6,-3,0,5.0,0.44,2.2,1.829
2,0,0,-1,0,0,1,-2,0,-5,0,0,0,-2,-1,-6,6,-3,0,5.0,0.44,2.2,1.829
2,0,0,-2,0,0,1,-2,0,-5,0,0,0,-2,-1,-6,5,-1,0,5.0,0.44,2.2,1.829
2,0,0,-2,0,0,1,-2,0,-6,0,0,0,-2,-1,-6,5,0,0,5.0,0.44,2.2,1.829
2,0,0,-2,0,0,1,-2,0,-6,0,0,0,-2,-1,-4,3,0,0,5.0,0.44,2.2,1.829
2,0,0,-2,0,0,1,-2,0,-6,0,0,0,-2,-1,-4,2,1,0,5.0,0.44,2.2,1.829
2,0,0,-2,0,0,1,-2,0,-6,0,0,0,-2,-1,-3,0,1,0,5.0,0.44,2.2,1.829
2,0,0,-3,0,0,1,-2,0,-6,0,0,0,-2,-1,-2,0,1,0,5.0,0.44,2.2,1.829
2,0,0,-3,0,0,1,-2,0,-6,0,0,0,-2,-1,-2,0,2,0,4.99,0.44,2.2,1.827
2,0,0,-3,0,0,1,-2,0,-6,0,0,0,-2,-1,-2,-1,2,0,4.99,0.44,2.2,1.827
2,0,0,-3,0,0,1,-2,0,-6,0,0,0,-2,-1,-1,-1,3,0,4.99,0.44,2.2,1.827
2,0,0,-3,0,0,1,-2,0,-6,0,0,0,-2,-1,-2,-2,3,0,4.99,0.44,2.2,1.827
2,0,0,-3,0,0,1,-2,0,-6,1,0,0,-2,-1,-2,-2,3,0,4.99,0.44,2.2,1.827
2,0,0,-3,0,0,1,-2,0,-6,1,-1,0,-2,-1,-1,-3,3,0,4.99,0.44,2.2,1.827
2,0,0,-3,0,0,1,-2,0,-6,1,0,0,-2,-1,-2,-2,3,0,4.99,0.44,2.2,1.827
2,0,0,-3,0,0,1,-2,0,-6,1,-1,0,-2,-1,-1,-1,2,0,4.99,0.44,2.2,1.827
2,0,0,-3,0,0,1,-2,0,-6,1,-1,0,-2,-1,-2,-1,2,0,4.99,0.44,2.2,1.827
2,0,0,-3,0,0,1,-2,0,-6,0,0,0,-2,-1,-2,-1,2,0,4.99,0.44,2.2,1.827
2,0,0,-3,0,0,1,-2,0,-6,0,0,0,-2,-1,-2,0,1,0,4.99,0.44,2.2,1.827
2,0,0,-3,0,0,1,-2,0,-6,0,0,0,-2,-1,-2,-1,1,0,5.0,0.43,2.19,1.821
2,0,0,-3,0,0,1,-2,0,-6,0,0,0,-2,-1,-2,-1,1,0,5.0,0.43,2.19,1.821
2,0,0,-3,0,0,1,-2,0,-6,0,0,0,-2,-1,-2,-1,1,0,5.0,0.43,2.19,1.821
2,0,0,-3,0,0,1,-2,0,-6,0,0,0,-2,-1,-2,-1,1,0,5.0,0.43,2.19,1.821
2,0,0,-3,0,0,1,-2,0,-6,0,0,0,-2,-1,-2,-1,2,0,5.0,0.43,2.19,1.821
2,0,0,-3,0,0,1,-2,0,-6,0,0,0,-2,-1,-2,0,2,0,5.0,0.43,2.19,1.821
2,0,0,-3,0,0,1,-2,0,-6,0,0,0,-2,-1,-2,0,2,0,5.0,0.43,2.19,1.821
2,0,0,-3,0,0,1,-2,0,-6,0,0,0,-2,-1,-2,0,2,0,5.0,0.43,2.19,1.821
2,0,0,-3,0,0,1,-2,0,-6,0,0,0,-2,-1,-2,0,2,0,5.0,0.43,2.19,1.821
2,0,0,-3,0,0,1,-2,0,-6,0,0,0,-2,-1,-2,0,2,0,5.0,0.43,2.19,1.821
2,0,0,-4,0,0,1,-2,0,-6,1,0,0,-2,-1,-2,0,2,0,5.0,0.43,2.19,1.821
2,0,0,-4,0,0,1,-2,0,-6,1,0,0,-2,-1,-2,0,2,0,5.0,0.44,2.21,1.835
2,0,0,-4,0,0,1,-2,0,-6,1,0,0,-2,-1,-2,0,2,0,5.0,0.44,2.21,1.835
2,0,0,-3,0,0,1,-2,0,-7,4,-1,0,-2,-1,-1,-4,3,0,5.0,0.44,2.21,1.833
2,0,0,-3,0,0,1,-2,0,-7,4,-1,0,-2,-1,-2,-3,2,0,5.0,0.44,2.21,1.833
2,0,0,-3,0,0,1,-2,0,-7,3,-1,0,-2,-1,-2,-3,1,0,5.0,0.44,2.21,1.833
2,0,0,-3,0,0,1,-2,0,-7,3,-1,0,-2,-1,-2,-3,1,0,4.99,0.44,2.22,1.844
2,0,0,-3,0,0,1,-2,0,-6,2,0,0,-2,-1,-3,-3,1,0,4.99,0.44,2.22,1.844
2,0,0,-3,0,0,1,-2,0,-6,1,0,0,-2,-1,-3,-3,1,0,4.99,0.44,2.22,1.844
2,0,0,-3,0,0,1,-2,0,-6,1,0,0,-2,-1,-2,-3,0,0,4.99,0.44,2.22,1.844
2,0,0,-3,0,0,1,-2,0,-6,1,0,0,-2,-1,-2,-3,1,0,4.99,0.44,2.22,1.844
2,0,0,-3,0,0,1,-2,0,-6,0,0,0,-2,-1,-2,-2,0,0,4.99,0.44,2.22,1.844
2,0,0,-2,0,0,1,-2,0,-6,0,0,0,-2,-1,-2,-2,0,0,4.99,0.44,2.22,1.844
2,0,0,-3,0,0,1,-2,0,-6,0,0,0,-2,-1,-2,-2,1,0,4.99,0.44,2.22,1.844
2,0,0,-3,0,0,1,-2,0,-6,0,0,0,-2,-1,-2,-2,1,0,4.99,0.44,2.22,1.844
2,0,0,-3,0,0,1,-2,0,-6,0,0,0,-2,-1,-2,-1,1,0,4.99,0.44,2.22,1.844
2,0,0,-3,0,0,1,-2,0,-6,0,0,0,-2,-1,-2,-1,1,0,4.99,0.44,2.22,1.844
2,0,0,-3,0,0,1,-2,0,-6,0,0,0,-2,-1,-2,-1,1,0,5.0,0.44,2.21,1.837
2,0,0,-3,0,0,1,-2,0,-6,0,0,0,-2,-1,-2,-1,1,0,5.0,0.44,2.21,1.837
2,0,0,-3,0,0,1,-2,0,-6,0,0,0,-2,-1,-2,-1,1,0,5.0,0.44,2.21,1.837
2,0,0,-3,0,0,1,-2,0,-6,0,0,0,-2,-1,-2,-1,1,0,5.0,0.44,2.21,1.837
2,0,0,-3,0,0,1,-2,0,-6,0,0,0,-2,-1,-2,-1,1,0,5.0,0.44,2.21,1.837
2,0,0,-2,0,0,1,-2,0,-6,0,0,0,-2,-1,-1,-1,1,0,5.0,0.44,2.21,1.837
2,0,0,-3,0,0,1,-2,0,-6,0,0,0,-2,-1,-1,-1,1,0,5.0,0.44,2.21,1.837
2,0,0,-3,0,0,1,-2,0,-6,0,0,0,-2,-1,-2,-2,1,0,5.0,0.44,2.21,1.837
2,0,0,-3,0,0,1,-2,0,-6,0,0,0,-2,-1,-1,-2,1,0,5.0,0.44,2.21,1.837
2,0,0,-3,0,0,1,-2,0,-6,0,0,0,-2,-1,-1,-2,2,0,5.0,0.44,2.21,1.837
2,0,0,-3,0,0,1,-2,0,-6,0,0,0,-2,-1,-1,-2,2,0,5.0,0.44,2.21,1.837
2,0,0,-3,0,0,1,-2,0,-6,0,0,0,-2,-1,-1,-2,1,0,5.0,0.43,2.18,1.812
2,0,0,-3,0,0,1,-2,0,-6,0,0,0,-2,-1,-1,-3,2,0,5.0,0.43,2.18,1.812
2,0,0,-3,0,0,1,-2,0,-6,0,0,0,-2,-1,-1,-3,1,0,5.0,0.43,2.18,1.812
2,0,0,-3,0,0,1,-2,0,-6,0,0,0,-2,-1,-1,-3,1,0,5.0,0.43,2.18,1.812
2,0,0,-3,0,0,1,-2,0,-6,1,0,0,-2,-1,-1,-4,1,0,5.0,0.43,2.18,1.812
2,0,0,-3,0,0,1,-2,0,-7,1,0,0,-2,-1,-1,-4,1,0,5.0,0.43,2.18,1.812
2,0,0,-3,0,0,1,-2,0,-7,0,0,0,-2,-1,-1,-4,1,0,5.0,0.43,2.18,1.812
2,0,0,-3,0,0,1,-2,0,-6,1,0,0,-2,-1,-1,-4,1,0,5.0,0.43,2.18,1.812
2,0,0,-3,0,0,1,-2,0,-7,1,0,0,-2,-1,-1,-3,1,0,5.0,0.43,2.18,1.812
2,0,0,-3,0,0,1,-2,0,-7,1,0,0,-2,-1,-1,-3,1,0,5.0,0.43,2.18,1.812
2,0,0,-3,0,0,1,-2,0,-7,1,-1,0,-2,-1,-1,-3,2,0,5.0,0.43,2.18,1.812
2,0,0,-3,0,0,1,-2,0,-7,2,0,0,-2,-1,-1,-3,2,0,5.0,0.44,2.22,1.841
2,0,0,-3,0,0,1,-2,0,-7,2,0,0,-2,-1,-1,-3,2,0,5.0,0.44,2.22,1.841
2,0,0,-3,0,0,1,-2,0,-7,3,0,0,-2,-1,-1,-3,2,0,5.0,0.44,2.22,1.841
2,0,0,-3,0,0,1,-2,0,-7,3,0,0,-2,-1,-2,-3,2,0,5.0,0.44,2.22,1.841
2,0,0,-3,0,0,1,-2,0,-7,3,0,0,-2,-1,-2,-3,2,0,5.0,0.44,2.22,1.841
2,0,0,-3,0,0,1,-2,0,-8,3,0,0,-2,-1,-1,-2,2,0,5.0,0.44,2.22,1.841
2,0,0,-3,0,0,1,-2,0,-8,3,0,0,-2,-1,-1,-2,2,0,5.0,0.44,2.22,1.841
2,0,0,-4,0,0,1,-2,0,-8,4,0,0,-2,-1,-2,-2,3,0,5.0,0.44,2.22,1.841
2,0,0,-4,0,0,1,-2,0,-8,4,0,0,-2,-1,-2,-2,3,0,5.0,0.44,2.22,1.841
2,0,0,-4,0,0,1,-2,0,-8,4,0,0,-2,-1,-2,-1,3,0,5.0,0.44,2.22,1.841
2,0,0,-4,0,0,1,-2,0,-7,4,0,0,-2,-1,-2,0,3,0,5.0,0.44,2.22,1.841
2,0,0,-4,0,0,1,-2,0,-8,4,0,0,-2,-1,-2,0,4,0,5.0,0.44,2.2,1.83
2,0,0,-4,0,0,1,-2,0,-8,4,0,0,-2,-1,-2,1,3,0,5.0,0.44,2.2,1.83
2,0,0,-4,0,0,1,-2,0,-8,4,0,0,-2,-1,-1,2,4,0,5.0,0.44,2.2,1.83
2,0,0,-4,0,0,1,-2,0,-8,4,-1,0,-2,-1,-1,2,4,0,5.0,0.44,2.2,1.83
2,0,0,-4,0,0,1,-2,0,-8,4,-1,0,-2,-1,-1,2,3,0,5.0,0.44,2.2,1.83
2,0,0,-4,0,0,1,-2,0,-8,5,-1,0,-2,-1,-1,1,3,0,5.0,0.44,2.2,1.83
2,0,0,-4,0,0,1,-2,0,-7,4,-1,0,-2,-1,-1,1,3,0,5.0,0.44,2.2,1.83
2,0,0,-3,-1,0,1,-2,0,-7,4,-1,0,-2,-1,0,1,3,0,5.0,0.44,2.2,1.83
2,0,0,-4,0,0,1,-2,0,-7,0,2,0,-2,-1,0,2,2,0,5.0,0.44,2.24,1.861
2,0,0,-4,0,0,1,-2,0,-7,0,2,0,-2,-1,0,2,2,0,5.0,0.44,2.24,1.861
2,0,0,-4,0,0,1,-2,0,-7,0,2,0,-2,-1,0,0,1,0,5.0,0.44,2.24,1.861
2,0,0,-4,0,0,1,-2,0,-6,0,2,0,-2,-1,0,0,0,0,5.0,0.44,2.24,1.861
2,0,0,-4,0,0,1,-2,0,-6,-1,2,0,-2,-1,0,-1,0,0,5.0,0.44,2.24,1.861
2,0,0,-4,0,0,1,-2,0,-4,-3,2,0,-2,-1,0,-2,0,0,5.0,0.44,2.24,1.861
2,0,0,-4,0,0,1,-2,0,-3,-5,2,0,-2,-1,0,-2,0,0,5.0,0.44,2.24,1.861
2,0,0,-4,0,0,1,-2,0,-2,-7,1,0,-2,-1,0,-2,0,0,5.0,0.44,2.24,1.861
2,0,0,-4,0,0,1,-2,0,-1,-9,2,0,-2,-1,-1,-1,0,0,5.0,0.44,2.23,1.854
2,0,0,-4,0,0,1,-2,0,-1,-10,1,0,-2,-1,-1,-1,0,0,5.0,0.44,2.23,1.854
2,0,0,-4,0,0,1,-2,0,-2,-11,1,0,-2,-1,-2,0,1,0,5.0,0.44,2.23,1.854
2,0,0,-4,0,0,1,-2,0,-4,-10,1,0,-2,-1,-2,0,0,0,5.0,0.44,2.23,1.854
2,0,0,-4,0,0,1,-2,0,-4,-10,1,0,-2,-1,-2,0,0,0,5.0,0.44,2.23,1.854
2,0,0,-3,0,0,1,-2,0,-5,-9,0,0,-2,-1,-2,0,0,0,5.0,0.44,2.23,1.854
2,0,0,-3,0,0,1,-2,0,-5,-8,1,0,-2,-1,-1,0,0,0,5.0,0.44,2.23,1.854
2,0,0,-2,0,0,1,-2,0,-5,-8,1,0,-2,-1,0,1,0,0,5.0,0.44,2.23,1.854
2,0,0,-2,0,0,1,-2,0,-4,-8,2,0,-2,-1,0,1,0,0,5.0,0.44,2.23,1.854
2,0,0,-2,0,0,1,-2,0,-4,-7,2,0,-2,-1,0,1,1,0,5.0,0.44,2.23,1.854
2,0,0,-2,0,0,1,-2,0,-4,-7,3,0,-2,0,0,2,1,0,5.0,0.44,2.23,1.854
2,0,0,-2,0,0,1,-2,0,-5,-6,3,0,-2,-1,0,2,1,0,5.0,0.44,2.21,1.834
2,0,0,-2,0,0,1,-2,0,-6,-5,3,0,-2,-1,0,2,1,0,5.0,0.44,2.21,1.834
2,0,0,-3,0,0,1,-2,0,-6,-4,3,0,-2,-1,-1,2,1,0,5.0,0.44,2.21,1.834
2,0,0,-3,0,0,1,-2,0,-7,-3,4,0,-2,-1,-2,3,1,0,5.0,0.44,2.21,1.834
2,0,0,-3,0,0,1,-2,0,-8,-3,4,0,-2,-1,-2,2,1,0,5.0,0.44,2.21,1.834
2,0,0,-3,0,0,1,-2,0,-8,-2,5,0,-2,-1,-1,2,1,0,5.0,0.44,2.21,1.834
2,0,0,-3,0,0,1,-2,0,-8,-2,5,0,-2,-1,-1,1,0,0,5.0,0.44,2.21,1.834
2,0,0,-3,0,0,1,-2,0,-7,-2,5,0,-2,-1,-1,0,0,0,5.0,0.44,2.21,1.834
2,0,0,-3,0,0,1,-2,0,-7,-1,5,0,-2,-1,0,0,0,0,5.0,0.44,2.21,1.834
2,0,0,-3,0,0,1,-2,0,-7,0,4,0,-2,-1,0,-2,0,0,5.0,0.44,2.21,1.834
2,0,0,-3,0,0,1,-2,0,-7,0,4,0,-2,-1,0,-2,-1,0,5.0,0.44,2.21,1.834
2,0,0,-3,0,0,1,-2,0,-7,1,3,0,-2,-1,-1,-2,-1,0,5.0,0.44,2.21,1.841
2,0,0,-3,0,0,1,-2,0,-8,2,2,0,-2,0,-1,-1,-1,0,5.0,0.44,2.21,1.841
2,0,0,-3,0,0,1,-2,0,-8,2,2,0,-2,-1,-2,0,0,0,5.0,0.44,2.21,1.841
2,0,0,-2,0,0,1,-2,0,-8,2,2,0,-2,-1,-2,0,0,0,5.0,0.44,2.21,1.841
2,0,0,-2,0,0,1,-2,0,-7,2,1,0,-2,-1,-2,0,0,0,5.0,0.44,2.21,1.841
2,0,0,-2,0,0,1,-2,0,-7,2,1,0,-2,-1,-3,0,0,0,5.0,0.44,2.21,1.841
2,0,0,-2,0,0,1,-2,0,-7,2,1,0,-2,-1,-3,0,0,0,5.0,0.44,2.21,1.841
2,0,0,-2,0,0,1,-2,0,-6,3,1,0,-2,-1,-2,-1,0,0,5.0,0.44,2.21,1.841
2,0,0,-2,0,0,1,-2,0,-7,3,1,0,-2,-1,-2,-2,0,0,5.0,0.44,2.21,1.841
2,0,0,-2,0,0,1,-2,0,-7,4,1,0,-2,-1,-2,-2,0,0,5.0,0.44,2.21,1.841
2,0,0,-3,0,0,1,-2,0,-7,4,0,0,-2,-1,-2,-3,0,0,5.0,0.44,2.21,1.841
2,0,0,-3,0,0,1,-2,0,-7,5,0,0,-2,-1,-2,-3,0,0,5.0,0.43,2.19,1.821
2,0,0,-3,0,0,1,-2,0,-7,5,0,0,-2,-1,-2,-3,0,0,5.0,0.43,2.19,1.821
2,0,0,-3,0,0,1,-2,0,-7,5,0,0,-2,0,-2,-2,1,0,5.0,0.43,2.19,1.821
2,0,0,-3,0,0,1,-2,0,-7,4,0,0,-2,-1,-2,-2,1,0,5.0,0.43,2.19,1.821
2,0,0,-3,0,0,1,-2,0,-6,4,0,0,-2,-1,-2,-2,1,0,5.0,0.43,2.19,1.821
2,0,0,-2,0,0,1,-2,0,-6,4,-1,0,-2,-1,-2,-2,0,0,5.0,0.43,2.19,1.821
2,0,0,-3,0,0,1,-2,0,-6,4,-1,0,-2,-1,-2,-2,1,0,5.0,0.43,2.19,1.821
2,0,0,-3,0,0,1,-2,0,-6,4,-1,0,-2,-1,-2,-2,1,0,5.0,0.43,2.19,1.821
2,0,0,-3,0,0,1,-2,0,-7,4,-1,0,-2,-1,-2,-2,1,0,5.0,0.43,2.19,1.821
2,0,0,-3,0,0,1,-2,0,-7,4,-1,0,-2,-1,-2,-2,1,0,5.0,0.43,2.19,1.821
2,0,0,-3,0,0,1,-2,0,-7,4,-1,0,-2,-1,-2,-2,2,0,5.0,0.43,2.19,1.821
2,0,0,-3,0,0,1,-2,0,-7,4,-1,0,-2,-1,-3,-2,2,0,5.0,0.43,2.19,1.819
2,0,0,-3,0,0,1,-2,0,-7,5,-2,0,-2,-1,-3,-2,2,0,5.0,0.43,2.19,1.819
2,0,0,-3,0,0,1,-2,0,-6,1,0,0,-2,-1,-3,0,1,0,5.0,0.45,2.27,1.885
2,0,0,-3,0,0,1,-2,0,-6,1,0,0,-2,-1,-4,0,1,0,5.0,0.45,2.27,1.885
2,0,0,-3,0,0,1,-2,0,-6,0,0,0,-2,-1,-4,0,1,0,5.0,0.45,2.27,1.885
2,0,0,-3,0,0,1,-2,0,-6,0,0,0,-2,-1,-4,-1,1,0,5.0,0.44,2.22,1.846
2,0,0,-3,0,0,1,-2,0,-6,0,0,0,-2,-1,-4,-1,1,0,5.0,0.44,2.22,1.846
2,0,0,-3,0,0,1,-2,0,-6,0,-1,0,-2,-1,-4,-2,1,0,5.0,0.44,2.22,1.846
2,0,0,-3,0,0,1,-2,0,-6,0,-1,0,-2,-1,-4,-1,1,0,5.0,0.44,2.22,1.846
2,0,0,-3,0,0,1,-2,0,-6,0,0,0,-2,-1,-3,-1,0,0,5.0,0.44,2.22,1.846
2,0,0,-4,0,0,1,-2,0,-6,0,0,0,-2,0,-3,-2,1,0,5.0,0.44,2.22,1.846
2,0,0,-3,0,0,1,-2,0,-6,0,0,0,-2,-1,-3,-1,1,0,5.0,0.44,2.22,1.846
2,0,0,-3,0,0,1,-2,0,-6,0,0,0,-2,-1,-3,-1,2,0,5.0,0.44,2.22,1.846
2,0,0,-4,0,0,1,-2,0,-6,0,0,0,-2,-1,-2,-1,2,0,5.0,0.44,2.22,1.846
2,0,0,-4,0,0,1,-2,0,-6,1,-1,0,-2,-1,-2,-2,2,0,5.0,0.44,2.22,1.846
2,0,0,-4,0,0,1,-2,0,-6,1,-1,0,-2,0,-2,-2,2,0,5.0,0.44,2.22,1.846
2,0,0,-3,0,0,1,-2,0,-6,1,-1,0,-2,0,-1,-3,1,0,5.0,0.44,2.22,1.846
2,0,0,-3,0,0,1,-2,0,-6,1,0,0,-2,0,-1,-3,1,0,5.0,0.44,2.22,1.846
2,0,0,-3,0,0,1,-2,0,-6,1,-1,0,-2,0,-2,-4,1,0,5.0,0.44,2.22,1.846
2,0,0,-3,0,0,1,-2,0,-6,1,-1,0,-2,0,-3,-4,0,0,5.0,0.44,2.22,1.846
2,0,0,-3,0,0,1,-2,0,-6,1,-1,0,-2,0,-4,-4,0,0,5.0,0.44,2.22,1.846
2,0,0,-3,0,0,1,-2,0,-6,2,-1,0,-2,-1,-4,-4,0,0,5.0,0.44,2.22,1.846
2,0,0,-3,0,0,1,-2,0,-6,2,-1,0,-2,-1,-5,-4,0,0,5.0,0.44,2.22,1.846
2,0,0,-3,0,0,1,-2,0,-6,1,-1,0,-2,-1,-6,-4,0,0,5.0,0.44,2.22,1.846
2,0,0,-3,0,0,1,-2,0,-6,1,-1,0,-2,-1,-5,-4,-1,0,5.0,0.44,2.22,1.846
2,0,0,-3,0,0,1,-2,0,-6,1,-1,0,-2,-1,-5,-4,-1,0,5.0,0.44,2.22,1.846
2,0,0,-3,0,0,1,-2,0,-6,1,-1,0,-2,-1,-5,-5,-1,0,5.0,0.44,2.22,1.846
2,0,0,-3,0,0,1,-2,0,-5,1,0,0,-2,-1,-5,-5,-1,0,5.0,0.44,2.2,1.828
2,0,0,-3,0,0,1,-2,0,-5,1,0,0,-2,-1,-5,-6,0,0,5.0,0.44,2.2,1.828
2,0,0,-4,0,0,1,-2,0,-4,1,0,0,-2,-1,-5,-6,0,0,5.0,0.44,2.2,1.828
2,0,0,-4,0,0,1,-2,0,-5,1,0,0,-2,-1,-4,-5,0,0,5.0,0.44,2.2,1.828
2,0,0,-4,0,0,1,-2,0,-5,1,0,0,-2,-1,-4,-4,0,0,5.0,0.44,2.2,1.828
2,0,0,-4,0,0,1,-2,0,-6,1,0,0,-2,-1,-3,-4,0,0,5.0,0.44,2.2,1.828
2,0,0,-4,0,0,1,-2,0,-7,1,0,0,-2,0,-3,-3,0,0,5.0,0.44,2.2,1.828
2,0,0,-3,0,0,1,-2,0,-7,1,0,0,-2,-1,-3,-3,0,0,5.0,0.44,2.2,1.828
2,0,0,-3,0,0,1,-2,0,-6,1,-1,0,-2,-1,-2,-4,0,0,5.0,0.44,2.2,1.828
2,0,0,-2,0,0,1,-2,0,-6,1,0,0,-2,-1,-2,-4,0,0,5.0,0.44,2.2,1.828
2,0,0,-2,0,0,1,-2,0,-6,1,0,0,-2,-1,-2,-5,0,0,5.0,0.44,2.2,1.828
2,0,0,-2,0,0,1,-2,0,-6,1,0,0,-2,-1,-1,-5,0,0,5.0,0.44,2.2,1.83
2,0,0,-3,0,0,1,-2,0,-6,1,0,0,-2,-1,-1,-5,0,0,5.0,0.44,2.2,1.83
2,0,0,-2,0,0,1,-2,0,-6,1,0,0,-2,-1,-1,-5,0,0,5.0,0.44,2.2,1.83
2,0,0,-3,0,0,1,-2,0,-6,1,0,0,-2,-1,-1,-5,1,0,5.0,0.44,2.2,1.83
2,0,0,-3,0,0,1,-2,0,-6,1,0,0,-2,-1,-2,-5,1,0,5.0,0.44,2.2,1.83
2,0,0,-3,0,0,1,-2,0,-6,1,0,0,-2,-1,-2,-4,2,0,5.0,0.44,2.2,1.83
2,0,0,-3,0,0,1,-2,0,-6,1,0,0,-2,-1,-2,-3,2,0,5.0,0.44,2.2,1.83
2,0,0,-3,0,0,1,-2,0,-6,2,0,0,-2,-1,-2,-3,2,0,5.0,0.44,2.2,1.83
2,0,0,-3,0,0,1,-2,0,-6,2,0,0,-2,-1,-3,-3,2,0,5.0,0.44,2.2,1.83
2,0,0,-3,0,0,1,-2,0,-5,2,0,0,-2,-1,-3,-2,2,0,5.0,0.44,2.2,1.83
2,0,0,-2,0,0,1,-2,0,-6,2,0,0,-2,-1,-2,-1,2,0,5.0,0.44,2.2,1.83
2,0,0,-2,0,0,1,-2,0,-5,2,-1,0,-2,-1,-3,0,2,0,5.0,0.43,2.19,1.822
2,0,0,-3,0,0,1,-2,0,-6,3,-1,0,-2,-1,-2,0,3,0,5.0,0.43,2.19,1.822
2,0,0,-3,0,0,1,-2,0,-6,3,0,0,-2,-1,-2,0,3,0,5.0,0.43,2.19,1.822
2,0,0,-3,0,0,1,-2,0,-6,3,0,0,-2,-1,-2,0,3,0,5.0,0.43,2.19,1.822
2,0,0,-3,0,0,1,-2,0,-6,3,0,0,-2,-1,-2,0,3,0,5.0,0.43,2.19,1.822
2,0,0,-3,0,0,1,-2,0,-6,3,0,0,-2,-1,-2,0,3,0,5.0,0.43,2.19,1.822
2,0,0,-3,0,0,1,-2,0,-5,2,0,0,-2,-1,-2,0,3,0,5.0,0.43,2.19,1.822
2,0,0,-3,0,0,1,-2,0,-6,0,0,0,-2,-1,-2,-2,1,0,5.0,0.44,2.2,1.828
2,0,0,-3,0,0,1,-2,0,-6,0,0,0,-2,-1,-2,-2,1,0,5.0,0.44,2.2,1.828
2,0,0,-3,0,0,1,-2,0,-6,0,0,0,-2,-1,-2,-3,1,0,5.0,0.44,2.2,1.828
2,0,0,-3,0,0,1,-2,0,-6,0,0,0,-2,-1,-3,-4,1,0,5.0,0.44,2.2,1.828
2,0,0,-3,0,0,1,-2,0,-6,0,0,0,-2,-1,-3,-4,1,0,5.0,0.44,2.2,1.828
2,0,0,-2,0,0,1,-2,0,-6,0,0,0,-2,-1,-3,-5,1,0,5.0,0.44,2.2,1.828
2,0,0,-2,0,0,1,-2,0,-6,0,0,0,-2,-1,-3,-4,1,0,5.0,0.44,2.2,1.828
2,0,0,-2,0,0,1,-2,0,-6,1,0,0,-2,-1,-3,-4,1,0,5.0,0.44,2.2,1.828
2,0,0,-2,0,0,1,-2,0,-6,2,-1,0,-2,-1,-3,-4,1,0,5.0,0.44,2.2,1.828
2,0,0,-2,0,0,1,-2,0,-6,2,-1,0,-2,-1,-3,-3,1,0,5.0,0.43,2.19,1.822
2,0,0,-2,0,0,1,-2,0,-6,2,-1,0,-2,-1,-3,-3,1,0,5.0,0.43,2.19,1.822
2,0,0,-2,0,0,1,-2,0,-6,3,-1,0,-2,-1,-3,-2,1,0,5.0,0.43,2.19,1.822
2,0,0,-2,0,0,1,-2,0,-6,2,-1,0,-2,-1,-3,0,0,0,5.0,0.43,2.19,1.822
2,0,0,-2,0,0,1,-2,0,-5,2,-1,0,-2,-1,-3,0,0,0,5.0,0.43,2.19,1.822
2,0,0,-1,0,0,1,-2,0,-5,1,-1,0,-2,-1,-4,0,0,0,5.0,0.43,2.19,1.822
2,0,0,-2,0,0,1,-2,0,-5,1,-1,0,-2,-1,-4,0,0,0,5.0,0.43,2.19,1.822
2,0,0,-1,0,0,1,-2,0,-4,0,0,0,-2,-1,-4,1,0,0,5.0,0.43,2.19,1.822
2,0,0,-2,0,0,1,-2,0,-4,0,0,0,-2,-1,-5,1,0,0,5.0,0.43,2.19,1.822
2,0,0,-2,0,0,1,-2,0,-3,-1,0,0,-2,-1,-4,0,0,0,5.0,0.43,2.19,1.822
2,0,0,-2,0,0,1,-2,0,-3,-2,0,0,-2,-1,-4,0,0,0,5.0,0.43,2.19,1.822
2,0,0,-2,0,0,1,-2,0,-3,-3,1,0,-2,-1,-4,1,0,0,5.0,0.43,2.2,1.826
2,0,0,-2,0,0,1,-2,0,-3,-3,1,0,-2,-1,-4,1,0,0,5.0,0.43,2.2,1.826
2,0,0,-3,0,0,1,-2,0,-3,-4,1,0,-2,-1,-4,2,0,0,5.0,0.43,2.2,1.826
2,0,0,-2,0,0,1,-2,0,-3,-5,0,0,-2,-1,-5,2,0,0,5.0,0.43,2.2,1.826
2,0,0,-2,0,0,1,-2,0,-3,-5,0,0,-2,-1,-5,3,-1,0,5.0,0.43,2.2,1.826
2,0,0,-2,0,0,1,-2,0,-3,-5,0,0,-2,-1,-6,3,0,0,5.0,0.43,2.2,1.826
2,0,0,-2,0,0,1,-2,0,-3,-6,0,0,-2,-1,-6,2,0,0,5.0,0.43,2.2,1.826
2,0,0,-2,0,0,1,-2,0,-3,-5,0,0,-2,-1,-6,2,0,0,5.0,0.43,2.2,1.826
2,0,0,-2,0,0,1,-2,0,-4,-5,-1,0,-2,-1,-4,1,0,0,5.0,0.43,2.2,1.826
2,0,0,-2,0,0,1,-2,0,-4,-5,-1,0,-2,-1,-4,0,0,0,5.0,0.43,2.2,1.826
2,0,0,-2,0,0,1,-2,0,-4,-4,-1,0,-2,-1,-3,0,1,0,5.0,0.43,2.2,1.826
2,0,0,-2,0,0,1,-2,0,-4,-4,-1,0,-2,-1,-2,-1,1,0,5.0,0.44,2.22,1.846
2,0,0,-2,0,0,1,-2,0,-4,-3,-1,0,-2,-1,-2,-2,2,0,5.0,0.44,2.22,1.846
2,0,0,-1,0,0,1,-2,0,-4,-3,-1,0,-2,-1,-1,-3,2,0,5.0,0.44,2.22,1.846
2,0,0,-2,0,0,1,-2,0,-4,-3,0,0,-2,-1,-1,-4,2,0,5.0,0.44,2.22,1.846
2,0,0,-2,0,0,1,-2,0,-4,-3,0,0,-2,-1,-1,-4,2,0,5.0,0.44,2.22,1.846
2,0,0,-2,0,0,1,-2,0,-5,-2,0,0,-2,-1,-1,-3,2,0,5.0,0.44,2.22,1.846
2,0,0,-3,0,0,1,-2,0,-5,-1,0,0,-2,-1,-2,-3,2,0,5.0,0.44,2.22,1.846
2,0,0,-2,0,0,1,-2,0,-5,-1,0,0,-2,-1,-2,-2,2,0,5.0,0.44,2.22,1.846
2,0,0,-2,0,0,1,-2,0,-6,0,0,0,-2,-1,-2,-2,1,0,5.0,0.44,2.22,1.846
2,0,0,-2,0,0,1,-2,0,-6,0,0,0,-2,-1,-2,-1,1,0,5.0,0.44,2.22,1.846
2,0,0,-2,0,0,1,-2,0,-6,0,0,0,-2,-1,-3,-1,1,0,5.0,0.44,2.22,1.846
2,0,0,-2,0,0,1,-2,0,-6,1,0,0,-2,-1,-3,0,1,0,5.0,0.43,2.19,1.826
2,0,0,-2,0,0,1,-2,0,-6,2,0,0,-2,-1,-3,0,1,0,5.0,0.43,2.19,1.826
2,0,0,-3,0,0,1,-2,0,-6,2,0,0,-2,-1,-3,0,1,0,5.0,0.43,2.19,1.826
2,0,0,-3,0,0,1,-2,0,-6,3,0,0,-2,-1,-2,0,1,0,5.0,0.43,2.19,1.826
2,0,0,-2,0,0,1,-2,0,-6,3,-1,0,-2,-1,-3,1,1,0,5.0,0.43,2.19,1.826
2,0,0,-3,0,0,1,-2,0,-6,3,0,0,-2,-1,-3,1,2,0,5.0,0.43,2.19,1.826
2,0,0,-3,0,0,1,-2,0,-7,4,0,0,-2,-1,-3,1,2,0,5.0,0.43,2.19,1.826
2,0,0,-3,0,0,1,-2,0,-6,3,0,0,-2,-1,-4,1,2,0,5.0,0.43,2.19,1.826
2,0,0,-4,0,0,1,-2,0,-6,4,0,0,-2,-1,-4,1,2,0,5.0,0.43,2.19,1.826
2,0,0,-4,0,0,1,-2,0,-6,3,0,0,-2,-1,-4,0,1,0,5.0,0.43,2.19,1.826
2,0,0,-4,0,0,1,-2,0,-7,3,0,0,-2,-1,-4,1,1,0,5.0,0.43,2.19,1.826
2,0,0,-4,0,0,1,-2,0,-7,3,0,0,-2,-1,-6,2,0,0,4.99,0.44,2.2,1.829
2,0,0,-3,0,0,1,-2,0,-8,0,-2,0,-2,-1,-6,0,0,0,5.0,0.44,2.2,1.831
2,0,0,-3,0,0,1,-2,0,-10,0,-2,0,-2,-1,-7,0,0,0,5.0,0.44,2.2,1.831
2,0,0,-3,0,0,1,-2,0,-10,-1,-2,0,-2,-1,-7,0,0,0,5.0,0.44,2.2,1.831
2,0,0,-3,0,0,1,-2,0,-9,-1,-3,0,-2,-1,-8,2,-1,0,5.0,0.44,2.2,1.831
2,0,0,-3,0,0,1,-2,0,-10,-1,-3,0,-2,-1,-9,3,-1,0,5.0,0.44,2.2,1.833
2,0,0,-3,0,0,1,-2,0,-10,0,-4,0,-2,-1,-10,3,-2,0,5.0,0.44,2.2,1.833
2,0,0,-3,0,0,1,-2,0,-10,0,-5,0,-2,-1,-11,4,-3,0,5.0,0.44,2.2,1.833
2,0,0,-3,0,0,1,-2,0,-10,-1,-6,0,-2,-1,-11,4,-3,0,5.0,0.44,2.2,1.833
2,0,0,-3,0,0,1,-2,0,-10,-1,-6,0,-2,-1,-10,3,-4,0,5.0,0.44,2.2,1.833
2,0,0,-3,0,0,1,-2,0,-10,-1,-6,0,-2,-1,-10,2,-3,0,5.0,0.44,2.2,1.833
2,0,0,-3,0,0,1,-2,0,-10,-1,-5,0,-2,-1,-9,1,-3,0,5.0,0.44,2.2,1.833
2,0,0,-3,0,0,1,-2,0,-9,-1,-5,0,-2,-1,-8,1,-2,0,5.0,0.44,2.2,1.833
2,0,0,-3,0,0,1,-2,0,-8,-1,-4,0,-2,-1,-6,0,-1,0,5.0,0.44,2.2,1.833
2,0,0,-3,0,0,1,-2,0,-8,-2,-3,0,-2,-1,-5,0,0,0,5.0,0.44,2.2,1.833
2,0,0,-3,0,0,1,-2,0,-8,-2,-3,0,-2,-1,-4,-1,0,0,5.0,0.44,2.2,1.833
2,0,0,-3,0,0,1,-2,0,-8,-2,-2,0,-2,-1,-3,-1,1,0,5.0,0.44,2.21,1.84
2,0,0,-3,0,0,1,-2,0,-9,-2,-2,0,-2,-1,-3,-1,1,0,5.0,0.44,2.21,1.84
2,0,0,-3,0,0,1,-2,0,-9,-2,-2,0,-2,-1,-3,-1,1,0,5.0,0.44,2.21,1.84
2,0,0,-2,0,0,1,-2,0,-8,-2,-2,0,-2,-1,-4,-2,1,0,5.0,0.44,2.21,1.84
2,0,0,-2,0,0,1,-2,0,-8,-2,-2,0,-2,-1,-4,-2,0,0,5.0,0.44,2.21,1.84
2,0,0,-2,0,0,1,-2,0,-7,-1,-2,0,-2,-1,-4,-2,0,0,5.0,0.44,2.21,1.84
2,0,0,-2,0,0,1,-2,0,-7,-1,-2,0,-2,-1,-3,-2,1,0,5.0,0.44,2.21,1.84
2,0,0,-2,0,0,1,-2,0,-6,-1,-1,0,-2,-1,-3,-1,1,0,5.0,0.44,2.21,1.84
2,0,0,-2,0,0,1,-2,0,-7,-1,-1,0,-2,-1,-2,-1,1,0,5.0,0.44,2.21,1.84
2,0,0,-2,0,0,1,-2,0,-8,-1,-1,0,-2,-1,-3,0,1,0,5.0,0.44,2.21,1.84
2,0,0,-2,0,0,1,-2,0,-8,-1,-2,0,-2,-1,-3,1,1,0,5.0,0.44,2.21,1.84
2,0,0,-2,0,0,1,-2,0,-8,-1,-1,0,-2,-1,-6,2,0,0,5.0,0.44,2.21,1.843
2,0,0,-2,0,0,1,-2,0,-7,-1,-1,0,-2,-1,-8,3,0,0,5.0,0.44,2.21,1.843
2,0,0,-3,0,0,1,-2,0,-7,-1,-1,0,-2,-1,-9,4,0,0,5.0,0.44,2.21,1.843
2,0,0,-3,0,0,1,-2,0,-7,0,0,0,-2,-1,-10,4,0,0,5.0,0.44,2.21,1.843
2,0,0,-3,0,0,1,-2,0,-7,0,0,0,-2,-1,-9,4,0,0,5.0,0.44,2.21,1.843
2,0,0,-2,0,0,1,-2,0,-7,0,0,0,-2,-1,-8,3,0,0,5.0,0.44,2.21,1.843
2,0,0,-2,0,0,1,-2,0,-7,0,0,0,-2,-1,-7,3,1,0,5.0,0.44,2.21,1.843
2,0,0,-2,0,0,1,-2,0,-8,-1,0,0,-2,-1,-6,2,1,0,5.0,0.44,2.21,1.843
2,0,0,-3,0,0,1,-2,0,-10,-2,0,0,-2,-1,-5,1,1,0,5.0,0.44,2.21,1.843
2,0,0,-3,0,0,1,-2,0,-14,-5,1,0,-2,-1,-6,0,1,0,5.0,0.44,2.21,1.843
2,0,0,-3,0,0,1,-2,0,-15,-5,0,0,-2,-1,-6,0,1,0,5.0,0.44,2.21,1.843
2,0,0,-3,0,0,1,-2,0,-17,-6,0,0,-2,-1,-5,-1,2,0,5.0,0.45,2.3,1.911
2,0,0,-3,0,0,1,-2,0,-17,-6,0,0,-2,-1,-4,-1,3,0,5.0,0.45,2.3,1.911
2,0,0,-3,0,0,1,-2,0,-15,-5,0,0,-2,-1,-3,-3,3,0,5.0,0.45,2.3,1.911
2,0,0,-3,0,0,1,-2,0,-13,-4,0,0,-2,-1,-2,-3,3,0,5.0,0.45,2.3,1.911
2,0,0,-2,0,0,1,-2,0,-10,-2,0,0,-2,-1,-1,-4,3,0,5.0,0.45,2.3,1.911
2,0,0,-2,0,0,1,-2,0,-8,-1,0,0,-2,-1,-1,-4,3,0,5.0,0.45,2.3,1.911
2,0,0,-3,0,0,1,-2,0,-5,0,0,0,-2,-1,-1,-4,3,0,5.0,0.45,2.3,1.911
2,0,0,-3,0,0,1,-2,0,-4,0,0,0,-2,-1,-1,-4,3,0,5.0,0.45,2.3,1.911
2,0,0,-3,0,0,1,-2,0,-2,2,0,0,-2,-1,0,-4,3,0,5.0,0.45,2.3,1.911
2,0,0,-3,0,0,1,-2,0,-2,2,0,0,-2,-1,0,-4,3,0,5.0,0.45,2.3,1.911
2,0,0,-3,0,0,1,-2,0,-2,3,0,0,-2,-1,0,-5,4,0,5.0,0.45,2.3,1.911
2,0,0,-3,0,0,1,-2,0,-2,3,0,0,-2,-1,1,-6,4,0,5.0,0.44,2.22,1.847
2,0,0,-3,0,0,1,-2,0,-2,4,0,0,-2,-1,2,-6,5,0,5.0,0.44,2.22,1.847
2,0,0,-3,0,0,1,-2,0,-3,4,0,0,-2,-1,3,-6,5,0,5.0,0.44,2.22,1.847
2,0,0,-3,0,0,1,-2,0,-3,5,0,0,-2,-1,3,-4,5,0,5.0,0.44,2.22,1.847
2,0,0,-3,0,0,1,-2,0,-4,5,0,0,-2,-1,3,-3,5,0,5.0,0.44,2.22,1.847
2,0,0,-3,0,0,1,-2,0,-5,4,0,0,-2,-1,3,-3,5,0,5.0,0.44,2.22,1.847
2,0,0,-3,0,0,1,-2,0,-6,3,-1,0,-2,-1,3,-2,4,0,5.0,0.44,2.22,1.847
2,0,0,-4,0,0,1,-2,0,-7,3,0,0,-2,-1,0,-1,1,0,5.0,0.44,2.21,1.842
2,0,0,-4,0,0,1,-2,0,-7,3,0,0,-2,-1,0,-2,2,0,5.0,0.44,2.21,1.842
2,0,0,-3,0,0,1,-2,0,-7,3,0,0,-2,-1,0,-2,2,0,5.0,0.44,2.21,1.842
2,0,0,-3,0,0,1,-2,0,-7,4,0,0,-2,-1,-1,-2,2,0,5.0,0.44,2.21,1.842
2,0,0,-3,0,0,1,-2,0,-6,4,0,0,-2,-1,-1,-2,2,0,5.0,0.44,2.21,1.842
2,0,0,-3,0,0,1,-2,0,-6,4,0,0,-2,-1,-1,-2,2,0,5.0,0.44,2.21,1.842
2,0,0,-3,0,0,1,-2,0,-6,3,0,0,-2,-1,-1,-1,1,0,5.0,0.44,2.21,1.842
2,0,0,-3,0,0,1,-2,0,-6,3,0,0,-2,-1,0,-1,1,0,5.0,0.44,2.21,1.842
2,0,0,-3,0,0,1,-2,0,-6,3,0,0,-2,-1,-1,-1,1,0,5.0,0.44,2.21,1.842
2,0,0,-2,0,0,1,-2,0,-6,3,0,0,-2,-1,-1,-1,1,0,5.0,0.44,2.21,1.839
2,0,0,-2,0,0,1,-2,0,-6,3,0,0,-2,-1,-1,-1,1,0,5.0,0.44,2.21,1.839
2,0,0,-3,0,0,1,-2,0,-6,3,0,0,-2,-1,-1,-1,1,0,5.0,0.44,2.21,1.839
2,0,0,-3,0,0,1,-2,0,-5,3,0,0,-2,-1,-1,-1,1,0,5.0,0.44,2.21,1.839
2,0,0,-3,0,0,1,-2,0,-5,3,0,0,-2,-1,-1,-1,1,0,5.0,0.44,2.21,1.839
2,0,0,-3,0,0,1,-2,0,-5,3,0,0,-2,-1,-1,-1,2,0,5.0,0.44,2.21,1.839
2,0,0,-3,0,0,1,-2,0,-5,3,0,0,-2,-1,-1,-1,1,0,5.0,0.44,2.21,1.839
2,0,0,-3,0,0,1,-2,0,-5,3,0,0,-2,-1,-1,-1,1,0,5.0,0.44,2.21,1.839
2,0,0,-3,0,0,1,-2,0,-5,3,0,0,-2,-1,-1,-1,2,0,5.0,0.44,2.21,1.839
2,0,0,-3,0,0,1,-2,0,-5,3,0,0,-2,-1,-1,-1,2,0,5.0,0.44,2.21,1.839
2,0,0,-3,0,0,1,-2,0,-5,4,0,0,-2,-1,-1,-1,2,0,5.0,0.44,2.21,1.839
2,0,0,-3,0,0,1,-2,0,-5,4,0,0,-2,-1,0,-1,2,0,5.0,0.44,2.21,1.836
2,0,0,-3,0,0,1,-2,0,-5,4,0,0,-2,-1,0,-2,2,0,5.0,0.44,2.21,1.836
2,0,0,-3,0,0,1,-2,0,-5,5,0,0,-2,-1,0,-2,2,0,5.0,0.44,2.21,1.836
2,0,0,-3,0,0,1,-2,0,-5,5,0,0,-2,-1,0,-3,3,0,5.0,0.44,2.21,1.836
2,0,0,-3,0,0,1,-2,0,-5,5,0,0,-2,-1,0,-3,3,0,5.0,0.44,2.21,1.836
2,0,0,-3,0,0,1,-2,0,-5,6,0,0,-2,-1,0,-4,3,0,5.0,0.44,2.21,1.836
2,0,0,-3,0,0,1,-2,0,-5,6,0,0,-2,-1,0,-4,3,0,5.0,0.44,2.21,1.836
2,0,0,-4,0,0,1,-2,0,-5,6,0,0,-2,-1,1,-3,3,0,5.0,0.44,2.21,1.836
2,0,0,-3,0,0,1,-2,0,-5,7,0,0,-2,-1,0,-3,3,0,5.0,0.44,2.21,1.836
2,0,0,-4,0,0,1,-2,0,-5,6,0,0,-2,-1,0,-3,3,0,5.0,0.44,2.21,1.836
2,0,0,-4,-1,0,1,-2,0,-6,6,0,0,-2,-1,0,-3,3,0,5.0,0.44,2.21,1.836
2,0,0,-3,-1,0,1,-2,0,-6,7,0,0,-2,-1,0,-3,3,0,5.0,0.44,2.2,1.833
2,0,0,-3,0,0,1,-2,0,-6,6,0,0,-2,-1,0,-3,3,0,5.0,0.44,2.2,1.833
2,0,0,-4,0,0,1,-2,0,-6,6,0,0,-2,-1,0,-3,3,0,5.0,0.44,2.2,1.833
2,0,0,-4,-1,0,1,-2,0,-6,5,0,0,-2,-1,0,-2,2,0,5.0,0.44,2.2,1.833
2,0,0,-4,-1,0,1,-2,0,-6,5,0,0,-2,-1,0,-2,2,0,5.0,0.44,2.2,1.833
2,0,0,-4,0,0,1,-2,0,-6,4,0,0,-2,-1,-1,-1,2,0,5.0,0.44,2.2,1.833
2,0,0,-4,0,0,1,-2,0,-6,3,0,0,-2,-1,-1,-1,2,0,5.0,0.44,2.2,1.833
2,0,0,-4,0,0,1,-2,0,-7,3,0,0,-2,-1,-1,-1,2,0,5.0,0.44,2.2,1.833
2,0,0,-4,0,0,1,-2,0,-7,3,0,0,-2,-1,-1,-1,2,0,5.0,0.44,2.2,1.833
2,0,0,-4,0,0,1,-2,0,-8,2,0,0,-2,-1,-2,0,2,0,5.0,0.44,2.2,1.833
2,0,0,-4,0,0,1,-2,0,-8,3,0,0,-2,-1,-2,-1,2,0,5.0,0.44,2.2,1.833
2,0,0,-4,0,0,1,-2,0,-7,3,0,0,-2,-1,-2,0,2,0,5.0,0.44,2.21,1.842
2,0,0,-4,0,0,1,-2,0,-7,3,0,0,-2,-1,-2,0,2,0,5.0,0.44,2.21,1.842
2,0,0,-4,0,0,1,-2,0,-7,4,0,0,-2,-1,-4,0,3,0,5.0,0.44,2.21,1.842
2,0,0,-4,0,0,1,-2,0,-7,4,0,0,-2,-1,-4,0,3,0,5.0,0.44,2.21,1.842
2,0,0,-4,0,0,1,-2,0,-7,4,0,0,-2,-1,-5,1,3,0,5.0,0.44,2.21,1.842
2,0,0,-4,0,0,1,-2,0,-8,4,0,0,-2,-1,-4,2,3,0,5.0,0.44,2.21,1.842
2,0,0,-4,0,0,1,-2,0,-8,5,0,0,-2,-1,-4,2,4,0,5.0,0.44,2.21,1.842
2,0,0,-4,0,0,1,-2,0,-8,6,0,0,-2,-1,-4,3,4,0,5.0,0.44,2.21,1.842
2,0,0,-4,0,0,1,-2,0,-8,6,0,0,-2,-1,-4,3,3,0,5.0,0.44,2.21,1.842
2,0,0,-4,0,0,1,-2,0,-7,7,0,0,-2,-1,-3,3,3,0,5.0,0.44,2.21,1.842
2,0,0,-3,0,0,1,-2,0,-7,8,0,0,-2,-1,-3,3,3,0,5.0,0.44,2.21,1.842
2,0,0,-3,0,0,1,-2,0,-7,9,0,0,-2,-1,-2,3,2,0,5.0,0.43,2.19,1.824
2,0,0,-3,-1,0,1,-2,0,-6,9,0,0,-2,-1,-1,2,2,0,5.0,0.43,2.19,1.824
2,0,0,-4,0,0,1,-2,0,-5,10,1,0,-2,-1,-1,1,2,0,5.0,0.43,2.19,1.824
2,0,0,-4,0,0,1,-2,0,-5,10,1,0,-2,-1,-1,1,2,0,5.0,0.43,2.19,1.824
2,0,0,-4,0,0,1,-2,0,-5,11,2,0,-2,-1,-1,1,2,0,5.0,0.43,2.19,1.824
2,0,0,-4,0,0,1,-2,0,-5,11,2,0,-2,-1,-1,1,2,0,5.0,0.43,2.19,1.824
2,0,0,-5,0,0,1,-2,0,-6,12,1,0,-2,-1,-1,0,2,0,5.0,0.43,2.19,1.824
2,0,0,-5,0,0,1,-2,0,-6,11,1,0,-2,-1,-1,0,2,0,5.0,0.43,2.19,1.824
2,0,0,-5,0,0,1,-2,0,-6,10,0,0,-2,-1,-1,0,2,0,5.0,0.43,2.19,1.824
2,0,0,-5,0,0,1,-2,0,-6,9,0,0,-2,-1,-1,0,2,0,5.0,0.43,2.19,1.824
2,0,0,-5,0,0,1,-2,0,-6,8,0,0,-2,-1,-1,-1,2,0,5.0,0.43,2.19,1.824
2,0,0,-5,0,0,1,-2,0,-6,7,0,0,-2,-1,-1,-1,2,0,5.0,0.47,2.36,1.961
2,0,0,-4,0,0,1,-2,0,-7,7,0,0,-2,-1,-1,0,2,0,5.0,0.47,2.36,1.961
2,0,0,-4,0,0,1,-2,0,-7,7,0,0,-2,-1,-1,0,2,0,5.0,0.47,2.36,1.961
2,0,0,-4,0,0,1,-2,0,-7,7,0,0,-2,-1,0,0,1,0,5.0,0.47,2.36,1.961
2,0,0,-4,0,0,1,-2,0,-8,7,0,0,-2,-1,0,0,2,0,5.0,0.47,2.36,1.961
2,0,0,-4,0,0,1,-2,0,-8,7,0,0,-2,-1,0,0,1,0,5.0,0.47,2.36,1.961
2,0,0,-3,0,0,1,-2,0,-7,5,0,0,-2,-1,0,0,1,0,5.0,0.47,2.36,1.961
2,0,0,-3,0,0,1,-2,0,-7,4,0,0,-2,-1,-1,0,1,0,5.0,0.47,2.36,1.961
2,0,0,-3,0,0,1,-2,0,-6,3,0,0,-2,-1,-1,0,1,0,5.0,0.47,2.36,1.961
2,0,0,-3,0,0,1,-2,0,-6,2,0,0,-2,-1,-1,0,1,0,5.0,0.47,2.36,1.961
2,0,0,-3,0,0,1,-2,0,-6,0,0,0,-2,-1,-1,0,0,0,5.0,0.47,2.36,1.961
2,0,0,-3,0,0,1,-2,0,-6,0,0,0,-2,-1,-2,0,0,0,4.99,0.37,1.89,1.572
2,0,0,-3,0,0,1,-2,0,-6,0,0,0,-2,-1,-1,0,0,0,4.99,0.37,1.89,1.572
2,0,0,-5,0,0,1,-2,0,-7,2,-1,0,-2,-1,-2,-4,1,0,4.99,0.36,1.81,1.509
2,0,0,-4,0,0,1,-2,0,-7,3,-1,0,-2,-1,-2,-4,1,0,4.99,0.36,1.81,1.509
2,0,0,-5,0,0,1,-2,0,-7,2,-1,0,-2,-1,-3,-4,1,0,4.99,0.36,1.81,1.509
2,0,0,-4,0,0,1,-2,0,-8,3,-1,0,-2,-1,-3,-3,1,0,4.99,0.38,1.89,1.578
2,0,0,-4,0,0,1,-2,0,-7,3,-1,0,-2,-1,-3,-3,1,0,4.99,0.38,1.89,1.578
2,0,0,-4,0,0,1,-2,0,-7,2,-1,0,-2,-1,-3,-2,1,0,4.99,0.38,1.89,1.578
2,0,0,-4,0,0,1,-2,0,-6,2,-1,0,-2,-1,-2,-2,2,0,4.99,0.38,1.89,1.578
2,0,0,-4,0,0,1,-2,0,-6,2,-1,0,-2,-1,-2,-1,2,0,4.99,0.38,1.89,1.578
2,0,0,-4,0,0,1,-2,0,-6,2,-1,0,-2,-1,-2,-1,2,0,4.99,0.38,1.89,1.578
2,0,0,-4,0,0,1,-2,0,-6,1,-1,0,-2,-1,-2,0,2,0,4.99,0.38,1.89,1.578
2,0,0,-3,-1,0,1,-2,0,-6,1,-1,0,-2,-1,-2,0,2,0,4.99,0.38,1.89,1.578
2,0,0,-3,0,0,1,-2,0,-6,1,0,0,-2,-1,-2,0,3,0,4.99,0.38,1.89,1.578
2,0,0,-3,-1,0,1,-2,0,-6,1,-1,0,-2,-1,-2,0,3,0,4.99,0.38,1.89,1.578
2,0,0,-3,0,0,1,-2,0,-6,1,-1,0,-2,-1,-1,0,3,0,4.99,0.38,1.89,1.578
2,0,0,-4,0,0,1,-2,0,-6,1,0,0,-2,-1,-1,0,3,0,4.99,0.37,1.87,1.554
2,0,0,-4,0,0,1,-2,0,-6,0,0,0,-2,-1,-2,0,3,0,4.99,0.37,1.87,1.554
2,0,0,-4,0,0,1,-2,0,-6,0,0,0,-2,-1,-2,-1,3,0,4.99,0.37,1.87,1.554
2,0,0,-4,0,0,1,-2,0,-7,0,0,0,-2,-1,-1,0,3,0,4.99,0.37,1.87,1.554
2,0,0,-4,0,0,1,-2,0,-8,0,-1,0,-2,-1,-1,-1,2,0,4.99,0.37,1.87,1.554
2,0,0,-3,0,0,1,-2,0,-9,1,-1,0,-2,-1,-2,-1,2,0,4.99,0.37,1.87,1.554
2,0,0,-2,-1,0,1,-2,0,-8,2,-1,0,-2,-1,-2,-1,2,0,4.99,0.37,1.87,1.554
2,0,0,-2,-1,0,1,-2,0,-8,3,-1,0,-2,-1,-2,-1,2,0,4.99,0.37,1.87,1.554
2,0,0,-2,-1,0,1,-2,0,-6,3,0,0,-2,-1,-1,-2,1,0,4.99,0.37,1.87,1.554
2,0,0,-2,-1,0,1,-2,0,-6,3,0,0,-2,-1,-1,-3,1,0,4.99,0.37,1.87,1.554
2,0,0,-3,0,0,1,-2,0,-6,3,0,0,-2,-1,-1,-3,1,0,4.99,0.37,1.87,1.554
2,0,0,-3,0,0,1,-2,0,-6,2,0,0,-2,-1,-2,-4,1,0,4.99,0.36,1.83,1.527
2,0,0,-4,0,0,1,-2,0,-6,1,0,0,-2,-1,-2,-4,1,0,4.99,0.36,1.83,1.527
2,0,0,-3,-1,0,1,-2,0,-6,1,0,0,-2,-1,-3,-5,0,0,4.99,0.36,1.83,1.527
2,0,0,-3,-1,0,1,-2,0,-5,1,0,0,-2,-1,-3,-5,0,0,4.99,0.36,1.83,1.527
2,0,0,-3,-1,0,1,-2,0,-5,0,0,0,-2,-1,-3,-6,0,0,4.99,0.36,1.83,1.527
2,0,0,-2,-1,0,1,-2,0,-4,0,0,0,-2,-1,-3,-6,0,0,4.99,0.36,1.83,1.527
2,0,0,-2,-1,0,1,-2,0,-4,0,0,0,-2,-1,-3,-5,1,0,4.99,0.36,1.83,1.527
2,0,0,-2,-1,0,1,-2,0,-4,0,0,0,-2,-1,-2,-5,1,0,4.99,0.36,1.83,1.527
2,0,0,-2,-1,0,1,-2,0,-4,0,0,0,-2,-1,-2,-5,1,0,4.99,0.36,1.83,1.527
2,0,0,-2,-1,0,1,-2,0,-4,0,0,0,-2,-1,-2,-4,1,0,4.99,0.36,1.83,1.527
2,0,0,-2,-1,0,1,-2,0,-4,0,0,0,-2,-1,-3,-4,1,0,4.99,0.36,1.83,1.527
2,0,0,-1,-1,0,1,-2,0,-3,0,0,0,-2,-1,-3,-3,1,0,4.99,0.36,1.8,1.497
2,0,0,-1,-1,0,1,-2,0,-4,0,0,0,-2,-1,-2,-3,2,0,4.99,0.36,1.8,1.497
2,0,0,-1,-1,0,1,-2,0,-4,0,0,0,-2,-1,-2,-3,2,0,4.99,0.36,1.8,1.497
2,0,0,-1,-1,0,1,-2,0,-4,0,0,0,-2,-1,-1,-3,2,0,4.99,0.36,1.8,1.497
2,0,0,-2,-1,0,1,-2,0,-4,0,0,0,-2,-1,-2,-3,2,0,4.99,0.36,1.8,1.497
2,0,0,-2,-1,0,1,-2,0,-4,0,0,0,-2,-1,-2,-3,2,0,4.99,0.36,1.8,1.497
2,0,0,-2,-1,0,1,-2,0,-4,0,0,0,-2,-1,-2,-3,2,0,4.99,0.36,1.8,1.497
2,0,0,-1,-1,0,1,-2,0,-4,-1,0,0,-2,-1,-2,-3,2,0,4.99,0.36,1.8,1.497
2,0,0,-2,-1,0,1,-2,0,-4,0,0,0,-2,-1,-2,-3,2,0,4.99,0.36,1.8,1.497
2,0,0,-2,-1,0,1,-2,0,-4,-1,0,0,-2,-1,-2,-3,2,0,4.99,0.36,1.8,1.497
2,0,0,-2,-1,0,1,-2,0,-4,0,0,0,-2,-1,-2,-3,1,0,4.99,0.36,1.8,1.497
2,0,0,-1,-1,0,1,-2,0,-4,0,0,0,-2,-1,-2,-3,1,0,4.99,0.35,1.79,1.491
2,0,0,-1,-1,0,1,-2,0,-4,0,0,0,-2,-1,-2,-4,1,0,4.99,0.35,1.79,1.491
2,0,0,-2,-1,0,1,-2,0,-4,0,0,0,-2,-1,-2,-4,1,0,4.99,0.35,1.79,1.491
2,0,0,-2,-1,0,1,-2,0,-5,0,0,0,-2,-1,-2,-6,1,0,4.99,0.35,1.79,1.491
2,0,0,-2,-1,0,1,-2,0,-5,0,0,0,-2,-1,-2,-6,1,0,4.99,0.35,1.79,1.491
2,0,0,-2,0,0,1,-2,0,-5,0,0,0,-2,-1,-1,-6,1,0,4.99,0.35,1.79,1.491
2,0,0,-2,0,0,1,-2,0,-5,0,1,0,-2,-1,-2,-5,1,0,4.99,0.35,1.79,1.491
2,0,0,-2,-1,0,1,-2,0,-4,1,1,0,-2,-1,-2,-5,1,0,4.99,0.35,1.79,1.491
2,0,0,-2,-1,0,1,-2,0,-4,1,0,0,-2,-1,-2,-5,1,0,4.99,0.35,1.79,1.491
2,0,0,-2,-1,0,1,-2,0,-4,2,0,0,-2,-1,-2,-5,0,0,4.99,0.35,1.79,1.491
2,0,0,-2,-1,0,1,-2,0,-5,2,0,0,-2,-1,-2,-5,0,0,4.99,0.35,1.79,1.491
2,0,0,-2,-1,0,1,-2,0,-6,2,0,0,-2,-1,-2,-4,1,0,4.99,0.36,1.8,1.497
2,0,0,-2,0,0,1,-2,0,-6,2,0,0,-2,-1,-2,-4,1,0,4.99,0.36,1.8,1.497
2,0,0,-2,0,0,1,-2,0,-6,2,-1,0,-2,-1,-2,-3,1,0,4.99,0.36,1.8,1.497
2,0,0,-3,0,0,1,-2,0,-6,2,-1,0,-2,-1,-2,-3,1,0,4.99,0.36,1.8,1.497
2,0,0,-3,0,0,1,-2,0,-5,2,0,0,-2,-1,-2,-3,1,0,4.99,0.36,1.8,1.497
2,0,0,-3,0,0,1,-2,0,-5,1,-1,0,-2,-1,-2,-3,1,0,4.99,0.36,1.8,1.497
2,0,0,-3,0,0,1,-2,0,-5,0,-1,0,-2,-1,-2,-2,2,0,4.99,0.36,1.8,1.497
2,0,0,-3,0,0,1,-2,0,-5,0,0,0,-2,-1,-2,-2,2,0,4.99,0.36,1.8,1.497
2,0,0,-3,0,0,1,-2,0,-5,0,0,0,-2,-1,-2,-1,2,0,4.99,0.36,1.8,1.497
2,0,0,-3,0,0,1,-2,0,-4,0,0,0,-2,-1,-2,-1,2,0,4.99,0.36,1.8,1.497
2,0,0,-2,0,0,1,-2,0,-4,0,0,0,-2,-1,-1,0,2,0,4.99,0.36,1.8,1.497
2,0,0,-2,0,0,1,-2,0,-4,0,0,0,-2,-1,-1,0,2,0,4.99,0.36,1.79,1.495
2,0,0,-2,0,0,1,-2,0,-5,-1,0,0,-2,-1,-1,0,2,0,4.99,0.36,1.79,1.495
2,0,0,-3,0,0,1,-2,0,-5,0,0,0,-2,-1,-1,0,3,0,4.99,0.36,1.79,1.495
2,0,0,-3,0,0,1,-2,0,-5,0,0,0,-2,-1,-1,0,3,0,4.99,0.36,1.79,1.495
2,0,0,-3,0,0,1,-2,0,-6,0,0,0,-2,-1,-1,0,3,0,4.99,0.36,1.79,1.495
2,0,0,-3,0,0,1,-2,0,-6,0,0,0,-2,-1,-1,0,3,0,4.99,0.36,1.79,1.495
2,0,0,-3,0,0,1,-2,0,-6,1,0,0,-2,-1,-2,0,3,0,4.99,0.36,1.79,1.495
2,0,0,-3,0,0,1,-2,0,-6,1,0,0,-2,-1,-2,0,2,0,4.99,0.36,1.79,1.495
2,0,0,-4,0,0,1,-2,0,-6,2,0,0,-2,-1,-2,0,2,0,4.99,0.36,1.79,1.495
2,0,0,-4,0,0,1,-2,0,-6,2,0,0,-2,-1,-1,0,3,0,4.99,0.36,1.79,1.495
2,0,0,-4,0,0,1,-2,0,-7,2,0,0,-2,-1,-1,0,3,0,4.99,0.36,1.79,1.495
2,0,0,-4,0,0,1,-2,0,-7,2,0,0,-2,-1,-1,0,3,0,4.99,0.36,1.83,1.525
2,0,0,-4,0,1,1,-2,0,-7,2,0,0,-2,-1,-1,0,3,0,4.99,0.36,1.83,1.525
2,0,0,-4,0,0,1,-2,0,-7,1,0,0,-2,-1,-1,0,2,0,4.99,0.36,1.83,1.525
2,0,0,-4,0,0,1,-2,0,-7,2,0,0,-2,-1,-1,0,2,0,4.99,0.36,1.83,1.525
2,0,0,-4,0,0,1,-2,0,-6,2,0,0,-2,-1,-1,0,2,0,4.99,0.36,1.83,1.525
2,0,0,-4,0,0,1,-2,0,-6,2,0,0,-2,-1,-1,-1,1,0,4.99,0.36,1.83,1.525
2,0,0,-4,0,1,1,-2,0,-6,2,0,0,-2,-1,-1,-1,2,0,4.99,0.36,1.83,1.525
2,0,0,-4,0,1,1,-2,0,-5,1,0,0,-2,-1,-1,-1,2,0,4.99,0.36,1.83,1.525
2,0,0,-4,0,0,1,-2,0,-5,1,0,0,-2,-1,-1,-1,2,0,4.99,0.36,1.83,1.525
2,0,0,-4,0,0,1,-2,0,-4,0,0,0,-2,-1,-1,0,2,0,4.99,0.36,1.83,1.525
2,0,0,-4,1,0,1,-2,0,-4,0,0,0,-2,-1,-1,0,2,0,4.99,0.36,1.83,1.525
2,0,0,-4,1,0,1,-2,0,-3,0,0,0,-2,-1,-1,0,2,0,4.99,0.37,1.85,1.542
2,0,0,-3,1,0,1,-2,0,-3,-1,0,0,-2,-1,-1,0,3,0,4.99,0.37,1.85,1.542
2,0,0,-3,1,0,1,-2,0,-3,-1,0,0,-2,-1,-1,0,2,0,4.99,0.37,1.85,1.542
2,0,0,-2,0,0,1,-2,0,-3,-1,0,0,-2,-1,-1,1,3,0,4.99,0.37,1.85,1.542
2,0,0,-2,1,0,1,-2,0,-4,-3,0,0,-2,-1,-1,1,3,0,4.99,0.37,1.85,1.542
2,0,0,-2,1,0,1,-2,0,-4,-3,0,0,-2,-1,-1,1,3,0,4.99,0.37,1.85,1.542
2,0,0,-2,1,0,1,-2,0,-4,-4,0,0,-2,-1,-1,1,3,0,4.99,0.37,1.85,1.542
2,0,0,-3,1,0,1,-2,0,-5,-4,0,0,-2,-1,-2,1,2,0,4.99,0.37,1.85,1.542
2,0,0,-3,1,0,1,-2,0,-5,-4,0,0,-2,-1,-2,1,2,0,4.99,0.37,1.85,1.542
2,0,0,-3,1,0,1,-2,0,-4,-4,0,0,-2,-1,-2,1,2,0,4.99,0.37,1.85,1.542
2,0,0,-3,1,0,1,-2,0,-5,-4,0,0,-2,-1,-2,0,2,0,4.99,0.37,1.85,1.542
2,0,0,-4,1,0,1,-2,0,-5,-3,0,0,-2,-1,-2,0,2,0,4.99,0.36,1.8,1.497
2,0,0,-4,0,0,1,-2,0,-5,-2,0,0,-2,-1,-2,0,2,0,4.99,0.36,1.8,1.497
2,0,0,-4,0,0,1,-2,0,-6,0,1,0,-2,-1,-3,0,2,0,4.99,0.36,1.8,1.497
2,0,0,-4,0,0,1,-2,0,-6,0,0,0,-2,-1,-3,0,2,0,4.99,0.36,1.8,1.497
2,0,0,-4,0,0,1,-2,0,-7,2,0,0,-2,-1,-3,0,2,0,4.99,0.36,1.8,1.497
2,0,0,-4,0,-1,1,-2,0,-7,3,0,0,-2,-1,-3,0,2,0,4.99,0.36,1.8,1.497
2,0,0,-4,0,-1,1,-2,0,-7,4,0,0,-2,-1,-3,0,2,0,4.99,0.36,1.8,1.497
2,0,0,-4,0,-1,1,-2,0,-7,6,0,0,-2,-1,-3,-1,2,0,4.99,0.36,1.8,1.497
2,0,0,-4,0,0,1,-2,0,-7,6,0,0,-2,-1,-3,-1,2,0,4.99,0.36,1.8,1.497
2,0,0,-5,0,0,1,-2,0,-7,6,0,0,-2,-1,-2,-1,2,0,4.99,0.36,1.8,1.497
2,0,0,-4,0,0,1,-2,0,-7,6,0,0,-2,-1,-3,-1,2,0,4.99,0.36,1.8,1.497
2,0,0,-4,0,0,1,-2,0,-7,6,0,0,-2,-1,-3,-1,2,0,4.98,0.36,1.8,1.496
2,0,0,-4,0,-1,1,-2,0,-6,5,0,0,-2,-1,-3,-1,2,0,4.98,0.36,1.8,1.496
2,0,0,-3,0,-1,1,-2,0,-6,4,0,0,-2,-1,-3,-1,1,0,4.98,0.36,1.8,1.496
2,0,0,-3,0,-1,1,-2,0,-6,3,0,0,-2,-1,-2,-1,1,0,4.98,0.36,1.8,1.496
2,0,0,-3,0,-1,1,-2,0,-5,2,0,0,-2,-1,-2,-1,2,0,4.98,0.36,1.8,1.496
2,0,0,-4,0,-1,1,-2,0,-5,2,0,0,-2,-1,-2,-1,2,0,4.98,0.36,1.8,1.496
2,0,0,-4,0,-1,1,-2,0,-5,1,0,0,-2,-1,-2,0,2,0,4.98,0.36,1.8,1.496
2,0,0,-4,0,-1,1,-2,0,-5,1,0,0,-2,-1,-2,0,3,0,4.98,0.36,1.8,1.496
2,0,0,-3,0,0,1,-2,0,-5,1,0,0,-2,-1,-2,-1,2,0,4.98,0.36,1.81,1.505
2,0,0,-3,-1,0,1,-2,0,-5,1,0,0,-2,-1,-2,-1,2,0,4.98,0.36,1.81,1.505
2,0,0,-3,0,0,1,-2,0,-5,1,0,0,-2,-1,-2,-1,3,0,4.98,0.36,1.81,1.505
2,0,0,-3,0,0,1,-2,0,-5,1,0,0,-2,-1,-2,-1,2,0,4.98,0.36,1.81,1.505
2,0,0,-3,0,0,1,-2,0,-5,1,0,0,-2,-1,-2,-1,3,0,4.98,0.36,1.81,1.505
2,0,0,-2,0,0,1,-2,0,-5,0,0,0,-2,-1,-2,-1,2,0,4.98,0.36,1.81,1.505
2,0,0,-2,0,0,1,-2,0,-5,0,0,0,-2,-1,-2,-1,2,0,4.98,0.36,1.81,1.505
2,0,0,-2,0,0,1,-2,0,-5,0,0,0,-2,-1,-2,-1,2,0,4.98,0.36,1.81,1.505
2,0,0,-2,0,0,1,-2,0,-4,0,0,0,-2,-1,-2,-1,1,0,4.99,0.36,1.8,1.504
2,0,0,-2,0,0,1,-2,0,-4,0,0,0,-2,-1,-2,-2,1,0,4.99,0.36,1.8,1.504
2,0,0,-2,0,0,1,-2,0,-4,0,0,0,-2,-1,-2,-2,1,0,4.99,0.36,1.8,1.504
2,0,0,-2,0,0,1,-2,0,-4,0,0,0,-2,-1,-2,-3,1,0,4.99,0.36,1.8,1.504
2,0,0,-2,-1,0,1,-2,0,-4,0,0,0,-2,-1,-2,-3,0,0,4.99,0.36,1.8,1.504
2,0,0,-2,-1,0,1,-2,0,-4,1,0,0,-2,-1,-2,-4,0,0,4.99,0.36,1.8,1.504
2,0,0,-2,-1,0,1,-2,0,-4,1,0,0,-2,-1,-2,-4,0,0,4.99,0.36,1.8,1.504
2,0,0,-2,-1,0,1,-2,0,-5,2,0,0,-2,-1,-2,-4,0,0,4.99,0.36,1.8,1.504
2,0,0,-2,-1,0,1,-2,0,-5,2,0,0,-2,-1,-2,-4,0,0,4.99,0.36,1.8,1.504
2,0,0,-1,-1,0,1,-2,0,-5,2,0,0,-2,-1,-2,-4,0,0,4.99,0.36,1.8,1.504
2,0,0,-1,-1,0,1,-2,0,-4,2,0,0,-2,-1,-2,-4,0,0,4.99,0.36,1.8,1.504
2,0,0,-1,-1,0,1,-2,0,-4,2,0,0,-2,-1,-2,-4,1,0,4.98,0.36,1.8,1.497
2,0,0,-1,-1,0,1,-2,0,-4,2,0,0,-2,-1,-2,-4,1,0,4.98,0.36,1.8,1.497
2,0,0,-1,-1,0,1,-2,0,-4,2,0,0,-2,-1,-2,-4,1,0,4.98,0.36,1.8,1.497
2,0,0,-1,0,0,1,-2,0,-4,1,0,0,-2,-1,-2,-4,1,0,4.98,0.36,1.8,1.497
2,0,0,-1,0,0,1,-2,0,-4,0,0,0,-2,-1,-2,-4,1,0,4.98,0.36,1.8,1.497
2,0,0,-1,0,0,1,-2,0,-3,0,0,0,-2,-1,-2,-3,1,0,4.98,0.36,1.8,1.497
2,0,0,-2,0,0,1,-2,0,-3,0,0,0,-2,-1,-2,-4,0,0,4.98,0.36,1.8,1.497
2,0,0,-2,0,0,1,-2,0,-3,-1,0,0,-2,-1,-2,-3,0,0,4.98,0.36,1.8,1.497
2,0,0,-2,0,0,1,-2,0,-4,-2,0,0,-2,-1,-2,-3,0,0,4.98,0.36,1.8,1.497
2,0,0,-2,0,0,1,-2,0,-4,-2,0,0,-2,-1,-1,-4,0,0,4.98,0.36,1.8,1.497
2,0,0,-2,0,0,1,-2,0,-4,-1,0,0,-2,-1,-1,-4,0,0,4.98,0.36,1.8,1.497
2,0,0,-2,0,0,1,-2,0,-4,-1,0,0,-2,-1,-1,-4,0,0,4.99,0.36,1.82,1.517
2,0,0,-2,0,0,1,-2,0,-4,0,0,0,-2,-1,-1,-4,0,0,4.99,0.36,1.82,1.517
2,0,0,-2,0,0,1,-2,0,-5,0,0,0,-2,-1,-1,-5,0,0,4.99,0.36,1.82,1.517
2,0,0,-2,0,0,1,-2,0,-5,0,0,0,-2,-1,-1,-5,0,0,4.99,0.36,1.82,1.517
2,0,0,-2,0,0,1,-2,0,-6,0,0,0,-2,-1,-1,-5,0,0,4.99,0.36,1.82,1.517
2,0,0,-2,0,0,1,-2,0,-6,0,0,0,-2,-1,-1,-5,0,0,4.99,0.36,1.82,1.517
2,0,0,-2,0,0,1,-2,0,-6,1,0,0,-2,-1,-1,-6,0,0,4.99,0.36,1.82,1.517
2,0,0,-3,1,1,1,-2,0,-6,1,0,0,-2,-1,-1,-6,0,0,4.99,0.36,1.82,1.517
2,0,0,-3,1,1,1,-2,0,-6,1,0,0,-2,-1,-1,-6,0,0,4.99,0.36,1.82,1.517
2,0,0,-3,1,1,1,-2,0,-6,1,0,0,-2,-1,0,-5,0,0,4.99,0.36,1.82,1.517
2,0,0,-3,1,1,1,-2,0,-6,1,0,0,-2,-1,0,-5,0,0,4.99,0.36,1.82,1.517
2,0,0,-3,1,1,1,-2,0,-7,1,0,0,-2,-1,0,-4,0,0,4.99,0.37,1.88,1.565
2,0,0,-3,1,1,1,-2,0,-7,1,0,0,-2,-1,-1,-4,0,0,4.99,0.37,1.88,1.565
2,0,0,-3,1,0,1,-2,0,-7,1,0,0,-2,-1,-1,-3,0,0,4.99,0.37,1.88,1.565
2,0,0,-2,1,0,1,-2,0,-7,1,0,0,-2,-1,-1,-3,0,0,4.99,0.37,1.88,1.565
2,0,0,-2,1,0,1,-2,0,-7,1,0,0,-2,-1,-1,-2,0,0,4.99,0.37,1.88,1.565
2,0,0,-2,1,0,1,-2,0,-6,1,0,0,-2,-1,-1,-2,0,0,4.99,0.37,1.88,1.565
2,0,0,-2,1,0,1,-2,0,-7,1,0,0,-2,-1,-1,-2,0,0,4.99,0.37,1.88,1.565
2,0,0,-3,1,0,1,-2,0,-7,1,0,0,-2,-1,0,-2,0,0,4.99,0.37,1.88,1.565
2,0,0,-3,1,0,1,-2,0,-7,1,0,0,-2,-1,0,-3,0,0,4.99,0.37,1.88,1.565
2,0,0,-3,1,0,1,-2,0,-7,2,0,0,-2,-1,0,-3,0,0,4.99,0.37,1.88,1.565
2,0,0,-3,1,0,1,-2,0,-7,2,0,0,-2,-1,0,-3,0,0,4.99,0.37,1.88,1.565
2,0,0,-4,1,0,1,-2,0,-6,3,1,0,-2,-1,0,-3,0,0,5.0,0.44,2.24,1.866
2,0,0,-4,1,0,1,-2,0,-5,3,1,0,-2,-1,0,-3,0,0,5.0,0.44,2.24,1.866
2,0,0,-4,2,0,1,-2,0,-4,3,2,0,-2,-1,0,-3,0,0,5.0,0.44,2.24,1.866
2,0,0,-5,2,0,1,-2,0,-3,3,2,0,-2,-1,0,-3,0,0,5.0,0.44,2.24,1.866
2,0,0,-5,2,0,1,-2,0,-1,3,3,0,-2,0,0,-3,0,0,5.0,0.44,2.24,1.866
2,0,0,-5,2,0,1,-2,0,0,3,4,0,-2,0,0,-3,0,0,5.0,0.44,2.24,1.866
2,0,0,-6,1,0,1,-2,0,0,2,4,0,-2,-1,0,-4,0,0,5.0,0.44,2.24,1.866
2,0,0,-6,2,0,1,-2,0,0,1,4,0,-2,-1,0,-3,0,0,5.0,0.44,2.24,1.866
2,0,0,-6,1,1,1,-2,0,1,0,4,0,-2,-1,0,-3,1,0,5.0,0.44,2.24,1.866
2,0,0,-6,1,1,1,-2,0,1,-1,4,0,-2,-1,0,-3,1,0,5.0,0.44,2.24,1.866
2,0,0,-6,1,0,1,-2,0,2,-4,4,0,-2,-1,0,-3,1,0,5.0,0.44,2.24,1.866
2,0,0,-6,1,1,1,-2,0,2,-5,4,0,-2,-1,0,-3,1,0,5.0,0.44,2.2,1.834
2,0,0,-6,1,1,1,-2,0,2,-9,4,0,-2,-1,0,-3,1,0,5.0,0.44,2.2,1.834
2,0,0,-6,1,0,1,-2,0,2,-10,4,0,-2,-1,0,-2,1,0,5.0,0.44,2.2,1.834
2,0,0,-5,1,0,1,-2,0,2,-13,3,0,-2,-1,0,-2,1,0,5.0,0.44,2.2,1.834
2,0,0,-5,1,0,1,-2,0,2,-14,3,0,-2,-1,0,-2,1,0,5.0,0.44,2.2,1.834
2,0,0,-5,0,0,1,-2,0,1,-15,2,0,-2,-1,0,-1,0,0,5.0,0.44,2.2,1.834
2,0,0,-5,0,0,1,-2,0,0,-15,2,0,-2,-1,0,-1,1,0,5.0,0.44,2.2,1.834
2,0,0,-4,-1,0,1,-2,0,-8,6,-1,0,-2,0,-2,3,3,0,4.99,0.44,2.2,1.833
2,0,0,-4,-2,0,1,-2,0,-7,7,-1,0,-2,0,-2,2,2,0,4.99,0.44,2.2,1.833
2,0,0,-4,-1,0,1,-2,0,-7,7,-1,0,-2,0,-2,2,1,0,4.99,0.44,2.2,1.833
2,0,0,-3,-2,0,1,-2,0,-7,7,-1,0,-2,0,-2,1,1,0,4.99,0.44,2.2,1.833
2,0,0,-3,-1,0,1,-2,0,-8,7,-2,0,-2,0,-2,0,1,0,4.99,0.44,2.2,1.833
2,0,0,-3,-2,0,1,-2,0,-7,7,-2,0,-2,-1,-1,0,2,0,4.99,0.44,2.2,1.833
2,0,0,-3,-2,0,1,-2,0,-7,8,-2,0,-2,-1,-1,-1,2,0,4.99,0.44,2.2,1.833
2,0,0,-3,-2,0,1,-2,0,-7,7,-1,0,-2,-1,-1,-1,3,0,4.99,0.44,2.2,1.833
2,0,0,-3,-2,0,1,-2,0,-7,7,-1,0,-2,0,-1,-2,3,0,4.99,0.44,2.2,1.833
2,0,0,-3,-1,0,1,-2,0,-7,6,-1,0,-2,0,-2,-2,3,0,5.0,0.44,2.21,1.839
2,0,0,-3,-1,0,1,-2,0,-6,6,-1,0,-2,0,-3,-2,3,0,5.0,0.44,2.21,1.839
2,0,0,-3,-1,0,1,-2,0,-6,5,-1,0,-2,0,-3,-2,4,0,5.0,0.44,2.21,1.839
2,0,0,-3,-1,0,1,-2,0,-6,4,0,0,-2,0,-3,-2,4,0,5.0,0.44,2.21,1.839
2,0,0,-3,-1,0,1,-2,0,-5,3,0,0,-2,0,-3,-1,4,0,5.0,0.44,2.21,1.839
2,0,0,-3,-1,0,1,-2,0,-5,3,0,0,-2,0,-3,-1,4,0,5.0,0.44,2.21,1.839
2,0,0,-3,-1,0,1,-2,0,-5,3,0,0,-2,0,-3,0,3,0,5.0,0.44,2.21,1.839
2,0,0,-3,-1,0,1,-2,0,-5,2,0,0,-2,0,-3,0,3,0,5.0,0.44,2.21,1.839
2,0,0,-3,-1,0,1,-2,0,-5,1,0,0,-2,0,-3,0,3,0,5.0,0.44,2.21,1.839
2,0,0,-3,-1,0,1,-2,0,-5,1,0,0,-2,0,-3,0,3,0,5.0,0.44,2.21,1.839
2,0,0,-3,-1,0,1,-2,0,-5,0,0,0,-2,0,-3,1,4,0,5.0,0.44,2.21,1.839
2,0,0,-3,-1,0,1,-2,0,-4,0,0,0,-2,0,-3,2,4,0,5.0,0.44,2.2,1.837
2,0,0,-3,-1,0,1,-2,0,-4,0,0,0,-2,0,-3,3,4,0,5.0,0.44,2.2,1.837
2,0,0,-3,-1,0,1,-2,0,-4,-1,0,0,-2,0,-3,3,3,0,5.0,0.44,2.2,1.837
2,0,0,-3,-1,0,1,-2,0,-4,-1,0,0,-2,0,-3,3,3,0,5.0,0.44,2.2,1.837
2,0,0,-3,-1,0,1,-2,0,-4,-1,0,0,-2,0,-3,3,3,0,5.0,0.44,2.2,1.837
2,0,0,-3,-1,0,1,-2,0,-4,-1,0,0,-2,0,-3,2,3,0,5.0,0.44,2.2,1.837
2,0,0,-2,-1,0,1,-2,0,-4,0,0,0,-2,0,-2,1,3,0,5.0,0.44,2.2,1.837
2,0,0,-2,-1,0,1,-2,0,-4,0,0,0,-2,0,-2,0,3,0,5.0,0.44,2.2,1.837
2,0,0,-2,-1,0,1,-2,0,-5,0,0,0,-2,0,-2,0,3,0,5.0,0.44,2.2,1.837
2,0,0,-2,-1,0,1,-2,0,-5,0,0,0,-2,0,-2,-1,2,0,5.0,0.44,2.2,1.837
2,0,0,-2,-1,0,1,-2,0,-5,1,0,0,-2,0,-2,-2,2,0,5.0,0.44,2.2,1.837
2,0,0,-3,-1,0,1,-2,0,-5,2,0,0,-2,0,-2,-2,2,0,5.0,0.44,2.22,1.851
2,0,0,-3,-1,0,1,-2,0,-5,2,0,0,-2,0,-2,-3,2,0,5.0,0.44,2.22,1.851
2,0,0,-3,-1,0,1,-2,0,-5,2,0,0,-2,0,-2,-3,2,0,5.0,0.44,2.22,1.851
2,0,0,-3,0,0,1,-2,0,-5,3,0,0,-2,0,-1,-3,2,0,5.0,0.44,2.22,1.851
2,0,0,-3,0,0,1,-2,0,-6,3,0,0,-2,0,-2,-3,2,0,5.0,0.44,2.22,1.851
2,0,0,-3,0,0,1,-2,0,-6,3,0,0,-2,0,-2,-3,2,0,5.0,0.44,2.22,1.851
2,0,0,-3,0,0,1,-2,0,-6,3,0,0,-2,0,-2,-3,2,0,5.0,0.44,2.22,1.851
2,0,0,-3,0,0,1,-2,0,-6,3,0,0,-2,0,-2,-3,2,0,5.0,0.44,2.22,1.851
2,0,0,-3,0,0,1,-2,0,-6,3,0,0,-2,0,-3,-2,1,0,5.0,0.44,2.22,1.851
2,0,0,-3,0,0,1,-2,0,-6,3,0,0,-2,0,-3,-2,1,0,5.0,0.44,2.22,1.851
2,0,0,-3,0,0,1,-2,0,-6,3,0,0,-2,0,-2,-2,2,0,5.0,0.44,2.22,1.851
2,0,0,-3,0,0,1,-2,0,-7,3,0,0,-2,0,-2,-2,1,0,5.0,0.44,2.2,1.835
2,0,0,-3,0,0,1,-2,0,-7,2,0,0,-2,-1,-2,-2,1,0,5.0,0.44,2.2,1.835
2,0,0,-3,0,0,1,-2,0,-7,2,0,0,-2,0,-3,-2,1,0,5.0,0.44,2.2,1.835
2,0,0,-3,0,0,1,-2,0,-7,2,0,0,-2,0,-3,-2,1,0,5.0,0.44,2.2,1.835
2,0,0,-3,0,0,1,-2,0,-6,1,0,0,-2,0,-3,-2,1,0,5.0,0.44,2.2,1.835
2,0,0,-3,0,0,1,-2,0,-6,1,0,0,-2,0,-4,-2,1,0,5.0,0.44,2.2,1.835
2,0,0,-3,0,0,1,-2,0,-6,0,0,0,-2,0,-4,-1,2,0,5.0,0.44,2.2,1.835
2,0,0,-4,0,0,1,-2,0,-6,0,0,0,-2,-1,-3,-1,2,0,5.0,0.44,2.2,1.835
2,0,0,-4,0,0,1,-2,0,-7,0,0,0,-2,0,-3,-1,1,0,5.0,0.44,2.2,1.835
2,0,0,-3,0,0,1,-2,0,-7,0,0,0,-2,-1,-3,-1,2,0,5.0,0.44,2.2,1.835
2,0,0,-3,0,0,1,-2,0,-7,0,0,0,-2,0,-3,-2,1,0,5.0,0.44,2.2,1.835
2,0,0,-3,0,0,1,-2,0,-7,0,0,0,-2,0,-3,-2,1,0,5.0,0.43,2.19,1.824
2,0,0,-3,1,0,1,-2,0,-6,0,0,0,-2,0,-2,0,3,0,5.0,0.43,2.19,1.826
2,0,0,-2,0,0,1,-2,0,-6,0,0,0,-2,0,-3,0,2,0,5.0,0.43,2.19,1.826
2,0,0,-2,0,0,1,-2,0,-6,0,0,0,-2,0,-2,0,2,0,5.0,0.43,2.19,1.826
2,0,0,-2,0,0,1,-2,0,-6,0,0,0,-2,0,-2,0,2,0,5.0,0.43,2.19,1.826
2,0,0,-2,0,0,1,-2,0,-6,0,0,0,-2,0,-2,0,2,0,5.0,0.43,2.19,1.825
2,0,0,-3,0,0,1,-2,0,-6,0,0,0,-2,0,-2,0,2,0,5.0,0.43,2.19,1.825
2,0,0,-3,0,0,1,-2,0,-6,0,0,0,-2,0,-2,0,1,0,5.0,0.43,2.19,1.825
2,0,0,-3,0,0,1,-2,0,-5,0,0,0,-2,0,-3,-1,1,0,5.0,0.43,2.19,1.825
2,0,0,-3,0,0,1,-2,0,-5,0,0,0,-2,0,-3,-1,1,0,5.0,0.43,2.19,1.825
2,0,0,-3,0,0,1,-2,0,-6,0,0,0,-2,-1,-3,-2,1,0,5.0,0.43,2.19,1.825
2,0,0,-3,0,0,1,-2,0,-6,0,0,0,-2,0,-2,-2,1,0,5.0,0.43,2.19,1.825
2,0,0,-3,0,0,1,-2,0,-6,0,0,0,-2,0,-2,-2,1,0,5.0,0.43,2.19,1.825
2,0,0,-3,0,0,1,-2,0,-6,0,0,0,-2,0,-3,-2,1,0,5.0,0.43,2.19,1.825
2,0,0,-2,0,0,1,-2,0,-6,0,0,0,-2,-1,-3,-2,1,0,5.0,0.43,2.19,1.825
2,0,0,-2,0,0,1,-2,0,-6,1,0,0,-2,0,-3,-2,1,0,5.0,0.43,2.19,1.825
2,0,0,-1,0,0,1,-2,0,-5,1,0,0,-2,0,-3,-2,1,0,5.0,0.44,2.23,1.863
2,0,0,-1,0,0,1,-2,0,-5,1,0,0,-2,0,-3,-2,0,0,5.0,0.44,2.23,1.863
2,0,0,-1,0,0,1,-2,0,-4,1,0,0,-2,0,-2,-2,0,0,5.0,0.44,2.23,1.863
2,0,0,-2,0,0,1,-2,0,-5,1,0,0,-2,0,-2,-2,0,0,5.0,0.44,2.23,1.863
2,0,0,-2,0,0,1,-2,0,-5,1,0,0,-2,0,-2,-2,1,0,5.0,0.44,2.23,1.863
2,0,0,-3,0,0,1,-2,0,-5,1,0,0,-2,0,-2,-2,2,0,5.0,0.44,2.23,1.863
2,0,0,-3,0,0,1,-2,0,-5,0,0,0,-2,0,-2,-2,2,0,5.0,0.44,2.23,1.863
2,0,0,-3,0,0,1,-2,0,-5,0,0,0,-2,0,-3,-3,2,0,5.0,0.44,2.23,1.863
2,0,0,-3,0,0,1,-2,0,-5,0,0,0,-2,0,-3,-2,2,0,5.0,0.44,2.23,1.863
2,0,0,-3,0,0,1,-2,0,-4,0,0,0,-2,0,-4,-2,2,0,5.0,0.44,2.23,1.863
2,0,0,-3,0,0,1,-2,0,-4,0,0,0,-2,0,-4,-3,2,0,5.0,0.44,2.23,1.863
2,0,0,-3,0,0,1,-2,0,-4,1,0,0,-2,0,-4,-2,2,0,5.0,0.44,2.2,1.833
2,0,0,-2,0,0,1,-2,0,-4,1,0,0,-2,0,-4,-2,2,0,5.0,0.44,2.2,1.833
2,0,0,-2,0,0,1,-2,0,-4,1,0,0,-2,0,-4,-1,2,0,5.0,0.44,2.2,1.833
2,0,0,-2,0,0,1,-2,0,-4,1,0,0,-2,-1,-3,-1,2,0,5.0,0.44,2.2,1.833
2,0,0,-2,0,0,1,-2,0,-4,1,0,0,-2,-1,-3,-1,2,0,5.0,0.44,2.2,1.833
2,0,0,-2,0,0,1,-2,0,-5,1,0,0,-2,0,-3,-1,2,0,5.0,0.44,2.2,1.833
2,0,0,-2,0,0,1,-2,0,-5,0,0,0,-2,0,-2,-1,2,0,5.0,0.44,2.2,1.833
2,0,0,-2,0,0,1,-2,0,-5,0,0,0,-2,0,-2,-1,2,0,5.0,0.44,2.2,1.833
2,0,0,-2,0,0,1,-2,0,-5,0,0,0,-2,0,-3,-1,2,0,5.0,0.44,2.2,1.833
2,0,0,-2,0,0,1,-2,0,-5,0,0,0,-2,0,-3,-2,2,0,5.0,0.44,2.2,1.833
2,0,0,-2,0,0,1,-2,0,-5,0,0,0,-2,0,-3,-2,2,0,5.0,0.44,2.2,1.833
2,0,0,-2,0,0,1,-2,0,-5,0,0,0,-2,0,-3,-1,2,0,5.0,0.44,2.2,1.835
2,0,0,-2,0,0,1,-2,0,-5,0,0,0,-2,0,-3,-2,2,0,5.0,0.44,2.2,1.835
2,0,0,-3,0,0,1,-2,0,-5,1,0,0,-2,0,-3,-1,2,0,5.0,0.44,2.2,1.835
2,0,0,-3,0,0,1,-2,0,-6,1,0,0,-2,0,-3,-1,2,0,5.0,0.44,2.2,1.835
2,0,0,-3,0,0,1,-2,0,-6,1,0,0,-2,0,-3,-1,2,0,5.0,0.44,2.2,1.835
2,0,0,-3,0,0,1,-2,0,-6,1,0,0,-2,0,-3,0,2,0,5.0,0.44,2.2,1.835
2,0,0,-3,0,0,1,-2,0,-6,1,0,0,-2,0,-3,0,3,0,5.0,0.44,2.2,1.835
2,0,0,-3,0,0,1,-2,0,-6,1,0,0,-2,0,-3,0,2,0,5.0,0.44,2.2,1.835
2,0,0,-3,0,0,1,-2,0,-6,1,0,0,-2,0,-2,0,3,0,5.0,0.44,2.2,1.835
2,0,0,-3,0,0,1,-2,0,-6,1,0,0,-2,0,-2,0,2,0,5.0,0.44,2.2,1.835
2,0,0,-3,0,0,1,-2,0,-6,1,0,0,-2,-1,-2,0,3,0,5.0,0.44,2.2,1.835
2,0,0,-3,0,0,1,-2,0,-6,1,0,0,-2,0,-2,0,3,0,4.99,0.44,2.21,1.842
2,0,0,-3,0,0,1,-2,0,-6,1,0,0,-2,0,-2,0,2,0,4.99,0.44,2.21,1.842
2,0,0,-3,0,0,1,-2,0,-6,1,0,0,-2,0,-2,0,2,0,4.99,0.44,2.21,1.842
2,0,0,-3,1,0,1,-2,0,-6,1,0,0,-2,0,-2,0,2,0,4.99,0.44,2.21,1.842
2,0,0,-3,0,0,1,-2,0,-6,1,0,0,-2,0,-2,0,2,0,4.99,0.44,2.21,1.842
2,0,0,-3,0,0,1,-2,0,-6,1,0,0,-2,0,-2,-1,2,0,4.99,0.44,2.21,1.842
2,0,0,-6,1,0,1,-2,0,-9,6,0,0,-2,0,-1,3,6,0,5.0,0.43,2.2,1.831
2,0,0,-5,0,0,1,-2,0,-9,6,0,0,-2,0,-1,2,5,0,5.0,0.43,2.2,1.831
2,0,0,-5,0,0,1,-2,0,-9,6,0,0,-2,0,-1,1,5,0,5.0,0.43,2.2,1.831
2,0,0,-5,0,0,1,-2,0,-8,6,0,0,-2,0,0,0,4,0,5.0,0.43,2.2,1.831
2,0,0,-5,0,0,1,-2,0,-8,6,0,0,-2,0,0,0,4,0,5.0,0.43,2.2,1.831
2,0,0,-5,0,0,1,-2,0,-7,6,0,0,-2,0,-1,0,3,0,5.0,0.43,2.2,1.831
2,0,0,-5,0,0,1,-2,0,-7,5,0,0,-2,0,-1,0,3,0,5.0,0.43,2.2,1.831
2,0,0,-5,0,0,1,-2,0,-7,5,0,0,-2,0,-1,0,3,0,5.0,0.43,2.2,1.831
2,0,0,-5,0,0,1,-2,0,-7,4,0,0,-2,0,-2,0,3,0,5.0,0.43,2.2,1.831
2,0,0,-4,0,0,1,-2,0,-6,3,0,0,-2,0,-2,0,3,0,5.0,0.43,2.2,1.831
2,0,0,-4,0,0,1,-2,0,-6,3,0,0,-2,0,-2,0,3,0,5.0,0.44,2.24,1.869
2,0,0,-4,-1,0,1,-2,0,-5,2,0,0,-2,0,-2,0,3,0,5.0,0.44,2.24,1.869
2,0,0,-4,-1,0,1,-2,0,-5,1,0,0,-2,0,-2,0,2,0,5.0,0.44,2.24,1.869
2,0,0,-3,-1,0,1,-2,0,-5,1,0,0,-2,0,-2,0,2,0,5.0,0.44,2.24,1.869
2,0,0,-3,-1,0,1,-2,0,-5,1,0,0,-2,0,-2,0,2,0,5.0,0.44,2.24,1.869
2,0,0,-3,-1,0,1,-2,0,-4,1,0,0,-2,-1,-2,0,2,0,5.0,0.44,2.24,1.869
2,0,0,-3,-1,0,1,-2,0,-4,0,0,0,-2,0,-3,0,2,0,5.0,0.44,2.24,1.869
2,0,0,-3,-1,0,1,-2,0,-4,0,0,0,-2,0,-2,0,2,0,5.0,0.44,2.24,1.869
2,0,0,-2,-1,0,1,-2,0,-4,0,0,0,-2,0,-3,-1,2,0,5.0,0.44,2.24,1.869
2,0,0,-2,-1,0,1,-2,0,-4,0,0,0,-2,0,-3,-1,2,0,5.0,0.44,2.24,1.869
2,0,0,-2,-1,0,1,-2,0,-4,0,0,0,-2,0,-3,-1,2,0,5.0,0.44,2.24,1.869
2,0,0,-2,-1,0,1,-2,0,-4,0,0,0,-2,0,-3,-1,2,0,5.0,0.43,2.2,1.833
2,0,0,-2,-1,0,1,-2,0,-4,0,0,0,-2,0,-3,-1,2,0,5.0,0.43,2.2,1.833
2,0,0,-2,-1,0,1,-2,0,-4,-1,0,0,-2,0,-3,-1,2,0,5.0,0.43,2.2,1.833
2,0,0,-2,-1,0,1,-2,0,-5,-1,0,0,-2,0,-3,-1,2,0,5.0,0.43,2.2,1.833
2,0,0,-2,-1,0,1,-2,0,-4,-1,0,0,-2,0,-3,-1,2,0,5.0,0.43,2.2,1.833
2,0,0,-2,-1,0,1,-2,0,-4,-2,0,0,-2,0,-2,-1,2,0,5.0,0.43,2.2,1.833
2,0,0,-2,-1,0,1,-2,0,-4,-2,0,0,-2,0,-3,-1,2,0,5.0,0.43,2.2,1.833
2,0,0,-2,-1,0,1,-2,0,-4,-2,0,0,-2,0,-2,0,2,0,5.0,0.43,2.2,1.833
2,0,0,-2,-1,0,1,-2,0,-4,-2,0,0,-2,-1,-2,0,2,0,5.0,0.43,2.2,1.833
2,0,0,-2,-1,0,1,-2,0,-4,-2,0,0,-2,0,-2,0,2,0,5.0,0.43,2.2,1.833
2,0,0,-2,-1,0,1,-2,0,-4,-2,0,0,-2,-1,-2,-1,2,0,5.0,0.43,2.2,1.833
2,0,0,-2,0,0,1,-2,0,-5,-1,0,0,-2,0,-1,-1,2,0,5.0,0.43,2.19,1.83
2,0,0,-2,0,0,1,-2,0,-5,-1,0,0,-2,0,-2,-1,2,0,5.0,0.43,2.19,1.83
2,0,0,-2,0,0,1,-2,0,-4,-1,0,0,-2,0,-2,-1,2,0,5.0,0.43,2.19,1.83
2,0,0,-2,0,0,1,-2,0,-4,0,0,0,-2,0,-2,-2,1,0,5.0,0.43,2.19,1.83
2,0,0,-3,0,0,1,-2,0,-4,0,0,0,-2,0,-2,-2,2,0,5.0,0.43,2.19,1.83
2,0,0,-3,0,0,1,-2,0,-5,-1,0,0,-2,-1,-2,-3,1,0,5.0,0.43,2.19,1.83
2,0,0,-3,0,0,1,-2,0,-5,0,0,0,-2,-1,-2,-3,1,0,5.0,0.43,2.19,1.83
2,0,0,-3,0,0,1,-2,0,-6,0,0,0,-2,0,-2,-3,1,0,5.0,0.43,2.19,1.83
2,0,0,-3,0,0,1,-2,0,-6,0,0,0,-2,-1,-1,-3,1,0,5.0,0.43,2.19,1.83
2,0,0,-3,0,0,1,-2,0,-6,0,0,0,-2,0,-1,-3,0,0,5.0,0.43,2.19,1.83
2,0,0,-2,0,0,1,-2,0,-5,0,0,0,-2,0,-1,-3,0,0,5.0,0.43,2.19,1.83
2,0,0,-2,-1,0,1,-2,0,-5,1,0,0,-2,0,-1,-3,0,0,5.0,0.44,2.22,1.852
2,0,0,-2,-1,0,1,-2,0,-5,1,0,0,-2,0,-1,-3,0,0,5.0,0.44,2.22,1.852
2,0,0,-1,-1,0,1,-2,0,-6,2,0,0,-2,0,-1,-4,0,0,5.0,0.44,2.22,1.852
2,0,0,-2,-1,0,1,-2,0,-6,3,0,0,-2,0,-1,-4,0,0,5.0,0.44,2.22,1.852
2,0,0,-2,-1,0,1,-2,0,-6,4,0,0,-2,0,-1,-4,0,0,5.0,0.44,2.22,1.852
2,0,0,-2,-1,0,1,-2,0,-7,5,0,0,-2,0,-1,-5,0,0,5.0,0.44,2.22,1.852
2,0,0,-3,0,0,1,-2,0,-7,5,0,0,-2,0,-1,-5,0,0,5.0,0.44,2.22,1.852
2,0,0,-3,-1,0,1,-2,0,-7,5,0,0,-2,0,-1,-6,0,0,5.0,0.44,2.22,1.852
2,0,0,-4,0,0,1,-2,0,-7,5,0,0,-2,0,-1,-5,0,0,5.0,0.44,2.22,1.852
2,0,0,-4,0,0,1,-2,0,-7,5,0,0,-2,0,-2,-5,1,0,5.0,0.44,2.22,1.852
2,0,0,-4,0,0,1,-2,0,-8,5,0,0,-2,0,-2,-4,1,0,5.0,0.44,2.22,1.852
2,0,0,-5,0,0,1,-2,0,-7,3,0,0,-2,0,-2,1,2,0,5.0,0.43,2.2,1.832
2,0,0,-5,0,0,1,-2,0,-7,2,0,0,-2,-1,-1,1,3,0,5.0,0.43,2.2,1.832
2,0,0,-5,0,0,1,-2,0,-8,2,0,0,-2,0,-1,1,2,0,5.0,0.43,2.2,1.832
2,0,0,-4,0,0,1,-2,0,-8,2,0,0,-2,0,-1,1,3,0,5.0,0.43,2.2,1.832
2,0,0,-4,0,0,1,-2,0,-7,2,0,0,-2,0,-2,1,2,0,5.0,0.43,2.2,1.832
2,0,0,-4,0,0,1,-2,0,-7,2,0,0,-2,0,-2,1,2,0,5.0,0.45,2.25,1.879
2,0,0,-3,0,0,1,-2,0,-6,2,0,0,-2,0,-2,1,2,0,5.0,0.45,2.25,1.879
2,0,0,-3,0,0,1,-2,0,-6,2,0,0,-2,0,-2,1,2,0,5.0,0.45,2.25,1.879
2,0,0,-3,0,0,1,-2,0,-6,1,0,0,-2,0,-2,1,1,0,5.0,0.45,2.25,1.879
2,0,0,-3,0,0,1,-2,0,-6,1,0,0,-2,0,-1,1,1,0,5.0,0.45,2.25,1.879
2,0,0,-4,0,0,1,-2,0,-6,1,0,0,-2,0,-1,0,2,0,5.0,0.45,2.25,1.879
2,0,0,-4,0,0,1,-2,0,-6,1,0,0,-2,0,-1,0,2,0,5.0,0.45,2.25,1.879
2,0,0,-4,0,0,1,-2,0,-6,0,0,0,-2,0,-2,0,2,0,5.0,0.45,2.25,1.879
2,0,0,-4,0,0,1,-2,0,-6,0,0,0,-2,0,-2,0,2,0,5.0,0.45,2.25,1.879
2,0,0,-4,0,0,1,-2,0,-6,1,0,0,-2,0,-2,0,2,0,5.0,0.45,2.25,1.879
2,0,0,-4,0,0,1,-2,0,-6,1,0,0,-2,0,-2,0,2,0,5.0,0.45,2.25,1.879
2,0,0,-4,0,0,1,-2,0,-6,1,0,0,-2,0,-3,-1,2,0,5.0,0.44,2.2,1.84
2,0,0,-4,0,0,1,-2,0,-6,1,0,0,-2,0,-3,-1,2,0,5.0,0.44,2.2,1.84
2,0,0,-3,0,0,1,-2,0,-6,2,0,0,-2,-1,-3,-1,1,0,5.0,0.44,2.2,1.84
2,0,0,-3,0,0,1,-2,0,-6,2,0,0,-2,0,-3,-1,1,0,5.0,0.44,2.2,1.84
2,0,0,-3,0,0,1,-2,0,-6,3,0,0,-2,0,-3,-1,2,0,5.0,0.44,2.2,1.84
2,0,0,-3,0,0,1,-2,0,-6,3,0,0,-2,0,-3,-1,2,0,5.0,0.44,2.2,1.84
2,0,0,-3,0,0,1,-2,0,-6,3,0,0,-2,0,-3,-1,2,0,5.0,0.44,2.2,1.84
2,0,0,-3,0,0,1,-2,0,-6,3,0,0,-2,0,-3,-1,2,0,5.0,0.44,2.2,1.84
2,0,0,-3,0,0,1,-2,0,-7,3,0,0,-2,0,-3,-1,2,0,5.0,0.44,2.2,1.84
2,0,0,-3,0,0,1,-2,0,-6,3,0,0,-2,0,-3,-1,2,0,5.0,0.44,2.2,1.84
2,0,0,-3,0,0,1,-2,0,-6,2,0,0,-2,0,-3,-2,1,0,5.0,0.44,2.2,1.84
2,0,0,-3,0,0,1,-2,0,-6,2,0,0,-2,0,-2,-2,1,0,4.99,0.44,2.24,1.866
2,0,0,-3,0,0,1,-2,0,-6,1,0,0,-2,0,-2,-2,1,0,4.99,0.44,2.24,1.866
2,0,0,-3,0,0,1,-2,0,-6,1,0,0,-2,0,-3,-2,1,0,4.99,0.44,2.24,1.866
2,0,0,-3,0,0,1,-2,0,-6,1,0,0,-2,0,-3,-3,1,0,4.99,0.44,2.24,1.866
2,0,0,-2,0,0,1,-2,0,-6,0,0,0,-2,0,-3,-3,1,0,4.99,0.44,2.24,1.866
2,0,0,-2,0,0,1,-2,0,-6,0,0,0,-2,0,-3,-3,1,0,4.99,0.44,2.24,1.866
2,0,0,-3,0,0,1,-2,0,-5,0,0,0,-2,0,-2,-3,1,0,4.99,0.44,2.24,1.866
2,0,0,-3,0,0,1,-2,0,-5,0,0,0,-2,0,-2,-3,1,0,4.99,0.44,2.24,1.866
2,0,0,-3,0,0,1,-2,0,-5,0,0,0,-2,0,-2,-3,1,0,4.99,0.44,2.24,1.866
2,0,0,-3,0,0,1,-2,0,-5,0,0,0,-2,0,-2,-2,1,0,4.99,0.44,2.24,1.866
2,0,0,-3,0,0,1,-2,0,-5,0,0,0,-2,0,-3,-2,1,0,4.99,0.44,2.24,1.866
2,0,0,-2,0,0,1,-2,0,-5,0,0,0,-2,0,-3,-2,1,0,5.0,0.44,2.22,1.85
2,0,0,-2,0,0,1,-2,0,-6,0,-1,0,-2,0,-3,-2,1,0,5.0,0.44,2.22,1.85
2,0,0,-2,0,0,1,-2,0,-6,1,-1,0,-2,0,-3,-2,1,0,5.0,0.44,2.22,1.85
2,0,0,-2,0,0,1,-2,0,-6,1,-1,0,-2,0,-2,-2,1,0,5.0,0.44,2.22,1.85
2,0,0,-2,0,0,1,-2,0,-6,1,-1,0,-2,0,-2,-2,1,0,5.0,0.44,2.22,1.85
2,0,0,-2,0,0,1,-2,0,-6,0,-1,0,-2,0,-2,-2,1,0,5.0,0.44,2.22,1.85
2,0,0,-2,0,0,1,-2,0,-6,1,0,0,-2,0,-2,-2,1,0,5.0,0.44,2.22,1.85
2,0,0,-2,0,0,1,-2,0,-5,1,0,0,-2,0,-2,-2,1,0,5.0,0.44,2.22,1.85
2,0,0,-2,0,0,1,-2,0,-5,1,0,0,-2,0,-2,-2,1,0,5.0,0.44,2.22,1.85
2,0,0,-2,0,0,1,-2,0,-5,1,0,0,-2,0,-2,-2,1,0,5.0,0.44,2.22,1.85
2,0,0,-2,0,0,1,-2,0,-5,0,0,0,-2,0,-2,-3,1,0,5.0,0.44,2.22,1.85
2,0,0,-2,0,0,1,-2,0,-5,0,0,0,-2,0,-2,-3,1,0,5.0,0.44,2.2,1.836
2,0,0,-2,0,0,1,-2,0,-5,0,0,0,-2,0,-2,-3,1,0,5.0,0.44,2.2,1.836
2,0,0,-3,0,0,1,-2,0,-5,1,0,0,-2,0,-2,-3,1,0,5.0,0.44,2.2,1.836
2,0,0,-3,0,0,1,-2,0,-6,1,0,0,-2,0,-2,-3,1,0,5.0,0.44,2.2,1.836
2,0,0,-3,0,0,1,-2,0,-6,1,0,0,-2,0,-2,-4,1,0,5.0,0.44,2.2,1.836
2,0,0,-3,0,0,1,-2,0,-6,1,-1,0,-2,0,-2,-4,1,0,5.0,0.44,2.2,1.836
2,0,0,-4,0,0,1,-2,0,-8,5,-1,0,-2,0,-2,-1,1,0,5.0,0.44,2.22,1.854
2,0,0,-4,0,0,1,-2,0,-8,5,-1,0,-2,0,-2,-1,1,0,5.0,0.44,2.22,1.854
2,0,0,-4,0,0,1,-2,0,-9,5,-1,0,-2,0,-2,-1,1,0,5.0,0.44,2.22,1.854
2,0,0,-4,0,0,1,-2,0,-8,5,-1,0,-2,0,-2,0,2,0,5.0,0.44,2.22,1.854
2,0,0,-4,0,0,1,-2,0,-8,5,0,0,-2,0,-2,0,1,0,5.0,0.44,2.22,1.854
2,0,0,-4,0,0,1,-2,0,-8,5,0,0,-2,0,-1,0,2,0,5.0,0.44,2.22,1.854
2,0,0,-4,0,0,1,-2,0,-8,4,0,0,-2,0,-1,0,2,0,5.0,0.44,2.22,1.854
2,0,0,-5,0,0,1,-2,0,-8,4,0,0,-2,0,-1,0,2,0,5.0,0.44,2.22,1.854
2,0,0,-5,0,0,1,-2,0,-8,4,0,0,-2,0,-1,0,2,0,5.0,0.44,2.22,1.854
2,0,0,-5,0,0,1,-2,0,-8,4,0,0,-2,0,-1,-1,1,0,5.0,0.44,2.22,1.854
2,0,0,-5,1,0,1,-2,0,-8,3,0,0,-2,0,-1,0,1,0,5.0,0.44,2.21,1.848
2,0,0,-5,1,0,1,-2,0,-8,4,0,0,-2,0,-1,-1,1,0,5.0,0.44,2.21,1.848
2,0,0,-5,1,0,1,-2,0,-8,4,0,0,-2,0,-1,0,2,0,5.0,0.44,2.21,1.848
2,0,0,-5,1,0,1,-2,0,-8,4,0,0,-2,0,-1,0,2,0,5.0,0.44,2.21,1.848
2,0,0,-5,1,0,1,-2,0,-9,4,0,0,-2,0,-1,1,2,0,5.0,0.44,2.21,1.848
2,0,0,-5,1,0,1,-2,0,-9,4,0,0,-2,0,-1,1,2,0,5.0,0.44,2.21,1.848
2,0,0,-5,1,0,1,-2,0,-9,4,0,0,-2,0,-1,1,2,0,5.0,0.44,2.21,1.848
2,0,0,-6,0,0,1,-2,0,-9,4,0,0,-2,0,0,1,3,0,5.0,0.44,2.21,1.848
2,0,0,-6,0,0,1,-2,0,-9,5,0,0,-2,0,0,1,3,0,5.0,0.44,2.21,1.848
2,0,0,-6,0,0,1,-2,0,-9,5,0,0,-2,0,0,1,3,0,5.0,0.44,2.21,1.848
2,0,0,-6,0,0,1,-2,0,-9,5,0,0,-2,0,0,1,3,0,5.0,0.44,2.21,1.848
2,0,0,-7,0,0,1,-2,0,-9,5,0,0,-2,0,0,1,3,0,5.0,0.44,2.2,1.838
2,0,0,-7,1,0,1,-2,0,-9,6,0,0,-2,0,0,1,3,0,5.0,0.44,2.2,1.838
2,0,0,-7,0,0,1,-2,0,-9,6,0,0,-2,0,0,1,4,0,5.0,0.44,2.2,1.838
2,0,0,-7,0,0,1,-2,0,-9,6,0,0,-2,0,0,1,4,0,5.0,0.44,2.2,1.838
2,0,0,-7,0,0,1,-2,0,-9,6,0,0,-2,0,0,1,4,0,5.0,0.44,2.2,1.838
2,0,0,-7,0,0,1,-2,0,-9,5,-1,0,-2,0,0,1,4,0,5.0,0.44,2.2,1.838
2,0,0,-7,0,0,1,-2,0,-9,6,-1,0,-2,0,0,1,4,0,5.0,0.44,2.2,1.838
2,0,0,-7,0,0,1,-2,0,-10,6,-1,0,-2,0,0,0,4,0,5.0,0.44,2.2,1.838
2,0,0,-7,0,0,1,-2,0,-10,6,-1,0,-2,0,0,0,3,0,5.0,0.44,2.2,1.838
2,0,0,-6,0,0,1,-2,0,-9,7,-1,0,-2,0,-1,1,3,0,5.0,0.44,2.2,1.838
2,0,0,-7,0,0,1,-2,0,-9,7,-1,0,-2,0,-1,2,3,0,5.0,0.44,2.2,1.838
2,0,0,-6,0,0,1,-2,0,-9,8,-2,0,-2,0,-1,3,4,0,5.0,0.44,2.2,1.836
2,0,0,-7,0,0,1,-2,0,-9,8,-2,0,-2,0,0,4,4,0,5.0,0.44,2.2,1.836
2,0,0,-7,0,0,1,-2,0,-9,8,-2,0,-2,0,0,5,6,0,5.0,0.44,2.2,1.836
2,0,0,-7,0,0,1,-2,0,-10,8,-2,0,-2,0,0,5,6,0,5.0,0.44,2.2,1.836
2,0,0,-7,0,0,1,-2,0,-10,8,-2,0,-2,0,0,5,7,0,5.0,0.44,2.2,1.836
2,0,0,-7,0,0,1,-2,0,-10,8,-2,0,-2,0,0,5,7,0,5.0,0.44,2.2,1.836
2,0,0,-7,0,0,1,-2,0,-10,7,-1,0,-2,0,0,5,8,0,5.0,0.44,2.2,1.836
2,0,0,-7,0,0,1,-2,0,-9,7,-1,0,-2,0,0,5,8,0,5.0,0.44,2.2,1.836
2,0,0,-6,0,0,1,-2,0,-8,6,-1,0,-2,0,-1,4,7,0,5.0,0.44,2.2,1.836
2,0,0,-6,0,0,1,-2,0,-8,6,-1,0,-2,0,-1,3,7,0,5.0,0.44,2.2,1.836
2,0,0,-6,0,0,1,-2,0,-7,5,0,0,-2,0,-1,3,6,0,5.0,0.44,2.2,1.836
2,0,0,-6,-1,0,1,-2,0,-7,5,0,0,-2,0,0,3,6,0,5.0,0.43,2.19,1.831
2,0,0,-6,-1,0,1,-2,0,-6,5,0,0,-2,0,0,3,5,0,5.0,0.43,2.19,1.831
2,0,0,-6,-1,0,1,-2,0,-6,5,0,0,-2,0,0,4,5,0,5.0,0.43,2.19,1.831
2,0,0,-5,-1,0,1,-2,0,-5,3,0,0,-2,0,0,4,6,0,5.0,0.43,2.19,1.831
2,0,0,-5,-1,0,1,-2,0,-6,2,-1,0,-2,0,0,4,6,0,5.0,0.43,2.19,1.831
2,0,0,-5,-1,0,1,-2,0,-6,2,-1,0,-2,0,0,4,6,0,5.0,0.43,2.19,1.831
2,0,0,-4,-1,0,1,-2,0,-5,1,-1,0,-2,0,0,3,6,0,5.0,0.43,2.19,1.831
2,0,0,-5,-1,0,1,-2,0,-6,1,-1,0,-2,0,0,2,5,0,5.0,0.43,2.19,1.831
2,0,0,-4,-1,0,1,-2,0,-5,1,-1,0,-2,0,0,1,5,0,5.0,0.43,2.19,1.831
2,0,0,-4,-1,0,1,-2,0,-5,1,-1,0,-2,0,-1,0,5,0,5.0,0.43,2.19,1.831
2,0,0,-3,-1,0,1,-2,0,-5,1,0,0,-2,0,-1,0,4,0,5.0,0.43,2.19,1.831
2,0,0,-2,0,0,1,-2,0,-5,0,0,0,-2,0,-3,-2,0,0,5.0,0.44,2.23,1.858
2,0,0,-2,0,0,1,-2,0,-5,0,0,0,-2,0,-2,-2,0,0,5.0,0.44,2.23,1.858
2,0,0,-2,0,0,1,-2,0,-5,0,0,0,-2,0,-2,-2,0,0,5.0,0.44,2.23,1.858
2,0,0,-2,0,0,1,-2,0,-5,0,0,0,-2,0,-2,-2,1,0,5.0,0.44,2.23,1.858
2,0,0,-2,0,0,1,-2,0,-6,0,0,0,-2,0,-1,-1,0,0,5.0,0.44,2.23,1.858
2,0,0,-2,0,0,1,-2,0,-6,0,0,0,-2,0,-2,-1,1,0,5.0,0.44,2.21,1.844
2,0,0,-2,0,0,1,-2,0,-6,0,0,0,-2,0,-2,-1,1,0,5.0,0.44,2.21,1.844
2,0,0,-2,0,0,1,-2,0,-6,0,0,0,-2,0,-2,-1,0,0,5.0,0.44,2.21,1.844
2,0,0,-2,0,0,1,-2,0,-6,0,0,0,-2,0,-2,-1,1,0,5.0,0.44,2.21,1.844
2,0,0,-2,0,0,1,-2,0,-6,0,0,0,-2,0,-2,-1,1,0,5.0,0.44,2.21,1.844
2,0,0,-2,0,0,1,-2,0,-7,0,0,0,-2,0,-2,-1,1,0,5.0,0.44,2.21,1.844
2,0,0,-3,0,0,1,-2,0,-7,0,0,0,-2,0,-2,0,1,0,5.0,0.44,2.21,1.844
2,0,0,-3,0,0,1,-2,0,-7,0,0,0,-2,0,-2,0,1,0,5.0,0.44,2.21,1.844
2,0,0,-3,0,0,1,-2,0,-7,1,0,0,-2,0,-2,0,2,0,5.0,0.44,2.21,1.844
2,0,0,-3,0,0,1,-2,0,-7,1,0,0,-2,0,-2,0,2,0,5.0,0.44,2.21,1.844
2,0,0,-4,0,0,1,-2,0,-7,1,0,0,-2,0,-2,0,2,0,5.0,0.44,2.21,1.844
2,0,0,-4,0,0,1,-2,0,-7,2,0,0,-2,0,-2,0,2,0,5.0,0.44,2.2,1.839
2,0,0,-4,0,0,1,-2,0,-7,2,0,0,-2,0,-2,0,2,0,5.0,0.44,2.2,1.839
2,0,0,-4,0,0,1,-2,0,-7,2,0,0,-2,0,-2,0,2,0,5.0,0.44,2.2,1.839
2,0,0,-4,0,0,1,-2,0,-7,2,0,0,-2,0,-2,0,2,0,5.0,0.44,2.2,1.839
2,0,0,-3,0,0,1,-2,0,-7,2,0,0,-2,0,-2,1,2,0,5.0,0.44,2.2,1.839
2,0,0,-3,0,0,1,-2,0,-7,2,0,0,-2,0,-2,1,2,0,5.0,0.44,2.2,1.839
2,0,0,-3,0,0,1,-2,0,-7,2,0,0,-2,0,-2,0,2,0,5.0,0.44,2.2,1.839
2,0,0,-4,0,0,1,-2,0,-7,3,0,0,-2,0,-2,0,2,0,5.0,0.44,2.2,1.839
2,0,0,-4,0,0,1,-2,0,-7,3,0,0,-2,0,-1,-1,1,0,5.0,0.44,2.2,1.839
2,0,0,-4,0,0,1,-2,0,-7,3,0,0,-2,0,-1,-1,1,0,5.0,0.44,2.2,1.839
2,0,0,-4,0,0,1,-2,0,-7,3,0,0,-2,0,-2,-2,1,0,5.0,0.44,2.2,1.839
2,0,0,-4,0,0,1,-2,0,-7,3,0,0,-2,0,-2,-2,1,0,5.0,0.43,2.19,1.831
2,0,0,-4,0,0,1,-2,0,-7,2,0,0,-2,0,-2,-2,1,0,5.0,0.43,2.19,1.831
2,0,0,-4,0,0,1,-2,0,-7,2,0,0,-2,0,-2,-2,1,0,5.0,0.43,2.19,1.831
2,0,0,-3,0,0,1,-2,0,-7,2,0,0,-2,0,-3,-1,1,0,5.0,0.43,2.19,1.831
2,0,0,-4,0,0,1,-2,0,-7,2,0,0,-2,0,-3,-1,1,0,5.0,0.43,2.19,1.831
2,0,0,-3,0,0,1,-2,0,-6,2,0,0,-2,0,-3,-1,1,0,5.0,0.43,2.19,1.831
2,0,0,-3,0,0,1,-2,0,-6,2,0,0,-2,0,-3,-1,1,0,5.0,0.43,2.19,1.831
2,0,0,-4,0,0,1,-2,0,-6,2,0,0,-2,0,-2,-1,1,0,5.0,0.43,2.19,1.831
2,0,0,-4,0,0,1,-2,0,-7,2,0,0,-2,0,-2,-1,1,0,5.0,0.43,2.19,1.831
2,0,0,-4,0,0,1,-2,0,-7,2,0,0,-2,0,-2,-1,0,0,5.0,0.43,2.19,1.831
2,0,0,-4,0,0,1,-2,0,-7,2,0,0,-2,0,-2,-1,0,0,5.0,0.43,2.19,1.831
2,0,0,-4,0,0,1,-2,0,-7,2,0,0,-2,0,-3,-2,0,0,5.0,0.43,2.19,1.827
2,0,0,-4,0,0,1,-2,0,-7,2,0,0,-2,0,-3,-3,0,0,5.0,0.43,2.19,1.827
