2,0,0,-3,0,0,1,-2,0,-7,3,-1,0,-2,0,-3,0,3,0,5.18,0.36,1.89,0.618
2,0,0,-3,0,0,1,-2,0,-8,3,-1,0,-2,0,-3,0,3,0,5.18,0.36,1.89,0.618
2,0,0,-3,0,0,1,-2,0,-8,3,-2,0,-2,0,-3,0,3,0,5.18,0.36,1.89,0.618
2,0,0,-3,0,0,1,-2,0,-8,3,-2,0,-2,0,-3,0,3,0,5.18,0.36,1.89,0.618
2,0,0,-3,0,0,1,-2,0,-8,4,-3,0,-2,0,-3,0,3,0,5.18,0.36,1.89,0.618
2,0,0,-3,0,0,1,-2,0,-8,4,-2,0,-2,0,-2,0,3,0,5.18,0.36,1.89,0.618
2,0,0,-3,0,0,1,-2,0,-7,3,-2,0,-2,0,-2,0,4,0,5.18,0.36,1.89,0.618
2,0,0,-3,0,0,1,-2,0,-6,2,-2,0,-2,0,-2,0,4,0,5.18,0.36,1.89,0.618
2,0,0,-3,0,0,1,-2,0,-6,1,-2,0,-2,0,-2,0,4,0,5.18,0.36,1.89,0.618
2,0,0,-3,0,0,1,-2,0,-5,1,-2,0,-2,0,-2,-1,4,0,5.18,0.36,1.89,0.618
2,0,0,-3,0,0,1,-2,0,-6,2,-2,0,-2,0,-3,0,3,0,5.18,0.36,1.89,0.618
2,0,0,-4,0,0,1,-2,0,-7,2,-1,0,-2,0,-2,-1,3,0,5.17,0.28,1.5,0.491
2,0,0,-3,0,0,1,-2,0,-7,3,-2,0,-2,0,-2,-1,3,0,5.17,0.28,1.5,0.491
2,0,0,-3,0,0,1,-2,0,-8,3,0,0,-2,0,-2,-1,3,0,5.17,0.28,1.5,0.491
2,0,0,-3,0,0,1,-2,0,-8,3,0,0,-2,0,-2,-1,2,0,5.17,0.28,1.5,0.491
2,0,0,-3,0,0,1,-2,0,-8,3,0,0,-2,0,-3,-1,2,0,5.17,0.28,1.5,0.491
2,0,0,-3,0,0,1,-2,0,-7,3,0,0,-2,0,-2,-2,2,0,5.17,0.28,1.5,0.491
2,0,0,-3,0,0,1,-2,0,-7,3,0,0,-2,0,-3,-2,2,0,5.17,0.28,1.5,0.491
2,0,0,-3,0,0,1,-2,0,-6,2,0,0,-2,0,-3,-2,1,0,5.17,0.28,1.5,0.491
2,0,0,-3,0,0,1,-2,0,-6,2,0,0,-2,0,-3,-2,2,0,5.17,0.28,1.5,0.491
2,0,0,-3,0,0,1,-2,0,-6,2,0,0,-2,0,-3,-2,2,0,5.17,0.28,1.5,0.491
2,0,0,-3,0,0,1,-2,0,-6,2,0,0,-2,0,-4,-3,2,0,5.17,0.28,1.5,0.491
2,0,0,-3,0,0,1,-2,0,-6,2,0,0,-2,0,-4,-3,2,0,5.18,0.35,1.83,0.599
2,0,0,-3,0,0,1,-2,0,-7,2,0,0,-2,0,-4,-3,2,0,5.18,0.35,1.83,0.599
2,0,0,-3,0,0,1,-2,0,-7,2,0,0,-2,0,-3,-3,2,0,5.18,0.35,1.83,0.599
2,0,0,-4,0,0,1,-2,0,-7,2,0,0,-2,0,-3,-4,3,0,5.18,0.35,1.83,0.599
2,0,0,-4,0,0,1,-2,0,-8,2,1,0,-2,0,-3,-4,4,0,5.18,0.35,1.83,0.599
2,0,0,-4,0,0,1,-2,0,-8,2,1,0,-2,0,-3,-4,5,0,5.18,0.35,1.83,0.599
2,0,0,-4,0,0,1,-2,0,-8,2,1,0,-2,0,-3,-5,5,0,5.18,0.35,1.83,0.599
2,0,0,-4,0,0,1,-2,0,-8,2,2,0,-2,0,-4,-5,6,0,5.18,0.35,1.83,0.599
2,0,0,-4,0,0,1,-2,0,-8,2,1,0,-2,0,-4,-6,7,0,5.18,0.35,1.83,0.599
2,0,0,-4,0,0,1,-2,0,-8,2,1,0,-2,0,-5,-6,7,0,5.18,0.35,1.83,0.599
2,0,0,-4,0,0,1,-2,0,-8,3,1,0,-2,0,-6,-5,7,0,5.18,0.35,1.83,0.599
2,0,0,-4,0,0,1,-2,0,-8,3,1,0,-2,0,-6,-5,8,0,5.18,0.36,1.88,0.616
2,0,0,-4,-1,0,1,-2,0,-7,3,0,0,-2,0,-6,-4,7,0,5.18,0.36,1.88,0.616
2,0,0,-3,0,0,1,-2,0,-7,3,0,0,-2,0,-6,-4,8,0,5.18,0.36,1.88,0.616
2,0,0,-4,-1,0,1,-2,0,-7,4,0,0,-2,0,-5,-4,8,0,5.18,0.36,1.88,0.616
2,0,0,-4,0,0,1,-2,0,-6,4,-1,0,-2,0,-5,-4,8,0,5.18,0.36,1.88,0.616
2,0,0,-4,0,0,1,-2,0,-6,3,-1,0,-2,0,-4,-4,8,0,5.18,0.36,1.88,0.616
2,0,0,-4,0,0,1,-2,0,-6,3,-2,0,-2,0,-4,-3,8,0,5.18,0.36,1.88,0.616
2,0,0,-4,0,0,1,-2,0,-6,2,-2,0,-2,0,-5,-4,8,0,5.18,0.36,1.88,0.616
2,0,0,-4,0,0,1,-2,0,-6,2,-3,0,-2,0,-5,-5,8,0,5.18,0.36,1.88,0.616
2,0,0,-4,0,0,1,-2,0,-7,1,-3,0,-2,0,-5,-5,7,0,5.18,0.36,1.88,0.616
2,0,0,-4,0,0,1,-2,0,-7,1,-4,0,-2,0,-5,-5,7,0,5.18,0.36,1.88,0.616
2,0,0,-4,0,0,1,-2,0,-7,1,-3,0,-2,0,-5,-6,7,0,5.18,0.35,1.83,0.6
2,0,0,-4,0,0,1,-2,0,-7,2,-3,0,-2,0,-5,-6,7,0,5.18,0.35,1.83,0.6
2,0,0,-4,0,0,1,-2,0,-8,2,-3,0,-2,0,-5,-6,7,0,5.18,0.35,1.83,0.6
2,0,0,-3,0,0,1,-2,0,-8,2,-2,0,-2,0,-5,-6,7,0,5.18,0.35,1.83,0.6
2,0,0,-3,0,0,1,-2,0,-8,3,-2,0,-2,0,-5,-6,6,0,5.18,0.35,1.83,0.6
2,0,0,-3,0,0,1,-2,0,-8,4,-2,0,-2,0,-5,-6,6,0,5.18,0.35,1.83,0.6
2,0,0,-3,0,0,1,-2,0,-8,4,-2,0,-2,0,-5,-5,6,0,5.18,0.35,1.83,0.6
2,0,0,-3,0,0,1,-2,0,-8,4,-2,0,-2,0,-4,-4,5,0,5.18,0.35,1.83,0.6
2,0,0,-3,0,0,1,-2,0,-8,5,-2,0,-2,0,-4,-3,5,0,5.18,0.35,1.83,0.6
2,0,0,-3,0,0,1,-2,0,-9,5,-2,0,-2,0,-4,-3,4,0,5.18,0.35,1.83,0.6
2,0,0,-3,0,0,1,-2,0,-9,6,-2,0,-2,0,-4,-2,4,0,5.18,0.35,1.83,0.6
2,0,0,-3,0,0,1,-2,0,-9,5,-2,0,-2,0,-3,-3,3,0,5.18,0.35,1.84,0.603
2,0,0,-3,0,0,1,-2,0,-6,1,0,0,-2,0,-2,0,1,0,5.18,0.36,1.87,0.614
2,0,0,-3,0,0,1,-2,0,-6,1,0,0,-2,0,-2,0,1,0,5.18,0.36,1.87,0.614
2,0,0,-3,0,0,1,-2,0,-7,2,0,0,-2,0,-2,0,0,0,5.18,0.36,1.87,0.614
2,0,0,-3,0,0,1,-2,0,-7,2,0,0,-2,0,-1,0,1,0,5.18,0.36,1.87,0.614
2,0,0,-3,0,0,1,-2,0,-7,3,0,0,-2,0,-1,0,0,0,5.18,0.35,1.85,0.607
2,0,0,-3,0,0,1,-2,0,-7,3,-1,0,-2,0,-1,0,0,0,5.18,0.35,1.85,0.607
2,0,0,-3,0,0,1,-2,0,-7,3,-1,0,-2,0,-1,0,0,0,5.18,0.35,1.85,0.607
2,0,0,-3,0,0,1,-2,0,-7,3,-1,0,-2,0,-2,0,1,0,5.18,0.35,1.85,0.607
2,0,0,-3,0,0,1,-2,0,-6,2,-1,0,-2,0,-2,0,1,0,5.18,0.35,1.85,0.607
2,0,0,-3,0,0,1,-2,0,-6,2,-1,0,-2,0,-2,0,1,0,5.18,0.35,1.85,0.607
2,0,0,-3,0,0,1,-2,0,-6,2,-1,0,-2,0,-2,0,1,0,5.18,0.35,1.85,0.607
2,0,0,-3,0,0,1,-2,0,-6,2,-1,0,-2,0,-2,0,1,0,5.18,0.35,1.85,0.607
2,0,0,-3,0,0,1,-2,0,-6,2,-1,0,-2,0,-2,0,1,0,5.18,0.35,1.85,0.607
2,0,0,-3,0,0,1,-2,0,-5,1,-1,0,-2,0,-2,0,1,0,5.18,0.35,1.85,0.607
2,0,0,-3,0,0,1,-2,0,-5,1,-1,0,-2,0,-3,-1,1,0,5.18,0.35,1.85,0.607
2,0,0,-3,0,0,1,-2,0,-5,0,-1,0,-2,0,-2,-1,1,0,5.18,0.35,1.84,0.605
2,0,0,-4,0,0,1,-2,0,-5,0,-1,0,-2,0,-3,-1,1,0,5.18,0.35,1.84,0.605
2,0,0,-3,0,0,1,-2,0,-5,-1,-2,0,-2,0,-4,-1,1,0,5.18,0.35,1.84,0.605
2,0,0,-4,0,0,1,-2,0,-4,-2,-2,0,-2,0,-4,0,2,0,5.18,0.35,1.84,0.605
2,0,0,-4,0,0,1,-2,0,-4,-2,-2,0,-2,0,-4,0,2,0,5.18,0.35,1.84,0.605
2,0,0,-4,0,0,1,-2,0,-4,-2,-2,0,-2,0,-4,-1,3,0,5.18,0.35,1.84,0.605
2,0,0,-4,0,0,1,-2,0,-3,-2,-2,0,-2,0,-4,-1,3,0,5.18,0.35,1.84,0.605
2,0,0,-4,0,0,1,-2,0,-2,-2,-2,0,-2,0,-4,-2,2,0,5.18,0.35,1.84,0.605
2,0,0,-3,0,0,1,-2,0,-2,-2,-2,0,-2,0,-4,-2,2,0,5.18,0.35,1.84,0.605
2,0,0,-3,0,0,1,-2,0,-2,-2,-2,0,-2,0,-3,-2,3,0,5.18,0.35,1.84,0.605
2,0,0,-4,0,0,1,-2,0,-2,-2,-2,0,-2,0,-2,-3,4,0,5.18,0.35,1.84,0.605
2,0,0,-4,0,0,1,-2,0,-3,-1,-1,0,-2,0,-1,-2,4,0,5.18,0.35,1.85,0.606
2,0,0,-4,0,0,1,-2,0,-4,0,-1,0,-2,0,-1,-2,4,0,5.18,0.35,1.85,0.606
2,0,0,-4,0,0,1,-2,0,-5,1,-1,0,-2,0,-2,0,4,0,5.18,0.35,1.85,0.606
2,0,0,-4,0,0,1,-2,0,-6,2,-1,0,-2,0,-2,0,4,0,5.18,0.35,1.85,0.606
2,0,0,-4,0,0,1,-2,0,-6,3,-1,0,-2,0,-3,0,5,0,5.18,0.35,1.85,0.606
2,0,0,-4,0,0,1,-2,0,-7,4,-2,0,-2,0,-3,0,4,0,5.18,0.35,1.85,0.606
2,0,0,-4,0,0,1,-2,0,-7,3,-2,0,-2,0,-3,0,3,0,5.18,0.35,1.85,0.606
2,0,0,-4,0,0,1,-2,0,-6,3,-2,0,-2,0,-3,-1,3,0,5.18,0.35,1.85,0.606
2,0,0,-4,0,0,1,-2,0,-6,2,-1,0,-2,0,-3,-2,2,0,5.18,0.35,1.85,0.606
2,0,0,-4,0,0,1,-2,0,-6,2,-1,0,-2,0,-3,-2,2,0,5.18,0.35,1.85,0.606
2,0,0,-4,0,0,1,-2,0,-6,2,-1,0,-2,0,-2,-2,2,0,5.18,0.35,1.85,0.606
2,0,0,-4,0,0,1,-2,0,-6,2,-1,0,-2,0,-2,-2,3,0,5.18,0.35,1.85,0.606
2,0,0,-4,0,0,1,-2,0,-6,3,-1,0,-2,0,-2,-1,3,0,5.18,0.35,1.85,0.606
2,0,0,-5,0,0,1,-2,0,-6,3,0,0,-2,0,-2,0,3,0,5.18,0.35,1.85,0.606
2,0,0,-4,0,0,1,-2,0,-6,3,0,0,-2,0,-2,0,3,0,5.18,0.35,1.85,0.606
2,0,0,-4,0,0,1,-2,0,-6,3,0,0,-2,0,-1,0,4,0,5.18,0.35,1.85,0.606
2,0,0,-4,0,0,1,-2,0,-6,3,0,0,-2,0,-1,0,4,0,5.18,0.35,1.85,0.606
2,0,0,-4,0,0,1,-2,0,-6,2,0,0,-2,0,-1,0,4,0,5.18,0.35,1.85,0.606
2,0,0,-4,0,0,1,-2,0,-7,3,0,0,-2,0,0,0,4,0,5.18,0.35,1.85,0.606
2,0,0,-4,0,0,1,-2,0,-7,3,0,0,-2,0,0,-1,4,0,5.18,0.35,1.85,0.606
2,0,0,-4,0,0,1,-2,0,-7,3,0,0,-2,0,0,-1,4,0,5.18,0.35,1.85,0.606
2,0,0,-4,0,0,1,-2,0,-7,3,0,0,-2,0,0,-1,4,0,5.18,0.35,1.85,0.606
2,0,0,-4,0,0,1,-2,0,-7,3,0,0,-2,0,-1,-1,3,0,5.18,0.36,1.87,0.612
2,0,0,-4,0,0,1,-2,0,-7,2,0,0,-2,0,-1,0,3,0,5.18,0.36,1.87,0.612
2,0,0,-4,0,0,1,-2,0,-7,2,0,0,-2,0,-2,0,3,0,5.18,0.36,1.87,0.612
2,0,0,-4,0,0,1,-2,0,-7,2,0,0,-2,0,-2,0,3,0,5.18,0.36,1.87,0.612
2,0,0,-4,0,0,1,-2,0,-7,2,0,0,-2,0,-2,0,2,0,5.18,0.36,1.87,0.612
2,0,0,-4,0,0,1,-2,0,-7,2,0,0,-2,0,-2,0,2,0,5.18,0.36,1.87,0.612
2,0,0,-3,0,0,1,-2,0,-6,2,0,0,-2,0,-3,-1,2,0,5.18,0.35,1.85,0.609
2,0,0,-3,0,0,1,-2,0,-6,2,0,0,-2,0,-3,-1,2,0,5.18,0.35,1.85,0.609
2,0,0,-3,0,0,1,-2,0,-6,2,-1,0,-2,0,-3,-1,2,0,5.18,0.35,1.85,0.609
2,0,0,-3,0,0,1,-2,0,-6,2,-1,0,-2,0,-3,-1,2,0,5.18,0.35,1.85,0.609
2,0,0,-3,0,0,1,-2,0,-6,2,-1,0,-2,0,-4,-1,2,0,5.18,0.35,1.85,0.609
2,0,0,-3,0,0,1,-2,0,-6,2,-1,0,-2,0,-4,-1,2,0,5.18,0.35,1.85,0.609
2,0,0,-3,0,0,1,-2,0,-5,2,-1,0,-2,0,-4,-1,2,0,5.18,0.35,1.85,0.609
2,0,0,-3,0,0,1,-2,0,-5,2,-1,0,-2,0,-4,-1,2,0,5.18,0.35,1.85,0.609
2,0,0,-3,0,0,1,-2,0,-5,2,-1,0,-2,0,-3,-1,2,0,5.18,0.35,1.85,0.609
2,0,0,-2,0,0,1,-2,0,-5,2,-1,0,-2,0,-3,-1,2,0,5.18,0.35,1.85,0.609
2,0,0,-2,0,0,1,-2,0,-5,2,-1,0,-2,0,-3,-1,2,0,5.18,0.35,1.85,0.608
2,0,0,-2,0,0,1,-2,0,-5,2,-1,0,-2,0,-3,-1,1,0,5.18,0.35,1.85,0.608
2,0,0,-2,0,0,1,-2,0,-6,3,-1,0,-2,0,-3,-1,2,0,5.18,0.35,1.85,0.608
2,0,0,-2,0,0,1,-2,0,-6,3,-1,0,-2,0,-3,-1,2,0,5.18,0.35,1.85,0.608
2,0,0,-2,0,0,1,-2,0,-7,3,-1,0,-2,0,-3,0,2,0,5.18,0.35,1.85,0.608
2,0,0,-2,0,0,1,-2,0,-7,4,-1,0,-2,0,-3,0,2,0,5.18,0.35,1.85,0.608
2,0,0,-2,0,0,1,-2,0,-7,4,-2,0,-2,0,-4,0,2,0,5.18,0.35,1.85,0.608
2,0,0,-2,0,0,1,-2,0,-7,4,-2,0,-2,0,-4,0,2,0,5.18,0.35,1.85,0.608
2,0,0,-2,0,-1,1,-2,0,-6,3,-3,0,-2,0,-4,0,2,0,5.18,0.35,1.85,0.608
2,0,0,-2,0,0,1,-2,0,-6,3,-3,0,-2,0,-4,-1,2,0,5.18,0.35,1.85,0.608
2,0,0,-2,0,-1,1,-2,0,-5,2,-4,0,-2,0,-4,-1,2,0,5.18,0.35,1.85,0.608
2,0,0,-2,0,0,1,-2,0,-5,1,-4,0,-2,0,-4,-1,2,0,5.18,0.36,1.86,0.611
2,0,0,-2,0,0,1,-2,0,-5,1,-4,0,-2,0,-3,-1,2,0,5.18,0.36,1.86,0.611
2,0,0,-2,0,0,1,-2,0,-4,1,-4,0,-2,0,-3,-1,2,0,5.18,0.36,1.86,0.611
2,0,0,-3,0,0,1,-2,0,-5,1,-4,0,-2,0,-3,-1,2,0,5.18,0.36,1.86,0.611
2,0,0,-3,0,-1,1,-2,0,-5,2,-4,0,-2,0,-2,-1,2,0,5.18,0.36,1.86,0.611
2,0,0,-3,0,0,1,-2,0,-5,2,-5,0,-2,0,-2,-1,2,0,5.18,0.36,1.86,0.611
2,0,0,-2,0,0,1,-2,0,-5,2,-5,0,-2,0,-2,-1,3,0,5.18,0.36,1.86,0.611
2,0,0,-2,0,0,1,-2,0,-5,2,-5,0,-2,0,-2,-1,3,0,5.18,0.36,1.86,0.611
2,0,0,-3,0,0,1,-2,0,-5,1,-5,0,-2,0,-2,-1,2,0,5.18,0.36,1.86,0.611
2,0,0,-3,0,0,1,-2,0,-5,1,-4,0,-2,0,-2,0,3,0,5.18,0.36,1.86,0.611
2,0,0,-3,0,0,1,-2,0,-5,1,-4,0,-2,0,-2,0,3,0,5.18,0.36,1.86,0.611
2,0,0,-3,0,0,1,-2,0,-5,1,-4,0,-2,0,-3,0,3,0,5.18,0.36,1.87,0.615
2,0,0,-3,0,0,1,-2,0,-6,2,-3,0,-2,0,-3,0,3,0,5.18,0.36,1.87,0.615
2,0,0,-3,0,0,1,-2,0,-6,3,-3,0,-2,0,-3,-1,3,0,5.18,0.36,1.87,0.615
2,0,0,-3,0,0,1,-2,0,-6,3,-2,0,-2,0,-4,-1,3,0,5.18,0.36,1.87,0.615
2,0,0,-3,0,0,1,-2,0,-7,4,-2,0,-2,0,-4,-1,2,0,5.18,0.36,1.87,0.615
2,0,0,-3,0,0,1,-2,0,-7,3,-2,0,-2,0,-3,-1,3,0,5.18,0.36,1.87,0.615
2,0,0,-3,0,0,1,-2,0,-6,2,-2,0,-2,0,-3,-1,2,0,5.18,0.36,1.87,0.615
2,0,0,-3,0,0,1,-2,0,-6,1,-1,0,-2,0,-3,-1,3,0,5.18,0.36,1.87,0.615
2,0,0,-3,0,0,1,-2,0,-6,1,-1,0,-2,0,-3,-1,3,0,5.18,0.36,1.87,0.615
2,0,0,-3,0,0,1,-2,0,-6,1,-1,0,-2,0,-2,-1,3,0,5.18,0.36,1.87,0.615
2,0,0,-3,0,0,1,-2,0,-6,1,-1,0,-2,0,-2,-1,3,0,5.18,0.36,1.87,0.615
2,0,0,-4,0,0,1,-2,0,-6,2,-1,0,-2,0,-2,0,3,0,5.18,0.36,1.87,0.615
2,0,0,-4,0,0,1,-2,0,-6,3,-1,0,-2,0,-2,0,3,0,5.18,0.36,1.87,0.615
2,0,0,-4,0,0,1,-2,0,-6,3,-1,0,-2,0,-3,0,3,0,5.18,0.36,1.87,0.615
2,0,0,-4,0,0,1,-2,0,-6,3,-1,0,-2,0,-3,0,3,0,5.18,0.36,1.87,0.615
2,0,0,-4,0,0,1,-2,0,-7,3,-1,0,-2,0,-3,0,3,0,5.18,0.36,1.87,0.615
2,0,0,-4,0,0,1,-2,0,-7,2,0,0,-2,0,-3,0,3,0,5.18,0.36,1.87,0.615
2,0,0,-4,0,0,1,-2,0,-7,2,0,0,-2,0,-3,0,3,0,5.18,0.36,1.87,0.615
2,0,0,-4,0,0,1,-2,0,-7,2,0,0,-2,0,-3,0,3,0,5.18,0.36,1.87,0.615
2,0,0,-4,0,0,1,-2,0,-6,2,0,0,-2,0,-3,0,3,0,5.18,0.36,1.87,0.615
2,0,0,-4,0,0,1,-2,0,-6,2,0,0,-2,0,-3,0,3,0,5.18,0.36,1.87,0.615
2,0,0,-4,0,0,1,-2,0,-6,3,0,0,-2,0,-3,0,4,0,5.18,0.36,1.87,0.615
2,0,0,-4,0,0,1,-2,0,-6,3,0,0,-2,0,-2,0,4,0,5.18,0.35,1.86,0.611
2,0,0,-3,0,0,1,-2,0,-7,2,0,0,-2,0,-2,0,2,0,5.18,0.35,1.84,0.606
2,0,0,-3,0,0,1,-2,0,-7,1,0,0,-2,0,-3,0,2,0,5.18,0.35,1.84,0.606
2,0,0,-3,0,0,1,-2,0,-7,1,0,0,-2,0,-3,0,2,0,5.18,0.35,1.84,0.606
2,0,0,-4,0,0,1,-2,0,-7,1,0,0,-2,0,-3,0,3,0,5.18,0.35,1.84,0.606
2,0,0,-4,0,0,1,-2,0,-7,1,0,0,-2,0,-3,0,2,0,5.18,0.35,1.86,0.61
2,0,0,-3,0,0,1,-2,0,-7,2,0,0,-2,0,-2,0,2,0,5.18,0.35,1.86,0.61
2,0,0,-3,0,0,1,-2,0,-7,2,1,0,-2,0,-2,-1,2,0,5.18,0.35,1.86,0.61
2,0,0,-4,0,0,1,-2,0,-7,2,0,0,-2,0,-2,-1,3,0,5.18,0.35,1.86,0.61
2,0,0,-4,0,0,1,-2,0,-7,2,1,0,-2,0,-2,-1,3,0,5.18,0.35,1.86,0.61
2,0,0,-4,0,0,1,-2,0,-7,2,1,0,-2,0,-3,0,3,0,5.18,0.35,1.86,0.61
2,0,0,-4,0,0,1,-2,0,-7,2,1,0,-2,0,-3,0,2,0,5.18,0.35,1.86,0.61
2,0,0,-4,0,0,1,-2,0,-8,2,0,0,-2,0,-3,0,2,0,5.18,0.35,1.86,0.61
2,0,0,-4,0,0,1,-2,0,-8,2,0,0,-2,0,-3,0,2,0,5.18,0.35,1.86,0.61
2,0,0,-3,0,0,1,-2,0,-8,2,0,0,-2,0,-3,0,1,0,5.18,0.35,1.86,0.61
2,0,0,-3,0,0,1,-2,0,-7,2,0,0,-2,0,-3,0,0,0,5.18,0.35,1.86,0.61
2,0,0,-4,0,0,1,-2,0,-7,2,0,0,-2,0,-3,0,0,0,5.18,0.36,1.88,0.617
2,0,0,-4,0,0,1,-2,0,-6,2,0,0,-2,0,-3,0,0,0,5.18,0.36,1.88,0.617
2,0,0,-3,0,0,1,-2,0,-6,3,0,0,-2,0,-2,0,0,0,5.18,0.36,1.88,0.617
2,0,0,-3,0,0,1,-2,0,-5,3,-1,0,-2,0,-2,0,1,0,5.18,0.36,1.88,0.617
2,0,0,-3,0,0,1,-2,0,-5,3,-1,0,-2,0,-2,0,1,0,5.18,0.36,1.88,0.617
2,0,0,-3,0,0,1,-2,0,-5,3,-1,0,-2,0,-1,0,1,0,5.18,0.36,1.88,0.617
2,0,0,-3,0,0,1,-2,0,-5,3,-1,0,-2,0,-1,0,2,0,5.18,0.36,1.88,0.617
2,0,0,-3,0,0,1,-2,0,-5,3,-2,0,-2,0,-2,0,1,0,5.18,0.36,1.88,0.617
2,0,0,-3,0,0,1,-2,0,-5,3,-2,0,-2,0,-1,0,1,0,5.18,0.36,1.88,0.617
2,0,0,-3,0,0,1,-2,0,-6,2,-2,0,-2,0,-2,0,1,0,5.18,0.36,1.88,0.617
2,0,0,-3,0,0,1,-2,0,-6,2,-2,0,-2,0,-2,0,1,0,5.18,0.36,1.88,0.617
2,0,0,-3,0,0,1,-2,0,-6,1,-1,0,-2,0,-2,0,1,0,5.18,0.35,1.85,0.607
2,0,0,-3,0,0,1,-2,0,-6,1,-1,0,-2,0,-2,-1,1,0,5.18,0.35,1.85,0.607
2,0,0,-3,0,0,1,-2,0,-6,1,-1,0,-2,0,-2,-1,1,0,5.18,0.35,1.85,0.607
2,0,0,-3,0,0,1,-2,0,-6,1,-1,0,-2,0,-2,-1,1,0,5.18,0.35,1.85,0.607
2,0,0,-3,0,0,1,-2,0,-6,1,-1,0,-2,0,-2,-1,1,0,5.18,0.35,1.85,0.607
2,0,0,-3,0,0,1,-2,0,-6,1,-1,0,-2,0,-2,0,1,0,5.18,0.35,1.85,0.607
2,0,0,-3,0,0,1,-2,0,-6,1,0,0,-2,0,-2,0,2,0,5.18,0.35,1.85,0.607
2,0,0,-3,0,0,1,-2,0,-6,1,0,0,-2,0,-1,0,2,0,5.18,0.35,1.85,0.607
2,0,0,-3,0,0,1,-2,0,-6,2,0,0,-2,0,-1,0,2,0,5.18,0.35,1.85,0.607
2,0,0,-3,0,0,1,-2,0,-6,2,0,0,-2,0,-1,0,2,0,5.18,0.35,1.85,0.607
2,0,0,-3,0,0,1,-2,0,-6,2,-1,0,-2,0,-1,0,1,0,5.18,0.35,1.85,0.607
2,0,0,-3,0,0,1,-2,0,-6,2,-1,0,-2,0,-1,0,1,0,5.18,0.35,1.85,0.609
2,0,0,-3,0,0,1,-2,0,-6,1,-1,0,-2,0,-1,0,1,0,5.18,0.35,1.85,0.609
2,0,0,-3,0,0,1,-2,0,-6,2,-1,0,-2,0,-1,0,1,0,5.18,0.35,1.85,0.609
2,0,0,-3,0,0,1,-2,0,-6,1,-1,0,-2,0,-2,0,1,0,5.18,0.35,1.85,0.609
2,0,0,-3,0,0,1,-2,0,-6,1,-1,0,-2,0,-2,0,1,0,5.18,0.35,1.85,0.609
2,0,0,-3,0,0,1,-2,0,-6,2,-1,0,-2,0,-2,0,1,0,5.18,0.35,1.85,0.609
2,0,0,-3,0,0,1,-2,0,-6,2,-1,0,-2,0,-2,0,1,0,5.18,0.35,1.85,0.609
2,0,0,-3,0,0,1,-2,0,-6,2,0,0,-2,0,-2,0,2,0,5.18,0.35,1.85,0.609
2,0,0,-4,0,0,1,-2,0,-7,2,0,0,-2,0,-2,0,2,0,5.18,0.35,1.85,0.609
2,0,0,-4,0,0,1,-2,0,-7,2,0,0,-2,0,-2,0,2,0,5.18,0.35,1.85,0.609
2,0,0,-4,0,0,1,-2,0,-7,2,0,0,-2,0,-2,0,2,0,5.18,0.35,1.85,0.609
2,0,0,-4,0,0,1,-2,0,-7,2,0,0,-2,0,-2,0,2,0,5.18,0.35,1.85,0.609
2,0,0,-4,0,0,1,-2,0,-8,2,0,0,-2,0,-1,0,3,0,5.18,0.35,1.85,0.609
2,0,0,-4,0,0,1,-2,0,-8,2,0,0,-2,0,-1,0,3,0,5.18,0.35,1.85,0.609
2,0,0,-4,0,0,1,-2,0,-8,2,0,0,-2,0,-1,0,2,0,5.18,0.35,1.85,0.609
2,0,0,-4,0,0,1,-2,0,-8,2,0,0,-2,0,-2,0,3,0,5.18,0.35,1.85,0.609
2,0,0,-4,0,0,1,-2,0,-7,2,0,0,-2,0,-2,0,2,0,5.18,0.35,1.85,0.609
2,0,0,-3,0,0,1,-2,0,-6,1,0,0,-2,0,-2,0,2,0,5.18,0.36,1.87,0.616
2,0,0,-3,0,0,1,-2,0,-6,2,0,0,-2,0,-2,0,2,0,5.18,0.36,1.87,0.616
2,0,0,-3,0,0,1,-2,0,-7,2,0,0,-2,0,-2,0,2,0,5.18,0.36,1.87,0.616
2,0,0,-3,0,0,1,-2,0,-7,2,0,0,-2,0,-2,0,2,0,5.18,0.36,1.87,0.616
2,0,0,-3,0,0,1,-2,0,-7,1,0,0,-2,0,-2,-1,1,0,5.18,0.36,1.87,0.616
2,0,0,-3,0,0,1,-2,0,-7,1,0,0,-2,0,-2,-1,1,0,5.18,0.36,1.87,0.616
2,0,0,-4,0,0,1,-2,0,-8,1,0,0,-2,0,-2,-1,1,0,5.18,0.36,1.87,0.616
2,0,0,-4,0,0,1,-2,0,-8,2,0,0,-2,0,-2,-1,1,0,5.18,0.36,1.87,0.616
2,0,0,-4,0,0,1,-2,0,-8,2,0,0,-2,0,-2,-1,2,0,5.18,0.36,1.87,0.616
2,0,0,-4,0,0,1,-2,0,-8,2,0,0,-2,0,-2,-1,2,0,5.18,0.36,1.87,0.616
2,0,0,-4,0,0,1,-2,0,-7,2,0,0,-2,0,-2,0,2,0,5.18,0.36,1.87,0.616
2,0,0,-4,0,0,1,-2,0,-7,2,0,0,-2,0,-2,0,2,0,5.18,0.36,1.87,0.616
2,0,0,-4,0,0,1,-2,0,-7,1,0,0,-2,0,-2,0,2,0,5.18,0.36,1.87,0.616
2,0,0,-3,0,0,1,-2,0,-7,1,0,0,-2,0,-2,0,2,0,5.18,0.36,1.87,0.616
2,0,0,-3,0,0,1,-2,0,-6,1,0,0,-2,0,-2,0,2,0,5.18,0.36,1.87,0.616
2,0,0,-3,0,0,1,-2,0,-6,1,0,0,-2,0,-2,0,2,0,5.18,0.36,1.87,0.616
2,0,0,-3,0,0,1,-2,0,-6,1,0,0,-2,0,-2,-1,1,0,5.18,0.36,1.87,0.616
2,0,0,-3,0,0,1,-2,0,-6,1,0,0,-2,0,-2,-1,1,0,5.18,0.36,1.87,0.616
2,0,0,-3,0,0,1,-2,0,-6,2,0,0,-2,0,-2,-1,1,0,5.18,0.36,1.87,0.616
2,0,0,-3,0,0,1,-2,0,-6,2,0,0,-2,0,-2,0,2,0,5.18,0.36,1.87,0.616
2,0,0,-3,0,0,1,-2,0,-7,2,0,0,-2,0,-2,0,2,0,5.18,0.36,1.87,0.616
2,0,0,-3,0,0,1,-2,0,-7,2,0,0,-2,0,-2,0,2,0,5.18,0.36,1.86,0.613
2,0,0,-3,0,0,1,-2,0,-7,1,0,0,-2,0,-2,0,2,0,5.18,0.36,1.86,0.613
2,0,0,-3,0,0,1,-2,0,-7,1,0,0,-2,0,-2,0,2,0,5.18,0.36,1.86,0.613
2,0,0,-3,0,0,1,-2,0,-6,1,0,0,-2,0,-2,-1,2,0,5.18,0.36,1.86,0.613
2,0,0,-3,0,0,1,-2,0,-5,1,-1,0,-2,0,-2,-1,1,0,5.18,0.36,1.86,0.613
2,0,0,-3,0,0,1,-2,0,-6,0,-1,0,-2,0,-2,-1,1,0,5.18,0.36,1.86,0.613
2,0,0,-3,0,0,1,-2,0,-6,0,-1,0,-2,0,-2,-1,1,0,5.18,0.36,1.86,0.613
2,0,0,-3,0,0,1,-2,0,-6,1,-1,0,-2,0,-2,-1,1,0,5.18,0.36,1.86,0.613
2,0,0,-3,0,0,1,-2,0,-6,1,-1,0,-2,0,-2,-1,1,0,5.18,0.36,1.86,0.613
2,0,0,-3,0,0,1,-2,0,-6,1,-1,0,-2,0,-2,0,1,0,5.18,0.36,1.86,0.613
2,0,0,-3,0,0,1,-2,0,-6,1,-1,0,-2,0,-2,0,2,0,5.18,0.36,1.86,0.613
2,0,0,-2,0,0,1,-2,0,-6,1,-1,0,-2,0,-1,0,2,0,5.18,0.36,1.86,0.612
2,0,0,-3,0,0,1,-2,0,-5,1,-1,0,-2,0,-2,0,2,0,5.18,0.36,1.86,0.612
2,0,0,-3,0,0,1,-2,0,-5,1,-1,0,-2,0,-2,0,2,0,5.18,0.36,1.86,0.612
2,0,0,-2,0,0,1,-2,0,-5,0,-1,0,-2,0,-2,-1,2,0,5.18,0.36,1.86,0.612
2,0,0,-2,0,0,1,-2,0,-5,0,-1,0,-2,0,-1,-1,2,0,5.18,0.36,1.86,0.612
2,0,0,-3,0,0,1,-2,0,-5,1,-1,0,-2,0,-1,-1,2,0,5.18,0.36,1.86,0.612
2,0,0,-3,-1,0,1,-2,0,-6,1,-1,0,-2,0,-1,-1,2,0,5.18,0.36,1.86,0.612
2,0,0,-3,0,0,1,-2,0,-6,2,-1,0,-2,0,-1,-1,2,0,5.18,0.36,1.86,0.612
2,0,0,-3,-1,0,1,-2,0,-6,2,-1,0,-2,0,-2,-1,2,0,5.18,0.36,1.86,0.612
2,0,0,-3,0,0,1,-2,0,-6,1,-1,0,-2,0,-2,-1,2,0,5.18,0.36,1.86,0.612
2,0,0,-3,0,0,1,-2,0,-6,1,-1,0,-2,0,-2,-1,2,0,5.18,0.36,1.86,0.612
2,0,0,-3,0,0,1,-2,0,-7,1,-1,0,-2,0,-2,-1,2,0,5.18,0.36,1.86,0.612
2,0,0,-3,0,0,1,-2,0,-6,1,-1,0,-2,0,-2,-1,2,0,5.18,0.36,1.86,0.612
2,0,0,-3,-1,0,1,-2,0,-6,1,-1,0,-2,0,-2,-2,3,0,5.18,0.36,1.86,0.612
2,0,0,-3,0,0,1,-2,0,-6,1,-1,0,-2,0,-1,-2,3,0,5.18,0.36,1.86,0.612
2,0,0,-3,0,0,1,-2,0,-6,1,-1,0,-2,0,-2,-1,4,0,5.18,0.36,1.86,0.612
2,0,0,-3,0,0,1,-2,0,-6,1,-1,0,-2,0,-1,-1,4,0,5.18,0.36,1.86,0.612
2,0,0,-3,0,0,1,-2,0,-6,1,-1,0,-2,0,-2,-1,4,0,5.18,0.36,1.86,0.612
2,0,0,-3,0,0,1,-2,0,-6,1,-2,0,-2,0,-1,0,4,0,5.18,0.36,1.86,0.612
2,0,0,-3,0,0,1,-2,0,-6,0,-2,0,-2,0,-1,0,4,0,5.18,0.36,1.86,0.612
2,0,0,-3,0,0,1,-2,0,-6,0,-2,0,-2,0,-1,0,4,0,5.18,0.36,1.86,0.612
2,0,0,-3,0,0,1,-2,0,-6,0,-2,0,-2,0,-1,-1,4,0,5.18,0.36,1.86,0.612
2,0,0,-3,0,0,1,-2,0,-6,0,-2,0,-2,0,-1,-1,3,0,5.18,0.35,1.86,0.611
2,0,0,-3,0,0,1,-2,0,-7,2,0,0,-2,0,-3,0,1,0,5.18,0.35,1.86,0.612
2,0,0,-3,0,0,1,-2,0,-7,2,0,0,-2,0,-3,-1,1,0,5.18,0.35,1.86,0.612
2,0,0,-3,0,0,1,-2,0,-7,2,0,0,-2,0,-3,-1,1,0,5.18,0.35,1.86,0.612
2,0,0,-3,0,0,1,-2,0,-7,2,0,0,-2,0,-3,0,1,0,5.18,0.35,1.86,0.612
2,0,0,-3,0,0,1,-2,0,-6,2,0,0,-2,0,-3,0,1,0,5.18,0.36,1.86,0.613
2,0,0,-4,0,0,1,-2,0,-6,1,0,0,-2,0,-3,0,2,0,5.18,0.36,1.86,0.613
2,0,0,-4,0,0,1,-2,0,-6,1,0,0,-2,0,-2,0,2,0,5.18,0.36,1.86,0.613
2,0,0,-4,0,0,1,-2,0,-6,1,-1,0,-2,0,-2,0,3,0,5.18,0.36,1.86,0.613
2,0,0,-4,0,0,1,-2,0,-6,1,-1,0,-2,0,-2,0,3,0,5.18,0.36,1.86,0.613
2,0,0,-4,0,0,1,-2,0,-6,1,-1,0,-2,0,-2,-1,3,0,5.18,0.36,1.86,0.613
2,0,0,-4,0,0,1,-2,0,-6,1,-1,0,-2,0,-2,-1,3,0,5.18,0.36,1.86,0.613
2,0,0,-4,0,0,1,-2,0,-6,2,-2,0,-2,0,-2,-1,3,0,5.18,0.36,1.86,0.613
2,0,0,-3,0,0,1,-2,0,-6,2,-2,0,-2,0,-2,-1,3,0,5.18,0.36,1.86,0.613
2,0,0,-3,0,0,1,-2,0,-6,2,-2,0,-2,0,-2,-1,3,0,5.18,0.36,1.86,0.613
2,0,0,-3,0,0,1,-2,0,-6,2,-1,0,-2,0,-2,0,4,0,5.18,0.36,1.86,0.613
2,0,0,-3,0,0,1,-2,0,-6,2,-1,0,-2,0,-2,0,4,0,5.18,0.36,1.87,0.615
2,0,0,-3,0,0,1,-2,0,-6,2,-1,0,-2,0,-2,0,4,0,5.18,0.36,1.87,0.615
2,0,0,-3,0,0,1,-2,0,-6,2,-1,0,-2,0,-2,0,4,0,5.18,0.36,1.87,0.615
2,0,0,-3,0,0,1,-2,0,-5,2,0,0,-2,0,-2,0,4,0,5.18,0.36,1.87,0.615
2,0,0,-3,0,0,1,-2,0,-6,2,0,0,-2,0,-2,0,4,0,5.18,0.36,1.87,0.615
2,0,0,-3,0,0,1,-2,0,-6,2,0,0,-2,0,-3,0,4,0,5.18,0.36,1.87,0.615
2,0,0,-3,0,0,1,-2,0,-6,2,0,0,-2,0,-3,0,3,0,5.18,0.36,1.87,0.615
2,0,0,-3,0,0,1,-2,0,-6,2,0,0,-2,0,-3,-1,3,0,5.18,0.36,1.87,0.615
2,0,0,-3,0,0,1,-2,0,-6,2,0,0,-2,0,-3,-1,2,0,5.18,0.36,1.87,0.615
2,0,0,-3,0,0,1,-2,0,-6,2,0,0,-2,0,-3,-2,1,0,5.18,0.36,1.87,0.615
2,0,0,-3,0,0,1,-2,0,-7,2,0,0,-2,0,-3,-1,1,0,5.18,0.36,1.87,0.615
2,0,0,-3,0,0,1,-2,0,-7,2,0,0,-2,0,-3,-2,1,0,5.18,0.36,1.87,0.617
2,0,0,-3,0,0,1,-2,0,-7,2,0,0,-2,0,-3,-2,1,0,5.18,0.36,1.87,0.617
2,0,0,-3,0,0,1,-2,0,-7,2,0,0,-2,0,-3,-1,1,0,5.18,0.36,1.87,0.617
2,0,0,-3,0,0,1,-2,0,-7,2,0,0,-2,0,-3,-1,1,0,5.18,0.36,1.87,0.617
2,0,0,-3,0,0,1,-2,0,-6,2,0,0,-2,0,-3,-1,1,0,5.18,0.36,1.87,0.617
2,0,0,-3,0,0,1,-2,0,-6,2,0,0,-2,0,-3,-1,1,0,5.18,0.36,1.87,0.617
2,0,0,-3,0,0,1,-2,0,-6,2,0,0,-2,0,-2,-1,1,0,5.18,0.36,1.87,0.617
2,0,0,-3,0,0,1,-2,0,-6,1,0,0,-2,0,-3,-1,1,0,5.18,0.36,1.87,0.617
2,0,0,-2,0,0,1,-2,0,-6,1,0,0,-2,0,-3,-1,1,0,5.18,0.36,1.87,0.617
2,0,0,-2,-1,0,1,-2,0,-6,1,0,0,-2,0,-3,-1,1,0,5.18,0.36,1.87,0.617
2,0,0,-2,-1,0,1,-2,0,-6,1,-1,0,-2,0,-3,-1,2,0,5.18,0.36,1.87,0.617
2,0,0,-2,0,0,1,-2,0,-6,1,-1,0,-2,0,-3,-1,2,0,5.18,0.36,1.86,0.614
2,0,0,-2,-1,0,1,-2,0,-5,1,-1,0,-2,0,-3,-1,2,0,5.18,0.36,1.86,0.614
2,0,0,-2,0,0,1,-2,0,-5,0,-2,0,-2,0,-3,0,2,0,5.18,0.36,1.86,0.614
2,0,0,-2,0,0,1,-2,0,-5,0,-2,0,-2,0,-3,0,3,0,5.18,0.36,1.86,0.614
2,0,0,-2,0,0,1,-2,0,-5,1,-2,0,-2,0,-3,-1,2,0,5.18,0.36,1.86,0.614
2,0,0,-3,0,0,1,-2,0,-5,1,-2,0,-2,0,-3,-1,2,0,5.18,0.36,1.86,0.614
2,0,0,-2,-1,0,1,-2,0,-5,0,-2,0,-2,0,-3,-1,2,0,5.18,0.36,1.86,0.614
2,0,0,-2,-1,0,1,-2,0,-4,1,-1,0,-2,0,-3,-1,2,0,5.18,0.36,1.86,0.614
2,0,0,-2,-1,0,1,-2,0,-5,1,-1,0,-2,0,-3,-1,1,0,5.18,0.36,1.86,0.614
2,0,0,-3,-1,0,1,-2,0,-5,1,-2,0,-2,0,-3,-1,2,0,5.18,0.36,1.86,0.614
2,0,0,-3,-1,0,1,-2,0,-5,1,-2,0,-2,0,-3,-1,2,0,5.18,0.36,1.86,0.614
2,0,0,-3,-1,0,1,-2,0,-5,1,-2,0,-2,0,-3,-1,2,0,5.18,0.36,1.88,0.619
2,0,0,-3,0,0,1,-2,0,-6,1,-2,0,-2,0,-3,0,2,0,5.18,0.36,1.88,0.619
2,0,0,-3,0,0,1,-2,0,-6,1,-2,0,-2,0,-2,0,2,0,5.18,0.36,1.88,0.619
2,0,0,-3,-1,0,1,-2,0,-7,1,-2,0,-2,0,-3,0,2,0,5.18,0.36,1.88,0.619
2,0,0,-3,-1,0,1,-2,0,-7,1,-2,0,-2,0,-2,0,2,0,5.18,0.36,1.88,0.619
2,0,0,-3,0,0,1,-2,0,-6,1,-1,0,-2,0,-2,0,2,0,5.18,0.36,1.88,0.619
2,0,0,-3,0,0,1,-2,0,-5,3,-1,0,-2,0,-2,0,2,0,5.18,0.35,1.85,0.611
2,0,0,-3,0,0,1,-2,0,-5,2,-2,0,-2,0,-2,-1,2,0,5.18,0.35,1.85,0.611
2,0,0,-3,0,0,1,-2,0,-5,1,-1,0,-2,0,-2,-1,2,0,5.18,0.35,1.85,0.611
2,0,0,-3,0,0,1,-2,0,-5,1,-1,0,-2,0,-2,-1,3,0,5.18,0.35,1.85,0.611
2,0,0,-3,0,0,1,-2,0,-5,1,-1,0,-2,0,-2,-1,3,0,5.18,0.35,1.85,0.611
2,0,0,-3,0,0,1,-2,0,-6,2,-1,0,-2,0,-1,0,3,0,5.18,0.35,1.85,0.611
2,0,0,-3,0,0,1,-2,0,-6,2,-1,0,-2,0,-2,2,2,0,5.18,0.35,1.85,0.611
2,0,0,-3,0,0,1,-2,0,-6,3,-2,0,-2,0,-2,1,2,0,5.18,0.35,1.85,0.611
2,0,0,-3,0,0,1,-2,0,-7,2,-2,0,-2,0,-3,1,1,0,5.18,0.35,1.85,0.611
2,0,0,-3,0,0,1,-2,0,-7,2,-2,0,-2,0,-3,1,1,0,5.18,0.35,1.85,0.611
2,0,0,-3,0,0,1,-2,0,-7,1,-2,0,-2,0,-2,0,2,0,5.18,0.35,1.86,0.613
2,0,0,-3,0,0,1,-2,0,-7,1,-1,0,-2,0,-2,-1,2,0,5.18,0.35,1.86,0.613
2,0,0,-3,0,0,1,-2,0,-7,1,-1,0,-2,0,-1,-3,2,0,5.18,0.35,1.86,0.613
2,0,0,-3,0,0,1,-2,0,-6,1,-1,0,-2,0,-1,-3,2,0,5.18,0.35,1.86,0.613
2,0,0,-3,0,0,1,-2,0,-6,1,-1,0,-2,0,-1,-3,2,0,5.18,0.35,1.86,0.613
2,0,0,-3,0,0,1,-2,0,-6,1,-1,0,-2,0,-1,-2,2,0,5.18,0.35,1.86,0.613
2,0,0,-3,0,0,1,-2,0,-5,2,-1,0,-2,0,-1,-1,3,0,5.18,0.35,1.86,0.613
2,0,0,-3,0,0,1,-2,0,-5,2,-1,0,-2,0,-1,0,3,0,5.18,0.35,1.86,0.613
2,0,0,-3,0,0,1,-2,0,-6,1,-1,0,-2,0,-1,-1,4,0,5.18,0.35,1.86,0.613
2,0,0,-3,0,0,1,-2,0,-6,1,0,0,-2,0,-2,-1,4,0,5.18,0.35,1.86,0.613
2,0,0,-3,0,0,1,-2,0,-6,1,0,0,-2,0,-2,-1,4,0,5.18,0.35,1.86,0.613
2,0,0,-3,0,0,1,-2,0,-6,1,0,0,-2,0,-1,-2,3,0,5.18,0.36,1.89,0.621
2,0,0,-3,-1,0,1,-2,0,-7,2,-1,0,-2,0,-2,-3,3,0,5.18,0.36,1.89,0.621
2,0,0,-3,0,0,1,-2,0,-7,2,-1,0,-2,0,-2,-3,3,0,5.18,0.36,1.89,0.621
2,0,0,-3,-1,0,1,-2,0,-7,2,-1,0,-2,0,-2,-3,2,0,5.18,0.36,1.89,0.621
2,0,0,-3,0,0,1,-2,0,-6,2,-1,0,-2,0,-2,-2,3,0,5.18,0.36,1.89,0.621
2,0,0,-3,0,0,1,-2,0,-6,1,-1,0,-2,0,-1,-2,3,0,5.18,0.36,1.89,0.621
2,0,0,-3,0,0,1,-2,0,-5,1,-1,0,-2,0,-2,-1,2,0,5.18,0.36,1.89,0.621
2,0,0,-3,0,0,1,-2,0,-5,0,-1,0,-2,0,-2,0,2,0,5.18,0.36,1.89,0.621
2,0,0,-3,0,0,1,-2,0,-5,0,-1,0,-2,0,-2,0,3,0,5.18,0.36,1.89,0.621
2,0,0,-3,0,0,1,-2,0,-5,0,-1,0,-2,0,-3,0,2,0,5.18,0.36,1.89,0.621
2,0,0,-3,0,0,1,-2,0,-5,0,0,0,-2,0,-3,-1,2,0,5.18,0.36,1.89,0.621
2,0,0,-3,0,0,1,-2,0,-5,1,0,0,-2,0,-2,-1,2,0,5.18,0.36,1.88,0.619
2,0,0,-3,0,0,1,-2,0,-6,1,0,0,-2,0,-2,-1,1,0,5.18,0.36,1.88,0.619
2,0,0,-3,0,0,1,-2,0,-6,2,0,0,-2,0,-2,-2,1,0,5.18,0.36,1.88,0.619
2,0,0,-3,0,0,1,-2,0,-6,2,0,0,-2,0,-2,-2,1,0,5.18,0.36,1.88,0.619
2,0,0,-3,0,0,1,-2,0,-7,1,0,0,-2,0,-2,-2,1,0,5.18,0.36,1.88,0.619
2,0,0,-3,0,0,1,-2,0,-7,1,0,0,-2,0,-2,-2,1,0,5.18,0.36,1.88,0.619
2,0,0,-3,0,0,1,-2,0,-7,1,0,0,-2,0,-2,-1,1,0,5.18,0.36,1.88,0.619
2,0,0,-3,0,0,1,-2,0,-6,1,0,0,-2,0,-2,-1,1,0,5.18,0.36,1.88,0.619
2,0,0,-3,0,0,1,-2,0,-6,0,0,0,-2,0,-2,-1,1,0,5.18,0.36,1.88,0.619
2,0,0,-3,0,0,1,-2,0,-6,1,0,0,-2,0,-3,0,1,0,5.18,0.36,1.88,0.619
2,0,0,-3,0,0,1,-2,0,-6,1,0,0,-2,0,-3,-1,1,0,5.18,0.36,1.88,0.619
2,0,0,-3,0,0,1,-2,0,-6,1,0,0,-2,0,-2,-1,1,0,5.18,0.36,1.91,0.629
2,0,0,-3,0,0,1,-2,0,-6,1,0,0,-2,0,-3,-1,1,0,5.18,0.36,1.91,0.629
2,0,0,-3,0,0,1,-2,0,-6,1,0,0,-2,0,-2,-1,1,0,5.18,0.36,1.91,0.629
2,0,0,-3,0,0,1,-2,0,-6,1,0,0,-2,0,-2,-1,1,0,5.18,0.36,1.91,0.629
2,0,0,-3,0,0,1,-2,0,-6,1,0,0,-2,0,-2,-1,1,0,5.18,0.36,1.91,0.629
2,0,0,-3,0,0,1,-2,0,-6,1,0,0,-2,0,-2,-1,1,0,5.18,0.36,1.91,0.629
2,0,0,-3,0,0,1,-2,0,-7,1,0,0,-2,0,-2,0,1,0,5.18,0.36,1.91,0.629
2,0,0,-3,0,0,1,-2,0,-7,2,0,0,-2,0,-1,0,1,0,5.18,0.36,1.91,0.629
2,0,0,-3,0,0,1,-2,0,-7,2,0,0,-2,0,-2,0,1,0,5.18,0.36,1.91,0.629
2,0,0,-3,0,0,1,-2,0,-7,1,0,0,-2,0,-2,1,2,0,5.18,0.36,1.91,0.629
2,0,0,-3,0,0,1,-2,0,-6,1,0,0,-2,0,-2,1,2,0,5.18,0.36,1.91,0.629
2,0,0,-3,0,0,1,-2,0,-6,1,0,0,-2,0,-2,0,2,0,5.18,0.36,1.87,0.615
2,0,0,-3,0,0,1,-2,0,-6,2,0,0,-2,0,-1,-1,3,0,5.18,0.36,1.87,0.615
2,0,0,-4,0,0,1,-2,0,-6,2,0,0,-2,0,-1,-1,3,0,5.18,0.36,1.87,0.615
2,0,0,-4,0,0,1,-2,0,-7,3,0,0,-2,0,-1,-1,3,0,5.18,0.36,1.87,0.615
2,0,0,-4,0,0,1,-2,0,-8,3,0,0,-2,0,-1,-1,3,0,5.18,0.36,1.87,0.615
2,0,0,-3,0,0,1,-2,0,-8,3,0,0,-2,0,-1,-1,3,0,5.18,0.36,1.86,0.614
2,0,0,-3,0,0,1,-2,0,-8,2,0,0,-2,0,-1,-1,3,0,5.18,0.36,1.86,0.614
2,0,0,-4,0,0,1,-2,0,-8,2,0,0,-2,0,0,-1,3,0,5.18,0.36,1.86,0.614
2,0,0,-4,0,0,1,-2,0,-8,2,0,0,-2,0,-1,-1,3,0,5.18,0.36,1.86,0.614
2,0,0,-4,0,0,1,-2,0,-7,2,0,0,-2,0,0,-1,3,0,5.18,0.36,1.86,0.614
2,0,0,-3,0,0,1,-2,0,-7,2,0,0,-2,0,-1,-1,3,0,5.18,0.36,1.86,0.614
2,0,0,-3,0,0,1,-2,0,-6,1,0,0,-2,0,-1,-1,3,0,5.18,0.36,1.86,0.614
2,0,0,-3,0,0,1,-2,0,-6,1,0,0,-2,0,-1,-1,3,0,5.18,0.36,1.86,0.614
2,0,0,-3,0,0,1,-2,0,-6,1,0,0,-2,0,-1,-1,3,0,5.18,0.36,1.86,0.614
2,0,0,-3,0,0,1,-2,0,-6,1,0,0,-2,0,-2,-1,2,0,5.18,0.36,1.86,0.614
2,0,0,-3,0,0,1,-2,0,-6,1,0,0,-2,0,-2,-1,2,0,5.18,0.36,1.86,0.614
2,0,0,-3,0,0,1,-2,0,-6,1,0,0,-2,0,-2,-1,2,0,5.18,0.35,1.86,0.613
2,0,0,-3,0,0,1,-2,0,-7,1,0,0,-2,0,-2,-1,2,0,5.18,0.35,1.86,0.613
2,0,0,-3,0,0,1,-2,0,-7,1,0,0,-2,0,-2,-1,2,0,5.18,0.35,1.86,0.613
2,0,0,-3,0,0,1,-2,0,-7,2,0,0,-2,0,-3,-1,2,0,5.18,0.35,1.86,0.613
2,0,0,-3,0,0,1,-2,0,-6,2,0,0,-2,0,-2,-1,1,0,5.18,0.35,1.86,0.613
2,0,0,-3,0,0,1,-2,0,-6,2,0,0,-2,0,-2,-1,1,0,5.18,0.35,1.86,0.613
2,0,0,-3,0,0,1,-2,0,-6,2,0,0,-2,0,-3,0,1,0,5.18,0.35,1.86,0.613
2,0,0,-3,0,0,1,-2,0,-6,1,0,0,-2,0,-3,0,1,0,5.18,0.35,1.86,0.613
2,0,0,-3,0,0,1,-2,0,-6,1,0,0,-2,0,-3,0,1,0,5.18,0.35,1.86,0.613
2,0,0,-3,0,0,1,-2,0,-6,1,0,0,-2,0,-3,0,1,0,5.18,0.35,1.86,0.613
2,0,0,-3,0,0,1,-2,0,-6,1,0,0,-2,0,-3,0,1,0,5.18,0.35,1.86,0.613
2,0,0,-3,0,0,1,-2,0,-6,1,0,0,-2,0,-3,0,1,0,5.18,0.36,1.88,0.621
2,0,0,-4,0,0,1,-2,0,-6,1,-1,0,-2,0,-3,0,1,0,5.18,0.36,1.88,0.621
2,0,0,-4,0,0,1,-2,0,-6,1,0,0,-2,0,-3,0,1,0,5.18,0.36,1.88,0.621
2,0,0,-3,0,0,1,-2,0,-6,1,0,0,-2,0,-3,0,1,0,5.18,0.36,1.88,0.621
2,0,0,-3,0,0,1,-2,0,-6,1,0,0,-2,0,-3,0,1,0,5.18,0.36,1.88,0.621
2,0,0,-3,0,0,1,-2,0,-6,1,0,0,-2,0,-3,0,1,0,5.18,0.36,1.88,0.621
2,0,0,-3,0,0,1,-2,0,-6,1,0,0,-2,0,-3,0,1,0,5.18,0.36,1.88,0.621
2,0,0,-3,0,0,1,-2,0,-6,2,0,0,-2,0,-4,0,1,0,5.18,0.36,1.88,0.621
2,0,0,-3,0,0,1,-2,0,-6,2,0,0,-2,0,-4,0,1,0,5.18,0.36,1.88,0.621
2,0,0,-3,0,0,1,-2,0,-6,2,0,0,-2,0,-4,0,1,0,5.18,0.36,1.88,0.621
2,0,0,-3,0,0,1,-2,0,-5,2,0,0,-2,0,-4,0,1,0,5.18,0.36,1.88,0.621
2,0,0,-3,0,0,1,-2,0,-5,2,0,0,-2,0,-3,-1,1,0,5.19,0.36,1.91,0.63
2,0,0,-3,0,0,1,-2,0,-5,1,0,0,-2,0,-3,-1,1,0,5.19,0.36,1.91,0.63
2,0,0,-3,0,0,1,-2,0,-5,1,-1,0,-2,0,-3,-1,1,0,5.19,0.36,1.91,0.63
2,0,0,-3,0,0,1,-2,0,-6,1,-1,0,-2,0,-3,0,1,0,5.19,0.36,1.91,0.63
2,0,0,-3,0,0,1,-2,0,-6,1,-1,0,-2,0,-3,0,2,0,5.19,0.36,1.91,0.63
2,0,0,-3,0,0,1,-2,0,-6,1,0,0,-2,0,-3,0,2,0,5.19,0.36,1.91,0.63
2,0,0,-3,0,0,1,-2,0,-6,2,0,0,-2,0,-3,0,2,0,5.19,0.36,1.91,0.63
2,0,0,-3,0,0,1,-2,0,-6,2,0,0,-2,0,-3,0,2,0,5.19,0.36,1.91,0.63
2,0,0,-3,0,0,1,-2,0,-6,2,0,0,-2,0,-3,0,2,0,5.19,0.36,1.91,0.63
2,0,0,-4,0,0,1,-2,0,-6,2,0,0,-2,0,-3,0,2,0,5.19,0.36,1.91,0.63
2,0,0,-4,0,0,1,-2,0,-6,1,0,0,-2,0,-3,-1,2,0,5.19,0.36,1.91,0.63
2,0,0,-4,0,0,1,-2,0,-6,1,0,0,-2,0,-4,-1,2,0,5.18,0.36,1.87,0.615
2,0,0,-4,0,0,1,-2,0,-6,1,0,0,-2,0,-3,-1,2,0,5.18,0.36,1.87,0.615
2,0,0,-4,0,0,1,-2,0,-6,1,-1,0,-2,0,-3,-1,2,0,5.18,0.36,1.87,0.615
2,0,0,-3,0,0,1,-2,0,-6,1,-1,0,-2,0,-3,-1,2,0,5.18,0.36,1.87,0.615
2,0,0,-4,0,0,1,-2,0,-6,2,-1,0,-2,0,-3,-1,2,0,5.18,0.36,1.87,0.615
2,0,0,-3,0,0,1,-2,0,-6,2,-1,0,-2,0,-3,0,2,0,5.18,0.36,1.87,0.615
2,0,0,-4,0,0,1,-2,0,-6,2,-1,0,-2,0,-2,0,2,0,5.18,0.36,1.87,0.615
2,0,0,-4,0,0,1,-2,0,-9,3,0,0,-2,0,-2,0,2,0,5.18,0.36,1.86,0.614
2,0,0,-4,0,0,1,-2,0,-8,3,0,0,-2,0,-2,1,3,0,5.18,0.36,1.86,0.614
2,0,0,-4,0,0,1,-2,0,-8,3,0,0,-2,0,-2,1,3,0,5.18,0.36,1.86,0.614
2,0,0,-5,0,0,1,-2,0,-8,3,0,0,-2,0,-1,1,3,0,5.18,0.36,1.86,0.614
2,0,0,-4,0,0,1,-2,0,-7,3,0,0,-2,0,-1,1,3,0,5.18,0.36,1.86,0.614
2,0,0,-5,0,0,1,-2,0,-7,3,0,0,-2,0,-1,0,3,0,5.18,0.36,1.86,0.614
2,0,0,-5,0,0,1,-2,0,-7,2,0,0,-2,0,-2,0,3,0,5.18,0.36,1.86,0.614
2,0,0,-5,0,0,1,-2,0,-6,2,0,0,-2,0,-2,0,2,0,5.18,0.36,1.86,0.614
2,0,0,-5,0,0,1,-2,0,-6,2,0,0,-2,0,-2,0,2,0,5.18,0.36,1.86,0.614
2,0,0,-5,0,0,1,-2,0,-6,2,0,0,-2,0,-2,0,2,0,5.18,0.36,1.86,0.614
2,0,0,-4,0,0,1,-2,0,-6,2,-1,0,-2,0,-2,0,2,0,5.18,0.36,1.86,0.614
2,0,0,-4,0,0,1,-2,0,-6,2,-1,0,-2,0,-2,0,2,0,5.18,0.36,1.86,0.614
2,0,0,-4,0,0,1,-2,0,-7,2,-1,0,-2,0,-2,0,2,0,5.18,0.36,1.86,0.614
2,0,0,-4,0,0,1,-2,0,-6,3,-2,0,-2,0,-1,1,2,0,5.18,0.36,1.86,0.614
2,0,0,-4,0,0,1,-2,0,-6,3,-2,0,-2,0,-1,1,2,0,5.18,0.36,1.86,0.614
2,0,0,-4,0,0,1,-2,0,-6,3,-2,0,-2,0,-1,1,2,0,5.18,0.36,1.86,0.614
2,0,0,-4,0,0,1,-2,0,-6,2,-2,0,-2,0,-1,1,2,0,5.18,0.36,1.86,0.614
2,0,0,-4,0,0,1,-2,0,-5,2,-1,0,-2,0,-1,0,2,0,5.18,0.36,1.86,0.614
2,0,0,-4,0,0,1,-2,0,-5,2,-1,0,-2,0,-1,0,2,0,5.18,0.36,1.86,0.614
2,0,0,-4,0,0,1,-2,0,-5,2,-1,0,-2,0,-2,0,2,0,5.18,0.36,1.86,0.614
2,0,0,-4,0,0,1,-2,0,-5,2,-1,0,-2,0,-2,0,2,0,5.18,0.35,1.86,0.614
2,0,0,-4,0,0,1,-2,0,-5,3,-1,0,-2,0,-2,0,2,0,5.18,0.35,1.86,0.614
2,0,0,-4,0,0,1,-2,0,-6,3,-1,0,-2,0,-2,0,2,0,5.18,0.35,1.86,0.614
2,0,0,-4,0,0,1,-2,0,-6,2,-1,0,-2,0,-2,0,2,0,5.18,0.35,1.86,0.614
2,0,0,-4,0,0,1,-2,0,-6,2,-1,0,-2,0,-2,0,2,0,5.18,0.35,1.86,0.614
2,0,0,-4,0,0,1,-2,0,-6,2,-1,0,-2,0,-2,0,2,0,5.18,0.35,1.86,0.614
2,0,0,-4,0,0,1,-2,0,-6,2,-1,0,-2,0,-2,0,2,0,5.18,0.35,1.86,0.614
2,0,0,-5,0,0,1,-2,0,-6,2,-1,0,-2,0,-1,0,2,0,5.18,0.35,1.86,0.614
2,0,0,-4,0,0,1,-2,0,-6,2,-1,0,-2,0,-1,0,2,0,5.18,0.35,1.86,0.614
2,0,0,-4,0,0,1,-2,0,-6,2,-1,0,-2,0,-1,0,2,0,5.18,0.35,1.86,0.614
2,0,0,-4,0,0,1,-2,0,-6,2,-1,0,-2,0,-2,0,2,0,5.18,0.35,1.86,0.614
2,0,0,-4,0,0,1,-2,0,-6,2,-1,0,-2,0,-2,0,2,0,5.18,0.36,1.91,0.629
2,0,0,-4,0,0,1,-2,0,-6,2,-1,0,-2,0,-2,0,2,0,5.18,0.36,1.91,0.629
2,0,0,-4,0,0,1,-2,0,-6,1,-1,0,-2,0,-2,0,2,0,5.18,0.36,1.91,0.629
2,0,0,-4,0,0,1,-2,0,-6,2,-1,0,-2,0,-3,0,2,0,5.18,0.36,1.91,0.629
2,0,0,-4,0,0,1,-2,0,-6,2,-1,0,-2,0,-2,0,2,0,5.18,0.36,1.91,0.629
2,0,0,-4,0,0,1,-2,0,-7,3,0,0,-2,0,-2,0,2,0,5.18,0.36,1.91,0.629
2,0,0,-4,0,0,1,-2,0,-7,3,-1,0,-2,0,-2,0,2,0,5.18,0.36,1.91,0.629
2,0,0,-4,0,0,1,-2,0,-7,3,-1,0,-2,0,-2,0,2,0,5.18,0.36,1.91,0.629
2,0,0,-4,0,0,1,-2,0,-7,3,0,0,-2,0,-2,0,2,0,5.18,0.36,1.91,0.629
2,0,0,-4,0,0,1,-2,0,-7,3,0,0,-2,0,-2,0,2,0,5.18,0.36,1.91,0.629
2,0,0,-4,0,0,1,-2,0,-7,2,0,0,-2,0,-2,0,2,0,5.18,0.36,1.91,0.629
2,0,0,-4,0,0,1,-2,0,-7,1,0,0,-2,0,-2,0,2,0,5.18,0.36,1.87,0.615
2,0,0,-4,0,0,1,-2,0,-8,1,0,0,-2,0,-2,0,2,0,5.18,0.36,1.87,0.615
2,0,0,-4,0,0,1,-2,0,-8,2,0,0,-2,0,-2,0,2,0,5.18,0.36,1.87,0.615
2,0,0,-4,0,0,1,-2,0,-8,2,0,0,-2,0,-2,0,1,0,5.18,0.36,1.87,0.615
2,0,0,-4,0,0,1,-2,0,-8,2,0,0,-2,0,-2,0,1,0,5.18,0.36,1.87,0.615
2,0,0,-4,0,0,1,-2,0,-8,3,0,0,-2,0,-2,0,1,0,5.18,0.36,1.87,0.615
2,0,0,-3,0,0,1,-2,0,-8,3,0,0,-2,0,-2,0,1,0,5.18,0.36,1.87,0.615
2,0,0,-3,0,0,1,-2,0,-8,3,0,0,-2,0,-2,0,1,0,5.18,0.36,1.87,0.615
2,0,0,-3,0,0,1,-2,0,-7,2,0,0,-2,0,-2,0,1,0,5.18,0.36,1.87,0.615
2,0,0,-3,0,0,1,-2,0,-6,1,0,0,-2,0,-2,0,1,0,5.18,0.36,1.87,0.615
2,0,0,-3,0,0,1,-2,0,-6,1,0,0,-2,0,-2,0,2,0,5.18,0.36,1.87,0.615
2,0,0,-3,0,0,1,-2,0,-7,1,0,0,-2,0,-2,0,1,0,5.18,0.35,1.86,0.613
2,0,0,-3,0,0,1,-2,0,-7,2,0,0,-2,0,-2,0,1,0,5.18,0.35,1.86,0.613
2,0,0,-3,0,0,1,-2,0,-7,2,0,0,-2,0,-2,0,1,0,5.18,0.35,1.86,0.613
2,0,0,-3,0,0,1,-2,0,-7,1,-1,0,-2,0,-1,0,1,0,5.18,0.36,1.86,0.615
2,0,0,-3,0,0,1,-2,0,-6,1,-1,0,-2,0,-1,0,1,0,5.18,0.36,1.86,0.615
2,0,0,-3,0,0,1,-2,0,-6,1,-1,0,-2,0,-1,0,1,0,5.18,0.36,1.87,0.618
2,0,0,-3,0,0,1,-2,0,-6,1,0,0,-2,0,-1,0,2,0,5.18,0.36,1.87,0.618
2,0,0,-3,0,0,1,-2,0,-5,1,0,0,-2,0,-1,0,2,0,5.18,0.36,1.87,0.618
2,0,0,-3,0,0,1,-2,0,-5,1,0,0,-2,0,-2,0,2,0,5.18,0.36,1.87,0.618
2,0,0,-3,0,0,1,-2,0,-5,1,0,0,-2,0,-2,-1,1,0,5.18,0.36,1.87,0.618
2,0,0,-3,0,0,1,-2,0,-5,1,0,0,-2,0,-2,-1,1,0,5.18,0.36,1.87,0.618
2,0,0,-3,0,0,1,-2,0,-6,1,0,0,-2,0,-2,-1,1,0,5.18,0.36,1.87,0.618
2,0,0,-3,0,0,1,-2,0,-6,2,0,0,-2,0,-2,-1,1,0,5.18,0.36,1.87,0.618
2,0,0,-3,0,0,1,-2,0,-7,2,0,0,-2,0,-1,-2,1,0,5.18,0.36,1.87,0.618
2,0,0,-3,0,0,1,-2,0,-7,2,0,0,-2,0,-2,-2,1,0,5.18,0.36,1.87,0.618
2,0,0,-3,0,0,1,-2,0,-7,2,0,0,-2,0,-2,-2,1,0,5.18,0.36,1.87,0.618
2,0,0,-3,0,0,1,-2,0,-7,2,0,0,-2,0,-2,-1,1,0,5.18,0.37,1.93,0.636
2,0,0,-3,0,0,1,-2,0,-7,2,0,0,-2,0,-2,-1,1,0,5.18,0.37,1.93,0.636
2,0,0,-3,0,0,1,-2,0,-6,1,-1,0,-2,0,-2,0,2,0,5.18,0.37,1.93,0.636
2,0,0,-3,0,0,1,-2,0,-6,1,-1,0,-2,0,-2,0,2,0,5.18,0.37,1.93,0.636
2,0,0,-3,0,0,1,-2,0,-5,1,-1,0,-2,0,-2,0,2,0,5.18,0.37,1.93,0.636
2,0,0,-3,0,0,1,-2,0,-5,1,0,0,-2,0,-2,-1,2,0,5.18,0.37,1.93,0.636
2,0,0,-3,0,0,1,-2,0,-5,1,-1,0,-2,0,-2,-1,2,0,5.18,0.37,1.93,0.636
2,0,0,-3,0,0,1,-2,0,-6,1,0,0,-2,0,-2,-1,2,0,5.18,0.37,1.93,0.636
2,0,0,-3,0,0,1,-2,0,-6,1,0,0,-2,0,-2,-1,2,0,5.18,0.37,1.93,0.636
2,0,0,-3,0,0,1,-2,0,-6,1,-1,0,-2,0,-2,-1,2,0,5.18,0.37,1.93,0.636
2,0,0,-3,0,0,1,-2,0,-7,2,-1,0,-2,0,-2,-1,2,0,5.18,0.37,1.93,0.636
2,0,0,-3,0,0,1,-2,0,-7,2,-1,0,-2,0,-2,-1,2,0,5.18,0.36,1.89,0.624
2,0,0,-3,0,0,1,-2,0,-7,2,0,0,-2,0,-1,0,2,0,5.18,0.36,1.89,0.624
2,0,0,-3,0,0,1,-2,0,-7,1,-1,0,-2,0,-2,0,2,0,5.18,0.36,1.89,0.624
2,0,0,-3,0,0,1,-2,0,-7,1,0,0,-2,0,-2,0,2,0,5.18,0.36,1.89,0.624
2,0,0,-3,0,0,1,-2,0,-7,1,0,0,-2,0,-2,0,2,0,5.18,0.36,1.89,0.624
2,0,0,-3,0,0,1,-2,0,-6,1,0,0,-2,0,-2,-1,2,0,5.18,0.36,1.89,0.624
2,0,0,-3,0,0,1,-2,0,-6,1,0,0,-2,0,-2,-1,1,0,5.18,0.36,1.89,0.624
2,0,0,-3,0,0,1,-2,0,-6,1,0,0,-2,0,-2,-1,1,0,5.18,0.36,1.89,0.624
2,0,0,-3,0,0,1,-2,0,-6,2,0,0,-2,0,-3,-2,1,0,5.18,0.36,1.89,0.624
2,0,0,-3,0,0,1,-2,0,-7,2,0,0,-2,0,-3,-1,1,0,5.18,0.36,1.89,0.624
2,0,0,-3,0,0,1,-2,0,-7,2,0,0,-2,0,-3,-1,1,0,5.18,0.36,1.89,0.624
2,0,0,-3,0,0,1,-2,0,-7,2,0,0,-2,0,-3,-1,2,0,5.18,0.36,1.86,0.615
2,0,0,-3,0,0,1,-2,0,-7,2,0,0,-2,0,-2,0,2,0,5.18,0.36,1.86,0.615
2,0,0,-3,0,0,1,-2,0,-7,2,0,0,-2,0,-2,0,2,0,5.18,0.36,1.86,0.615
2,0,0,-3,0,0,1,-2,0,-7,1,0,0,-2,0,-2,0,2,0,5.18,0.36,1.86,0.615
2,0,0,-3,0,0,1,-2,0,-7,2,0,0,-2,0,-2,-1,1,0,5.18,0.36,1.86,0.615
2,0,0,-3,0,0,1,-2,0,-6,1,0,0,-2,0,-2,-1,1,0,5.18,0.36,1.86,0.615
2,0,0,-3,0,0,1,-2,0,-6,1,0,0,-2,0,-2,-1,1,0,5.18,0.36,1.86,0.615
2,0,0,-3,0,0,1,-2,0,-6,1,0,0,-2,0,-2,-1,1,0,5.18,0.36,1.86,0.615
2,0,0,-3,0,0,1,-2,0,-5,1,0,0,-2,0,-2,-1,0,0,5.18,0.36,1.86,0.615
2,0,0,-3,0,0,1,-2,0,-5,1,0,0,-2,0,-2,-1,0,0,5.18,0.36,1.86,0.615
2,0,0,-3,0,0,1,-2,0,-5,1,0,0,-2,0,-2,-1,1,0,5.18,0.36,1.86,0.615
2,0,0,-3,0,0,1,-2,0,-5,1,0,0,-2,0,-3,-1,1,0,5.18,0.36,1.86,0.616
2,0,0,-3,0,0,1,-2,0,-5,1,0,0,-2,0,-3,-1,1,0,5.18,0.36,1.86,0.616
2,0,0,-3,0,0,1,-2,0,-5,1,0,0,-2,0,-2,-1,1,0,5.18,0.36,1.86,0.616
2,0,0,-3,0,0,1,-2,0,-5,2,0,0,-2,0,-3,-1,1,0,5.18,0.36,1.86,0.616
2,0,0,-3,0,0,1,-2,0,-5,2,0,0,-2,0,-3,-1,1,0,5.18,0.36,1.86,0.616
2,0,0,-3,0,0,1,-2,0,-5,2,0,0,-2,0,-3,0,1,0,5.18,0.36,1.86,0.616
2,0,0,-3,0,0,1,-2,0,-5,2,0,0,-2,0,-2,0,1,0,5.18,0.36,1.86,0.616
2,0,0,-3,0,0,1,-2,0,-5,2,0,0,-2,0,-2,0,2,0,5.18,0.36,1.86,0.616
2,0,0,-3,0,0,1,-2,0,-5,2,0,0,-2,0,-2,-1,2,0,5.18,0.36,1.86,0.616
2,0,0,-3,0,0,1,-2,0,-7,2,-1,0,-2,0,-3,-1,1,0,5.18,0.36,1.86,0.616
2,0,0,-3,0,0,1,-2,0,-7,2,0,0,-2,0,-3,-1,1,0,5.18,0.36,1.86,0.616
2,0,0,-3,0,0,1,-2,0,-7,2,0,0,-2,0,-3,-1,1,0,5.18,0.36,1.86,0.616
2,0,0,-3,0,0,1,-2,0,-7,2,0,0,-2,0,-3,-1,1,0,5.18,0.36,1.86,0.616
2,0,0,-3,0,0,1,-2,0,-7,2,0,0,-2,0,-3,-1,1,0,5.18,0.36,1.86,0.616
2,0,0,-3,0,0,1,-2,0,-7,2,0,0,-2,0,-3,-1,2,0,5.18,0.36,1.86,0.616
2,0,0,-4,0,0,1,-2,0,-7,2,0,0,-2,0,-3,-1,2,0,5.18,0.36,1.86,0.616
2,0,0,-3,0,0,1,-2,0,-7,2,0,0,-2,0,-3,0,2,0,5.18,0.37,1.92,0.634
2,0,0,-3,0,0,1,-2,0,-7,2,0,0,-2,0,-3,0,2,0,5.18,0.37,1.92,0.634
2,0,0,-4,0,0,1,-2,0,-7,2,0,0,-2,0,-3,0,2,0,5.18,0.37,1.92,0.634
2,0,0,-4,0,0,1,-2,0,-7,2,0,0,-2,0,-3,0,2,0,5.18,0.37,1.92,0.634
2,0,0,-3,0,0,1,-2,0,-7,1,0,0,-2,0,-3,0,2,0,5.18,0.37,1.92,0.634
2,0,0,-3,0,0,1,-2,0,-7,1,0,0,-2,0,-3,-1,2,0,5.18,0.37,1.92,0.634
2,0,0,-3,0,0,1,-2,0,-8,1,0,0,-2,0,-3,-1,2,0,5.18,0.37,1.92,0.634
2,0,0,-3,0,0,1,-2,0,-8,1,0,0,-2,0,-3,0,2,0,5.18,0.37,1.92,0.634
2,0,0,-3,0,0,1,-2,0,-8,2,0,0,-2,0,-3,0,2,0,5.18,0.37,1.92,0.634
2,0,0,-3,0,0,1,-2,0,-8,2,0,0,-2,0,-3,0,2,0,5.18,0.37,1.92,0.634
2,0,0,-3,0,0,1,-2,0,-8,2,0,0,-2,0,-3,0,2,0,5.18,0.37,1.92,0.634
2,0,0,-3,0,0,1,-2,0,-7,2,0,0,-2,0,-3,0,1,0,5.18,0.36,1.87,0.617
2,0,0,-3,0,0,1,-2,0,-7,2,0,0,-2,0,-3,0,1,0,5.18,0.36,1.87,0.617
2,0,0,-3,0,0,1,-2,0,-7,2,0,0,-2,0,-3,-1,1,0,5.18,0.36,1.87,0.617
2,0,0,-3,0,0,1,-2,0,-7,2,0,0,-2,0,-3,-1,1,0,5.18,0.36,1.87,0.617
2,0,0,-3,0,0,1,-2,0,-7,2,0,0,-2,0,-3,-1,1,0,5.18,0.36,1.87,0.617
2,0,0,-3,0,0,1,-2,0,-7,3,0,0,-2,0,-3,-1,1,0,5.18,0.36,1.87,0.617
2,0,0,-3,0,0,1,-2,0,-7,3,0,0,-2,0,-3,-1,1,0,5.18,0.36,1.87,0.617
2,0,0,-3,0,0,1,-2,0,-8,3,-1,0,-2,0,-3,0,2,0,5.18,0.36,1.87,0.617
2,0,0,-3,0,0,1,-2,0,-8,2,-1,0,-2,0,-2,0,2,0,5.18,0.36,1.87,0.617
2,0,0,-3,0,0,1,-2,0,-8,1,-1,0,-2,0,-2,0,2,0,5.18,0.36,1.87,0.617
2,0,0,-3,0,0,1,-2,0,-8,1,-2,0,-2,0,-2,0,2,0,5.18,0.36,1.87,0.617
2,0,0,-3,0,0,1,-2,0,-8,1,-2,0,-2,0,-2,0,2,0,5.18,0.35,1.86,0.615
2,0,0,-3,0,0,1,-2,0,-7,1,-1,0,-2,0,-2,0,2,0,5.18,0.35,1.86,0.615
2,0,0,-3,0,0,1,-2,0,-7,1,-1,0,-2,0,-2,0,3,0,5.18,0.35,1.86,0.615
2,0,0,-3,0,0,1,-2,0,-7,1,-1,0,-2,0,-3,0,3,0,5.18,0.35,1.86,0.615
2,0,0,-3,0,0,1,-2,0,-6,2,-1,0,-2,0,-3,0,2,0,5.18,0.35,1.86,0.615
2,0,0,-3,0,0,1,-2,0,-6,2,-1,0,-2,0,-3,0,3,0,5.18,0.35,1.86,0.615
2,0,0,-3,0,0,1,-2,0,-6,2,-1,0,-2,0,-3,0,3,0,5.18,0.35,1.86,0.615
2,0,0,-3,0,0,1,-2,0,-5,2,-1,0,-2,0,-2,0,3,0,5.18,0.35,1.86,0.615
2,0,0,-3,0,0,1,-2,0,-5,1,-1,0,-2,0,-2,0,3,0,5.18,0.35,1.86,0.615
2,0,0,-3,0,0,1,-2,0,-6,1,-2,0,-2,0,-2,0,3,0,5.18,0.35,1.86,0.615
2,0,0,-3,0,0,1,-2,0,-6,1,-2,0,-2,0,-2,0,2,0,5.18,0.35,1.86,0.615
2,0,0,-3,0,0,1,-2,0,-6,1,-2,0,-2,0,-1,0,2,0,5.18,0.36,1.87,0.618
2,0,0,-3,0,0,1,-2,0,-6,1,-2,0,-2,0,-1,0,2,0,5.18,0.36,1.87,0.618
2,0,0,-3,0,0,1,-2,0,-6,2,-2,0,-2,0,-1,0,1,0,5.18,0.36,1.87,0.618
2,0,0,-3,0,0,1,-2,0,-6,2,-2,0,-2,0,-2,0,1,0,5.18,0.36,1.87,0.618
2,0,0,-3,0,0,1,-2,0,-6,2,-1,0,-2,0,-2,0,1,0,5.18,0.36,1.87,0.618
2,0,0,-3,0,0,1,-2,0,-6,2,-1,0,-2,0,-2,-1,1,0,5.18,0.36,1.87,0.618
2,0,0,-3,0,0,1,-2,0,-6,2,-1,0,-2,0,-3,-1,1,0,5.18,0.36,1.87,0.618
2,0,0,-3,0,0,1,-2,0,-6,2,-1,0,-2,0,-2,-1,1,0,5.18,0.36,1.87,0.618
2,0,0,-3,0,0,1,-2,0,-6,2,-1,0,-2,0,-2,-1,1,0,5.18,0.36,1.87,0.618
2,0,0,-3,0,0,1,-2,0,-6,1,-1,0,-2,0,-2,-1,1,0,5.18,0.36,1.87,0.618
2,0,0,-3,0,0,1,-2,0,-6,1,-1,0,-2,0,-2,-1,1,0,5.18,0.36,1.87,0.618
2,0,0,-3,0,0,1,-2,0,-6,2,-1,0,-2,0,-2,-1,1,0,5.18,0.36,1.87,0.617
2,0,0,-3,0,0,1,-2,0,-6,2,-1,0,-2,0,-2,-1,2,0,5.18,0.36,1.87,0.617
2,0,0,-3,0,0,1,-2,0,-6,2,-2,0,-2,0,-2,0,2,0,5.18,0.36,1.87,0.617
2,0,0,-3,0,0,1,-2,0,-7,1,0,0,-2,0,-2,0,1,0,5.18,0.36,1.88,0.621
2,0,0,-3,0,0,1,-2,0,-7,1,0,0,-2,0,-2,0,1,0,5.18,0.36,1.88,0.621
2,0,0,-3,0,0,1,-2,0,-7,1,0,0,-2,0,-2,0,1,0,5.18,0.37,1.92,0.634
2,0,0,-3,0,0,1,-2,0,-7,1,0,0,-2,0,-2,0,1,0,5.18,0.37,1.92,0.634
2,0,0,-3,0,0,1,-2,0,-7,1,0,0,-2,0,-2,0,1,0,5.18,0.37,1.92,0.634
2,0,0,-3,0,0,1,-2,0,-6,1,0,0,-2,0,-2,0,1,0,5.18,0.37,1.92,0.634
2,0,0,-3,0,0,1,-2,0,-6,1,0,0,-2,0,-2,0,1,0,5.18,0.37,1.92,0.634
2,0,0,-3,0,0,1,-2,0,-6,2,0,0,-2,0,-2,0,1,0,5.18,0.37,1.92,0.634
2,0,0,-3,0,0,1,-2,0,-6,2,0,0,-2,0,-2,0,1,0,5.18,0.37,1.92,0.634
2,0,0,-3,0,0,1,-2,0,-6,2,0,0,-2,0,-2,0,1,0,5.18,0.37,1.92,0.634
2,0,0,-3,0,0,1,-2,0,-6,2,0,0,-2,0,-2,0,1,0,5.18,0.37,1.92,0.634
2,0,0,-3,0,0,1,-2,0,-6,2,0,0,-2,0,-2,-1,2,0,5.18,0.37,1.92,0.634
2,0,0,-3,0,0,1,-2,0,-6,2,0,0,-2,0,-2,-1,1,0,5.18,0.37,1.92,0.634
2,0,0,-3,0,0,1,-2,0,-7,2,0,0,-2,0,-2,-1,2,0,5.18,0.36,1.87,0.619
2,0,0,-3,0,0,1,-2,0,-7,2,0,0,-2,0,-2,-1,2,0,5.18,0.36,1.87,0.619
2,0,0,-3,0,0,1,-2,0,-7,2,0,0,-2,0,-2,-1,2,0,5.18,0.36,1.87,0.619
2,0,0,-3,0,0,1,-2,0,-7,1,0,0,-2,0,-2,-1,2,0,5.18,0.36,1.87,0.619
2,0,0,-3,0,0,1,-2,0,-7,1,0,0,-2,0,-2,-1,2,0,5.18,0.36,1.87,0.619
2,0,0,-3,0,0,1,-2,0,-7,1,0,0,-2,0,-2,-1,2,0,5.18,0.36,1.87,0.619
2,0,0,-3,0,0,1,-2,0,-7,1,0,0,-2,0,-2,-1,2,0,5.18,0.36,1.87,0.619
2,0,0,-3,0,0,1,-2,0,-7,1,0,0,-2,0,-2,-1,2,0,5.18,0.36,1.87,0.619
2,0,0,-3,0,0,1,-2,0,-7,1,0,0,-2,0,-2,0,2,0,5.18,0.36,1.87,0.619
2,0,0,-3,0,0,1,-2,0,-6,1,0,0,-2,0,-2,0,2,0,5.18,0.36,1.87,0.619
2,0,0,-3,0,0,1,-2,0,-6,1,0,0,-2,0,-2,0,2,0,5.18,0.36,1.87,0.619
2,0,0,-3,0,0,1,-2,0,-6,2,0,0,-2,0,-2,0,2,0,5.18,0.36,1.87,0.617
2,0,0,-3,0,0,1,-2,0,-6,2,0,0,-2,0,-2,0,3,0,5.18,0.36,1.87,0.617
2,0,0,-3,0,0,1,-2,0,-6,2,0,0,-2,0,-3,-1,2,0,5.18,0.36,1.87,0.617
2,0,0,-3,0,0,1,-2,0,-6,3,0,0,-2,0,-3,-1,2,0,5.18,0.36,1.87,0.617
2,0,0,-3,0,0,1,-2,0,-6,2,0,0,-2,0,-3,-1,2,0,5.18,0.36,1.87,0.617
2,0,0,-3,0,0,1,-2,0,-6,2,0,0,-2,0,-3,-1,2,0,5.18,0.36,1.87,0.617
2,0,0,-3,0,0,1,-2,0,-6,1,0,0,-2,0,-3,0,2,0,5.18,0.36,1.87,0.617
2,0,0,-4,0,0,1,-2,0,-6,1,0,0,-2,0,-3,0,2,0,5.18,0.36,1.87,0.617
2,0,0,-4,0,0,1,-2,0,-6,1,0,0,-2,0,-2,0,2,0,5.18,0.36,1.87,0.617
2,0,0,-3,0,0,1,-2,0,-6,1,0,0,-2,0,-2,0,2,0,5.18,0.36,1.87,0.617
2,0,0,-4,0,0,1,-2,0,-6,1,0,0,-2,0,-2,0,2,0,5.18,0.36,1.87,0.617
2,0,0,-3,0,0,1,-2,0,-7,2,0,0,-2,0,-2,0,2,0,5.18,0.36,1.87,0.617
2,0,0,-3,0,0,1,-2,0,-7,2,0,0,-2,0,-3,-1,1,0,5.18,0.36,1.87,0.617
2,0,0,-3,-1,0,1,-2,0,-7,2,0,0,-2,0,-3,-1,1,0,5.18,0.36,1.87,0.617
2,0,0,-3,0,0,1,-2,0,-6,1,0,0,-2,0,-3,-1,1,0,5.18,0.36,1.87,0.617
2,0,0,-3,0,0,1,-2,0,-5,1,0,0,-2,0,-3,-1,1,0,5.18,0.36,1.87,0.617
2,0,0,-3,0,0,1,-2,0,-5,1,0,0,-2,0,-3,-1,1,0,5.18,0.36,1.87,0.617
2,0,0,-3,0,0,1,-2,0,-5,1,0,0,-2,0,-3,-1,1,0,5.18,0.36,1.87,0.617
2,0,0,-3,0,0,1,-2,0,-5,1,0,0,-2,0,-3,-1,2,0,5.18,0.36,1.87,0.617
2,0,0,-3,0,0,1,-2,0,-4,2,0,0,-2,0,-3,-1,2,0,5.18,0.36,1.87,0.617
2,0,0,-3,0,0,1,-2,0,-5,2,-1,0,-2,0,-2,-1,2,0,5.18,0.36,1.87,0.617
2,0,0,-3,0,0,1,-2,0,-5,1,0,0,-2,0,-3,-1,2,0,5.18,0.36,1.87,0.617
2,0,0,-3,0,0,1,-2,0,-5,1,-1,0,-2,0,-2,-1,2,0,5.18,0.36,1.88,0.621
2,0,0,-3,0,0,1,-2,0,-6,2,-1,0,-2,0,-2,-1,2,0,5.18,0.36,1.88,0.621
2,0,0,-3,0,0,1,-2,0,-6,2,-1,0,-2,0,-2,-1,1,0,5.18,0.36,1.88,0.621
2,0,0,-3,0,0,1,-2,0,-6,2,-1,0,-2,0,-2,-1,1,0,5.18,0.36,1.88,0.621
2,0,0,-3,0,0,1,-2,0,-6,2,-1,0,-2,0,-2,-1,1,0,5.18,0.36,1.88,0.621
2,0,0,-3,0,0,1,-2,0,-6,1,-1,0,-2,0,-3,-1,1,0,5.18,0.36,1.88,0.621
2,0,0,-3,0,0,1,-2,0,-6,1,-1,0,-2,0,-3,-1,1,0,5.18,0.36,1.88,0.621
2,0,0,-3,0,0,1,-2,0,-6,0,-1,0,-2,0,-3,-1,2,0,5.18,0.36,1.88,0.621
2,0,0,-4,0,0,1,-2,0,-8,1,0,0,-2,0,-2,0,1,0,5.18,0.36,1.87,0.618
2,0,0,-4,0,0,1,-2,0,-8,2,1,0,-2,0,-2,0,1,0,5.18,0.36,1.87,0.618
2,0,0,-4,0,0,1,-2,0,-8,2,1,0,-2,0,-2,0,2,0,5.18,0.36,1.87,0.618
2,0,0,-3,0,0,1,-2,0,-7,2,1,0,-2,0,-2,0,1,0,5.18,0.36,1.87,0.618
2,0,0,-3,0,0,1,-2,0,-6,1,0,0,-2,0,-2,0,1,0,5.18,0.36,1.87,0.618
2,0,0,-3,0,0,1,-2,0,-6,1,0,0,-2,0,-2,0,1,0,5.18,0.36,1.87,0.618
2,0,0,-3,0,0,1,-2,0,-6,1,0,0,-2,0,-2,0,1,0,5.18,0.36,1.87,0.618
2,0,0,-4,0,0,1,-2,0,-6,1,0,0,-2,0,-2,0,1,0,5.18,0.36,1.87,0.618
2,0,0,-3,0,0,1,-2,0,-6,1,0,0,-2,0,-2,0,1,0,5.18,0.36,1.88,0.622
2,0,0,-3,0,0,1,-2,0,-7,2,0,0,-2,0,-2,0,1,0,5.18,0.36,1.88,0.622
2,0,0,-3,0,0,1,-2,0,-7,2,0,0,-2,0,-2,0,1,0,5.18,0.36,1.88,0.622
2,0,0,-3,0,0,1,-2,0,-7,2,0,0,-2,0,-2,0,2,0,5.18,0.36,1.88,0.622
2,0,0,-3,0,0,1,-2,0,-6,2,0,0,-2,0,-2,0,1,0,5.18,0.36,1.88,0.622
2,0,0,-3,0,0,1,-2,0,-6,2,0,0,-2,0,-2,0,2,0,5.18,0.36,1.88,0.622
2,0,0,-3,0,0,1,-2,0,-6,2,0,0,-2,0,-3,-1,2,0,5.18,0.36,1.88,0.622
2,0,0,-3,0,0,1,-2,0,-5,1,0,0,-2,0,-2,-1,2,0,5.18,0.36,1.88,0.622
2,0,0,-4,0,0,1,-2,0,-5,1,0,0,-2,0,-2,-1,2,0,5.18,0.36,1.88,0.622
2,0,0,-4,0,0,1,-2,0,-5,1,0,0,-2,0,-2,0,2,0,5.18,0.36,1.88,0.622
2,0,0,-4,0,0,1,-2,0,-5,1,0,0,-2,0,-2,0,2,0,5.18,0.36,1.88,0.622
2,0,0,-4,0,0,1,-2,0,-6,1,0,0,-2,0,-2,0,2,0,5.18,0.36,1.89,0.624
2,0,0,-3,0,0,1,-2,0,-6,1,0,0,-2,0,-2,0,2,0,5.18,0.36,1.89,0.624
2,0,0,-3,0,0,1,-2,0,-6,2,0,0,-2,0,-2,0,2,0,5.18,0.36,1.89,0.624
2,0,0,-3,0,0,1,-2,0,-6,2,0,0,-2,0,-2,0,2,0,5.18,0.36,1.89,0.624
2,0,0,-3,0,0,1,-2,0,-7,2,0,0,-2,0,-2,0,2,0,5.18,0.36,1.89,0.624
2,0,0,-3,0,0,1,-2,0,-7,1,0,0,-2,0,-2,0,2,0,5.18,0.36,1.89,0.624
2,0,0,-3,0,0,1,-2,0,-6,1,0,0,-2,0,-2,0,2,0,5.18,0.36,1.89,0.624
2,0,0,-3,0,0,1,-2,0,-6,1,0,0,-2,0,-2,0,2,0,5.18,0.36,1.89,0.624
2,0,0,-3,0,0,1,-2,0,-6,1,0,0,-2,0,-2,0,2,0,5.18,0.36,1.89,0.624
2,0,0,-3,0,0,1,-2,0,-6,1,0,0,-2,0,-2,0,2,0,5.18,0.36,1.89,0.624
2,0,0,-4,0,0,1,-2,0,-6,2,0,0,-2,0,-2,0,2,0,5.18,0.36,1.89,0.624
2,0,0,-4,0,0,1,-2,0,-6,2,0,0,-2,0,-2,0,2,0,5.18,0.36,1.89,0.624
2,0,0,-3,0,0,1,-2,0,-6,2,0,0,-2,0,-2,0,2,0,5.18,0.36,1.89,0.624
2,0,0,-4,0,0,1,-2,0,-6,2,0,0,-2,0,-2,0,2,0,5.18,0.36,1.89,0.624
2,0,0,-3,0,0,1,-2,0,-6,2,0,0,-2,0,-2,0,2,0,5.18,0.36,1.89,0.624
2,0,0,-3,0,0,1,-2,0,-7,2,0,0,-2,0,-2,0,2,0,5.18,0.36,1.89,0.624
2,0,0,-3,0,0,1,-2,0,-7,1,0,0,-2,0,-2,0,2,0,5.18,0.36,1.89,0.624
2,0,0,-3,0,0,1,-2,0,-7,1,0,0,-2,0,-1,0,2,0,5.18,0.36,1.89,0.624
2,0,0,-3,0,0,1,-2,0,-7,1,0,0,-2,0,-2,0,2,0,5.18,0.36,1.89,0.624
2,0,0,-3,0,0,1,-2,0,-7,1,0,0,-2,0,-2,0,2,0,5.18,0.36,1.89,0.624
2,0,0,-4,0,0,1,-2,0,-7,2,0,0,-2,0,-2,0,2,0,5.18,0.36,1.89,0.624
2,0,0,-3,0,0,1,-2,0,-6,2,0,0,-2,0,-2,0,2,0,5.18,0.36,1.89,0.624
2,0,0,-4,0,0,1,-2,0,-6,2,0,0,-2,0,-2,0,2,0,5.18,0.36,1.87,0.62
2,0,0,-4,0,0,1,-2,0,-6,2,0,0,-2,0,-2,0,2,0,5.18,0.36,1.87,0.62
2,0,0,-4,0,0,1,-2,0,-6,2,0,0,-2,0,-2,0,2,0,5.18,0.36,1.87,0.62
2,0,0,-4,0,0,1,-2,0,-6,2,0,0,-2,0,-2,0,2,0,5.18,0.36,1.87,0.62
2,0,0,-3,0,0,1,-2,0,-6,2,0,0,-2,0,-2,0,2,0,5.18,0.36,1.87,0.62
2,0,0,-3,0,0,1,-2,0,-6,2,0,0,-2,0,-2,0,2,0,5.18,0.36,1.87,0.62
2,0,0,-3,0,0,1,-2,0,-6,2,0,0,-2,0,-2,0,2,0,5.18,0.36,1.87,0.62
2,0,0,-3,0,0,1,-2,0,-6,1,0,0,-2,0,-2,0,2,0,5.18,0.36,1.87,0.62
2,0,0,-3,0,0,1,-2,0,-6,1,0,0,-2,0,-2,0,2,0,5.18,0.36,1.87,0.62
2,0,0,-3,0,0,1,-2,0,-6,1,0,0,-2,0,-2,0,2,0,5.18,0.36,1.87,0.62
2,0,0,-3,0,0,1,-2,0,-6,1,0,0,-2,0,-2,0,2,0,5.18,0.36,1.87,0.62
2,0,0,-3,0,0,1,-2,0,-7,1,0,0,-2,0,-2,0,2,0,5.18,0.35,1.86,0.615
2,0,0,-3,0,0,1,-2,0,-7,2,0,0,-2,0,-2,0,2,0,5.18,0.35,1.86,0.615
2,0,0,-3,0,0,1,-2,0,-7,2,0,0,-2,0,-2,0,2,0,5.18,0.35,1.86,0.615
2,0,0,-3,0,0,1,-2,0,-9,2,0,0,-2,0,-2,-1,3,0,5.18,0.36,1.88,0.622
2,0,0,-3,0,0,1,-2,0,-8,1,0,0,-2,0,-2,-1,3,0,5.18,0.36,1.88,0.622
2,0,0,-3,0,0,1,-2,0,-8,1,0,0,-2,0,-2,0,4,0,5.18,0.36,1.87,0.62
2,0,0,-3,0,0,1,-2,0,-6,1,0,0,-2,0,-2,0,4,0,5.18,0.36,1.87,0.62
2,0,0,-3,0,0,1,-2,0,-6,1,0,0,-2,0,-2,0,4,0,5.18,0.36,1.87,0.62
2,0,0,-3,0,0,1,-2,0,-6,0,0,0,-2,0,-2,0,4,0,5.18,0.36,1.87,0.62
2,0,0,-3,0,0,1,-2,0,-6,1,0,0,-2,0,-3,0,4,0,5.18,0.36,1.87,0.62
2,0,0,-3,0,0,1,-2,0,-7,1,0,0,-2,0,-3,-1,3,0,5.18,0.36,1.87,0.62
2,0,0,-3,0,0,1,-2,0,-7,1,0,0,-2,0,-3,-1,3,0,5.18,0.36,1.87,0.62
2,0,0,-3,0,0,1,-2,0,-7,2,0,0,-2,0,-3,-1,3,0,5.18,0.36,1.87,0.62
2,0,0,-3,0,0,1,-2,0,-7,2,0,0,-2,0,-3,-1,3,0,5.18,0.36,1.87,0.62
2,0,0,-3,0,0,1,-2,0,-7,3,-1,0,-2,0,-4,-1,4,0,5.18,0.36,1.87,0.62
2,0,0,-3,0,0,1,-2,0,-7,3,-1,0,-2,0,-4,0,4,0,5.18,0.36,1.87,0.62
2,0,0,-3,0,0,1,-2,0,-6,3,-1,0,-2,0,-3,0,4,0,5.18,0.36,1.87,0.62
2,0,0,-3,0,0,1,-2,0,-6,2,-1,0,-2,0,-3,-1,3,0,5.18,0.36,1.87,0.62
2,0,0,-3,0,0,1,-2,0,-6,2,-1,0,-2,0,-3,-1,4,0,5.18,0.36,1.87,0.62
2,0,0,-3,0,0,1,-2,0,-5,1,-1,0,-2,0,-3,-1,3,0,5.18,0.36,1.87,0.62
2,0,0,-3,0,0,1,-2,0,-6,1,-1,0,-2,0,-3,-1,3,0,5.18,0.36,1.87,0.62
2,0,0,-3,0,0,1,-2,0,-6,1,0,0,-2,0,-2,-1,3,0,5.18,0.36,1.87,0.62
2,0,0,-3,0,0,1,-2,0,-6,1,0,0,-2,0,-2,-2,3,0,5.18,0.36,1.87,0.62
2,0,0,-3,0,0,1,-2,0,-7,1,0,0,-2,0,-3,-1,2,0,5.18,0.36,1.87,0.62
2,0,0,-3,0,0,1,-2,0,-7,1,0,0,-2,0,-3,-1,2,0,5.18,0.36,1.87,0.62
2,0,0,-3,0,0,1,-2,0,-7,2,0,0,-2,0,-3,-1,2,0,5.18,0.36,1.87,0.62
2,0,0,-4,0,0,1,-2,0,-7,2,0,0,-2,0,-2,-1,1,0,5.18,0.36,1.87,0.62
2,0,0,-4,0,0,1,-2,0,-7,2,0,0,-2,0,-2,0,1,0,5.18,0.36,1.86,0.617
2,0,0,-4,0,0,1,-2,0,-7,1,-1,0,-2,0,-2,0,1,0,5.18,0.36,1.86,0.617
2,0,0,-4,0,0,1,-2,0,-7,1,-1,0,-2,0,-1,0,1,0,5.18,0.36,1.86,0.617
2,0,0,-4,0,0,1,-2,0,-7,1,-1,0,-2,0,-1,0,1,0,5.18,0.36,1.86,0.617
2,0,0,-4,0,0,1,-2,0,-7,1,-1,0,-2,0,-1,0,1,0,5.18,0.36,1.86,0.617
2,0,0,-4,0,0,1,-2,0,-6,1,-1,0,-2,0,-1,0,1,0,5.18,0.36,1.86,0.617
2,0,0,-3,0,0,1,-2,0,-6,2,-1,0,-2,0,-2,0,0,0,5.18,0.36,1.86,0.617
2,0,0,-4,0,0,1,-2,0,-6,2,-1,0,-2,0,-2,0,0,0,5.18,0.36,1.86,0.617
2,0,0,-3,0,0,1,-2,0,-6,3,0,0,-2,0,-3,0,0,0,5.18,0.36,1.86,0.617
2,0,0,-3,0,0,1,-2,0,-6,2,0,0,-2,0,-3,0,0,0,5.18,0.36,1.86,0.617
2,0,0,-3,0,0,1,-2,0,-6,1,0,0,-2,0,-2,0,0,0,5.18,0.36,1.86,0.617
2,0,0,-4,0,0,1,-2,0,-6,1,0,0,-2,0,-2,0,1,0,5.18,0.36,1.87,0.618
2,0,0,-4,0,0,1,-2,0,-6,1,0,0,-2,0,-2,0,1,0,5.18,0.36,1.87,0.618
2,0,0,-4,0,0,1,-2,0,-7,2,0,0,-2,0,-2,0,1,0,5.18,0.36,1.87,0.618
2,0,0,-4,0,0,1,-2,0,-7,2,0,0,-2,0,-2,0,2,0,5.18,0.36,1.87,0.618
2,0,0,-4,0,0,1,-2,0,-7,3,0,0,-2,0,-2,0,2,0,5.18,0.36,1.87,0.618
2,0,0,-4,0,0,1,-2,0,-7,3,0,0,-2,0,-1,0,2,0,5.18,0.36,1.87,0.618
2,0,0,-4,0,0,1,-2,0,-7,3,0,0,-2,0,-2,0,2,0,5.18,0.36,1.87,0.618
2,0,0,-4,0,0,1,-2,0,-6,2,0,0,-2,0,-2,0,2,0,5.18,0.36,1.87,0.618
2,0,0,-4,0,0,1,-2,0,-6,1,0,0,-2,0,-2,0,2,0,5.18,0.36,1.87,0.618
2,0,0,-4,0,0,1,-2,0,-6,1,0,0,-2,0,-2,0,2,0,5.18,0.36,1.87,0.618
2,0,0,-4,0,0,1,-2,0,-5,1,0,0,-2,0,-2,0,2,0,5.18,0.36,1.87,0.618
2,0,0,-4,0,0,1,-2,0,-5,1,0,0,-2,0,-3,0,2,0,5.18,0.36,1.86,0.618
2,0,0,-4,0,0,1,-2,0,-5,1,0,0,-2,0,-2,0,2,0,5.18,0.36,1.86,0.618
2,0,0,-4,0,0,1,-2,0,-6,2,0,0,-2,0,-2,0,2,0,5.18,0.36,1.86,0.618
2,0,0,-4,0,0,1,-2,0,-6,2,0,0,-2,0,-2,0,2,0,5.18,0.36,1.86,0.618
2,0,0,-4,0,0,1,-2,0,-6,2,0,0,-2,0,-2,0,2,0,5.18,0.36,1.86,0.618
2,0,0,-4,0,0,1,-2,0,-7,2,0,0,-2,0,-2,0,2,0,5.18,0.36,1.86,0.618
2,0,0,-3,0,0,1,-2,0,-7,2,0,0,-2,0,-2,1,2,0,5.18,0.36,1.86,0.618
2,0,0,-4,0,0,1,-2,0,-7,1,0,0,-2,0,-2,0,2,0,5.18,0.36,1.86,0.618
2,0,0,-3,0,0,1,-2,0,-6,1,0,0,-2,0,-2,-1,1,0,5.18,0.35,1.86,0.616
2,0,0,-3,0,0,1,-2,0,-6,1,0,0,-2,0,-3,-1,1,0,5.18,0.35,1.86,0.616
2,0,0,-3,0,0,1,-2,0,-6,1,0,0,-2,0,-3,-1,1,0,5.18,0.35,1.86,0.616
2,0,0,-3,-1,0,1,-2,0,-5,1,0,0,-2,0,-3,-1,1,0,5.18,0.35,1.86,0.616
2,0,0,-3,0,0,1,-2,0,-5,1,0,0,-2,0,-3,-1,1,0,5.18,0.35,1.86,0.616
2,0,0,-3,0,0,1,-2,0,-5,1,0,0,-2,0,-3,-1,1,0,5.18,0.35,1.86,0.616
2,0,0,-3,0,0,1,-2,0,-4,1,0,0,-2,0,-3,-1,2,0,5.18,0.35,1.86,0.616
2,0,0,-3,0,0,1,-2,0,-5,1,0,0,-2,0,-3,-1,1,0,5.18,0.35,1.86,0.616
2,0,0,-3,0,0,1,-2,0,-5,1,0,0,-2,0,-3,-1,2,0,5.18,0.35,1.86,0.617
2,0,0,-3,0,0,1,-2,0,-5,1,0,0,-2,0,-2,-1,2,0,5.18,0.35,1.86,0.617
2,0,0,-3,-1,0,1,-2,0,-6,1,0,0,-2,0,-2,0,2,0,5.18,0.35,1.86,0.617
2,0,0,-3,0,0,1,-2,0,-6,1,0,0,-2,0,-2,-1,2,0,5.18,0.35,1.86,0.617
2,0,0,-3,0,0,1,-2,0,-6,1,0,0,-2,0,-1,0,1,0,5.18,0.35,1.86,0.617
2,0,0,-3,0,0,1,-2,0,-6,1,0,0,-2,0,-2,0,1,0,5.18,0.35,1.86,0.617
2,0,0,-3,0,0,1,-2,0,-6,1,0,0,-2,0,-2,-1,1,0,5.18,0.35,1.86,0.617
2,0,0,-3,0,0,1,-2,0,-5,1,0,0,-2,0,-2,-1,1,0,5.18,0.35,1.86,0.617
2,0,0,-3,0,0,1,-2,0,-5,0,0,0,-2,0,-2,-1,1,0,5.18,0.35,1.86,0.617
2,0,0,-3,0,0,1,-2,0,-5,0,0,0,-2,0,-2,-1,1,0,5.18,0.35,1.86,0.617
2,0,0,-3,0,0,1,-2,0,-5,0,0,0,-2,0,-2,-1,1,0,5.18,0.35,1.86,0.617
2,0,0,-3,0,0,1,-2,0,-5,1,0,0,-2,0,-2,-1,0,0,5.18,0.36,1.87,0.62
2,0,0,-3,0,0,1,-2,0,-6,2,0,0,-2,0,-2,-1,0,0,5.18,0.36,1.87,0.62
2,0,0,-3,0,0,1,-2,0,-6,2,0,0,-2,0,-2,-1,1,0,5.18,0.36,1.87,0.62
2,0,0,-3,0,0,1,-2,0,-6,2,0,0,-2,0,-2,0,1,0,5.18,0.36,1.87,0.62
2,0,0,-3,0,0,1,-2,0,-6,2,0,0,-2,0,-2,0,1,0,5.18,0.36,1.87,0.62
2,0,0,-3,0,0,1,-2,0,-6,2,0,0,-2,0,-1,0,1,0,5.18,0.36,1.87,0.62
2,0,0,-3,0,0,1,-2,0,-6,1,0,0,-2,0,-1,0,2,0,5.18,0.36,1.87,0.62
2,0,0,-3,0,0,1,-2,0,-6,1,0,0,-2,0,-1,0,2,0,5.18,0.36,1.87,0.62
2,0,0,-3,0,0,1,-2,0,-6,1,0,0,-2,0,-1,0,2,0,5.18,0.36,1.87,0.62
2,0,0,-3,0,0,1,-2,0,-6,1,0,0,-2,0,-1,-1,2,0,5.18,0.36,1.87,0.62
2,0,0,-3,0,0,1,-2,0,-6,1,0,0,-2,0,-2,-1,2,0,5.18,0.36,1.87,0.62
2,0,0,-3,0,0,1,-2,0,-6,2,0,0,-2,0,-2,-1,2,0,5.18,0.35,1.86,0.616
2,0,0,-3,0,0,1,-2,0,-6,2,0,0,-2,0,-2,-1,1,0,5.18,0.35,1.86,0.616
2,0,0,-3,0,0,1,-2,0,-6,2,0,0,-2,0,-2,-1,1,0,5.18,0.35,1.86,0.616
2,0,0,-3,0,0,1,-2,0,-6,2,0,0,-2,0,-2,-1,1,0,5.18,0.35,1.86,0.616
2,0,0,-3,0,0,1,-2,0,-6,2,0,0,-2,0,-2,0,1,0,5.18,0.35,1.86,0.616
2,0,0,-3,0,0,1,-2,0,-6,1,0,0,-2,0,-2,0,1,0,5.18,0.35,1.86,0.616
2,0,0,-3,0,0,1,-2,0,-6,1,0,0,-2,0,-2,0,2,0,5.18,0.35,1.86,0.616
2,0,0,-3,0,0,1,-2,0,-6,1,0,0,-2,0,-2,0,1,0,5.18,0.35,1.86,0.616
2,0,0,-3,0,0,1,-2,0,-6,1,0,0,-2,0,-2,0,2,0,5.18,0.35,1.86,0.616
2,0,0,-3,0,0,1,-2,0,-6,2,0,0,-2,0,-2,0,2,0,5.18,0.35,1.86,0.616
2,0,0,-3,0,0,1,-2,0,-6,1,0,0,-2,0,-2,-1,2,0,5.18,0.35,1.86,0.616
2,0,0,-3,0,0,1,-2,0,-6,1,0,0,-2,0,-2,0,2,0,5.18,0.36,1.87,0.621
2,0,0,-3,0,0,1,-2,0,-6,1,0,0,-2,0,-2,0,2,0,5.18,0.36,1.87,0.621
2,0,0,-3,0,0,1,-2,0,-6,1,0,0,-2,0,-2,-1,2,0,5.18,0.36,1.87,0.621
2,0,0,-3,0,0,1,-2,0,-7,1,0,0,-2,0,-2,-1,2,0,5.18,0.36,1.87,0.621
2,0,0,-3,0,0,1,-2,0,-7,2,0,0,-2,0,-2,-1,2,0,5.18,0.36,1.87,0.621
2,0,0,-3,0,0,1,-2,0,-7,2,0,0,-2,0,-2,-1,2,0,5.18,0.36,1.87,0.621
2,0,0,-3,0,0,1,-2,0,-7,2,0,0,-2,0,-2,-1,2,0,5.18,0.36,1.87,0.621
2,0,0,-3,0,0,1,-2,0,-7,2,0,0,-2,0,-2,-1,2,0,5.18,0.36,1.87,0.621
2,0,0,-3,0,0,1,-2,0,-7,2,0,0,-2,0,-2,0,2,0,5.18,0.36,1.87,0.621
2,0,0,-3,0,0,1,-2,0,-6,1,-1,0,-2,0,-2,0,2,0,5.18,0.36,1.87,0.621
2,0,0,-3,0,0,1,-2,0,-6,1,-1,0,-2,0,-2,0,2,0,5.18,0.36,1.87,0.621
2,0,0,-3,0,0,1,-2,0,-5,1,-1,0,-2,0,-2,0,2,0,5.18,0.37,1.93,0.639
2,0,0,-3,0,0,1,-2,0,-5,1,-1,0,-2,0,-2,0,2,0,5.18,0.37,1.93,0.639
2,0,0,-3,0,0,1,-2,0,-5,1,0,0,-2,0,-3,-1,2,0,5.18,0.37,1.93,0.639
2,0,0,-3,0,0,1,-2,0,-6,2,-1,0,-2,0,-3,0,2,0,5.18,0.36,1.88,0.623
2,0,0,-3,0,0,1,-2,0,-6,2,-1,0,-2,0,-3,0,2,0,5.18,0.36,1.88,0.623
2,0,0,-3,0,0,1,-2,0,-6,2,-2,0,-2,0,-3,0,2,0,5.18,0.36,1.87,0.621
2,0,0,-3,0,0,1,-2,0,-6,2,-2,0,-2,0,-3,0,2,0,5.18,0.36,1.87,0.621
2,0,0,-3,0,0,1,-2,0,-6,1,-2,0,-2,0,-3,0,1,0,5.18,0.36,1.87,0.621
2,0,0,-3,0,0,1,-2,0,-6,1,-3,0,-2,0,-2,0,2,0,5.18,0.36,1.87,0.621
2,0,0,-3,0,0,1,-2,0,-6,1,-3,0,-2,0,-2,0,1,0,5.18,0.36,1.87,0.621
2,0,0,-3,0,0,1,-2,0,-7,1,-3,0,-2,0,-2,0,2,0,5.18,0.36,1.87,0.621
2,0,0,-3,0,0,1,-2,0,-7,1,-2,0,-2,0,-2,0,2,0,5.18,0.36,1.87,0.621
2,0,0,-3,0,0,1,-2,0,-7,2,-2,0,-2,0,-2,0,2,0,5.18,0.36,1.87,0.621
2,0,0,-3,0,0,1,-2,0,-7,2,-1,0,-2,0,-2,0,2,0,5.18,0.36,1.87,0.621
2,0,0,-3,0,0,1,-2,0,-7,2,-1,0,-2,0,-2,0,2,0,5.18,0.36,1.87,0.621
2,0,0,-3,0,0,1,-2,0,-7,2,-1,0,-2,0,-2,0,2,0,5.18,0.36,1.87,0.621
2,0,0,-3,0,0,1,-2,0,-7,2,-1,0,-2,0,-2,-1,2,0,5.18,0.36,1.88,0.622
2,0,0,-3,0,0,1,-2,0,-7,2,-1,0,-2,0,-2,0,2,0,5.18,0.36,1.88,0.622
2,0,0,-3,0,0,1,-2,0,-7,1,-1,0,-2,0,-1,-1,2,0,5.18,0.36,1.88,0.622
2,0,0,-3,0,0,1,-2,0,-7,1,-1,0,-2,0,-1,-1,2,0,5.18,0.36,1.88,0.622
2,0,0,-3,0,0,1,-2,0,-7,1,-1,0,-2,0,-1,-1,2,0,5.18,0.36,1.88,0.622
2,0,0,-3,0,0,1,-2,0,-7,2,-1,0,-2,0,-2,-1,2,0,5.18,0.36,1.88,0.622
2,0,0,-3,0,0,1,-2,0,-7,2,-1,0,-2,0,-2,-1,2,0,5.18,0.36,1.88,0.622
2,0,0,-3,0,0,1,-2,0,-7,2,-1,0,-2,0,-2,0,2,0,5.18,0.36,1.88,0.622
2,0,0,-3,0,0,1,-2,0,-7,2,-1,0,-2,0,-2,0,2,0,5.18,0.36,1.88,0.622
2,0,0,-3,0,0,1,-2,0,-7,2,-1,0,-2,0,-2,0,2,0,5.18,0.36,1.88,0.622
2,0,0,-3,0,0,1,-2,0,-6,2,-1,0,-2,0,-2,0,3,0,5.18,0.36,1.88,0.622
2,0,0,-3,0,0,1,-2,0,-6,1,-1,0,-2,0,-2,0,3,0,5.18,0.36,1.9,0.629
2,0,0,-3,0,0,1,-2,0,-6,1,-1,0,-2,0,-2,0,3,0,5.18,0.36,1.9,0.629
2,0,0,-3,0,0,1,-2,0,-6,1,-1,0,-2,0,-2,0,3,0,5.18,0.36,1.9,0.629
2,0,0,-3,0,0,1,-2,0,-6,1,0,0,-2,0,-2,0,3,0,5.18,0.36,1.9,0.629
2,0,0,-3,0,0,1,-2,0,-7,1,0,0,-2,0,-2,0,3,0,5.18,0.36,1.9,0.629
2,0,0,-3,0,0,1,-2,0,-6,1,0,0,-2,0,-2,0,2,0,5.18,0.36,1.9,0.629
2,0,0,-3,0,0,1,-2,0,-7,1,-1,0,-2,0,-2,0,2,0,5.18,0.36,1.9,0.629
2,0,0,-3,0,0,1,-2,0,-7,2,0,0,-2,0,-2,0,3,0,5.18,0.36,1.9,0.629
2,0,0,-3,0,0,1,-2,0,-7,2,0,0,-2,0,-2,0,2,0,5.18,0.36,1.9,0.629
2,0,0,-3,0,0,1,-2,0,-7,1,0,0,-2,0,-2,0,2,0,5.18,0.36,1.9,0.629
2,0,0,-3,0,0,1,-2,0,-7,1,0,0,-2,0,-2,0,2,0,5.18,0.36,1.9,0.629
2,0,0,-3,0,0,1,-2,0,-6,1,0,0,-2,0,-2,0,2,0,5.18,0.36,1.89,0.627
2,0,0,-3,0,0,1,-2,0,-6,0,0,0,-2,0,-2,0,2,0,5.18,0.36,1.89,0.627
2,0,0,-3,0,0,1,-2,0,-6,0,0,0,-2,0,-2,0,1,0,5.18,0.36,1.89,0.627
2,0,0,-3,0,0,1,-2,0,-7,1,0,0,-2,0,-2,0,1,0,5.18,0.36,1.89,0.627
2,0,0,-3,0,0,1,-2,0,-7,1,0,0,-2,0,-2,0,1,0,5.18,0.36,1.89,0.627
2,0,0,-3,0,0,1,-2,0,-7,2,0,0,-2,0,-2,0,2,0,5.18,0.36,1.89,0.627
2,0,0,-3,0,0,1,-2,0,-7,2,0,0,-2,0,-2,0,2,0,5.18,0.36,1.89,0.627
2,0,0,-3,0,0,1,-2,0,-7,2,0,0,-2,0,-2,0,2,0,5.18,0.36,1.89,0.627
2,0,0,-3,0,0,1,-2,0,-7,2,0,0,-2,0,-2,0,2,0,5.18,0.36,1.89,0.627
2,0,0,-3,0,0,1,-2,0,-7,1,0,0,-2,0,-2,0,2,0,5.18,0.36,1.89,0.627
2,0,0,-3,0,0,1,-2,0,-7,1,0,0,-2,0,-2,0,2,0,5.18,0.36,1.89,0.627
2,0,0,-3,0,0,1,-2,0,-7,1,0,0,-2,0,-2,0,2,0,5.18,0.36,1.9,0.629
2,0,0,-4,0,0,1,-2,0,-7,1,0,0,-2,0,-2,0,2,0,5.18,0.36,1.9,0.629
2,0,0,-4,0,0,1,-2,0,-7,1,0,0,-2,0,-2,0,2,0,5.18,0.36,1.9,0.629
2,0,0,-4,0,0,1,-2,0,-7,1,0,0,-2,0,-2,0,2,0,5.18,0.36,1.9,0.629
2,0,0,-3,0,0,1,-2,0,-7,1,0,0,-2,0,-2,0,2,0,5.18,0.36,1.9,0.629
2,0,0,-4,0,0,1,-2,0,-7,2,0,0,-2,0,-2,0,1,0,5.18,0.36,1.9,0.629
2,0,0,-4,0,0,1,-2,0,-7,2,0,0,-2,0,-3,0,1,0,5.18,0.36,1.9,0.629
2,0,0,-3,0,0,1,-2,0,-7,2,0,0,-2,0,-3,0,1,0,5.18,0.36,1.9,0.629
2,0,0,-3,0,0,1,-2,0,-6,1,0,0,-2,0,-2,0,2,0,5.18,0.36,1.9,0.631
2,0,0,-3,0,0,1,-2,0,-6,2,0,0,-2,0,-2,0,3,0,5.18,0.36,1.9,0.631
2,0,0,-3,0,0,1,-2,0,-6,2,0,0,-2,0,-2,0,3,0,5.18,0.36,1.9,0.631
2,0,0,-3,0,0,1,-2,0,-6,2,-1,0,-2,0,-2,0,3,0,5.18,0.36,1.9,0.631
2,0,0,-3,0,0,1,-2,0,-6,1,-1,0,-2,0,-2,0,3,0,5.18,0.36,1.9,0.631
2,0,0,-3,0,0,1,-2,0,-6,1,0,0,-2,0,-2,0,3,0,5.18,0.36,1.9,0.631
2,0,0,-3,0,0,1,-2,0,-6,1,0,0,-2,0,-2,0,3,0,5.18,0.36,1.9,0.631
2,0,0,-3,0,0,1,-2,0,-6,0,0,0,-2,0,-2,0,3,0,5.18,0.36,1.9,0.631
2,0,0,-3,0,0,1,-2,0,-6,0,0,0,-2,0,-2,0,3,0,5.18,0.36,1.89,0.629
2,0,0,-3,0,0,1,-2,0,-6,1,0,0,-2,0,-2,0,2,0,5.18,0.36,1.89,0.629
2,0,0,-3,0,0,1,-2,0,-7,2,0,0,-2,0,-2,-1,2,0,5.18,0.36,1.89,0.629
2,0,0,-3,0,0,1,-2,0,-7,2,0,0,-2,0,-2,-1,2,0,5.18,0.36,1.89,0.629
2,0,0,-3,0,0,1,-2,0,-7,3,0,0,-2,0,-2,-1,2,0,5.18,0.36,1.89,0.629
2,0,0,-3,0,0,1,-2,0,-7,3,0,0,-2,0,-3,-2,2,0,5.18,0.36,1.89,0.629
2,0,0,-3,0,0,1,-2,0,-7,2,0,0,-2,0,-2,-1,2,0,5.18,0.36,1.89,0.629
2,0,0,-3,0,0,1,-2,0,-7,2,0,0,-2,0,-1,-1,2,0,5.18,0.36,1.89,0.629
2,0,0,-3,0,0,1,-2,0,-6,1,0,0,-2,0,0,0,3,0,5.18,0.36,1.89,0.629
2,0,0,-3,0,0,1,-2,0,-6,0,0,0,-2,0,0,0,3,0,5.18,0.36,1.89,0.629
2,0,0,-4,0,0,1,-2,0,-6,0,0,0,-2,0,0,0,3,0,5.18,0.36,1.89,0.629
2,0,0,-3,0,0,1,-2,0,-6,0,0,0,-2,0,0,0,4,0,5.18,0.36,1.87,0.622
2,0,0,-3,0,0,1,-2,0,-6,1,-1,0,-2,0,0,0,3,0,5.18,0.36,1.87,0.622
2,0,0,-3,0,0,1,-2,0,-6,1,-1,0,-2,0,0,0,3,0,5.18,0.36,1.87,0.622
2,0,0,-3,0,0,1,-2,0,-6,1,-1,0,-2,0,0,0,2,0,5.18,0.36,1.87,0.622
2,0,0,-3,0,0,1,-2,0,-6,1,-1,0,-2,0,0,0,2,0,5.18,0.36,1.87,0.622
2,0,0,-3,0,0,1,-2,0,-6,1,0,0,-2,0,-1,-1,1,0,5.18,0.36,1.87,0.622
2,0,0,-3,0,0,1,-2,0,-5,0,0,0,-2,0,-1,-2,1,0,5.18,0.36,1.87,0.622
2,0,0,-3,0,0,1,-2,0,-5,1,0,0,-2,0,-2,-2,1,0,5.18,0.36,1.87,0.622
2,0,0,-3,0,0,1,-2,0,-5,1,0,0,-2,0,-2,-2,0,0,5.18,0.36,1.87,0.622
2,0,0,-3,0,0,1,-2,0,-5,1,0,0,-2,0,-2,-1,1,0,5.18,0.36,1.87,0.622
2,0,0,-3,0,0,1,-2,0,-5,2,0,0,-2,0,-2,-1,1,0,5.18,0.36,1.87,0.622
2,0,0,-3,0,0,1,-2,0,-5,2,0,0,-2,0,-1,-2,1,0,5.18,0.36,1.87,0.62
2,0,0,-3,0,0,1,-2,0,-6,2,0,0,-2,0,-2,-2,1,0,5.18,0.36,1.87,0.62
2,0,0,-3,0,0,1,-2,0,-6,2,0,0,-2,0,-1,-2,1,0,5.18,0.36,1.87,0.62
2,0,0,-3,0,0,1,-2,0,-6,2,0,0,-2,0,-1,-2,1,0,5.18,0.36,1.87,0.62
2,0,0,-3,0,0,1,-2,0,-6,1,0,0,-2,0,-2,-1,1,0,5.18,0.36,1.87,0.62
2,0,0,-3,0,0,1,-2,0,-6,2,0,0,-2,0,-2,-1,1,0,5.18,0.36,1.87,0.62
2,0,0,-3,0,0,1,-2,0,-6,1,0,0,-2,0,-2,-1,1,0,5.18,0.36,1.87,0.62
2,0,0,-3,0,0,1,-2,0,-6,1,0,0,-2,0,-2,0,1,0,5.18,0.36,1.87,0.62
2,0,0,-3,0,0,1,-2,0,-6,1,0,0,-2,0,-2,-1,2,0,5.18,0.36,1.87,0.62
2,0,0,-3,0,0,1,-2,0,-5,1,0,0,-2,0,-2,-1,2,0,5.18,0.36,1.87,0.62
2,0,0,-3,0,0,1,-2,0,-5,1,0,0,-2,0,-3,-1,2,0,5.18,0.36,1.87,0.62
2,0,0,-3,0,0,1,-2,0,-5,1,0,0,-2,0,-3,-1,2,0,5.18,0.36,1.87,0.62
2,0,0,-3,0,0,1,-2,0,-5,1,0,0,-2,0,-3,-1,2,0,5.18,0.36,1.87,0.62
2,0,0,-3,0,0,1,-2,0,-5,1,0,0,-2,0,-3,-1,2,0,5.18,0.36,1.87,0.62
2,0,0,-3,0,0,1,-2,0,-5,1,0,0,-2,0,-3,-1,2,0,5.18,0.36,1.87,0.62
2,0,0,-3,0,0,1,-2,0,-5,1,0,0,-2,0,-3,-1,2,0,5.18,0.36,1.87,0.62
2,0,0,-3,0,0,1,-2,0,-5,1,0,0,-2,0,-3,-1,2,0,5.18,0.36,1.87,0.62
2,0,0,-3,0,0,1,-2,0,-6,1,0,0,-2,0,-3,0,2,0,5.18,0.36,1.87,0.62
2,0,0,-3,0,0,1,-2,0,-6,1,0,0,-2,0,-3,0,1,0,5.18,0.36,1.87,0.62
2,0,0,-2,0,0,1,-2,0,-6,1,0,0,-2,0,-2,0,1,0,5.18,0.36,1.87,0.62
2,0,0,-3,0,0,1,-2,0,-6,1,0,0,-2,0,-2,0,1,0,5.18,0.36,1.87,0.62
2,0,0,-3,0,0,1,-2,0,-6,1,0,0,-2,0,-3,0,1,0,5.18,0.36,1.87,0.62
2,0,0,-3,0,0,1,-2,0,-6,1,0,0,-2,0,-3,-1,1,0,5.18,0.36,1.91,0.633
2,0,0,-3,0,0,1,-2,0,-6,1,0,0,-2,0,-3,-1,1,0,5.18,0.36,1.91,0.633
2,0,0,-3,0,0,1,-2,0,-5,2,0,0,-2,0,-3,-1,0,0,5.18,0.36,1.91,0.633
2,0,0,-3,0,0,1,-2,0,-7,1,0,0,-2,0,-2,0,2,0,5.18,0.36,1.9,0.631
2,0,0,-3,0,0,1,-2,0,-7,1,0,0,-2,0,-2,0,2,0,5.18,0.36,1.9,0.631
2,0,0,-3,0,0,1,-2,0,-8,1,0,0,-2,0,-2,0,2,0,5.18,0.36,1.89,0.628
2,0,0,-3,0,0,1,-2,0,-8,1,0,0,-2,0,-2,0,1,0,5.18,0.36,1.89,0.628
2,0,0,-3,0,0,1,-2,0,-8,1,0,0,-2,0,-2,0,1,0,5.18,0.36,1.89,0.628
2,0,0,-3,0,0,1,-2,0,-8,2,0,0,-2,0,-2,0,1,0,5.18,0.36,1.89,0.628
2,0,0,-3,0,0,1,-2,0,-7,2,0,0,-2,0,-2,0,1,0,5.18,0.36,1.89,0.628
2,0,0,-3,0,0,1,-2,0,-7,2,0,0,-2,0,-2,0,1,0,5.18,0.36,1.89,0.628
2,0,0,-3,0,0,1,-2,0,-7,2,0,0,-2,0,-2,0,1,0,5.18,0.36,1.89,0.628
2,0,0,-3,0,0,1,-2,0,-7,2,0,0,-2,0,-2,0,1,0,5.18,0.36,1.89,0.628
2,0,0,-3,0,0,1,-2,0,-7,2,0,0,-2,0,-2,0,1,0,5.18,0.36,1.89,0.628
2,0,0,-3,0,0,1,-2,0,-7,2,0,0,-2,0,-2,0,1,0,5.18,0.36,1.89,0.628
2,0,0,-3,0,0,1,-2,0,-7,2,0,0,-2,0,-2,0,1,0,5.18,0.36,1.89,0.628
2,0,0,-3,0,0,1,-2,0,-7,2,0,0,-2,0,-2,0,1,0,5.18,0.36,1.88,0.623
2,0,0,-3,0,0,1,-2,0,-8,2,0,0,-2,0,-2,0,1,0,5.18,0.36,1.88,0.623
2,0,0,-3,0,0,1,-2,0,-8,2,-1,0,-2,0,-1,0,1,0,5.18,0.36,1.88,0.623
2,0,0,-3,0,0,1,-2,0,-8,2,-1,0,-2,0,-2,0,1,0,5.18,0.36,1.88,0.623
2,0,0,-3,0,0,1,-2,0,-8,2,-1,0,-2,0,-2,0,1,0,5.18,0.36,1.88,0.623
2,0,0,-3,0,0,1,-2,0,-8,2,0,0,-2,0,-1,0,1,0,5.18,0.36,1.88,0.623
2,0,0,-3,0,0,1,-2,0,-8,2,-1,0,-2,0,-2,0,1,0,5.18,0.36,1.88,0.623
2,0,0,-4,0,0,1,-2,0,-7,4,0,0,-2,0,-2,0,2,0,5.18,0.36,1.88,0.623
2,0,0,-3,0,0,1,-2,0,-8,4,-1,0,-2,0,-2,0,2,0,5.18,0.36,1.88,0.623
2,0,0,-4,0,0,1,-2,0,-8,3,-1,0,-2,0,-2,0,2,0,5.18,0.36,1.88,0.623
2,0,0,-4,0,0,1,-2,0,-8,3,-1,0,-2,0,-2,0,2,0,5.18,0.36,1.88,0.623
2,0,0,-4,0,0,1,-2,0,-8,2,0,0,-2,0,-2,0,2,0,5.18,0.36,1.88,0.624
2,0,0,-4,0,0,1,-2,0,-7,1,0,0,-2,0,-2,0,2,0,5.18,0.36,1.88,0.624
2,0,0,-4,0,0,1,-2,0,-7,1,0,0,-2,0,-2,0,2,0,5.18,0.36,1.88,0.624
2,0,0,-4,0,0,1,-2,0,-6,0,0,0,-2,0,-2,0,2,0,5.18,0.36,1.88,0.624
2,0,0,-4,0,0,1,-2,0,-6,1,0,0,-2,0,-2,0,2,0,5.18,0.36,1.88,0.624
2,0,0,-4,0,0,1,-2,0,-7,2,0,0,-2,0,-2,0,2,0,5.18,0.36,1.88,0.624
2,0,0,-4,0,0,1,-2,0,-7,2,0,0,-2,0,-2,0,2,0,5.18,0.36,1.88,0.624
2,0,0,-4,0,0,1,-2,0,-7,2,0,0,-2,0,-2,0,2,0,5.18,0.36,1.88,0.624
2,0,0,-4,0,0,1,-2,0,-8,3,0,0,-2,0,-2,0,2,0,5.18,0.36,1.88,0.624
2,0,0,-4,0,0,1,-2,0,-8,3,0,0,-2,0,-2,0,2,0,5.18,0.36,1.88,0.624
2,0,0,-4,0,0,1,-2,0,-8,2,0,0,-2,0,-2,0,2,0,5.18,0.36,1.88,0.624
2,0,0,-4,0,0,1,-2,0,-8,2,0,0,-2,0,-2,0,1,0,5.18,0.36,1.88,0.623
2,0,0,-4,0,0,1,-2,0,-8,2,0,0,-2,0,-2,0,1,0,5.18,0.36,1.88,0.623
2,0,0,-3,0,0,1,-2,0,-8,2,0,0,-2,0,-2,0,1,0,5.18,0.36,1.88,0.623
2,0,0,-3,0,0,1,-2,0,-7,2,0,0,-2,0,-1,-2,1,0,5.18,0.36,1.88,0.623
2,0,0,-4,0,0,1,-2,0,-7,2,0,0,-2,0,-3,-3,0,0,5.18,0.36,1.88,0.623
2,0,0,-4,0,0,1,-2,0,-6,2,0,0,-2,0,-4,-3,0,0,5.18,0.36,1.88,0.623
2,0,0,-3,0,0,1,-2,0,-6,1,0,0,-2,0,-4,-4,0,0,5.18,0.36,1.88,0.623
2,0,0,-3,0,0,1,-2,0,-5,1,0,0,-2,0,-5,-2,0,0,5.18,0.36,1.88,0.623
2,0,0,-3,0,0,1,-2,0,-5,1,0,0,-2,0,-4,0,0,0,5.18,0.36,1.88,0.623
2,0,0,-3,0,0,1,-2,0,-5,1,0,0,-2,0,-3,0,1,0,5.18,0.36,1.88,0.623
2,0,0,-3,0,0,1,-2,0,-6,1,0,0,-2,0,-2,0,2,0,5.18,0.36,1.88,0.623
2,0,0,-2,0,0,1,-2,0,-6,2,0,0,-2,0,-1,0,2,0,5.18,0.37,1.92,0.636
2,0,0,-3,0,0,1,-2,0,-6,2,0,0,-2,0,0,0,3,0,5.18,0.37,1.92,0.636
2,0,0,-3,0,0,1,-2,0,-7,2,0,0,-2,0,-1,0,2,0,5.18,0.37,1.92,0.636
2,0,0,-3,0,0,1,-2,0,-6,2,0,0,-2,0,-1,0,1,0,5.18,0.37,1.92,0.636
2,0,0,-3,0,0,1,-2,0,-6,2,0,0,-2,0,-2,0,1,0,5.18,0.37,1.92,0.636
2,0,0,-3,0,0,1,-2,0,-6,2,-1,0,-2,0,-3,-1,1,0,5.18,0.37,1.92,0.636
2,0,0,-3,0,0,1,-2,0,-6,2,-1,0,-2,0,-3,-1,1,0,5.18,0.37,1.92,0.636
2,0,0,-3,0,0,1,-2,0,-6,1,-1,0,-2,0,-4,-1,1,0,5.18,0.37,1.92,0.636
2,0,0,-3,0,0,1,-2,0,-6,1,0,0,-2,0,-2,0,2,0,5.18,0.36,1.88,0.624
2,0,0,-3,0,0,1,-2,0,-6,1,0,0,-2,0,-2,0,2,0,5.18,0.36,1.88,0.624
2,0,0,-3,0,0,1,-2,0,-6,1,0,0,-2,0,-2,0,2,0,5.18,0.36,1.88,0.624
2,0,0,-3,0,0,1,-2,0,-6,2,0,0,-2,0,-2,0,2,0,5.18,0.36,1.88,0.624
2,0,0,-3,0,0,1,-2,0,-6,2,0,0,-2,0,-2,0,2,0,5.18,0.36,1.88,0.624
2,0,0,-3,0,0,1,-2,0,-6,2,0,0,-2,0,-2,0,2,0,5.18,0.36,1.88,0.624
2,0,0,-3,0,0,1,-2,0,-7,1,0,0,-2,0,-2,0,1,0,5.18,0.36,1.88,0.624
2,0,0,-3,0,0,1,-2,0,-7,1,0,0,-2,0,-3,0,2,0,5.18,0.36,1.88,0.624
2,0,0,-3,0,0,1,-2,0,-6,1,-1,0,-2,0,-3,0,2,0,5.18,0.36,1.87,0.622
2,0,0,-4,0,0,1,-2,0,-6,1,-1,0,-2,0,-3,0,2,0,5.18,0.36,1.87,0.622
2,0,0,-3,0,0,1,-2,0,-6,1,0,0,-2,0,-3,0,2,0,5.18,0.36,1.87,0.622
2,0,0,-4,0,0,1,-2,0,-6,2,-1,0,-2,0,-3,0,2,0,5.18,0.36,1.87,0.622
2,0,0,-4,0,0,1,-2,0,-6,2,0,0,-2,0,-3,0,3,0,5.18,0.36,1.87,0.622
2,0,0,-4,0,0,1,-2,0,-6,2,0,0,-2,0,-3,0,3,0,5.18,0.36,1.87,0.622
2,0,0,-4,0,0,1,-2,0,-6,2,0,0,-2,0,-2,0,3,0,5.18,0.36,1.87,0.622
2,0,0,-4,0,0,1,-2,0,-7,2,0,0,-2,0,-2,0,3,0,5.18,0.36,1.87,0.622
2,0,0,-4,0,0,1,-2,0,-7,2,0,0,-2,0,-2,0,3,0,5.18,0.36,1.87,0.622
2,0,0,-4,0,0,1,-2,0,-7,2,0,0,-2,0,-2,0,3,0,5.18,0.36,1.87,0.622
2,0,0,-4,0,0,1,-2,0,-7,2,0,0,-2,0,-2,0,2,0,5.18,0.36,1.87,0.622
2,0,0,-3,0,0,1,-2,0,-7,2,0,0,-2,0,-2,0,2,0,5.18,0.36,1.87,0.621
2,0,0,-3,0,0,1,-2,0,-7,2,0,0,-2,0,-2,0,2,0,5.18,0.36,1.87,0.621
2,0,0,-4,0,0,1,-2,0,-7,2,0,0,-2,0,-2,0,2,0,5.18,0.36,1.87,0.621
2,0,0,-4,0,0,1,-2,0,-6,2,0,0,-2,0,-2,0,2,0,5.18,0.36,1.87,0.621
2,0,0,-3,0,0,1,-2,0,-6,2,0,0,-2,0,-2,0,2,0,5.18,0.36,1.87,0.621
2,0,0,-4,0,0,1,-2,0,-6,2,0,0,-2,0,-2,0,2,0,5.18,0.36,1.87,0.621
2,0,0,-4,0,0,1,-2,0,-6,2,0,0,-2,0,-2,0,2,0,5.18,0.36,1.87,0.621
2,0,0,-4,0,0,1,-2,0,-6,2,0,0,-2,0,-2,0,2,0,5.18,0.36,1.87,0.621
2,0,0,-4,0,0,1,-2,0,-6,2,0,0,-2,0,-2,0,1,0,5.18,0.36,1.87,0.621
2,0,0,-4,0,0,1,-2,0,-7,2,0,0,-2,0,-2,0,1,0,5.18,0.36,1.87,0.621
2,0,0,-4,0,0,1,-2,0,-7,2,0,0,-2,0,-2,0,1,0,5.18,0.36,1.87,0.621
2,0,0,-4,0,0,1,-2,0,-7,2,0,0,-2,0,-2,0,1,0,5.18,0.36,1.91,0.635
2,0,0,-4,0,0,1,-2,0,-7,2,0,0,-2,0,-2,0,1,0,5.18,0.36,1.91,0.635
2,0,0,-4,0,0,1,-2,0,-7,2,0,0,-2,0,-2,0,1,0,5.18,0.36,1.91,0.635
2,0,0,-4,0,0,1,-2,0,-7,2,0,0,-2,0,-2,0,2,0,5.18,0.36,1.91,0.635
2,0,0,-4,0,0,1,-2,0,-7,2,0,0,-2,0,-2,0,2,0,5.18,0.36,1.91,0.635
2,0,0,-4,0,0,1,-2,0,-7,2,0,0,-2,0,-2,0,2,0,5.18,0.36,1.91,0.635
2,0,0,-4,0,0,1,-2,0,-7,2,0,0,-2,0,-2,0,2,0,5.18,0.36,1.91,0.635
2,0,0,-4,0,0,1,-2,0,-7,2,0,0,-2,0,-2,0,2,0,5.18,0.36,1.91,0.635
2,0,0,-4,0,0,1,-2,0,-6,2,0,0,-2,0,-2,0,2,0,5.18,0.36,1.91,0.635
2,0,0,-4,0,0,1,-2,0,-6,2,0,0,-2,0,-2,0,1,0,5.18,0.36,1.91,0.635
2,0,0,-4,0,0,1,-2,0,-6,2,0,0,-2,0,-2,0,2,0,5.18,0.36,1.91,0.635
2,0,0,-4,0,0,1,-2,0,-6,2,0,0,-2,0,-3,0,1,0,5.18,0.36,1.88,0.627
2,0,0,-3,0,0,1,-2,0,-6,2,0,0,-2,0,-2,0,1,0,5.18,0.36,1.88,0.627
2,0,0,-3,0,0,1,-2,0,-6,2,0,0,-2,0,-3,0,1,0,5.18,0.36,1.88,0.627
2,0,0,-4,0,0,1,-2,0,-6,2,0,0,-2,0,-2,0,1,0,5.18,0.36,1.88,0.627
2,0,0,-3,0,0,1,-2,0,-7,2,0,0,-2,0,-2,-1,1,0,5.18,0.36,1.88,0.627
2,0,0,-3,0,0,1,-2,0,-6,2,0,0,-2,0,-2,-1,1,0,5.18,0.36,1.88,0.627
2,0,0,-3,0,0,1,-2,0,-6,2,0,0,-2,0,-2,-1,1,0,5.18,0.36,1.88,0.627
2,0,0,-3,0,0,1,-2,0,-6,2,0,0,-2,0,-2,-1,1,0,5.18,0.36,1.88,0.627
2,0,0,-3,0,0,1,-2,0,-6,1,0,0,-2,0,-2,-1,1,0,5.18,0.36,1.88,0.627
2,0,0,-3,0,0,1,-2,0,-6,1,0,0,-2,0,-2,-1,1,0,5.18,0.36,1.88,0.627
2,0,0,-4,0,0,1,-2,0,-6,1,0,0,-2,0,-1,0,1,0,5.18,0.36,1.88,0.627
2,0,0,-3,0,0,1,-2,0,-6,1,0,0,-2,0,-1,-1,1,0,5.18,0.36,1.87,0.621
2,0,0,-3,0,0,1,-2,0,-6,1,-1,0,-2,0,-2,0,1,0,5.18,0.36,1.87,0.621
2,0,0,-3,0,0,1,-2,0,-7,1,-1,0,-2,0,-2,-1,0,0,5.18,0.36,1.87,0.621
2,0,0,-3,0,0,1,-2,0,-6,2,0,0,-2,0,-2,-1,1,0,5.18,0.36,1.89,0.628
2,0,0,-4,0,0,1,-2,0,-6,2,0,0,-2,0,-2,-1,1,0,5.18,0.36,1.89,0.628
2,0,0,-4,0,0,1,-2,0,-6,2,0,0,-2,0,-2,-1,1,0,5.18,0.36,1.91,0.634
2,0,0,-4,0,0,1,-2,0,-6,2,0,0,-2,0,-2,-1,1,0,5.18,0.36,1.91,0.634
2,0,0,-4,0,0,1,-2,0,-6,2,0,0,-2,0,-2,-1,1,0,5.18,0.36,1.91,0.634
2,0,0,-4,0,0,1,-2,0,-6,2,0,0,-2,0,-1,0,2,0,5.18,0.36,1.91,0.634
2,0,0,-4,0,0,1,-2,0,-6,2,0,0,-2,0,-1,0,2,0,5.18,0.36,1.91,0.634
2,0,0,-4,0,0,1,-2,0,-6,2,0,0,-2,0,-1,0,2,0,5.18,0.36,1.91,0.634
2,0,0,-4,0,0,1,-2,0,-6,2,0,0,-2,0,-1,0,2,0,5.18,0.36,1.91,0.634
2,0,0,-4,0,0,1,-2,0,-7,2,0,0,-2,0,-1,0,2,0,5.18,0.36,1.91,0.634
2,0,0,-4,0,0,1,-2,0,-7,2,0,0,-2,0,-1,0,2,0,5.18,0.36,1.91,0.634
2,0,0,-4,0,0,1,-2,0,-7,3,0,0,-2,0,-1,0,2,0,5.18,0.36,1.91,0.634
2,0,0,-4,0,0,1,-2,0,-6,2,0,0,-2,0,-2,-1,2,0,5.18,0.36,1.91,0.634
2,0,0,-4,0,0,1,-2,0,-6,2,0,0,-2,0,-2,-1,1,0,5.18,0.36,1.89,0.63
2,0,0,-4,0,0,1,-2,0,-6,2,0,0,-2,0,-2,-1,1,0,5.18,0.36,1.89,0.63
2,0,0,-4,0,0,1,-2,0,-6,2,0,0,-2,0,-1,-1,2,0,5.18,0.36,1.89,0.63
2,0,0,-4,0,0,1,-2,0,-6,2,0,0,-2,0,-1,0,2,0,5.18,0.36,1.89,0.63
2,0,0,-4,0,0,1,-2,0,-6,2,0,0,-2,0,-1,0,2,0,5.18,0.36,1.89,0.63
2,0,0,-3,0,0,1,-2,0,-6,2,0,0,-2,0,-1,0,2,0,5.18,0.36,1.89,0.63
2,0,0,-4,0,0,1,-2,0,-7,2,0,0,-2,0,0,0,2,0,5.18,0.36,1.89,0.63
2,0,0,-4,0,0,1,-2,0,-7,2,0,0,-2,0,-1,0,2,0,5.18,0.36,1.89,0.63
2,0,0,-4,0,0,1,-2,0,-7,2,0,0,-2,0,-1,0,2,0,5.18,0.36,1.89,0.63
2,0,0,-4,0,0,1,-2,0,-7,3,0,0,-2,0,-1,0,2,0,5.18,0.36,1.89,0.63
2,0,0,-3,0,0,1,-2,0,-7,2,0,0,-2,0,-1,0,2,0,5.18,0.36,1.89,0.63
2,0,0,-4,0,0,1,-2,0,-7,2,0,0,-2,0,-1,-1,2,0,5.18,0.37,1.92,0.638
2,0,0,-4,0,0,1,-2,0,-7,2,0,0,-2,0,-2,-1,2,0,5.18,0.37,1.92,0.638
2,0,0,-3,0,0,1,-2,0,-6,2,0,0,-2,0,-2,-1,2,0,5.18,0.37,1.92,0.638
2,0,0,-4,0,0,1,-2,0,-6,2,0,0,-2,0,-2,-1,2,0,5.18,0.37,1.92,0.638
2,0,0,-4,0,0,1,-2,0,-6,2,0,0,-2,0,-2,-1,2,0,5.18,0.37,1.92,0.638
2,0,0,-4,0,0,1,-2,0,-6,2,0,0,-2,0,-2,-1,2,0,5.18,0.37,1.92,0.638
2,0,0,-3,0,0,1,-2,0,-6,2,0,0,-2,0,-2,0,2,0,5.18,0.37,1.92,0.638
2,0,0,-4,0,0,1,-2,0,-6,2,0,0,-2,0,-2,0,2,0,5.18,0.37,1.92,0.638
2,0,0,-4,0,0,1,-2,0,-7,2,0,0,-2,0,-1,0,3,0,5.18,0.37,1.92,0.638
2,0,0,-3,0,0,1,-2,0,-7,2,0,0,-2,0,-1,0,2,0,5.18,0.37,1.92,0.638
2,0,0,-4,0,0,1,-2,0,-7,2,0,0,-2,0,-1,0,2,0,5.18,0.37,1.92,0.638
2,0,0,-3,0,0,1,-2,0,-7,2,0,0,-2,0,-2,0,2,0,5.18,0.36,1.87,0.622
2,0,0,-3,0,0,1,-2,0,-7,1,0,0,-2,0,-2,0,2,0,5.18,0.36,1.87,0.622
2,0,0,-4,0,0,1,-2,0,-7,2,0,0,-2,0,-2,-1,2,0,5.18,0.36,1.87,0.622
2,0,0,-3,0,0,1,-2,0,-6,2,0,0,-2,0,-3,-1,1,0,5.18,0.36,1.87,0.622
2,0,0,-3,0,0,1,-2,0,-6,2,0,0,-2,0,-3,-1,1,0,5.18,0.36,1.87,0.622
2,0,0,-3,0,0,1,-2,0,-6,1,0,0,-2,0,-3,0,1,0,5.18,0.36,1.87,0.622
2,0,0,-3,0,0,1,-2,0,-6,2,0,0,-2,0,-3,0,1,0,5.18,0.36,1.87,0.622
2,0,0,-3,0,0,1,-2,0,-6,2,0,0,-2,0,-3,0,1,0,5.18,0.36,1.87,0.622
2,0,0,-3,0,0,1,-2,0,-6,2,0,0,-2,0,-2,0,1,0,5.18,0.36,1.87,0.622
2,0,0,-3,0,0,1,-2,0,-7,2,0,0,-2,0,-2,0,1,0,5.18,0.36,1.87,0.622
2,0,0,-3,0,0,1,-2,0,-7,2,0,0,-2,0,-2,0,1,0,5.18,0.36,1.87,0.622
2,0,0,-3,0,0,1,-2,0,-7,2,0,0,-2,0,-2,0,1,0,5.18,0.36,1.87,0.624
2,0,0,-3,0,0,1,-2,0,-7,2,-1,0,-2,0,-2,0,1,0,5.18,0.36,1.87,0.624
2,0,0,-3,0,0,1,-2,0,-7,2,-1,0,-2,0,-2,0,1,0,5.18,0.36,1.87,0.624
2,0,0,-3,0,0,1,-2,0,-7,1,-1,0,-2,0,-2,0,1,0,5.18,0.36,1.87,0.624
2,0,0,-3,0,0,1,-2,0,-7,1,-1,0,-2,0,-2,0,1,0,5.18,0.36,1.87,0.624
2,0,0,-3,0,0,1,-2,0,-7,1,-1,0,-2,0,-2,0,1,0,5.18,0.36,1.87,0.624
2,0,0,-3,0,0,1,-2,0,-6,1,-1,0,-2,0,-2,0,1,0,5.18,0.36,1.87,0.624
2,0,0,-3,0,0,1,-2,0,-6,1,-1,0,-2,0,-2,0,1,0,5.18,0.36,1.87,0.624
2,0,0,-3,0,0,1,-2,0,-6,2,0,0,-2,0,-3,0,2,0,5.18,0.36,1.88,0.625
2,0,0,-3,0,0,1,-2,0,-7,1,0,0,-2,0,-3,0,1,0,5.18,0.36,1.88,0.625
2,0,0,-3,0,0,1,-2,0,-6,1,0,0,-2,0,-3,0,1,0,5.18,0.36,1.88,0.625
2,0,0,-3,0,0,1,-2,0,-7,1,0,0,-2,0,-3,0,1,0,5.18,0.36,1.88,0.625
2,0,0,-3,0,0,1,-2,0,-7,2,0,0,-2,0,-3,0,1,0,5.18,0.36,1.88,0.625
2,0,0,-3,0,0,1,-2,0,-7,2,0,0,-2,0,-3,0,1,0,5.18,0.36,1.88,0.625
2,0,0,-3,0,0,1,-2,0,-7,2,0,0,-2,0,-3,0,1,0,5.18,0.36,1.88,0.625
2,0,0,-3,0,0,1,-2,0,-6,2,0,0,-2,0,-3,-1,2,0,5.18,0.36,1.88,0.625
2,0,0,-3,0,0,1,-2,0,-6,1,0,0,-2,0,-3,-1,1,0,5.18,0.36,1.88,0.625
2,0,0,-3,0,0,1,-2,0,-6,1,0,0,-2,0,-3,-1,2,0,5.18,0.36,1.88,0.625
2,0,0,-4,0,0,1,-2,0,-6,1,0,0,-2,0,-3,-1,2,0,5.18,0.36,1.88,0.625
2,0,0,-4,0,0,1,-2,0,-6,1,0,0,-2,0,-3,-1,2,0,5.18,0.36,1.88,0.625
2,0,0,-4,0,0,1,-2,0,-6,1,0,0,-2,0,-3,0,2,0,5.18,0.36,1.88,0.625
2,0,0,-4,0,0,1,-2,0,-6,2,0,0,-2,0,-3,0,3,0,5.18,0.36,1.88,0.625
2,0,0,-3,0,0,1,-2,0,-6,3,0,0,-2,0,-3,0,3,0,5.18,0.36,1.88,0.625
2,0,0,-3,0,0,1,-2,0,-7,3,0,0,-2,0,-3,0,2,0,5.18,0.36,1.88,0.625
2,0,0,-3,0,0,1,-2,0,-7,3,-1,0,-2,0,-3,0,2,0,5.18,0.36,1.88,0.625
2,0,0,-3,0,0,1,-2,0,-7,3,0,0,-2,0,-2,0,2,0,5.18,0.36,1.88,0.625
2,0,0,-3,0,0,1,-2,0,-8,3,0,0,-2,0,-2,0,2,0,5.18,0.36,1.88,0.625
2,0,0,-3,0,0,1,-2,0,-8,2,0,0,-2,0,-3,0,2,0,5.18,0.37,1.92,0.638
2,0,0,-3,0,0,1,-2,0,-7,2,0,0,-2,0,-3,0,2,0,5.18,0.37,1.92,0.638
2,0,0,-3,0,0,1,-2,0,-7,2,0,0,-2,0,-3,0,1,0,5.18,0.37,1.92,0.638
2,0,0,-4,0,0,1,-2,0,-7,2,0,0,-2,0,-3,0,2,0,5.18,0.37,1.92,0.638
2,0,0,-3,0,0,1,-2,0,-7,2,0,0,-2,0,-4,0,2,0,5.18,0.37,1.92,0.638
2,0,0,-3,0,0,1,-2,0,-7,1,0,0,-2,0,-4,0,2,0,5.18,0.37,1.92,0.638
2,0,0,-4,0,0,1,-2,0,-6,0,0,0,-2,0,-4,0,2,0,5.18,0.37,1.92,0.638
2,0,0,-3,0,0,1,-2,0,-6,0,0,0,-2,0,-3,0,2,0,5.18,0.37,1.92,0.638
2,0,0,-4,0,0,1,-2,0,-6,0,0,0,-2,0,-3,0,2,0,5.18,0.37,1.92,0.638
2,0,0,-4,0,0,1,-2,0,-7,0,0,0,-2,0,-3,0,2,0,5.18,0.37,1.92,0.638
2,0,0,-4,0,0,1,-2,0,-8,1,0,0,-2,0,-3,0,2,0,5.18,0.37,1.92,0.638
2,0,0,-4,0,0,1,-2,0,-8,2,0,0,-2,0,-3,0,2,0,5.18,0.36,1.87,0.623
2,0,0,-4,0,0,1,-2,0,-9,3,0,0,-2,0,-2,0,1,0,5.18,0.36,1.87,0.623
2,0,0,-4,0,0,1,-2,0,-9,3,0,0,-2,0,-3,0,1,0,5.18,0.36,1.87,0.623
2,0,0,-4,0,0,1,-2,0,-8,3,0,0,-2,0,-3,0,1,0,5.18,0.36,1.87,0.623
2,0,0,-4,0,0,1,-2,0,-8,3,0,0,-2,0,-3,0,1,0,5.18,0.36,1.87,0.623
2,0,0,-4,0,0,1,-2,0,-7,2,0,0,-2,0,-3,0,1,0,5.18,0.36,1.87,0.623
2,0,0,-4,0,0,1,-2,0,-6,1,0,0,-2,0,-3,0,1,0,5.18,0.36,1.87,0.623
2,0,0,-3,0,0,1,-2,0,-6,1,0,0,-2,0,-3,0,1,0,5.18,0.36,1.87,0.623
2,0,0,-3,0,0,1,-2,0,-5,0,0,0,-2,0,-2,0,1,0,5.18,0.36,1.87,0.623
2,0,0,-3,0,0,1,-2,0,-5,0,0,0,-2,0,-2,1,2,0,5.18,0.36,1.87,0.623
2,0,0,-3,0,0,1,-2,0,-6,0,0,0,-2,0,-2,1,2,0,5.18,0.36,1.87,0.623
2,0,0,-3,0,0,1,-2,0,-6,1,0,0,-2,0,-2,1,2,0,5.18,0.36,1.87,0.622
2,0,0,-3,0,0,1,-2,0,-6,1,0,0,-2,0,-2,1,2,0,5.18,0.36,1.87,0.622
2,0,0,-3,0,0,1,-2,0,-7,1,0,0,-2,0,-2,0,1,0,5.18,0.36,1.87,0.622
2,0,0,-3,0,0,1,-2,0,-7,1,0,0,-2,0,-2,0,1,0,5.18,0.36,1.87,0.622
2,0,0,-3,0,0,1,-2,0,-7,1,-1,0,-2,0,-2,0,1,0,5.18,0.36,1.87,0.622
2,0,0,-3,0,0,1,-2,0,-7,1,-1,0,-2,0,-3,-1,1,0,5.18,0.36,1.87,0.622
2,0,0,-3,0,0,1,-2,0,-6,1,-1,0,-2,0,-2,-1,1,0,5.18,0.36,1.87,0.622
2,0,0,-3,0,0,1,-2,0,-6,1,-1,0,-2,0,-2,-1,1,0,5.18,0.36,1.87,0.622
2,0,0,-3,0,0,1,-2,0,-5,1,-1,0,-2,0,-2,-1,1,0,5.18,0.36,1.87,0.622
2,0,0,-3,0,0,1,-2,0,-4,1,-1,0,-2,0,-2,-1,2,0,5.18,0.36,1.87,0.622
2,0,0,-3,0,0,1,-2,0,-4,1,-1,0,-2,0,-1,0,2,0,5.18,0.36,1.87,0.622
2,0,0,-3,0,0,1,-2,0,-4,1,-1,0,-2,0,-1,0,2,0,5.18,0.36,1.89,0.629
2,0,0,-3,0,0,1,-2,0,-5,2,-1,0,-2,0,-1,0,2,0,5.18,0.36,1.89,0.629
2,0,0,-3,0,0,1,-2,0,-6,2,0,0,-2,0,-1,0,2,0,5.18,0.36,1.89,0.629
2,0,0,-3,0,0,1,-2,0,-5,1,0,0,-2,0,-2,-1,1,0,5.18,0.36,1.89,0.631
2,0,0,-3,0,0,1,-2,0,-6,1,0,0,-2,0,-2,-1,1,0,5.18,0.36,1.89,0.631
2,0,0,-3,0,0,1,-2,0,-6,2,0,0,-2,0,-2,-1,1,0,5.18,0.36,1.89,0.628
2,0,0,-3,0,0,1,-2,0,-6,2,0,0,-2,0,-2,-1,1,0,5.18,0.36,1.89,0.628
2,0,0,-3,0,0,1,-2,0,-6,2,0,0,-2,0,-2,-1,1,0,5.18,0.36,1.89,0.628
2,0,0,-3,0,0,1,-2,0,-6,2,0,0,-2,0,-2,-1,1,0,5.18,0.36,1.89,0.628
2,0,0,-3,0,0,1,-2,0,-6,1,0,0,-2,0,-2,-1,1,0,5.18,0.36,1.89,0.628
2,0,0,-3,0,0,1,-2,0,-6,2,0,0,-2,0,-2,-1,1,0,5.18,0.36,1.89,0.628
2,0,0,-3,0,0,1,-2,0,-5,2,0,0,-2,0,-2,0,1,0,5.18,0.36,1.89,0.628
2,0,0,-4,0,0,1,-2,0,-5,2,0,0,-2,0,-2,0,1,0,5.18,0.36,1.89,0.628
2,0,0,-4,0,0,1,-2,0,-5,2,0,0,-2,0,-2,0,1,0,5.18,0.36,1.89,0.628
2,0,0,-4,0,0,1,-2,0,-5,2,0,0,-2,0,-1,0,2,0,5.18,0.36,1.89,0.628
2,0,0,-4,0,0,1,-2,0,-6,2,0,0,-2,0,-1,0,2,0,5.18,0.36,1.89,0.628
2,0,0,-4,0,0,1,-2,0,-6,2,0,0,-2,0,-2,0,2,0,5.18,0.36,1.91,0.638
2,0,0,-4,0,0,1,-2,0,-6,2,0,0,-2,0,-2,0,2,0,5.18,0.36,1.91,0.638
2,0,0,-4,0,0,1,-2,0,-6,1,0,0,-2,0,-2,0,2,0,5.18,0.36,1.91,0.638
2,0,0,-3,0,0,1,-2,0,-6,2,0,0,-2,0,-2,0,2,0,5.18,0.36,1.91,0.638
2,0,0,-3,0,0,1,-2,0,-6,2,0,0,-2,0,-2,0,2,0,5.18,0.36,1.91,0.638
2,0,0,-4,0,0,1,-2,0,-6,2,0,0,-2,0,-2,-1,2,0,5.18,0.36,1.91,0.638
2,0,0,-3,0,0,1,-2,0,-6,2,0,0,-2,0,-3,-1,2,0,5.18,0.36,1.91,0.638
2,0,0,-3,0,0,1,-2,0,-6,2,0,0,-2,0,-3,-1,1,0,5.18,0.36,1.91,0.638
2,0,0,-3,0,0,1,-2,0,-6,2,0,0,-2,0,-3,0,1,0,5.18,0.36,1.91,0.638
2,0,0,-3,0,0,1,-2,0,-6,2,0,0,-2,0,-2,-1,1,0,5.18,0.36,1.91,0.638
2,0,0,-3,0,0,1,-2,0,-6,2,0,0,-2,0,-2,0,1,0,5.18,0.36,1.91,0.638
2,0,0,-3,0,0,1,-2,0,-6,2,0,0,-2,0,-2,-1,1,0,5.18,0.36,1.87,0.623
2,0,0,-3,0,0,1,-2,0,-6,2,0,0,-2,0,-2,0,1,0,5.18,0.36,1.87,0.623
2,0,0,-3,0,0,1,-2,0,-6,2,0,0,-2,0,-2,-1,1,0,5.18,0.36,1.87,0.623
2,0,0,-3,0,0,1,-2,0,-6,2,0,0,-2,0,-2,-1,1,0,5.18,0.36,1.87,0.623
2,0,0,-3,0,0,1,-2,0,-6,1,0,0,-2,0,-3,-1,1,0,5.18,0.36,1.87,0.623
2,0,0,-3,0,0,1,-2,0,-7,1,-1,0,-2,0,-3,-1,1,0,5.18,0.36,1.87,0.623
2,0,0,-3,0,0,1,-2,0,-7,1,-1,0,-2,0,-3,-1,1,0,5.18,0.36,1.87,0.623
2,0,0,-3,0,0,1,-2,0,-7,1,-1,0,-2,0,-3,-1,1,0,5.18,0.36,1.87,0.623
2,0,0,-3,0,0,1,-2,0,-6,1,-1,0,-2,0,-3,-1,1,0,5.18,0.36,1.87,0.623
2,0,0,-3,0,0,1,-2,0,-6,1,-1,0,-2,0,-3,0,1,0,5.18,0.36,1.87,0.623
2,0,0,-3,0,0,1,-2,0,-6,1,-1,0,-2,0,-3,0,2,0,5.18,0.36,1.87,0.623
2,0,0,-3,0,0,1,-2,0,-6,1,-1,0,-2,0,-2,0,2,0,5.18,0.36,1.87,0.624
2,0,0,-3,0,0,1,-2,0,-7,1,-1,0,-2,0,-2,0,2,0,5.18,0.36,1.87,0.624
2,0,0,-3,0,0,1,-2,0,-6,1,0,0,-2,0,-2,0,2,0,5.18,0.36,1.87,0.624
2,0,0,-3,0,0,1,-2,0,-6,1,0,0,-2,0,-2,0,2,0,5.18,0.36,1.87,0.624
2,0,0,-3,0,0,1,-2,0,-7,2,0,0,-2,0,-2,-1,2,0,5.18,0.36,1.87,0.624
2,0,0,-3,0,0,1,-2,0,-6,2,0,0,-2,0,-3,-1,2,0,5.18,0.36,1.87,0.624
2,0,0,-3,0,0,1,-2,0,-7,2,0,0,-2,0,-3,-1,2,0,5.18,0.36,1.87,0.624
2,0,0,-3,0,0,1,-2,0,-7,2,0,0,-2,0,-3,-1,2,0,5.18,0.36,1.87,0.624
2,0,0,-3,0,0,1,-2,0,-7,2,0,0,-2,0,-2,-1,2,0,5.18,0.36,1.87,0.624
2,0,0,-3,0,0,1,-2,0,-7,2,-1,0,-2,0,-2,0,2,0,5.18,0.36,1.87,0.624
2,0,0,-3,0,0,1,-2,0,-7,2,-1,0,-2,0,-2,0,2,0,5.18,0.36,1.87,0.624
2,0,0,-3,0,0,1,-2,0,-7,1,-1,0,-2,0,-2,0,2,0,5.18,0.36,1.87,0.625
2,0,0,-3,0,0,1,-2,0,-7,1,-1,0,-2,0,-2,0,2,0,5.18,0.36,1.87,0.625
2,0,0,-3,0,0,1,-2,0,-7,1,-1,0,-2,0,-2,0,2,0,5.18,0.36,1.87,0.625
2,0,0,-3,0,0,1,-2,0,-7,1,0,0,-2,0,-2,0,2,0,5.18,0.36,1.87,0.625
2,0,0,-3,0,0,1,-2,0,-7,1,0,0,-2,0,-2,0,2,0,5.18,0.36,1.87,0.625
2,0,0,-3,0,0,1,-2,0,-7,1,0,0,-2,0,-2,-1,2,0,5.18,0.36,1.87,0.625
2,0,0,-3,0,0,1,-2,0,-7,2,0,0,-2,0,-2,0,2,0,5.18,0.36,1.87,0.625
2,0,0,-3,0,0,1,-2,0,-7,2,-1,0,-2,0,-2,0,2,0,5.18,0.36,1.87,0.625
2,0,0,-3,0,0,1,-2,0,-7,1,-1,0,-2,0,-2,0,2,0,5.18,0.36,1.87,0.625
2,0,0,-3,0,0,1,-2,0,-7,2,0,0,-2,0,-3,0,2,0,5.18,0.36,1.91,0.637
2,0,0,-3,0,0,1,-2,0,-7,2,0,0,-2,0,-3,0,2,0,5.18,0.36,1.91,0.637
2,0,0,-3,0,0,1,-2,0,-7,2,0,0,-2,0,-3,0,2,0,5.18,0.36,1.91,0.637
2,0,0,-3,0,0,1,-2,0,-7,2,0,0,-2,0,-3,0,2,0,5.18,0.36,1.91,0.637
2,0,0,-4,0,0,1,-2,0,-7,2,0,0,-2,0,-3,0,2,0,5.18,0.36,1.91,0.637
2,0,0,-4,0,0,1,-2,0,-7,2,0,0,-2,0,-3,0,2,0,5.18,0.36,1.91,0.637
2,0,0,-4,0,0,1,-2,0,-7,2,0,0,-2,0,-2,0,2,0,5.18,0.36,1.91,0.637
2,0,0,-4,0,0,1,-2,0,-7,1,0,0,-2,0,-2,0,2,0,5.18,0.36,1.91,0.638
2,0,0,-4,0,0,1,-2,0,-8,1,0,0,-2,0,-2,0,2,0,5.18,0.36,1.91,0.638
2,0,0,-4,0,0,1,-2,0,-8,2,0,0,-2,0,-2,0,1,0,5.18,0.36,1.91,0.638
2,0,0,-4,0,0,1,-2,0,-8,2,0,0,-2,0,-2,0,1,0,5.18,0.36,1.91,0.638
2,0,0,-4,0,0,1,-2,0,-8,3,0,0,-2,0,-2,0,1,0,5.18,0.36,1.91,0.638
2,0,0,-4,0,0,1,-2,0,-8,3,0,0,-2,0,-2,0,1,0,5.18,0.36,1.91,0.638
2,0,0,-4,0,0,1,-2,0,-7,2,0,0,-2,0,-2,0,1,0,5.18,0.36,1.91,0.638
2,0,0,-3,0,0,1,-2,0,-7,2,0,0,-2,0,-2,0,1,0,5.18,0.36,1.91,0.638
2,0,0,-3,0,0,1,-2,0,-6,1,0,0,-2,0,-2,0,1,0,5.18,0.36,1.91,0.638
2,0,0,-3,0,0,1,-2,0,-5,1,0,0,-2,0,-2,0,1,0,5.18,0.36,1.91,0.638
2,0,0,-3,0,0,1,-2,0,-5,0,0,0,-2,0,-2,0,1,0,5.18,0.36,1.91,0.638
2,0,0,-3,0,0,1,-2,0,-5,1,0,0,-2,0,-2,0,1,0,5.18,0.36,1.88,0.627
2,0,0,-3,0,0,1,-2,0,-5,1,0,0,-2,0,-2,0,1,0,5.18,0.36,1.88,0.627
2,0,0,-3,0,0,1,-2,0,-6,2,0,0,-2,0,-2,0,1,0,5.18,0.36,1.88,0.627
2,0,0,-3,0,0,1,-2,0,-6,2,0,0,-2,0,-2,0,1,0,5.18,0.36,1.88,0.627
2,0,0,-3,0,0,1,-2,0,-7,2,-1,0,-2,0,-2,0,2,0,5.18,0.36,1.88,0.627
2,0,0,-3,0,0,1,-2,0,-7,2,-1,0,-2,0,-2,0,1,0,5.18,0.36,1.88,0.627
2,0,0,-3,0,0,1,-2,0,-8,2,-1,0,-2,0,-2,0,1,0,5.18,0.36,1.88,0.627
2,0,0,-3,0,0,1,-2,0,-7,2,-1,0,-2,0,-2,0,1,0,5.18,0.36,1.88,0.627
2,0,0,-4,0,0,1,-2,0,-7,2,-1,0,-2,0,-2,0,2,0,5.18,0.36,1.88,0.627
2,0,0,-4,0,0,1,-2,0,-7,2,-1,0,-2,0,-2,0,2,0,5.18,0.36,1.88,0.627
2,0,0,-4,0,0,1,-2,0,-6,2,-1,0,-2,0,-2,0,2,0,5.18,0.36,1.88,0.627
2,0,0,-4,0,0,1,-2,0,-6,3,-1,0,-2,0,-2,0,2,0,5.18,0.36,1.88,0.628
2,0,0,-4,0,0,1,-2,0,-6,3,-1,0,-2,0,-2,0,2,0,5.18,0.36,1.88,0.628
2,0,0,-4,0,0,1,-2,0,-6,3,-1,0,-2,0,-2,0,2,0,5.18,0.36,1.88,0.628
2,0,0,-4,0,0,1,-2,0,-6,3,-1,0,-2,0,-2,0,2,0,5.18,0.36,1.88,0.628
2,0,0,-4,0,0,1,-2,0,-6,2,-1,0,-2,0,-2,0,2,0,5.18,0.36,1.88,0.628
2,0,0,-4,0,0,1,-2,0,-6,2,-1,0,-2,0,-2,0,2,0,5.18,0.36,1.88,0.628
2,0,0,-4,0,0,1,-2,0,-6,2,-1,0,-2,0,-2,0,2,0,5.18,0.36,1.88,0.628
2,0,0,-4,0,0,1,-2,0,-7,2,-1,0,-2,0,-2,0,2,0,5.18,0.36,1.88,0.628
2,0,0,-4,0,0,1,-2,0,-7,2,-1,0,-2,0,-2,0,2,0,5.18,0.36,1.88,0.628
2,0,0,-3,0,0,1,-2,0,-7,2,-1,0,-2,0,-2,0,1,0,5.18,0.36,1.88,0.628
2,0,0,-4,0,0,1,-2,0,-7,2,-1,0,-2,0,-2,0,2,0,5.18,0.36,1.88,0.628
2,0,0,-3,0,0,1,-2,0,-6,2,-1,0,-2,0,-3,0,1,0,5.18,0.36,1.87,0.624
2,0,0,-3,0,0,1,-2,0,-6,1,-1,0,-2,0,-3,0,2,0,5.18,0.36,1.87,0.624
2,0,0,-4,0,0,1,-2,0,-5,1,0,0,-2,0,-3,0,2,0,5.18,0.36,1.87,0.624
2,0,0,-3,0,0,1,-2,0,-5,1,0,0,-2,0,-3,0,2,0,5.18,0.36,1.87,0.624
2,0,0,-3,0,0,1,-2,0,-6,1,0,0,-2,0,-3,0,2,0,5.18,0.36,1.87,0.624
2,0,0,-4,0,0,1,-2,0,-6,2,0,0,-2,0,-2,0,2,0,5.18,0.36,1.87,0.624
2,0,0,-4,0,0,1,-2,0,-6,2,-1,0,-2,0,-2,0,2,0,5.18,0.36,1.87,0.624
2,0,0,-4,0,0,1,-2,0,-6,3,-1,0,-2,0,-2,0,2,0,5.18,0.36,1.87,0.624
2,0,0,-4,0,0,1,-2,0,-6,3,-1,0,-2,0,-2,0,3,0,5.18,0.36,1.87,0.624
2,0,0,-4,0,0,1,-2,0,-6,2,-1,0,-2,0,-2,0,3,0,5.18,0.36,1.87,0.624
2,0,0,-4,0,0,1,-2,0,-6,2,-1,0,-2,0,-3,0,3,0,5.18,0.36,1.87,0.624
2,0,0,-4,0,0,1,-2,0,-6,2,-1,0,-2,0,-2,0,3,0,5.18,0.37,1.93,0.645
2,0,0,-4,0,0,1,-2,0,-6,2,-1,0,-2,0,-2,0,3,0,5.18,0.37,1.93,0.645
2,0,0,-4,0,0,1,-2,0,-7,2,0,0,-2,0,-2,0,3,0,5.18,0.37,1.93,0.645
2,0,0,-3,0,0,1,-2,0,-6,2,0,0,-2,0,-2,-1,1,0,5.18,0.36,1.91,0.637
2,0,0,-3,0,0,1,-2,0,-6,2,0,0,-2,0,-3,0,1,0,5.18,0.36,1.91,0.637
2,0,0,-3,0,0,1,-2,0,-6,1,0,0,-2,0,-2,0,1,0,5.18,0.37,1.93,0.644
2,0,0,-3,0,0,1,-2,0,-6,2,0,0,-2,0,-2,0,1,0,5.18,0.37,1.93,0.644
2,0,0,-3,0,0,1,-2,0,-5,1,0,0,-2,0,-2,0,1,0,5.18,0.37,1.93,0.644
2,0,0,-3,0,0,1,-2,0,-6,2,0,0,-2,0,-2,-1,1,0,5.18,0.37,1.93,0.644
2,0,0,-3,0,0,1,-2,0,-6,2,0,0,-2,0,-2,-1,2,0,5.18,0.37,1.93,0.644
2,0,0,-3,0,0,1,-2,0,-6,2,0,0,-2,0,-1,-1,2,0,5.18,0.37,1.93,0.644
2,0,0,-3,0,0,1,-2,0,-6,2,0,0,-2,0,-1,-1,2,0,5.18,0.37,1.93,0.644
2,0,0,-3,0,0,1,-2,0,-6,2,0,0,-2,0,-1,-1,2,0,5.18,0.37,1.93,0.644
2,0,0,-3,0,0,1,-2,0,-6,2,0,0,-2,0,0,-1,2,0,5.18,0.37,1.93,0.644
2,0,0,-3,0,0,1,-2,0,-6,2,0,0,-2,0,0,0,2,0,5.18,0.37,1.93,0.644
2,0,0,-4,0,0,1,-2,0,-6,2,0,0,-2,0,0,-1,2,0,5.18,0.37,1.93,0.644
2,0,0,-3,0,0,1,-2,0,-6,2,0,0,-2,0,0,0,2,0,5.18,0.36,1.9,0.633
2,0,0,-3,0,0,1,-2,0,-5,1,0,0,-2,0,-1,0,2,0,5.18,0.36,1.9,0.633
2,0,0,-4,0,0,1,-2,0,-5,1,0,0,-2,0,-1,-1,2,0,5.18,0.36,1.9,0.633
2,0,0,-4,0,0,1,-2,0,-5,2,0,0,-2,0,-1,-1,1,0,5.18,0.36,1.9,0.633
2,0,0,-4,0,0,1,-2,0,-4,1,0,0,-2,0,-2,-1,1,0,5.18,0.36,1.9,0.633
2,0,0,-3,0,0,1,-2,0,-5,2,0,0,-2,0,-2,-1,1,0,5.18,0.36,1.9,0.633
2,0,0,-4,0,0,1,-2,0,-5,2,0,0,-2,0,-2,-1,1,0,5.18,0.36,1.9,0.633
2,0,0,-3,0,0,1,-2,0,-5,2,0,0,-2,0,-2,-1,2,0,5.18,0.36,1.9,0.633
2,0,0,-4,0,0,1,-2,0,-5,2,0,0,-2,0,-1,0,2,0,5.18,0.36,1.9,0.633
2,0,0,-3,0,0,1,-2,0,-6,2,0,0,-2,0,-1,0,2,0,5.18,0.36,1.9,0.633
2,0,0,-3,0,0,1,-2,0,-6,3,0,0,-2,0,-1,0,2,0,5.18,0.36,1.9,0.633
2,0,0,-4,0,0,1,-2,0,-6,3,0,0,-2,0,-1,0,2,0,5.18,0.36,1.89,0.632
2,0,0,-4,0,0,1,-2,0,-5,2,0,0,-2,0,-1,0,3,0,5.18,0.36,1.89,0.632
2,0,0,-4,0,0,1,-2,0,-5,2,0,0,-2,0,-1,0,3,0,5.18,0.36,1.89,0.632
2,0,0,-4,0,0,1,-2,0,-6,2,0,0,-2,0,-1,0,2,0,5.18,0.36,1.89,0.632
2,0,0,-4,0,0,1,-2,0,-6,2,0,0,-2,0,-2,0,2,0,5.18,0.36,1.89,0.632
2,0,0,-4,0,0,1,-2,0,-6,2,0,0,-2,0,-2,0,2,0,5.18,0.36,1.89,0.632
2,0,0,-4,0,0,1,-2,0,-6,2,0,0,-2,0,-2,0,2,0,5.18,0.36,1.89,0.632
2,0,0,-4,0,0,1,-2,0,-6,2,0,0,-2,0,-3,0,1,0,5.18,0.36,1.89,0.632
2,0,0,-3,0,0,1,-2,0,-5,3,-1,0,-2,0,-3,0,2,0,5.18,0.36,1.89,0.632
2,0,0,-3,0,0,1,-2,0,-5,2,0,0,-2,0,-3,0,2,0,5.18,0.36,1.89,0.632
2,0,0,-3,0,0,1,-2,0,-5,2,0,0,-2,0,-3,0,2,0,5.18,0.36,1.89,0.632
2,0,0,-3,0,0,1,-2,0,-5,2,0,0,-2,0,-3,0,2,0,5.18,0.36,1.89,0.632
2,0,0,-3,0,0,1,-2,0,-5,1,0,0,-2,0,-2,0,2,0,5.18,0.36,1.89,0.632
2,0,0,-4,0,0,1,-2,0,-5,1,0,0,-2,0,-2,0,2,0,5.18,0.36,1.89,0.632
2,0,0,-4,0,0,1,-2,0,-5,2,0,0,-2,0,-2,0,2,0,5.18,0.36,1.89,0.632
2,0,0,-4,0,0,1,-2,0,-6,2,0,0,-2,0,-2,0,2,0,5.18,0.36,1.89,0.632
2,0,0,-4,0,0,1,-2,0,-6,3,0,0,-2,0,-2,0,2,0,5.18,0.36,1.89,0.632
2,0,0,-3,0,0,1,-2,0,-7,3,0,0,-2,0,-2,0,2,0,5.18,0.36,1.89,0.632
2,0,0,-3,0,0,1,-2,0,-7,3,0,0,-2,0,-2,0,2,0,5.18,0.36,1.89,0.632
2,0,0,-4,0,0,1,-2,0,-7,3,-1,0,-2,0,-3,0,2,0,5.18,0.36,1.89,0.632
2,0,0,-3,0,0,1,-2,0,-7,2,-1,0,-2,0,-3,0,2,0,5.18,0.36,1.89,0.632
2,0,0,-4,0,0,1,-2,0,-6,2,-1,0,-2,0,-3,1,3,0,5.18,0.36,1.89,0.632
2,0,0,-3,0,0,1,-2,0,-6,2,0,0,-2,0,-3,1,3,0,5.18,0.36,1.88,0.629
2,0,0,-4,0,0,1,-2,0,-6,2,0,0,-2,0,-2,1,3,0,5.18,0.36,1.88,0.629
2,0,0,-4,0,0,1,-2,0,-6,2,0,0,-2,0,-2,1,3,0,5.18,0.36,1.88,0.629
2,0,0,-3,0,0,1,-2,0,-6,3,-1,0,-2,0,-2,1,4,0,5.18,0.36,1.88,0.629
2,0,0,-3,0,0,1,-2,0,-6,3,0,0,-2,0,-2,0,3,0,5.18,0.36,1.88,0.629
2,0,0,-3,0,0,1,-2,0,-6,2,-1,0,-2,0,-2,0,3,0,5.18,0.36,1.88,0.629
2,0,0,-3,0,0,1,-2,0,-6,2,-1,0,-2,0,-2,0,2,0,5.18,0.36,1.88,0.629
2,0,0,-4,0,0,1,-2,0,-7,2,-1,0,-2,0,-2,0,2,0,5.18,0.36,1.88,0.629
2,0,0,-4,0,0,1,-2,0,-7,2,-1,0,-2,0,-2,0,2,0,5.18,0.36,1.88,0.629
2,0,0,-3,0,0,1,-2,0,-6,2,0,0,-2,0,-2,-1,2,0,5.18,0.36,1.87,0.626
2,0,0,-3,0,0,1,-2,0,-6,2,0,0,-2,0,-3,0,2,0,5.18,0.36,1.87,0.626
2,0,0,-3,0,0,1,-2,0,-6,2,-1,0,-2,0,-3,0,2,0,5.18,0.36,1.87,0.626
2,0,0,-3,0,0,1,-2,0,-6,1,-1,0,-2,0,-3,0,2,0,5.18,0.36,1.87,0.626
2,0,0,-3,0,0,1,-2,0,-6,1,-1,0,-2,0,-3,0,2,0,5.18,0.36,1.87,0.626
2,0,0,-3,0,0,1,-2,0,-6,1,-1,0,-2,0,-3,0,2,0,5.18,0.36,1.87,0.626
2,0,0,-3,0,0,1,-2,0,-6,1,-1,0,-2,0,-2,0,3,0,5.18,0.36,1.87,0.626
2,0,0,-3,0,0,1,-2,0,-7,1,-1,0,-2,0,-2,0,3,0,5.18,0.36,1.88,0.627
2,0,0,-3,0,0,1,-2,0,-7,2,-1,0,-2,0,-2,0,3,0,5.18,0.36,1.88,0.627
2,0,0,-3,0,0,1,-2,0,-7,1,-1,0,-2,0,-2,0,3,0,5.18,0.36,1.88,0.627
2,0,0,-3,0,0,1,-2,0,-6,1,-1,0,-2,0,-2,0,2,0,5.18,0.36,1.88,0.627
2,0,0,-3,0,0,1,-2,0,-6,1,0,0,-2,0,-2,0,3,0,5.18,0.36,1.88,0.627
2,0,0,-3,0,0,1,-2,0,-6,1,0,0,-2,0,-2,0,2,0,5.18,0.36,1.88,0.627
2,0,0,-3,0,0,1,-2,0,-5,1,0,0,-2,0,-2,0,2,0,5.18,0.36,1.88,0.627
2,0,0,-3,0,0,1,-2,0,-6,1,0,0,-2,0,-2,0,2,0,5.18,0.36,1.88,0.627
2,0,0,-3,0,0,1,-2,0,-6,1,0,0,-2,0,-2,0,2,0,5.18,0.36,1.88,0.627
2,0,0,-3,0,0,1,-2,0,-6,2,0,0,-2,0,-2,0,2,0,5.18,0.36,1.88,0.627
2,0,0,-3,0,0,1,-2,0,-6,2,0,0,-2,0,-3,0,2,0,5.18,0.36,1.88,0.627
2,0,0,-3,0,0,1,-2,0,-6,2,0,0,-2,0,-3,0,2,0,5.18,0.36,1.89,0.63
2,0,0,-3,0,0,1,-2,0,-6,2,0,0,-2,0,-3,0,2,0,5.18,0.36,1.89,0.63
2,0,0,-3,0,0,1,-2,0,-7,2,0,0,-2,0,-3,0,2,0,5.18,0.36,1.89,0.63
2,0,0,-3,0,0,1,-2,0,-6,2,0,0,-2,0,-3,0,2,0,5.18,0.36,1.89,0.63
2,0,0,-3,0,0,1,-2,0,-6,2,0,0,-2,0,-3,0,2,0,5.18,0.36,1.89,0.63
2,0,0,-3,0,0,1,-2,0,-6,2,0,0,-2,0,-3,0,2,0,5.18,0.36,1.89,0.63
2,0,0,-3,0,0,1,-2,0,-7,2,0,0,-2,0,-3,-1,2,0,5.18,0.36,1.89,0.63
2,0,0,-4,0,0,1,-2,0,-6,2,0,0,-2,0,-3,-1,2,0,5.18,0.36,1.89,0.63
2,0,0,-4,0,0,1,-2,0,-6,2,0,0,-2,0,-2,0,2,0,5.18,0.36,1.89,0.63
2,0,0,-3,0,0,1,-2,0,-6,2,0,0,-2,0,-2,0,2,0,5.18,0.36,1.89,0.63
2,0,0,-3,0,0,1,-2,0,-6,2,0,0,-2,0,-2,0,2,0,5.18,0.36,1.89,0.63
2,0,0,-4,0,0,1,-2,0,-6,2,0,0,-2,0,-2,0,2,0,5.18,0.36,1.89,0.633
2,0,0,-3,0,0,1,-2,0,-7,2,-1,0,-2,0,-2,0,2,0,5.18,0.36,1.89,0.633
2,0,0,-4,0,0,1,-2,0,-6,2,-1,0,-2,0,-2,0,2,0,5.18,0.36,1.89,0.633
2,0,0,-3,0,0,1,-2,0,-6,2,-1,0,-2,0,-2,0,2,0,5.18,0.36,1.89,0.633
2,0,0,-4,0,0,1,-2,0,-6,2,-1,0,-2,0,-3,0,2,0,5.18,0.36,1.89,0.633
2,0,0,-4,0,0,1,-2,0,-6,2,-1,0,-2,0,-3,0,2,0,5.18,0.36,1.89,0.633
2,0,0,-3,0,0,1,-2,0,-6,2,-1,0,-2,0,-3,0,2,0,5.18,0.36,1.89,0.633
2,0,0,-3,0,0,1,-2,0,-6,2,-1,0,-2,0,-3,0,2,0,5.18,0.36,1.89,0.633
2,0,0,-3,0,0,1,-2,0,-7,2,-1,0,-2,0,-3,0,2,0,5.18,0.36,1.89,0.633
2,0,0,-3,0,0,1,-2,0,-7,2,-1,0,-2,0,-3,0,2,0,5.18,0.36,1.89,0.633
2,0,0,-3,0,0,1,-2,0,-7,2,-1,0,-2,0,-2,0,2,0,5.18,0.36,1.89,0.633
2,0,0,-3,0,0,1,-2,0,-7,2,-1,0,-2,0,-2,0,2,0,5.18,0.36,1.88,0.627
2,0,0,-3,0,0,1,-2,0,-7,2,-1,0,-2,0,-2,0,2,0,5.18,0.36,1.88,0.627
2,0,0,-3,0,0,1,-2,0,-7,2,-1,0,-2,0,-2,0,2,0,5.18,0.36,1.88,0.627
2,0,0,-3,0,0,1,-2,0,-7,2,-1,0,-2,0,-2,0,2,0,5.18,0.36,1.88,0.627
2,0,0,-3,0,0,1,-2,0,-7,1,-1,0,-2,0,-2,0,2,0,5.18,0.36,1.88,0.627
2,0,0,-3,0,0,1,-2,0,-8,1,-1,0,-2,0,-2,0,2,0,5.18,0.36,1.88,0.627
2,0,0,-3,0,0,1,-2,0,-8,1,-1,0,-2,0,-2,0,1,0,5.18,0.36,1.88,0.627
2,0,0,-3,0,0,1,-2,0,-8,1,-1,0,-2,0,-3,-1,1,0,5.18,0.36,1.88,0.627
2,0,0,-3,0,0,1,-2,0,-7,2,-2,0,-2,0,-3,0,1,0,5.18,0.36,1.88,0.627
2,0,0,-4,0,0,1,-2,0,-7,2,-2,0,-2,0,-3,0,1,0,5.18,0.36,1.88,0.627
2,0,0,-3,0,0,1,-2,0,-7,2,-2,0,-2,0,-3,0,0,0,5.18,0.36,1.88,0.627
2,0,0,-3,0,0,1,-2,0,-6,2,-1,0,-2,0,-3,0,1,0,5.18,0.36,1.87,0.626
2,0,0,-3,0,0,1,-2,0,-6,2,-1,0,-2,0,-3,0,1,0,5.18,0.36,1.87,0.626
2,0,0,-3,0,0,1,-2,0,-6,2,-1,0,-2,0,-2,0,1,0,5.18,0.36,1.87,0.626
2,0,0,-3,0,0,1,-2,0,-6,2,-1,0,-2,0,-2,0,1,0,5.18,0.36,1.87,0.626
2,0,0,-3,0,0,1,-2,0,-7,1,0,0,-2,0,-2,0,1,0,5.18,0.36,1.88,0.628
2,0,0,-3,0,0,1,-2,0,-7,1,0,0,-2,0,-2,0,1,0,5.18,0.36,1.88,0.628
2,0,0,-3,0,0,1,-2,0,-7,1,0,0,-2,0,-2,0,1,0,5.18,0.36,1.88,0.628
2,0,0,-3,0,0,1,-2,0,-6,1,0,0,-2,0,-2,0,1,0,5.18,0.36,1.88,0.628
2,0,0,-3,0,0,1,-2,0,-6,1,0,0,-2,0,-3,0,1,0,5.18,0.36,1.88,0.628
2,0,0,-3,0,0,1,-2,0,-5,1,0,0,-2,0,-3,0,1,0,5.18,0.36,1.88,0.628
2,0,0,-3,0,0,1,-2,0,-5,1,0,0,-2,0,-3,0,1,0,5.18,0.36,1.88,0.628
2,0,0,-3,0,0,1,-2,0,-5,1,0,0,-2,0,-3,0,1,0,5.18,0.36,1.88,0.628
2,0,0,-3,0,0,1,-2,0,-5,1,0,0,-2,0,-2,-1,2,0,5.18,0.36,1.88,0.628
2,0,0,-3,0,0,1,-2,0,-5,1,0,0,-2,0,-2,-1,1,0,5.18,0.36,1.88,0.628
2,0,0,-3,0,0,1,-2,0,-6,2,0,0,-2,0,-2,-1,1,0,5.18,0.36,1.88,0.628
2,0,0,-3,0,0,1,-2,0,-6,2,0,0,-2,0,-2,-1,2,0,5.18,0.36,1.88,0.628
2,0,0,-3,0,0,1,-2,0,-6,2,0,0,-2,0,-2,-1,1,0,5.18,0.36,1.87,0.627
2,0,0,-3,0,0,1,-2,0,-7,2,0,0,-2,0,-2,-1,1,0,5.18,0.36,1.87,0.627
2,0,0,-3,0,0,1,-2,0,-7,2,0,0,-2,0,-3,0,1,0,5.18,0.36,1.87,0.627
2,0,0,-3,0,0,1,-2,0,-6,1,0,0,-2,0,-3,0,2,0,5.18,0.36,1.87,0.627
2,0,0,-3,0,0,1,-2,0,-6,1,0,0,-2,0,-3,0,2,0,5.18,0.36,1.87,0.627
2,0,0,-3,0,0,1,-2,0,-6,1,0,0,-2,0,-3,0,2,0,5.18,0.36,1.87,0.627
2,0,0,-3,0,0,1,-2,0,-6,1,0,0,-2,0,-3,0,2,0,5.18,0.36,1.87,0.627
2,0,0,-3,0,0,1,-2,0,-5,1,0,0,-2,0,-3,-1,2,0,5.18,0.36,1.87,0.627
2,0,0,-3,0,0,1,-2,0,-5,1,0,0,-2,0,-3,-1,2,0,5.18,0.36,1.87,0.627
2,0,0,-3,0,0,1,-2,0,-6,2,0,0,-2,0,-3,0,3,0,5.18,0.36,1.87,0.627
2,0,0,-3,0,0,1,-2,0,-6,2,0,0,-2,0,-2,0,3,0,5.18,0.36,1.87,0.627
2,0,0,-3,0,0,1,-2,0,-6,2,0,0,-2,0,-2,0,3,0,5.18,0.36,1.88,0.627
2,0,0,-3,0,0,1,-2,0,-6,2,0,0,-2,0,-2,0,3,0,5.18,0.36,1.88,0.627
2,0,0,-3,0,0,1,-2,0,-6,2,0,0,-2,0,-2,0,2,0,5.18,0.36,1.88,0.627
2,0,0,-3,0,0,1,-2,0,-6,2,0,0,-2,0,-2,0,2,0,5.18,0.36,1.88,0.627
2,0,0,-3,0,0,1,-2,0,-6,1,0,0,-2,0,-2,0,2,0,5.18,0.36,1.88,0.627
2,0,0,-3,0,0,1,-2,0,-6,1,0,0,-2,0,-2,-1,2,0,5.18,0.36,1.88,0.627
2,0,0,-3,0,0,1,-2,0,-6,1,0,0,-2,0,-3,-1,2,0,5.18,0.36,1.88,0.627
2,0,0,-4,0,0,1,-2,0,-6,1,0,0,-2,0,-3,-1,2,0,5.18,0.36,1.88,0.627
2,0,0,-3,0,0,1,-2,0,-6,1,0,0,-2,0,-3,-1,2,0,5.18,0.36,1.88,0.627
2,0,0,-3,0,0,1,-2,0,-6,1,0,0,-2,0,-3,0,2,0,5.18,0.36,1.88,0.627
2,0,0,-3,0,0,1,-2,0,-6,1,0,0,-2,0,-3,0,2,0,5.18,0.36,1.88,0.627
2,0,0,-3,0,0,1,-2,0,-7,2,0,0,-2,0,-3,0,2,0,5.18,0.36,1.87,0.625
2,0,0,-3,0,0,1,-2,0,-7,2,0,0,-2,0,-3,0,2,0,5.18,0.36,1.87,0.625
2,0,0,-3,0,0,1,-2,0,-7,3,0,0,-2,0,-3,0,2,0,5.18,0.36,1.87,0.625
2,0,0,-3,0,0,1,-2,0,-7,3,0,0,-2,0,-2,0,2,0,5.18,0.36,1.87,0.625
2,0,0,-3,0,0,1,-2,0,-7,2,0,0,-2,0,-2,0,2,0,5.18,0.36,1.87,0.625
2,0,0,-3,0,0,1,-2,0,-7,2,0,0,-2,0,-2,0,2,0,5.18,0.36,1.87,0.625
2,0,0,-3,0,0,1,-2,0,-7,1,0,0,-2,0,-2,-1,2,0,5.18,0.36,1.87,0.625
2,0,0,-4,0,0,1,-2,0,-6,1,0,0,-2,0,-2,0,2,0,5.18,0.36,1.87,0.625
2,0,0,-3,0,0,1,-2,0,-6,1,-1,0,-2,0,-2,0,2,0,5.18,0.36,1.87,0.625
2,0,0,-3,0,0,1,-2,0,-6,1,-1,0,-2,0,-2,0,2,0,5.18,0.36,1.87,0.625
2,0,0,-3,0,0,1,-2,0,-6,1,-1,0,-2,0,-2,0,2,0,5.18,0.36,1.87,0.625
2,0,0,-3,0,0,1,-2,0,-6,1,0,0,-2,0,-2,0,2,0,5.18,0.36,1.88,0.629
2,0,0,-3,0,0,1,-2,0,-6,2,0,0,-2,0,-2,0,2,0,5.18,0.36,1.88,0.629
2,0,0,-3,0,0,1,-2,0,-6,2,0,0,-2,0,-2,0,2,0,5.18,0.36,1.88,0.629
2,0,0,-3,0,0,1,-2,0,-6,2,0,0,-2,0,-2,0,2,0,5.18,0.36,1.88,0.629
2,0,0,-3,0,0,1,-2,0,-6,2,0,0,-2,0,-3,0,2,0,5.18,0.36,1.88,0.629
2,0,0,-3,0,0,1,-2,0,-6,2,0,0,-2,0,-3,0,1,0,5.18,0.36,1.88,0.629
2,0,0,-3,0,0,1,-2,0,-7,2,0,0,-2,0,-2,0,1,0,5.18,0.36,1.88,0.629
2,0,0,-3,0,0,1,-2,0,-7,2,0,0,-2,0,-3,-1,2,0,5.18,0.36,1.88,0.629
2,0,0,-3,0,0,1,-2,0,-6,2,0,0,-2,0,-2,0,2,0,5.18,0.36,1.88,0.629
2,0,0,-3,0,0,1,-2,0,-7,1,-1,0,-2,0,-2,-1,2,0,5.18,0.36,1.88,0.63
2,0,0,-3,0,0,1,-2,0,-7,1,-1,0,-2,0,-2,-1,2,0,5.18,0.36,1.88,0.63
2,0,0,-3,0,0,1,-2,0,-7,1,-1,0,-2,0,-3,-1,2,0,5.18,0.36,1.88,0.63
2,0,0,-3,0,0,1,-2,0,-7,2,-1,0,-2,0,-2,0,2,0,5.18,0.36,1.88,0.63
2,0,0,-4,0,0,1,-2,0,-7,2,-1,0,-2,0,-2,0,2,0,5.18,0.36,1.88,0.63
2,0,0,-3,0,0,1,-2,0,-7,2,-1,0,-2,0,-2,0,3,0,5.18,0.36,1.88,0.63
2,0,0,-3,0,0,1,-2,0,-7,2,-1,0,-2,0,-2,0,3,0,5.18,0.36,1.88,0.63
2,0,0,-3,0,0,1,-2,0,-7,2,-1,0,-2,0,-2,0,3,0,5.18,0.36,1.87,0.626
2,0,0,-3,0,0,1,-2,0,-7,2,-1,0,-2,0,-2,0,3,0,5.18,0.36,1.87,0.626
2,0,0,-3,0,0,1,-2,0,-7,2,0,0,-2,0,-2,0,2,0,5.18,0.36,1.87,0.626
2,0,0,-4,0,0,1,-2,0,-7,2,0,0,-2,0,-2,0,2,0,5.18,0.36,1.87,0.626
2,0,0,-3,0,0,1,-2,0,-7,2,0,0,-2,0,-2,-1,2,0,5.18,0.36,1.87,0.626
2,0,0,-4,0,0,1,-2,0,-7,2,0,0,-2,0,-2,-1,2,0,5.18,0.36,1.87,0.626
2,0,0,-4,0,0,1,-2,0,-6,2,0,0,-2,0,-2,-1,2,0,5.18,0.36,1.87,0.626
2,0,0,-4,0,0,1,-2,0,-7,2,0,0,-2,0,-2,-1,2,0,5.18,0.36,1.87,0.626
2,0,0,-4,0,0,1,-2,0,-7,2,0,0,-2,0,-2,-1,2,0,5.18,0.36,1.87,0.626
2,0,0,-4,0,0,1,-2,0,-6,2,0,0,-2,0,-2,0,2,0,5.18,0.36,1.87,0.626
2,0,0,-4,0,0,1,-2,0,-6,1,0,0,-2,0,-2,0,2,0,5.18,0.36,1.87,0.626
2,0,0,-4,0,0,1,-2,0,-6,2,0,0,-2,0,-2,0,2,0,5.18,0.36,1.88,0.629
2,0,0,-3,0,0,1,-2,0,-6,2,0,0,-2,0,-2,0,2,0,5.18,0.36,1.88,0.629
2,0,0,-3,0,0,1,-2,0,-6,2,0,0,-2,0,-2,0,2,0,5.18,0.36,1.88,0.629
2,0,0,-4,0,0,1,-2,0,-5,2,0,0,-2,0,-2,0,2,0,5.18,0.36,1.88,0.629
2,0,0,-4,0,0,1,-2,0,-5,2,0,0,-2,0,-2,0,1,0,5.18,0.36,1.88,0.629
2,0,0,-4,0,0,1,-2,0,-5,2,0,0,-2,0,-2,0,1,0,5.18,0.36,1.88,0.629
2,0,0,-4,0,0,1,-2,0,-5,2,0,0,-2,0,-2,0,1,0,5.18,0.36,1.88,0.629
2,0,0,-4,0,0,1,-2,0,-5,2,0,0,-2,0,-2,0,1,0,5.18,0.36,1.88,0.629
2,0,0,-4,0,0,1,-2,0,-5,2,0,0,-2,0,-2,-1,1,0,5.18,0.36,1.88,0.629
2,0,0,-3,0,0,1,-2,0,-5,2,0,0,-2,0,-2,0,1,0,5.18,0.36,1.88,0.629
2,0,0,-4,0,0,1,-2,0,-5,2,0,0,-2,0,-2,0,1,0,5.18,0.36,1.88,0.629
2,0,0,-3,0,0,1,-2,0,-6,2,0,0,-2,0,-2,0,1,0,5.18,0.36,1.87,0.627
2,0,0,-4,0,0,1,-2,0,-5,2,0,0,-2,0,-2,0,1,0,5.18,0.36,1.87,0.627
2,0,0,-4,0,0,1,-2,0,-5,2,0,0,-2,0,-2,0,1,0,5.18,0.36,1.87,0.627
2,0,0,-4,0,0,1,-2,0,-4,2,0,0,-2,0,-2,0,2,0,5.18,0.36,1.87,0.627
2,0,0,-4,0,0,1,-2,0,-4,1,0,0,-2,0,-2,0,2,0,5.18,0.36,1.87,0.627
2,0,0,-4,0,0,1,-2,0,-4,1,0,0,-2,0,-2,0,2,0,5.18,0.36,1.87,0.627
2,0,0,-4,0,0,1,-2,0,-5,1,0,0,-2,0,-2,0,2,0,5.18,0.36,1.87,0.627
2,0,0,-4,0,0,1,-2,0,-5,1,0,0,-2,0,-2,0,2,0,5.18,0.36,1.87,0.627
2,0,0,-4,0,0,1,-2,0,-6,2,0,0,-2,0,-2,0,2,0,5.18,0.36,1.87,0.627
2,0,0,-4,0,0,1,-2,0,-6,2,0,0,-2,0,-2,0,2,0,5.18,0.36,1.87,0.627
2,0,0,-4,0,0,1,-2,0,-7,2,0,0,-2,0,-2,0,2,0,5.18,0.36,1.87,0.627
2,0,0,-4,0,0,1,-2,0,-7,2,0,0,-2,0,-2,0,2,0,5.18,0.36,1.88,0.628
2,0,0,-4,0,0,1,-2,0,-7,2,0,0,-2,0,-2,0,3,0,5.18,0.36,1.88,0.628
2,0,0,-4,0,0,1,-2,0,-7,2,0,0,-2,0,-2,0,2,0,5.18,0.36,1.88,0.628
2,0,0,-4,0,0,1,-2,0,-7,2,0,0,-2,0,-2,0,2,0,5.18,0.36,1.88,0.628
2,0,0,-4,0,0,1,-2,0,-7,2,0,0,-2,0,-2,0,2,0,5.18,0.36,1.88,0.628
2,0,0,-4,0,0,1,-2,0,-7,2,0,0,-2,0,-2,0,1,0,5.18,0.36,1.88,0.628
2,0,0,-4,0,0,1,-2,0,-7,2,0,0,-2,0,-2,0,1,0,5.18,0.36,1.88,0.628
2,0,0,-4,0,0,1,-2,0,-7,2,0,0,-2,0,-2,0,1,0,5.18,0.36,1.88,0.628
2,0,0,-4,0,0,1,-2,0,-7,2,0,0,-2,0,-2,0,1,0,5.18,0.36,1.88,0.628
2,0,0,-4,0,0,1,-2,0,-7,3,0,0,-2,0,-2,0,1,0,5.18,0.36,1.88,0.628
2,0,0,-4,0,0,1,-2,0,-7,2,0,0,-2,0,-2,0,1,0,5.18,0.36,1.88,0.628
2,0,0,-4,0,0,1,-2,0,-7,2,0,0,-2,0,-2,0,1,0,5.18,0.36,1.88,0.63
2,0,0,-4,0,0,1,-2,0,-7,2,0,0,-2,0,-2,0,1,0,5.18,0.36,1.88,0.63
2,0,0,-4,0,0,1,-2,0,-7,2,0,0,-2,0,-2,0,1,0,5.18,0.36,1.88,0.63
2,0,0,-3,0,0,1,-2,0,-7,2,0,0,-2,0,-2,0,1,0,5.18,0.36,1.88,0.63
2,0,0,-3,0,0,1,-2,0,-8,1,0,0,-2,0,-2,0,2,0,5.18,0.36,1.89,0.632
2,0,0,-3,0,0,1,-2,0,-7,1,0,0,-2,0,-2,0,2,0,5.18,0.36,1.87,0.627
2,0,0,-3,0,0,1,-2,0,-7,1,0,0,-2,0,-2,0,2,0,5.18,0.36,1.87,0.627
2,0,0,-3,0,0,1,-2,0,-7,1,0,0,-2,0,-3,-1,2,0,5.18,0.36,1.87,0.627
2,0,0,-3,0,0,1,-2,0,-7,1,0,0,-2,0,-3,0,1,0,5.18,0.36,1.87,0.627
2,0,0,-3,0,0,1,-2,0,-6,1,0,0,-2,0,-3,0,1,0,5.18,0.36,1.87,0.627
2,0,0,-3,0,0,1,-2,0,-6,1,0,0,-2,0,-3,0,1,0,5.18,0.36,1.87,0.627
2,0,0,-3,0,0,1,-2,0,-7,1,0,0,-2,0,-3,0,1,0,5.18,0.36,1.87,0.627
2,0,0,-3,0,0,1,-2,0,-7,1,0,0,-2,0,-3,0,1,0,5.18,0.36,1.87,0.627
2,0,0,-3,0,0,1,-2,0,-7,1,0,0,-2,0,-2,0,2,0,5.18,0.36,1.87,0.627
2,0,0,-3,0,0,1,-2,0,-7,1,0,0,-2,0,-2,0,1,0,5.18,0.36,1.87,0.627
2,0,0,-3,0,0,1,-2,0,-7,2,0,0,-2,0,-2,0,2,0,5.18,0.36,1.87,0.627
2,0,0,-3,0,0,1,-2,0,-7,2,0,0,-2,0,-2,0,2,0,5.18,0.36,1.89,0.633
2,0,0,-3,0,0,1,-2,0,-7,2,0,0,-2,0,-2,0,2,0,5.18,0.36,1.89,0.633
2,0,0,-3,0,0,1,-2,0,-7,2,0,0,-2,0,-2,0,2,0,5.18,0.36,1.89,0.633
2,0,0,-3,0,0,1,-2,0,-7,2,0,0,-2,0,-2,0,1,0,5.18,0.36,1.89,0.633
2,0,0,-3,0,0,1,-2,0,-7,2,0,0,-2,0,-2,0,1,0,5.18,0.36,1.89,0.633
2,0,0,-3,0,0,1,-2,0,-6,1,0,0,-2,0,-2,0,1,0,5.18,0.36,1.89,0.633
2,0,0,-3,0,0,1,-2,0,-6,1,0,0,-2,0,-2,0,1,0,5.18,0.36,1.89,0.633
2,0,0,-3,0,0,1,-2,0,-6,1,0,0,-2,0,-2,0,1,0,5.18,0.36,1.89,0.633
2,0,0,-3,0,0,1,-2,0,-6,1,0,0,-2,0,-2,0,1,0,5.18,0.36,1.89,0.633
2,0,0,-3,0,0,1,-2,0,-6,1,0,0,-2,0,-2,0,1,0,5.18,0.36,1.89,0.633
2,0,0,-3,0,0,1,-2,0,-5,1,0,0,-2,0,-2,0,1,0,5.18,0.36,1.89,0.633
2,0,0,-3,0,0,1,-2,0,-6,2,0,0,-2,0,-2,0,1,0,5.18,0.36,1.9,0.637
