1,4,0,-23,13,0,1,-3,-1,-40,72,0,-1,-2,2,17,21,0,0,5.03,0.44,2.25,1326.0400000000122
1,3,0,-23,18,0,1,-3,-1,-41,77,0,-1,-2,2,2,22,0,0,5.03,0.44,2.25,1327.3410000000122
1,2,0,-23,38,0,1,-2,-1,-36,63,0,0,-1,2,-29,29,0,0,5.03,0.44,2.25,1328.642000000012
0,2,0,-20,45,0,0,-2,-1,-14,50,0,0,-1,2,-40,63,0,0,5.03,0.44,2.25,1329.943000000012
0,1,0,-19,42,0,0,-1,-1,-5,31,0,0,0,2,-38,82,0,0,5.03,0.44,2.25,1331.244000000012
0,1,0,-19,37,0,0,-1,-1,0,25,0,0,0,2,-20,93,0,0,5.03,0.44,2.25,1332.545000000012
0,1,0,-17,24,0,0,-1,-1,6,14,0,0,0,2,-14,117,0,0,5.03,0.44,2.25,1333.8460000000118
0,1,0,-18,9,0,0,-1,-1,12,4,0,0,0,1,-23,65,0,0,5.03,0.44,2.25,1335.1470000000118
0,1,0,-16,-3,0,0,-1,-1,23,0,0,0,-1,1,-17,101,0,0,5.03,0.44,2.25,1336.4480000000117
0,1,0,-15,-11,0,0,-1,-1,23,-3,0,0,-1,1,-20,109,0,0,5.03,0.44,2.25,1337.7490000000116
0,1,0,-9,-16,0,0,-1,0,0,-16,0,0,-1,1,-13,93,0,0,5.03,0.44,2.25,1339.0500000000116
0,2,0,-8,-21,0,0,-1,0,-24,-23,0,0,-1,1,6,59,0,0,5.03,0.44,2.25,1340.3510000000115
0,2,0,-7,-21,0,0,-1,0,-35,-23,0,0,-1,1,9,51,0,0,5.03,0.44,2.25,1341.6520000000114
0,2,0,-5,-20,0,0,-2,0,-52,-22,0,0,-2,1,15,71,0,0,5.03,0.44,2.25,1342.9530000000113
0,2,0,-2,-13,0,0,-1,0,-64,-21,0,0,-2,1,0,68,0,0,5.03,0.44,2.25,1344.2540000000113
0,2,0,0,-6,0,0,-2,-1,-69,-12,0,0,-2,1,-20,32,0,0,5.03,0.44,2.25,1345.5550000000112
0,2,0,1,-4,0,0,-2,-1,-72,-9,0,0,-2,1,-26,23,0,0,5.03,0.44,2.25,1346.8560000000111
0,2,0,0,0,0,1,-2,-1,-76,6,0,0,-2,1,-32,-1,0,0,5.03,0.44,2.22,1348.136000000011
0,2,0,0,0,0,0,-2,-1,-72,23,0,0,-2,1,-30,-21,0,0,5.03,0.44,2.22,1349.416000000011
0,2,0,0,-3,0,0,-2,-1,-71,29,0,0,-2,1,-27,-29,0,0,5.03,0.44,2.22,1350.696000000011
0,2,0,3,-5,0,0,-2,-1,-68,43,0,0,-2,1,-17,-43,0,0,5.03,0.44,2.22,1351.976000000011
0,2,0,6,-5,0,0,-2,-1,-61,53,0,0,-1,1,-13,-56,0,0,5.03,0.44,2.22,1353.256000000011
0,2,0,8,-6,0,0,-2,-1,-54,57,0,0,-1,1,-13,-75,0,0,5.03,0.44,2.22,1354.536000000011
0,2,0,9,-7,0,0,-2,-1,-51,57,0,0,-1,1,-12,-77,0,0,5.03,0.44,2.22,1355.816000000011
0,2,0,11,-12,0,0,-2,-1,-37,50,0,-1,-1,1,-5,-83,0,0,5.03,0.44,2.22,1357.096000000011
0,2,0,10,-12,0,0,-2,-1,-34,48,0,0,-1,1,-2,-92,0,0,5.03,0.44,2.22,1358.376000000011
0,2,0,8,-12,0,0,-2,-1,-27,40,0,0,-1,1,2,-79,0,0,5.03,0.44,2.22,1359.6560000000109
0,2,0,5,-13,0,0,-2,-1,-20,33,0,-1,-1,1,2,-69,0,0,5.03,0.44,2.22,1360.9360000000108
0,3,0,-1,-15,0,0,-2,-1,-15,25,0,0,-2,1,0,-43,0,0,5.03,0.44,2.22,1362.2160000000108
0,3,0,-3,-15,0,0,-2,-1,-14,22,0,-1,-2,1,-6,-59,0,0,5.03,0.44,2.22,1363.4960000000108
0,2,0,-4,-8,0,1,-2,-1,6,27,0,0,-2,1,-10,-55,0,0,5.03,0.44,2.22,1364.7760000000108
0,2,0,-2,-6,0,0,-2,0,2,37,0,0,-2,1,-10,-48,0,0,5.03,0.44,2.22,1366.0560000000107
0,2,0,-4,-7,0,0,-2,0,17,63,0,0,-2,1,-10,-43,0,0,5.03,0.44,2.22,1367.3360000000107
0,2,0,-5,-7,0,0,-2,0,24,74,0,0,-2,1,-9,-40,0,0,5.03,0.44,2.22,1368.6160000000107
0,2,0,-6,-9,0,0,-2,0,37,96,0,0,-2,1,-4,-27,0,0,5.03,0.44,2.22,1369.8960000000106
0,2,0,-5,-11,0,0,-2,0,33,87,0,0,-2,1,-4,-12,0,0,5.03,0.44,2.22,1371.1760000000106
0,2,0,-3,-12,0,0,-2,0,23,65,0,0,-1,1,-7,-4,0,0,5.03,0.44,2.22,1372.4560000000106
0,2,0,-3,-9,0,0,-2,0,9,28,0,0,-2,1,-7,3,0,0,5.03,0.44,2.22,1373.7360000000106
0,2,0,-4,-4,0,0,-2,0,3,1,0,0,-2,1,-2,13,0,0,5.05,0.52,2.67,1375.2760000000105
0,2,0,-5,-3,0,0,-2,0,-1,-7,0,0,-2,1,0,17,0,0,5.05,0.52,2.67,1376.8160000000105
0,2,0,-6,-2,0,0,-2,0,-11,-18,0,0,-2,1,4,26,0,0,5.05,0.52,2.67,1378.3560000000105
0,2,0,-8,-2,0,0,-2,0,-14,-20,0,0,-1,1,5,31,0,0,5.05,0.52,2.67,1379.8960000000104
0,2,0,-9,-6,0,0,-2,0,-16,-20,0,0,-2,1,3,31,0,0,5.05,0.52,2.67,1381.4360000000104
0,2,0,-7,-11,0,0,-2,0,-15,-25,0,0,-2,1,4,28,0,0,5.05,0.52,2.67,1382.9760000000103
0,2,0,-6,-16,0,0,-2,-1,-10,-32,0,0,-2,1,21,32,0,0,5.05,0.52,2.67,1384.5160000000103
0,2,0,-5,-18,0,0,-2,-1,-8,-33,0,0,-2,1,30,29,0,0,5.05,0.52,2.67,1386.0560000000103
0,2,0,-2,-23,0,0,-2,-1,-3,-33,0,0,-2,1,51,30,0,0,5.05,0.52,2.67,1387.5960000000102
0,2,0,0,-27,0,0,-2,-1,2,-27,0,0,-2,1,68,42,0,0,5.05,0.52,2.67,1389.1360000000102
0,2,0,2,-30,0,0,-2,-1,5,-15,0,0,-2,1,77,69,0,0,5.05,0.52,2.67,1390.6760000000102
0,2,0,2,-31,0,0,-2,-1,6,-10,0,0,-1,1,79,61,0,0,5.05,0.52,2.67,1392.2160000000101
0,2,0,3,-34,0,0,-2,-1,8,2,0,0,-2,1,86,93,0,0,5.05,0.52,2.67,1393.75600000001
0,2,0,4,-37,0,0,-2,-1,6,14,0,-1,-1,1,81,112,0,0,5.05,0.52,2.67,1395.29600000001
0,2,0,3,-40,0,0,-2,-1,1,24,0,0,-1,1,76,109,0,0,5.05,0.52,2.67,1396.83600000001
0,2,0,4,-41,0,0,-2,-1,-2,33,0,-1,-1,1,69,104,0,0,5.05,0.52,2.67,1398.37600000001
0,2,0,4,-42,0,0,-2,-1,-7,39,0,-1,-1,1,61,97,0,0,5.05,0.52,2.67,1399.91600000001
0,2,0,3,-42,0,0,-2,-1,-12,44,0,0,-1,1,61,93,0,0,5.05,0.52,2.67,1401.45600000001
0,2,0,3,-42,0,0,-2,-1,-14,46,0,-1,-1,1,61,88,0,0,5.05,0.52,2.67,1402.9960000000099
0,2,0,3,-42,0,0,-2,-1,-16,48,0,-1,-1,1,62,77,0,0,5.05,0.52,2.67,1404.5360000000098
0,2,0,3,-42,0,0,-2,-1,-16,48,0,-1,-1,1,60,69,0,0,5.05,0.52,2.67,1406.0760000000098
0,2,0,3,-40,0,0,-2,-1,-15,47,0,-1,-1,1,57,58,0,0,5.07,0.6,3.04,1407.83100000001
0,2,0,4,-38,0,0,-2,-1,-14,47,0,-1,-1,1,50,45,0,0,5.07,0.6,3.04,1409.58600000001
0,2,0,4,-37,0,0,-2,-1,-15,45,0,-1,-1,1,49,40,0,0,5.07,0.6,3.04,1411.3410000000101
0,2,0,5,-35,0,0,-2,-1,-11,44,0,-1,-1,1,46,28,0,0,5.07,0.6,3.04,1413.0960000000102
0,2,0,6,-32,0,0,-2,0,-9,43,0,0,-1,1,43,17,0,0,5.07,0.6,3.04,1414.8510000000103
0,2,0,7,-30,0,0,-2,0,-6,40,0,0,-1,1,39,10,0,0,5.07,0.6,3.04,1416.6060000000105
0,2,0,7,-29,0,0,-2,0,-6,39,0,0,-1,1,36,7,0,0,5.07,0.6,3.04,1418.3610000000106
0,2,0,8,-27,0,0,-2,0,-5,35,0,0,-1,1,26,0,0,0,5.07,0.6,3.04,1420.1160000000107
0,2,0,7,-25,0,0,-2,-1,-3,31,0,0,-1,1,15,-4,0,0,5.07,0.6,3.04,1421.8710000000108
0,2,0,7,-23,0,0,-2,-1,-1,23,0,0,-1,1,6,-4,0,0,5.07,0.6,3.04,1423.626000000011
0,2,0,7,-23,0,0,-2,-1,0,13,0,0,-1,1,-1,-1,0,0,5.07,0.6,3.04,1425.381000000011
0,2,0,7,-23,0,0,-2,-1,0,10,0,0,-1,1,-5,0,0,0,5.07,0.6,3.04,1427.136000000011
0,2,0,7,-24,0,0,-2,-1,-2,2,0,-1,-1,1,-17,3,0,0,5.07,0.6,3.04,1428.8910000000112
0,2,0,7,-23,0,0,-2,-1,-5,-1,0,-1,-1,1,-31,7,0,0,5.07,0.6,3.04,1430.6460000000113
0,2,0,6,-21,0,0,-2,-1,-7,-2,0,-1,-1,1,-44,8,0,0,5.07,0.6,3.04,1432.4010000000114
0,2,0,4,-17,0,0,-2,-1,-8,-3,0,-1,-1,1,-56,4,0,0,5.07,0.6,3.04,1434.1560000000115
0,3,0,1,-13,0,0,-2,-1,-10,-5,0,0,-1,2,-67,18,0,0,5.07,0.6,3.04,1435.9110000000117
0,3,0,0,-10,0,0,-2,-1,-11,-6,0,0,-2,2,-67,28,0,0,5.07,0.6,3.04,1437.6660000000118
0,3,0,-3,-7,0,0,-3,-1,-16,-7,0,0,-2,2,-55,66,0,0,5.07,0.6,3.04,1439.4210000000119
0,3,0,-5,-5,0,0,-3,-1,-22,-9,0,-1,-2,2,-52,71,0,0,5.07,0.6,3.04,1441.176000000012
0,3,0,-7,-7,0,0,-3,-1,-21,-19,0,-1,-2,1,-56,45,0,0,5.07,0.6,3.04,1442.931000000012
0,3,0,-10,-9,0,0,-2,-1,-13,-32,0,-1,-2,1,-56,13,0,0,5.06,0.56,2.84,1444.568000000012
0,3,0,-12,-10,0,0,-2,0,-10,-36,0,-1,-2,0,-54,0,0,0,5.06,0.56,2.84,1446.205000000012
-1,3,0,-16,-12,0,0,-2,0,-9,-38,0,-1,-2,0,-42,-28,0,0,5.06,0.56,2.84,1447.842000000012
-1,3,0,-19,-11,0,0,-3,0,-6,-38,0,-1,-2,0,-27,-55,0,0,5.06,0.56,2.84,1449.4790000000119
-1,3,0,-14,-6,0,0,-3,0,5,-18,0,-1,-2,0,-20,-75,0,0,5.06,0.56,2.84,1451.1160000000118
-1,2,0,-6,-7,0,0,-3,0,1,-7,0,-1,-2,0,-19,-72,0,0,5.06,0.56,2.84,1452.7530000000118
-1,2,0,-1,-12,0,0,-3,0,9,2,0,-1,-2,0,-20,-75,0,0,5.06,0.56,2.84,1454.3900000000117
-1,2,0,0,-13,0,0,-3,0,9,6,0,-1,-2,0,-22,-75,0,0,5.06,0.56,2.84,1456.0270000000116
0,2,0,0,-17,0,0,-2,0,11,10,0,-1,-2,0,-21,-77,0,0,5.06,0.56,2.84,1457.6640000000116
0,2,0,1,-12,0,0,-2,0,-4,4,0,-1,-2,0,-21,-68,0,0,5.06,0.56,2.84,1459.3010000000115
0,2,0,0,0,0,0,-2,0,-10,-13,0,-1,-1,0,-21,-59,0,0,5.06,0.56,2.84,1460.9380000000115
0,2,0,-4,10,0,0,-2,0,-3,-36,0,-1,-1,0,-26,-43,0,0,5.06,0.56,2.84,1462.5750000000114
0,2,0,-6,13,0,0,-2,0,-2,-40,0,-1,-1,0,-29,-36,0,0,5.06,0.56,2.84,1464.2120000000114
0,2,0,-9,16,0,0,-2,0,1,-37,0,-1,-1,0,-40,-23,0,0,5.06,0.56,2.84,1465.8490000000113
-1,2,0,-10,11,0,0,-2,0,24,-25,0,-1,-1,0,-50,-2,0,0,5.06,0.56,2.84,1467.4860000000112
-1,2,0,-9,3,0,0,-2,0,11,-15,0,-1,-1,0,-59,7,0,0,5.06,0.56,2.84,1469.1230000000112
0,2,0,-8,-2,0,0,-2,0,6,0,0,-1,-1,0,-68,12,0,0,5.06,0.56,2.84,1470.7600000000111
0,2,0,-8,-3,0,0,-2,0,2,5,0,-1,-2,0,-70,12,0,0,5.06,0.56,2.84,1472.397000000011
0,2,0,-7,-2,0,0,-2,0,-7,16,0,-1,-2,0,-75,6,0,0,5.06,0.56,2.84,1474.034000000011
0,2,0,-6,2,0,0,-2,0,-21,22,0,-1,-2,0,-75,-2,0,0,5.06,0.56,2.84,1475.671000000011
0,2,0,-5,7,0,0,-2,0,-29,24,0,-1,-2,0,-69,-11,0,0,5.06,0.56,2.84,1477.308000000011
-1,2,0,-2,12,0,0,-2,0,-33,21,0,-1,-2,0,-58,-17,0,0,5.06,0.55,2.78,1478.9160000000109
-1,2,0,-1,12,0,0,-2,0,-35,19,0,-1,-2,0,-54,-19,0,0,5.06,0.55,2.78,1480.5240000000108
-1,2,0,-1,11,0,0,-2,0,-41,17,0,-1,-2,0,-44,-25,0,0,5.06,0.55,2.78,1482.1320000000107
0,2,0,3,-25,0,0,-1,-1,-83,4,0,0,-1,1,11,33,0,0,5.04,0.47,2.4,140.20199999999986
0,2,0,-1,-12,0,0,-1,-1,-92,-1,0,0,-2,0,-1,27,0,0,5.04,0.47,2.4,141.57499999999985
0,2,0,1,-6,0,0,-1,-1,-95,2,0,0,-2,1,-1,24,0,0,5.04,0.47,2.4,142.94799999999984
0,2,0,0,0,0,0,-1,-1,-91,19,0,0,-2,0,8,40,0,0,5.04,0.47,2.4,144.32099999999983
0,2,0,1,3,0,0,-2,0,-92,31,0,0,-2,0,3,45,0,0,5.04,0.47,2.4,145.69399999999982
0,2,0,2,3,0,0,-2,0,-96,31,0,0,-1,0,0,42,0,0,5.04,0.47,2.4,147.0669999999998
0,2,0,3,1,0,0,-2,0,-99,27,0,0,-1,1,-10,47,0,0,5.04,0.47,2.4,148.4399999999998
0,2,0,2,-5,0,0,-2,-1,-79,14,0,0,-2,1,-25,37,0,0,5.04,0.47,2.4,149.8129999999998
0,2,0,4,-15,0,0,-2,-1,-53,6,0,0,-2,1,-28,17,0,0,5.04,0.47,2.4,151.18599999999978
0,2,0,4,-19,0,0,-2,-1,-47,5,0,0,-2,1,-26,14,0,0,5.04,0.47,2.4,152.55899999999977
0,2,0,7,-27,0,0,-2,-1,-39,11,0,0,-2,1,-16,14,0,0,5.04,0.47,2.4,153.93199999999976
0,2,0,8,-29,0,0,-2,-1,-32,23,0,0,-2,0,-5,11,0,0,5.04,0.47,2.4,155.30499999999975
0,2,0,9,-23,0,0,-2,0,-26,34,0,0,-2,0,1,8,0,0,5.04,0.47,2.4,156.67799999999974
0,2,0,9,-21,0,0,-2,0,-25,39,0,0,-2,0,3,1,0,0,5.04,0.47,2.4,158.05099999999973
0,2,0,8,-13,0,0,-2,0,-22,39,0,0,-2,0,2,-1,0,0,5.04,0.47,2.4,159.42399999999972
0,2,0,7,-9,0,0,-2,0,-18,24,0,0,-1,0,0,-5,0,0,5.04,0.47,2.4,160.7969999999997
0,2,0,6,-6,0,0,-2,0,-12,7,0,0,-1,0,-4,-2,0,0,5.03,0.43,2.17,162.0389999999997
0,2,0,5,-5,0,0,-2,0,-9,3,0,0,-1,0,-4,-2,0,0,5.03,0.43,2.17,163.2809999999997
0,2,0,2,-4,0,0,-2,0,0,3,0,0,-1,0,-3,-1,0,0,5.03,0.43,2.17,164.52299999999968
0,2,0,0,-2,0,0,-2,0,10,8,0,0,-1,0,-1,1,0,0,5.03,0.43,2.17,165.76499999999967
0,2,0,1,0,0,0,-2,-1,17,13,0,0,-2,0,-3,-2,0,0,5.03,0.43,2.17,167.00699999999966
0,2,0,1,0,0,0,-2,-1,24,15,0,0,-2,0,-5,-6,0,0,5.03,0.43,2.17,168.24899999999965
0,3,0,1,-7,0,0,-2,-1,29,26,0,0,-2,0,-8,-8,0,0,5.03,0.43,2.17,169.49099999999964
0,3,0,0,-19,0,0,-2,-1,45,40,0,0,-3,0,-8,-15,0,0,5.03,0.43,2.17,170.73299999999963
0,3,0,-1,-27,0,0,-3,-1,47,55,0,-1,-3,0,-7,-22,0,0,5.03,0.43,2.17,171.97499999999962
0,3,0,-2,-32,0,0,-3,-1,53,63,0,-1,-3,1,-7,-24,0,0,5.03,0.43,2.17,173.21699999999962
0,2,0,1,-43,0,0,-2,-1,47,73,0,-1,-2,1,-10,-27,0,0,5.03,0.43,2.17,174.4589999999996
0,2,0,2,-52,0,0,-2,-1,35,79,0,-1,-2,1,-15,-27,0,0,5.03,0.43,2.17,175.7009999999996
0,2,0,1,-55,0,0,-1,0,24,78,0,0,-2,1,-5,-12,0,0,5.03,0.43,2.17,176.94299999999959
0,2,0,-1,-49,0,0,-1,0,6,69,0,0,-2,0,6,-2,0,0,5.03,0.43,2.17,178.18499999999958
0,2,0,-2,-45,0,0,-1,0,-1,65,0,0,-2,0,17,12,0,0,5.03,0.43,2.17,179.42699999999957
0,2,0,-5,-37,0,0,-1,0,-17,56,0,0,-2,1,32,46,0,0,5.03,0.43,2.17,180.66899999999956
0,2,0,-5,-30,0,0,-2,0,-28,56,0,0,-2,1,35,78,0,0,5.03,0.43,2.17,181.91099999999955
0,2,0,-3,-22,0,0,-2,0,-22,85,0,0,-2,1,26,104,0,0,5.03,0.43,2.17,183.15299999999954
0,2,0,-2,-21,0,0,-2,0,-20,95,0,0,-2,1,21,106,0,0,5.03,0.43,2.17,184.39499999999953
0,2,0,-3,-20,0,0,-2,0,-18,101,0,0,-2,1,17,110,0,0,5.03,0.43,2.17,185.63699999999952
0,2,0,-4,-21,0,0,-2,-1,-21,87,0,0,-2,1,25,101,0,0,5.03,0.43,2.17,186.8789999999995
0,2,0,-5,-21,0,0,-2,-1,-22,78,0,0,-2,1,30,95,0,0,5.04,0.47,2.41,188.26199999999952
0,2,0,-6,-19,0,0,-2,-1,-27,50,0,0,-2,1,43,61,0,0,5.04,0.47,2.41,189.64499999999953
0,2,0,-6,-14,0,0,-2,-1,-7,32,0,-1,-2,1,62,47,0,0,5.04,0.47,2.41,191.02799999999954
0,2,0,-7,-8,0,0,-2,-1,-13,17,0,-1,-2,1,69,35,0,0,5.04,0.47,2.41,192.41099999999955
0,2,0,-6,-6,0,0,-2,-1,-14,12,0,-1,-2,1,69,29,0,0,5.04,0.47,2.41,193.79399999999956
0,2,0,-6,0,0,0,-2,-1,-11,3,0,0,-2,1,75,31,0,0,5.04,0.47,2.41,195.17699999999957
0,2,0,-7,2,0,0,-2,-1,-10,-4,0,0,-2,0,82,46,0,0,5.04,0.47,2.41,196.55999999999958
0,2,0,-8,4,0,0,-2,-1,-11,-7,0,0,-2,0,88,65,0,0,5.04,0.47,2.41,197.94299999999959
0,2,0,-7,5,0,0,-2,0,-18,-12,0,-1,-1,0,88,68,0,0,5.04,0.47,2.41,199.3259999999996
0,2,0,-7,6,0,0,-2,0,-21,-18,0,-1,-1,1,85,68,0,0,5.04,0.47,2.41,200.7089999999996
0,2,0,-7,6,0,0,-2,0,-22,-22,0,-1,-1,1,73,64,0,1,5.04,0.47,2.41,202.09199999999962
0,2,0,-7,5,0,0,-2,0,-19,-27,0,-1,-1,1,59,56,0,1,5.04,0.47,2.41,203.47499999999962
0,2,0,-7,4,0,0,-2,0,-16,-26,0,-1,-1,1,51,50,0,1,5.04,0.47,2.41,204.85799999999963
0,2,0,-7,4,0,0,-2,0,-16,-24,0,-1,-1,1,47,50,0,1,5.04,0.47,2.41,206.24099999999964
0,2,0,-7,2,0,0,-2,0,-13,-18,0,-1,-1,1,38,43,0,1,5.04,0.47,2.41,207.62399999999965
0,2,0,-7,0,0,0,-2,0,-11,-14,0,-1,-1,1,31,44,0,1,5.04,0.47,2.41,209.00699999999966
0,2,0,-7,0,0,0,-2,0,-9,-14,0,-1,-1,1,23,35,0,1,5.04,0.47,2.41,210.38999999999967
0,2,0,-7,0,0,0,-2,0,-8,-16,0,-1,-1,1,21,31,0,1,5.04,0.47,2.41,211.77299999999968
0,2,0,-8,0,0,0,-1,-1,-3,-18,0,-1,-1,1,21,19,0,0,5.04,0.47,2.41,213.1559999999997
0,2,0,-8,0,0,0,-1,-1,3,-10,0,-1,-1,1,23,7,0,0,5.04,0.47,2.41,214.5389999999997
0,2,0,-7,0,0,0,-1,-1,7,2,0,-1,-1,1,22,-3,0,0,5.04,0.47,2.41,215.9219999999997
0,1,0,-6,-3,0,0,-1,-1,9,9,0,0,-1,1,15,-17,0,0,5.03,0.44,2.26,217.21499999999972
0,1,0,-5,-5,0,0,-1,-1,10,9,0,0,-1,1,14,-20,0,1,5.03,0.44,2.26,218.50799999999973
0,1,0,-5,-8,0,0,-1,-1,14,6,0,0,-1,1,12,-28,0,1,5.03,0.44,2.26,219.80099999999973
0,1,0,-3,-15,0,0,-1,-1,18,0,0,0,-1,1,13,-26,0,0,5.03,0.44,2.26,221.09399999999974
0,2,0,0,-23,0,0,-1,-1,19,-10,0,0,-1,1,14,-21,0,0,5.03,0.44,2.26,222.38699999999974
0,2,0,1,-27,0,0,-2,-1,19,-13,0,0,-1,1,14,-16,0,0,5.03,0.44,2.26,223.67999999999975
0,2,0,7,-36,0,0,-2,-1,16,-20,0,0,-2,1,11,-7,0,1,5.03,0.44,2.26,224.97299999999976
0,2,0,13,-45,0,0,-2,-1,14,-25,0,-1,-2,1,4,-6,0,0,5.03,0.44,2.26,226.26599999999976
0,3,0,14,-47,0,0,-2,-1,12,-26,0,-1,-2,1,1,-4,0,0,5.03,0.44,2.26,227.55899999999977
0,3,0,14,-46,0,0,-2,-1,5,-33,0,0,-2,2,-2,13,0,0,5.03,0.44,2.26,228.85199999999978
0,3,0,13,-41,0,0,-3,-1,-5,-43,0,0,-2,3,9,60,0,0,5.03,0.44,2.26,230.14499999999978
0,4,0,14,-35,0,0,-3,-1,-18,-50,0,0,-2,3,24,86,0,0,5.03,0.44,2.26,231.4379999999998
0,4,0,14,-34,0,0,-3,-1,-24,-52,0,-1,-2,2,19,74,0,0,5.03,0.44,2.26,232.7309999999998
0,4,0,13,-31,0,0,-3,-1,-34,-49,0,-1,-3,2,6,59,0,0,5.03,0.44,2.26,234.0239999999998
-1,5,0,5,-28,0,0,-4,-2,-36,-43,0,-2,-4,1,15,66,0,0,5.03,0.44,2.26,235.3169999999998
0,2,0,-8,13,0,0,-2,0,23,-44,0,-1,-2,0,13,0,0,0,5.03,0.43,2.17,236.5599999999998
0,2,0,-6,17,0,0,-2,0,23,-61,0,-1,-2,0,13,-1,0,0,5.03,0.43,2.17,237.8029999999998
0,2,0,-5,17,0,0,-2,0,20,-83,0,-1,-2,0,15,7,0,0,5.03,0.43,2.17,239.0459999999998
0,2,0,-5,17,0,0,-2,0,15,-104,0,-1,-2,0,9,1,0,0,5.03,0.43,2.17,240.2889999999998
-1,2,0,-4,19,0,0,-2,0,12,-115,0,-1,-2,0,8,-3,0,0,5.03,0.43,2.17,241.53199999999978
-1,2,0,-3,20,0,0,-2,0,10,-117,0,-1,-2,0,8,-3,0,0,5.03,0.43,2.17,242.77499999999978
-1,2,0,0,24,0,0,-2,0,7,-126,0,-1,-2,0,1,-9,0,0,5.03,0.43,2.17,244.01799999999977
-1,2,0,3,27,0,0,-2,0,7,-132,0,-1,-2,0,-7,-19,0,0,5.03,0.43,2.17,245.26099999999977
-1,2,0,5,28,0,0,-2,0,9,-129,0,-1,-2,0,-18,-30,0,0,5.03,0.43,2.17,246.50399999999976
-1,2,0,4,27,0,0,-2,0,13,-126,0,-1,-2,0,-22,-34,0,0,5.03,0.43,2.17,247.74699999999976
-1,2,0,3,24,0,0,-2,0,26,-113,0,-1,-2,0,-31,-44,0,0,5.03,0.43,2.17,248.98999999999975
-1,2,0,4,23,0,0,-2,0,42,-107,0,-1,-2,0,-35,-49,0,0,5.03,0.43,2.17,250.23299999999975
0,2,0,6,19,0,0,-2,0,52,-103,0,-1,-2,0,-34,-49,0,0,5.03,0.43,2.17,251.47599999999974
0,2,0,6,19,0,0,-2,0,51,-106,0,-1,-2,0,-32,-48,0,0,5.03,0.43,2.17,252.71899999999974
0,2,0,6,17,0,0,-2,0,43,-113,0,-1,-2,0,-26,-44,0,0,5.03,0.43,2.17,253.96199999999973
-1,2,0,4,16,0,0,-2,0,38,-114,0,0,-2,0,-16,-39,0,0,5.03,0.43,2.17,255.20499999999973
-1,2,0,3,16,0,0,-2,0,37,-109,0,0,-2,0,-12,-38,0,0,5.03,0.43,2.17,256.44799999999975
-1,2,0,2,13,0,0,-2,0,32,-102,0,0,-2,0,-2,-33,0,0,5.03,0.43,2.17,257.69099999999975
-1,2,0,0,11,0,0,-2,0,31,-88,0,0,-2,0,6,-31,0,0,5.03,0.43,2.17,258.93399999999974
-1,2,0,0,12,0,0,-2,0,32,-70,0,0,-2,0,15,-30,0,0,5.04,0.49,2.48,260.35399999999976
-1,2,0,0,11,0,0,-2,0,34,-62,0,0,-2,0,17,-30,0,0,5.04,0.49,2.48,261.7739999999998
-1,2,0,0,13,0,1,-2,0,35,-48,0,0,-2,0,23,-29,0,0,5.04,0.49,2.48,263.1939999999998
-1,2,0,-1,15,0,0,-2,0,30,-37,0,0,-2,0,25,-28,0,0,5.04,0.49,2.48,264.6139999999998
-1,2,0,-1,19,0,1,-2,0,43,-26,0,0,-2,0,26,-29,0,0,5.04,0.49,2.48,266.0339999999998
-1,2,0,-1,21,0,0,-2,0,24,-28,0,0,-2,0,26,-28,0,0,5.04,0.49,2.48,267.45399999999984
-1,2,0,0,24,0,0,-2,0,23,-18,0,-1,-2,0,27,-24,0,0,5.04,0.49,2.48,268.87399999999985
-1,2,0,1,27,0,0,-2,0,4,-11,0,-1,-2,0,23,-25,0,0,5.04,0.49,2.48,270.29399999999987
-1,2,0,2,22,0,0,-2,0,-2,-29,0,-1,-2,0,7,-32,0,0,5.04,0.49,2.48,271.7139999999999
-1,2,0,2,20,0,0,-3,0,-3,-39,0,-1,-2,0,0,-37,0,0,5.04,0.49,2.48,273.1339999999999
-1,2,0,0,17,0,1,-3,0,0,-59,0,-1,-3,0,-14,-46,0,0,5.04,0.49,2.48,274.5539999999999
-1,2,0,0,16,0,1,-3,0,15,-68,0,-1,-3,0,-17,-48,0,0,5.04,0.49,2.48,275.97399999999993
-1,3,0,0,16,0,1,-4,1,36,-69,0,-1,-3,0,-11,-41,0,0,5.04,0.49,2.48,277.39399999999995
-1,3,0,0,15,0,1,-4,1,45,-56,0,0,-3,0,-6,-37,0,0,5.04,0.49,2.48,278.81399999999996
-1,3,0,0,9,0,1,-4,0,49,14,0,0,-3,0,8,-23,0,0,5.04,0.49,2.48,280.234
-1,4,0,-5,1,0,1,-4,0,27,63,0,0,-3,0,24,-9,0,0,5.04,0.49,2.48,281.654
0,4,0,-17,-15,0,1,-4,0,9,83,0,0,-3,0,34,0,0,0,5.04,0.49,2.48,283.074
0,5,0,-25,-19,0,1,-3,0,-2,92,0,0,-3,0,36,2,0,0,5.04,0.49,2.48,284.494
0,5,0,-38,-35,0,1,-4,-1,0,104,0,-1,-3,0,34,9,0,0,5.04,0.49,2.48,285.91400000000004
1,4,0,-39,-36,0,1,-3,-1,-50,124,0,-1,-2,0,22,12,0,0,5.04,0.49,2.48,287.33400000000006
1,3,0,-31,-21,0,0,-2,-1,-49,133,0,0,-2,0,1,19,0,0,5.04,0.49,2.48,288.7540000000001
0,2,0,-25,-5,0,0,-2,-2,-20,129,0,0,-1,0,-20,32,0,0,5.04,0.49,2.5,290.1860000000001
0,2,0,-21,0,0,0,-1,-2,-14,123,0,0,-1,0,-29,39,0,0,5.04,0.49,2.5,291.6180000000001
0,1,0,-14,12,0,0,-1,-2,0,101,0,0,-1,1,-49,59,0,0,5.04,0.49,2.5,293.0500000000001
0,1,0,-8,13,0,0,-1,-2,7,58,0,0,-1,1,-57,77,0,0,5.04,0.49,2.5,294.48200000000014
0,1,0,-4,6,0,0,-1,-1,22,34,0,0,-1,1,-64,96,0,0,5.04,0.49,2.5,295.91400000000016
0,1,0,-4,1,0,0,-1,-1,13,35,0,0,-1,1,-62,103,0,0,5.04,0.49,2.5,297.3460000000002
0,1,0,-4,-15,0,0,-1,-1,-5,35,0,0,-1,1,-57,112,0,0,5.04,0.49,2.5,298.7780000000002
0,1,0,-4,-31,0,0,-1,0,-20,28,0,0,-1,1,-51,117,0,0,5.04,0.49,2.5,300.2100000000002
0,2,0,-3,-37,0,0,-1,0,-25,26,0,0,-1,1,-52,122,0,0,5.04,0.49,2.5,301.6420000000002
0,2,0,-1,-38,0,0,-1,0,-54,24,0,-1,-1,1,-48,72,0,0,5.04,0.49,2.5,303.07400000000024
0,3,0,-2,-30,0,0,-2,-1,-75,12,0,0,-1,1,-42,85,0,0,5.04,0.49,2.5,304.50600000000026
0,2,0,-2,-23,0,0,-2,-1,-94,11,0,-1,-2,1,-42,103,0,0,5.04,0.49,2.5,305.9380000000003
0,2,0,-2,-18,0,0,-2,-1,-104,7,0,0,-2,1,-49,69,0,0,5.04,0.49,2.5,307.3700000000003
0,2,0,-1,-16,0,0,-2,-1,-111,7,0,0,-2,1,-58,48,0,0,5.04,0.49,2.5,308.8020000000003
0,2,0,0,-16,0,0,-2,-1,-113,15,0,0,-2,1,-45,29,0,0,5.04,0.49,2.5,310.2340000000003
0,2,0,0,-18,0,0,-2,-1,-116,31,0,0,-2,1,-47,52,0,0,5.04,0.49,2.5,311.66600000000034
0,2,0,0,-19,0,0,-2,-1,-116,38,0,0,-2,1,-53,61,0,0,5.04,0.49,2.5,313.09800000000035
0,2,0,0,-19,0,0,-2,-1,-111,50,0,-1,-2,1,-61,65,0,0,5.04,0.49,2.5,314.53000000000037
0,2,0,1,-21,0,0,-2,-1,-106,57,0,0,-2,1,-50,25,0,0,5.04,0.49,2.5,315.9620000000004
0,2,0,2,-24,0,0,-2,-1,-97,59,0,0,-2,1,-41,3,0,0,5.04,0.49,2.5,317.3940000000004
0,2,0,2,-25,0,0,-2,-1,-93,58,0,0,-2,1,-37,-2,0,0,5.04,0.49,2.5,318.8260000000004
0,2,0,2,-26,0,0,-2,-1,-83,44,0,0,-2,1,-24,-18,0,0,5.03,0.42,2.14,320.0550000000004
0,2,0,2,-25,0,0,-2,0,-71,30,0,0,-2,1,-13,-36,0,0,5.03,0.42,2.14,321.2840000000004
0,2,0,1,-23,0,0,-2,0,-50,30,0,0,-2,1,-8,-49,0,0,5.03,0.42,2.14,322.5130000000004
0,2,0,1,-22,0,0,-2,0,-39,31,0,0,-2,0,-7,-52,0,0,5.03,0.42,2.14,323.74200000000036
0,2,0,0,-18,0,0,-2,0,-15,20,0,0,-2,0,-1,-57,0,0,5.03,0.42,2.14,324.97100000000034
0,2,0,-5,-16,0,0,-2,0,2,1,0,0,-2,0,3,-51,0,0,5.03,0.42,2.14,326.20000000000033
0,2,0,-11,-9,0,0,-2,0,7,7,0,0,-2,0,8,-51,0,0,5.03,0.42,2.14,327.4290000000003
0,2,0,-11,-4,0,0,-2,0,51,46,0,0,-2,0,8,-51,0,0,5.03,0.42,2.14,328.6580000000003
0,2,0,-10,-5,0,0,-2,0,40,52,0,0,-2,0,7,-49,0,0,5.03,0.42,2.14,329.8870000000003
0,2,0,-10,-7,0,0,-2,-1,40,63,0,0,-2,0,5,-55,0,0,5.03,0.42,2.14,331.11600000000027
0,2,0,-9,-9,0,0,-2,-1,54,65,0,0,-2,0,5,-60,0,0,5.03,0.42,2.14,332.34500000000025
0,2,0,-6,-13,0,0,-2,-1,49,53,0,0,-2,0,5,-59,0,0,5.03,0.42,2.14,333.57400000000024
0,2,0,-5,-14,0,0,-2,-1,48,48,0,0,-2,0,4,-56,0,0,5.03,0.42,2.14,334.8030000000002
0,2,0,-2,-17,0,0,-2,-1,46,31,0,0,-2,0,3,-55,0,0,5.03,0.42,2.14,336.0320000000002
0,2,0,-3,-18,0,0,-2,0,36,11,0,0,-2,1,0,-46,0,0,5.03,0.42,2.14,337.2610000000002
0,2,0,-6,-16,0,0,-2,0,24,0,0,0,-2,1,-1,-34,0,0,5.03,0.42,2.14,338.4900000000002
0,2,0,-7,-14,0,0,-1,0,19,-2,0,0,-2,1,0,-28,0,0,5.03,0.42,2.14,339.71900000000016
0,2,0,-10,-10,0,0,-1,0,7,-6,0,-1,-2,0,9,-14,0,0,5.03,0.42,2.14,340.94800000000015
0,2,0,-12,-7,0,0,-2,0,0,-9,0,0,-2,0,20,6,0,0,5.03,0.42,2.14,342.17700000000013
0,2,0,-14,-6,0,0,-2,-1,-4,-14,0,0,-2,1,27,20,0,0,5.03,0.42,2.14,343.4060000000001
0,2,0,-14,-7,0,0,-2,-1,-4,-15,0,0,-2,1,26,23,0,0,5.03,0.42,2.14,344.6350000000001
0,2,0,-15,-11,0,0,-2,-1,-6,-19,0,0,-2,1,20,27,0,0,5.04,0.46,2.36,345.9890000000001
0,2,0,-15,-15,0,0,-2,-1,-5,-19,0,0,-2,1,16,24,0,0,5.04,0.46,2.36,347.3430000000001
0,2,0,-13,-17,0,0,-2,-1,-4,-12,0,0,-2,1,26,24,0,0,5.04,0.46,2.36,348.69700000000006
0,2,0,-12,-17,0,0,-2,-1,-7,-8,0,0,-2,1,31,26,0,0,5.04,0.46,2.36,350.05100000000004
0,2,0,-8,-20,0,0,-2,-1,7,0,0,0,-2,1,44,33,0,0,5.04,0.46,2.36,351.40500000000003
0,2,0,-6,-21,0,0,-2,-1,1,9,0,0,-2,1,56,43,0,0,5.04,0.46,2.36,352.759
0,2,0,-3,-22,0,0,-2,-1,0,18,0,0,-2,1,64,55,0,0,5.04,0.46,2.36,354.113
0,2,0,-2,-22,0,0,-2,-1,0,21,0,0,-2,1,66,60,0,0,5.04,0.46,2.36,355.467
0,2,0,0,-19,0,0,-2,-1,-6,29,0,0,-2,1,67,73,0,0,5.04,0.46,2.36,356.82099999999997
0,2,0,0,-14,0,0,-2,-1,-15,40,0,0,-2,1,71,85,0,0,5.04,0.46,2.36,358.17499999999995
0,2,0,0,-12,0,0,-2,-1,-18,44,0,0,-2,0,73,90,0,0,5.04,0.46,2.36,359.52899999999994
0,2,0,0,-7,0,0,-2,-1,-25,51,0,0,-2,0,81,98,0,0,5.04,0.46,2.36,360.8829999999999
0,2,0,0,-3,0,0,-2,-1,-30,51,0,0,-1,0,89,105,0,0,5.04,0.46,2.36,362.2369999999999
0,2,0,-1,-1,0,0,-2,0,-31,46,0,0,-1,0,86,112,0,0,5.04,0.46,2.36,363.5909999999999
0,2,0,-1,0,0,0,-2,0,-31,44,0,0,-1,1,90,104,0,0,5.04,0.46,2.36,364.9449999999999
0,2,0,-2,0,0,0,-2,0,-27,35,0,0,-1,1,77,104,0,0,5.04,0.46,2.36,366.29899999999986
0,2,0,-1,1,0,0,-2,0,-19,26,0,-1,-1,1,79,115,0,0,5.04,0.46,2.36,367.65299999999985
0,2,0,-1,1,0,0,-2,0,-14,9,0,-1,-1,1,65,106,0,0,5.04,0.46,2.36,369.00699999999983
0,2,0,0,1,0,0,-2,0,-6,-12,0,-1,-1,1,62,99,0,0,5.04,0.46,2.36,370.3609999999998
0,2,0,0,1,0,0,-2,0,0,-17,0,-1,-1,1,59,98,0,0,5.04,0.46,2.36,371.7149999999998
0,2,0,2,1,0,0,-2,0,18,-19,0,-1,-1,1,54,95,0,0,5.04,0.46,2.36,373.0689999999998
0,2,0,6,1,0,0,-2,0,38,-7,0,-1,-1,1,47,85,0,0,5.04,0.46,2.36,374.4229999999998
0,2,0,9,-1,0,0,-2,0,46,3,0,-1,-1,1,40,60,0,0,5.04,0.46,2.36,375.77699999999976
0,2,0,10,-2,0,0,-1,0,47,6,0,-1,-1,1,38,53,0,0,5.04,0.46,2.36,377.13099999999974
0,2,0,13,-7,0,0,-1,-1,46,7,0,-1,-1,1,29,23,0,0,5.04,0.46,2.36,378.48499999999973
0,2,0,16,-12,0,0,-2,-1,37,-1,0,0,-1,1,13,-3,0,0,5.04,0.46,2.36,379.8389999999997
0,3,0,16,-17,0,0,-2,-1,18,-19,0,0,-2,2,8,-28,0,0,5.04,0.46,2.36,381.1929999999997
0,3,0,15,-18,0,0,-2,-1,11,-25,0,0,-2,2,14,-21,0,0,5.04,0.46,2.36,382.5469999999997
0,3,0,10,-22,0,0,-2,-1,0,-44,0,0,-2,2,40,26,0,0,5.04,0.46,2.36,383.90099999999967
0,3,0,6,-29,0,0,-2,-1,-7,-59,0,0,-2,2,58,73,0,0,5.04,0.46,2.36,385.25499999999965
0,3,0,5,-35,0,0,-2,-1,-8,-69,0,-1,-1,3,44,64,0,0,5.04,0.46,2.36,386.60899999999964
0,3,0,5,-37,0,0,-2,-1,-10,-71,0,-1,-2,3,31,56,0,0,5.04,0.46,2.36,387.9629999999996
0,3,0,5,-37,0,0,-2,-1,-14,-69,0,-1,-3,2,-6,-10,0,0,5.04,0.46,2.36,389.3169999999996
-1,4,0,4,-36,0,0,-3,-1,-18,-54,0,-2,-3,1,-31,-53,0,0,5.04,0.46,2.36,390.6709999999996
-1,3,0,3,-33,0,0,-2,0,-29,-32,0,-2,-3,0,-47,-123,0,0,5.04,0.46,2.36,392.0249999999996
-1,3,0,1,-33,0,0,-2,0,-24,-20,0,-1,-3,0,-51,-143,0,0,5.04,0.46,2.36,393.37899999999956
-2,3,0,-5,-30,0,0,-3,0,-29,4,0,-1,-3,0,-46,-165,0,0,5.04,0.46,2.36,394.73299999999955
-2,4,0,-16,-29,0,0,-3,0,-38,21,0,-1,-4,0,-33,-150,0,0,5.04,0.46,2.36,396.08699999999953
-3,4,0,-21,-33,0,0,-4,-1,-18,37,0,-1,-4,0,-17,-137,0,0,5.04,0.46,2.36,397.4409999999995
-3,4,0,-20,-30,0,0,-4,-1,-6,43,0,-1,-4,0,-11,-135,0,0,5.04,0.46,2.36,398.7949999999995
-2,3,0,-17,-45,0,0,-4,0,13,60,0,-1,-3,0,4,-138,0,0,5.04,0.46,2.36,400.1489999999995
-1,2,0,-8,-55,0,1,-3,0,28,71,0,-1,-2,0,-2,-138,0,0,5.04,0.46,2.36,401.5029999999995
0,2,0,-4,-52,0,0,-2,1,4,63,0,-1,-1,0,-5,-138,0,1,5.03,0.42,2.16,402.7399999999995
0,1,0,-2,-46,0,0,-2,1,-2,45,0,-1,-1,0,-2,-148,0,0,5.03,0.42,2.16,403.9769999999995
0,1,0,0,-27,0,0,-2,0,0,15,0,-1,-1,0,-22,-136,0,0,5.03,0.42,2.16,405.21399999999954
0,1,0,0,-11,0,0,-1,1,-20,-15,0,-1,-1,0,-46,-131,0,0,5.03,0.42,2.16,406.45099999999957
0,1,0,1,-4,0,0,-2,1,-32,-31,0,0,-1,0,-51,-123,0,0,5.03,0.42,2.16,407.6879999999996
0,1,0,5,7,0,0,-2,0,-27,-41,0,0,-1,0,-55,-116,0,0,5.03,0.42,2.16,408.9249999999996
0,1,0,8,15,0,0,-2,0,-21,-46,0,0,-1,0,-48,-96,0,0,5.03,0.42,2.16,410.16199999999964
0,1,0,7,18,0,0,-2,0,-28,-44,0,0,-1,0,-38,-77,0,0,5.03,0.42,2.16,411.39899999999966
0,1,0,5,18,0,0,-2,0,-39,-39,0,0,-1,0,-36,-64,0,0,5.03,0.42,2.16,412.6359999999997
-1,2,0,2,14,0,0,-2,0,-49,-23,0,0,-1,0,-32,-51,0,1,5.03,0.42,2.16,413.8729999999997
-1,2,0,0,10,0,0,-2,0,-49,-2,0,-1,-1,0,-25,-39,0,1,5.03,0.42,2.16,415.10999999999973
-1,2,0,2,8,0,0,-2,0,-51,24,0,-1,-2,0,-14,-24,0,0,5.03,0.42,2.16,416.34699999999975
-1,2,0,6,8,0,0,-2,0,-63,43,0,-1,-2,0,-12,-15,0,0,5.03,0.42,2.16,417.5839999999998
0,2,0,8,9,0,0,-2,0,-70,47,0,-1,-2,0,-13,-11,0,0,5.03,0.42,2.16,418.8209999999998
0,2,0,10,11,0,0,-2,0,-66,59,0,-1,-2,0,-21,-2,0,0,5.03,0.42,2.16,420.0579999999998
0,2,0,9,13,0,0,-2,0,-72,60,0,-1,-2,0,-30,6,0,0,5.03,0.42,2.16,421.29499999999985
0,2,0,7,12,0,0,-2,0,-66,53,0,-1,-2,1,-36,19,0,0,5.03,0.42,2.16,422.53199999999987
0,2,0,7,12,0,0,-2,0,-67,50,0,-1,-2,1,-37,23,0,0,5.03,0.42,2.16,423.7689999999999
0,2,0,8,15,0,0,-2,0,-72,43,0,0,-2,1,-28,60,0,0,5.03,0.42,2.16,425.0059999999999
0,2,0,9,20,0,0,-2,0,-67,37,0,-1,-2,1,-26,73,0,0,5.03,0.42,2.16,426.24299999999994
0,2,0,9,25,0,0,-2,0,-56,30,0,0,-2,1,-25,72,0,0,5.03,0.42,2.16,427.47999999999996
0,2,0,8,25,0,0,-2,0,-51,27,0,0,-2,1,-24,73,0,0,5.04,0.47,2.41,428.86099999999993
0,2,0,5,32,0,0,-2,0,-40,23,0,0,-2,1,-22,75,0,0,5.04,0.47,2.41,430.2419999999999
0,2,0,0,28,0,0,-2,0,-32,22,0,0,-2,1,-19,73,0,0,5.04,0.47,2.41,431.6229999999999
0,2,0,0,20,0,0,-2,0,-20,23,0,0,-2,1,-15,63,0,0,5.04,0.47,2.41,433.00399999999985
0,2,0,2,19,0,0,-2,0,-15,23,0,0,-2,1,-15,58,0,0,5.04,0.47,2.41,434.3849999999998
0,2,0,3,21,0,0,-2,0,-8,22,0,0,-2,1,-11,40,0,0,5.04,0.47,2.41,435.7659999999998
0,2,0,-1,21,0,0,-2,0,-6,15,0,0,-2,1,0,36,0,0,5.04,0.47,2.41,437.14699999999976
-1,3,0,-9,22,0,0,-2,0,0,3,0,-1,-2,0,-4,19,0,0,5.04,0.47,2.41,438.52799999999974
-1,3,0,-10,24,0,0,-2,0,2,0,0,-1,-2,0,0,26,0,0,5.04,0.47,2.41,439.9089999999997
0,2,0,-4,31,0,0,-2,0,8,-9,0,-1,-2,0,10,20,0,0,5.04,0.47,2.41,441.2899999999997
0,2,0,-2,39,0,1,-3,0,29,7,0,-1,-2,0,23,39,0,0,5.04,0.47,2.41,442.67099999999965
1,4,0,-22,-1,0,4,-2,-1,1,-87,0,-1,-2,1,61,22,0,0,5.04,0.46,2.33,444.00799999999964
0,3,0,-25,16,0,2,-2,-1,-16,25,0,-1,-2,1,6,8,0,0,5.04,0.46,2.33,445.34499999999963
0,2,0,-26,11,0,1,-1,-2,-4,50,0,0,-2,1,-6,12,0,0,5.04,0.49,2.48,446.77199999999965
0,2,0,-19,6,0,0,-1,-2,11,52,0,0,-2,1,5,41,0,0,5.04,0.49,2.48,448.19899999999967
0,2,0,-16,3,0,0,-1,-2,5,56,0,0,-2,1,11,60,0,0,5.04,0.49,2.48,449.6259999999997
0,1,0,0,-4,0,0,-1,-2,-33,56,0,0,-2,1,20,91,0,0,5.04,0.49,2.48,451.0529999999997
0,2,0,12,-12,0,0,-1,-1,-47,50,0,0,-2,1,12,106,0,0,5.04,0.49,2.48,452.47999999999973
0,2,0,11,-31,0,0,-2,-1,-42,26,0,0,-2,1,-5,106,0,0,5.04,0.49,2.48,453.90699999999975
0,2,0,14,-36,0,0,-2,-1,-41,13,0,0,-2,1,-11,97,0,0,5.04,0.49,2.48,455.3339999999998
0,2,0,19,-49,0,0,-1,-1,-42,-13,0,0,-1,1,-26,94,0,0,5.04,0.49,2.48,456.7609999999998
0,2,0,16,-55,0,1,-1,-1,-41,-22,0,0,-1,1,-31,51,0,0,5.04,0.49,2.48,458.1879999999998
0,2,0,12,-59,0,1,-1,-1,-43,-23,0,0,-1,1,-14,67,0,0,5.04,0.49,2.48,459.61499999999984
0,2,0,3,-57,0,0,-1,0,-45,-2,0,0,-1,1,-10,120,0,0,5.04,0.49,2.48,461.04199999999986
0,2,0,2,-44,0,1,-1,-1,-32,42,0,0,-1,1,-31,110,0,0,5.04,0.49,2.48,462.4689999999999
0,1,0,6,-34,0,0,-1,-1,-28,68,0,0,-1,1,-26,94,0,0,5.04,0.49,2.48,463.8959999999999
0,1,0,9,-31,0,0,-1,-1,-26,80,0,0,-1,1,-27,88,0,0,5.04,0.49,2.48,465.3229999999999
0,1,0,13,-28,0,1,-1,-1,-31,101,0,0,-1,1,-26,119,0,0,5.04,0.49,2.48,466.74999999999994
0,1,0,13,-27,0,0,-2,-1,-40,114,0,0,-1,1,-31,83,0,0,5.04,0.49,2.48,468.17699999999996
0,2,0,10,-28,0,0,-2,0,-39,118,0,0,-1,1,-26,43,0,0,5.04,0.49,2.48,469.604
0,2,0,9,-30,0,0,-2,0,-43,119,0,0,-1,1,-27,31,0,0,5.04,0.49,2.48,471.031
0,2,0,5,-33,0,0,-2,0,-46,116,0,0,-1,1,-33,2,0,0,5.04,0.49,2.48,472.458
0,3,0,2,-38,0,0,-2,-1,-44,109,0,0,-1,1,-31,-11,0,0,5.04,0.49,2.48,473.88500000000005
0,2,0,5,-39,0,0,-2,-1,-43,101,0,0,-2,1,-23,-20,0,0,5.04,0.49,2.48,475.31200000000007
0,2,0,5,-38,0,0,-2,-1,-43,101,0,0,-2,1,-19,-22,0,0,5.03,0.43,2.16,476.5540000000001
0,2,0,4,-35,0,0,-2,-1,-38,98,0,0,-2,1,-7,-24,0,0,5.03,0.43,2.16,477.7960000000001
0,2,0,4,-32,0,0,-2,0,-33,96,0,-1,-2,1,-1,-30,0,0,5.03,0.43,2.16,479.0380000000001
0,2,0,4,-27,0,0,-2,0,-32,92,0,-1,-2,1,-5,-36,0,0,5.03,0.43,2.16,480.28000000000014
0,2,0,4,-26,0,0,-2,0,-30,89,0,-1,-1,1,-7,-46,0,0,5.03,0.43,2.16,481.52200000000016
0,2,0,2,-21,0,0,-2,0,-26,81,0,-1,-1,0,-11,-49,0,0,5.03,0.43,2.16,482.7640000000002
0,2,0,0,-20,0,0,-2,-1,-22,65,0,0,-2,0,-11,-52,0,0,5.03,0.43,2.16,484.0060000000002
0,3,0,-3,-23,0,0,-2,-1,-12,53,0,-1,-2,0,-9,-50,0,0,5.03,0.43,2.16,485.2480000000002
0,2,0,-2,-19,0,0,-2,-1,-2,40,0,-1,-2,1,-6,-58,0,0,5.03,0.43,2.16,486.49000000000024
0,2,0,-1,-18,0,0,-2,-1,2,42,0,-1,-2,1,-4,-62,0,0,5.03,0.43,2.16,487.73200000000026
0,2,0,-1,-14,0,0,-2,-1,2,47,0,-1,-2,0,-5,-61,0,0,5.03,0.43,2.16,488.9740000000003
0,2,0,-3,-6,0,0,-2,-1,17,48,0,-1,-2,0,-4,-64,0,0,5.03,0.43,2.16,490.2160000000003
0,2,0,-3,-1,0,0,-2,-1,4,55,0,-1,-2,0,-2,-53,0,0,5.03,0.43,2.16,491.4580000000003
0,2,0,-3,-1,0,0,-2,-1,5,53,0,0,-2,0,0,-47,0,0,5.03,0.43,2.16,492.70000000000033
0,2,0,-2,-3,0,0,-2,-1,6,44,0,0,-2,0,2,-28,0,0,5.03,0.43,2.16,493.94200000000035
0,2,0,-2,-6,0,0,-2,-1,0,37,0,0,-2,0,2,-7,0,0,5.03,0.43,2.16,495.18400000000037
0,2,0,-2,-7,0,0,-2,0,-2,30,0,-1,-2,1,2,7,0,0,5.03,0.43,2.16,496.4260000000004
0,2,0,-2,-6,0,0,-2,0,-3,27,0,-1,-2,1,3,11,0,0,5.03,0.43,2.16,497.6680000000004
0,2,0,-1,-4,0,0,-2,0,-8,22,0,-1,-2,1,8,17,0,0,5.03,0.43,2.16,498.9100000000004
0,2,0,-2,-3,0,0,-2,0,-13,16,0,-1,-2,1,15,24,0,0,5.03,0.43,2.16,500.15200000000044
0,2,0,-2,-2,0,0,-2,0,-14,6,0,-1,-2,1,19,31,0,0,5.03,0.43,2.16,501.39400000000046
0,2,0,-2,-2,0,0,-2,0,-14,2,0,0,-2,1,22,34,0,0,5.04,0.46,2.36,502.7490000000005
0,2,0,-2,-3,0,0,-2,-1,-12,-6,0,-1,-2,1,29,42,0,0,5.04,0.46,2.36,504.1040000000005
0,2,0,-1,-6,0,0,-2,-1,-9,-11,0,0,-2,1,43,46,0,0,5.04,0.46,2.36,505.4590000000005
0,2,0,-1,-7,0,0,-2,-1,-8,-11,0,0,-2,1,52,46,0,0,5.04,0.46,2.36,506.81400000000053
0,2,0,0,-11,0,0,-2,-1,-7,-7,0,0,-2,1,74,44,0,0,5.04,0.46,2.36,508.16900000000055
0,2,0,2,-13,0,0,-2,-1,-3,0,0,0,-2,1,86,39,0,0,5.04,0.46,2.36,509.52400000000057
0,2,0,3,-16,0,0,-2,-1,-3,6,0,0,-1,1,90,33,0,0,5.04,0.46,2.36,510.8790000000006
0,2,0,4,-16,0,0,-2,-1,-3,8,0,0,-1,1,91,35,0,0,5.04,0.46,2.36,512.2340000000006
0,2,0,4,-17,0,0,-2,0,-2,8,0,0,-1,1,92,42,0,0,5.04,0.46,2.36,513.5890000000006
0,2,0,4,-16,0,0,-2,0,-6,6,0,0,-1,1,87,49,0,0,5.04,0.46,2.36,514.9440000000006
0,2,0,4,-15,0,0,-2,-1,-6,3,0,-1,-1,1,80,49,0,0,5.04,0.46,2.36,516.2990000000007
0,2,0,3,-14,0,0,-2,0,-7,2,0,0,-1,0,73,45,0,0,5.04,0.46,2.36,517.6540000000007
0,2,0,3,-15,0,0,-2,-1,-6,0,0,0,-1,1,71,72,0,0,5.04,0.46,2.36,519.0090000000007
0,2,0,2,-14,0,0,-2,-1,-5,0,0,-1,-1,0,59,87,0,0,5.04,0.46,2.36,520.3640000000007
0,2,0,0,-14,0,0,-2,-1,-2,-2,0,0,-1,1,49,86,0,0,5.04,0.46,2.36,521.7190000000007
0,2,0,0,-12,0,0,-2,-1,0,-4,0,0,-1,1,47,86,0,0,5.04,0.46,2.36,523.0740000000008
0,2,0,0,-11,0,0,-2,-1,4,-8,0,0,-1,1,38,90,0,0,5.04,0.46,2.36,524.4290000000008
0,2,0,0,-10,0,0,-2,-1,6,-11,0,0,-1,1,34,106,0,0,5.04,0.46,2.36,525.7840000000008
0,2,0,0,-8,0,0,-2,-1,8,-10,0,-1,-1,1,29,95,0,0,5.04,0.46,2.36,527.1390000000008
0,2,0,-1,-7,0,0,-2,-1,9,-9,0,-1,-1,1,30,91,0,0,5.04,0.46,2.36,528.4940000000008
0,2,0,-4,-4,0,0,-1,-1,12,-2,0,0,-1,1,36,85,0,0,5.04,0.46,2.36,529.8490000000008
0,2,0,-7,-3,0,0,-1,-1,15,8,0,0,-1,1,36,78,0,0,5.04,0.46,2.36,531.2030000000009
0,2,0,-9,-4,0,0,-1,-1,17,20,0,0,-1,1,32,68,0,0,5.04,0.46,2.36,532.5570000000009
0,2,0,-10,-5,0,0,-1,-1,16,23,0,0,-1,1,29,64,0,0,5.04,0.46,2.36,533.911000000001
0,1,0,-10,-8,0,0,-1,-1,15,31,0,0,-1,1,23,57,0,0,5.04,0.46,2.36,535.265000000001
0,1,0,-9,-12,0,0,-1,-1,13,26,0,0,-1,1,19,48,0,0,5.04,0.46,2.36,536.619000000001
0,1,0,-7,-16,0,0,-1,-1,6,8,0,0,-1,1,17,36,0,0,5.04,0.46,2.36,537.9730000000011
0,1,0,-6,-17,0,0,-1,-1,3,0,0,0,-1,1,17,31,0,0,5.04,0.46,2.36,539.3270000000011
0,1,0,-2,-22,0,0,-1,-1,-2,-22,0,0,-1,1,14,18,0,0,5.04,0.46,2.36,540.6810000000012
0,2,0,2,-29,0,0,-2,-1,-8,-37,0,0,-1,1,11,8,0,0,5.04,0.46,2.36,542.0350000000012
0,2,0,8,-35,0,0,-2,-1,-11,-45,0,0,-2,1,3,-4,0,0,5.04,0.46,2.36,543.3890000000013
0,2,0,10,-38,0,0,-2,-1,-12,-47,0,-1,-2,1,0,-9,0,0,5.04,0.46,2.36,544.7430000000013
0,3,0,14,-38,0,0,-2,-1,-14,-48,0,-1,-2,1,-18,-22,0,0,5.04,0.46,2.36,546.0970000000013
0,3,0,16,-33,0,0,-3,-1,-18,-46,0,-1,-2,1,-36,-18,0,0,5.04,0.46,2.36,547.4510000000014
0,3,0,14,-29,0,1,-3,0,-25,-35,0,0,-2,2,-42,23,0,0,5.04,0.46,2.36,548.8050000000014
0,3,0,13,-28,0,1,-3,0,-30,-29,0,0,-2,3,-33,54,0,0,5.04,0.46,2.36,550.1590000000015
0,4,0,11,-27,0,1,-3,-1,-38,-14,0,-1,-3,3,5,117,0,0,5.04,0.46,2.36,551.5130000000015
0,4,0,10,-25,0,0,-3,-1,-38,-10,0,-2,-3,2,31,97,0,0,5.04,0.46,2.36,552.8670000000016
0,4,0,9,-25,0,0,-3,-1,-33,-11,0,-2,-3,1,33,67,0,0,5.04,0.46,2.36,554.2210000000016
0,4,0,6,-20,0,0,-3,-1,-19,-19,0,-3,-3,0,26,-22,0,0,5.04,0.46,2.36,555.5750000000016
-1,4,0,-2,-8,0,0,-3,-1,-10,-33,0,-3,-3,0,8,-105,0,0,5.04,0.46,2.36,556.9290000000017
-2,5,0,-11,0,0,0,-3,-1,-5,-43,0,-2,-3,0,-21,-139,0,0,5.04,0.46,2.36,558.2830000000017
-2,5,0,-16,0,0,0,-3,-1,-4,-44,0,-2,-3,0,-33,-153,0,0,5.03,0.43,2.18,559.5330000000017
-2,4,0,-22,-2,0,0,-3,-1,2,-44,0,-2,-3,0,-65,-194,0,0,5.03,0.43,2.18,560.7830000000017
-2,3,0,-21,-15,0,0,-3,-1,10,-21,0,-1,-3,0,-72,-200,0,0,5.03,0.43,2.18,562.0330000000017
-1,2,0,-22,-24,0,1,-3,0,50,9,0,-1,-2,0,-66,-208,0,0,5.03,0.43,2.18,563.2830000000017
-1,2,0,-23,-28,0,1,-2,0,54,27,0,-1,-2,0,-70,-207,0,0,5.03,0.43,2.18,564.5330000000017
0,2,0,-22,-26,0,0,-2,0,23,50,0,0,-2,0,-63,-190,0,0,5.03,0.43,2.18,565.7830000000017
0,1,0,-16,-12,0,0,-2,0,59,39,0,-1,-1,0,-72,-168,0,0,5.03,0.43,2.18,567.0330000000017
0,1,0,-12,4,0,-1,-2,1,68,-85,0,0,-1,0,-83,-166,0,0,5.03,0.43,2.18,568.2830000000017
0,1,0,-13,15,0,0,-2,0,72,-133,0,0,-1,0,-93,-149,0,0,5.03,0.43,2.18,569.5330000000017
0,1,0,-11,18,0,0,-2,0,74,-133,0,0,-1,0,-97,-149,0,0,5.03,0.43,2.18,570.7830000000017
0,1,0,-9,22,0,0,-2,0,97,-116,0,0,-1,0,-107,-145,0,0,5.03,0.43,2.18,572.0330000000017
0,1,0,-7,17,0,0,-1,1,82,-103,0,0,-1,0,-102,-127,0,0,5.03,0.43,2.18,573.2830000000017
0,1,0,-7,8,0,0,-1,0,14,-99,0,0,-1,0,-82,-90,0,0,5.03,0.43,2.18,574.5330000000017
0,1,0,-7,4,0,0,-1,0,-7,-87,0,0,-1,0,-74,-73,0,0,5.03,0.43,2.18,575.7830000000017
-1,1,0,-6,-4,0,0,-1,0,-39,-61,0,0,-2,0,-54,-30,0,0,5.03,0.43,2.18,577.0330000000017
-1,1,0,-6,-11,0,1,-2,0,-60,-15,0,0,-2,1,-38,7,0,0,5.03,0.43,2.18,578.2830000000017
-1,1,0,-4,-13,0,1,-1,0,-86,35,0,0,-2,0,-29,27,0,0,5.03,0.43,2.18,579.5330000000017
-1,1,0,-4,-15,0,1,-2,0,-91,54,0,-1,-2,1,-27,31,0,0,5.03,0.43,2.18,580.7830000000017
-1,2,0,0,-15,0,1,-2,0,-106,96,0,-1,-2,1,-25,24,0,0,5.03,0.43,2.18,582.0330000000017
-1,2,0,4,-17,0,0,-2,0,-116,125,0,-2,-2,0,-29,-16,0,0,5.03,0.43,2.18,583.2830000000017
0,2,0,6,-19,0,0,-2,0,-121,135,0,-2,-2,1,-40,-73,0,0,5.03,0.43,2.18,584.5330000000017
0,2,0,6,-20,0,0,-2,0,-122,134,0,-1,-2,0,-46,-96,0,0,5.04,0.46,2.36,585.8920000000018
0,2,0,6,-20,0,0,-2,0,-124,124,0,-1,-2,0,-54,-129,0,0,5.04,0.46,2.36,587.2510000000018
0,2,0,8,-11,0,0,-2,0,-113,110,0,-1,-2,0,-53,-138,0,0,5.04,0.46,2.36,588.6100000000018
0,2,0,9,-9,0,0,-2,0,-112,103,0,-1,-2,0,-50,-137,0,0,5.04,0.46,2.36,589.9690000000019
0,2,0,8,-2,0,0,-2,0,-97,92,0,0,-2,0,-41,-118,0,0,5.04,0.46,2.36,591.3280000000019
0,2,0,6,12,0,0,-2,0,-58,77,0,0,-2,0,-11,-37,0,1,5.04,0.46,2.36,592.687000000002
0,3,0,0,17,0,0,-2,0,-53,72,0,-1,-2,0,0,-4,0,0,5.04,0.46,2.36,594.046000000002
0,3,0,-1,17,0,0,-3,0,-45,73,0,-1,-2,0,-1,6,0,0,5.04,0.46,2.36,595.405000000002
0,3,0,-5,18,0,0,-3,0,-26,72,0,-1,-2,1,-4,8,0,0,5.04,0.46,2.36,596.764000000002
0,3,0,-8,22,0,0,-3,0,-8,64,0,-1,-2,1,-16,-4,0,0,5.04,0.46,2.36,598.1230000000021
0,2,0,-11,29,0,0,-2,0,5,47,0,0,-2,1,-26,-12,0,0,5.04,0.46,2.36,599.4820000000021
0,2,0,-12,33,0,0,-3,0,9,42,0,0,-2,1,-32,-15,0,0,5.04,0.46,2.36,600.8410000000022
0,2,0,-14,41,0,0,-2,0,11,8,0,0,-2,1,-49,-17,0,0,5.04,0.46,2.36,602.2000000000022
0,2,0,-17,47,0,0,-2,0,12,-20,0,0,-2,0,-55,0,0,0,5.04,0.46,2.36,603.5590000000022
0,2,0,-18,47,0,0,-2,0,11,-28,0,0,-2,0,-55,1,0,0,5.04,0.46,2.36,604.9180000000023
0,2,0,-20,47,0,0,-2,0,18,-35,0,0,-1,0,-44,25,0,0,5.04,0.46,2.36,606.2770000000023
0,2,0,-20,44,0,0,-2,0,19,-39,0,0,-2,0,-32,53,0,0,5.04,0.46,2.36,607.6360000000024
0,2,0,-18,39,0,0,-3,0,26,-40,0,0,-2,0,-8,84,0,0,5.04,0.46,2.36,608.9950000000024
0,2,0,-16,38,0,0,-2,0,26,-45,0,0,-2,0,-2,92,0,0,5.04,0.46,2.36,610.3540000000024
0,2,0,-11,33,0,0,-3,0,29,-56,0,0,-2,0,8,105,0,0,5.04,0.46,2.36,611.7130000000025
0,2,0,-9,30,0,0,-3,0,30,-65,0,-1,-2,0,15,94,0,0,5.04,0.46,2.36,613.0720000000025
0,2,0,-9,28,0,0,-3,0,34,-64,0,-1,-2,0,19,80,0,0,5.04,0.46,2.34,614.4160000000026
0,2,0,-7,28,0,0,-3,0,45,-59,0,-1,-2,0,27,71,0,0,5.04,0.46,2.34,615.7600000000026
0,2,0,-7,27,0,0,-3,0,48,-55,0,-1,-2,0,29,69,0,0,5.04,0.46,2.34,617.1040000000027
0,2,0,-6,27,0,0,-2,0,47,-48,0,-1,-2,0,36,57,0,0,5.04,0.46,2.34,618.4480000000027
0,2,0,-6,28,0,0,-2,0,41,-54,0,-1,-2,0,41,46,0,0,5.04,0.46,2.34,619.7920000000028
0,2,0,-4,31,0,0,-2,0,28,-72,0,-1,-2,0,43,33,0,0,5.04,0.46,2.34,621.1360000000028
0,2,0,-2,35,0,0,-2,0,21,-98,0,-1,-2,0,40,24,0,0,5.04,0.46,2.34,622.4800000000029
0,2,0,-2,36,0,0,-2,0,18,-106,0,-1,-2,0,38,23,0,0,5.04,0.46,2.34,623.8240000000029
-1,2,0,0,36,0,0,-2,0,18,-119,0,-1,-2,0,31,21,0,0,5.04,0.46,2.34,625.168000000003
-1,2,0,1,34,0,1,-2,0,20,-111,0,-1,-2,0,21,23,0,0,5.04,0.46,2.34,626.512000000003
-1,2,0,1,31,0,1,-2,0,31,-78,0,-1,-2,0,9,21,0,0,5.04,0.46,2.34,627.8560000000031
-1,2,0,1,29,0,1,-2,0,35,-46,0,-1,-2,0,-4,13,0,0,5.04,0.46,2.34,629.2000000000031
-1,2,0,1,28,0,1,-2,0,47,-35,0,-1,-2,0,-9,9,0,0,5.04,0.46,2.34,630.5440000000032
-1,2,0,1,28,0,1,-2,0,47,-18,0,-1,-2,0,-22,-2,0,0,5.04,0.46,2.34,631.8880000000032
-1,2,0,1,27,0,0,-2,0,58,-11,0,-1,-2,0,-32,-12,0,0,5.04,0.46,2.34,633.2320000000033
-1,2,0,1,26,0,0,-2,0,62,-10,0,-1,-2,0,-35,-15,0,0,5.04,0.46,2.34,634.5760000000033
-1,2,0,1,23,0,0,-2,0,69,-19,0,-1,-2,0,-39,-21,0,0,5.04,0.46,2.34,635.9200000000034
-1,2,0,1,19,0,0,-2,0,69,-36,0,-1,-2,0,-39,-23,0,0,5.04,0.46,2.34,637.2640000000034
-1,2,0,1,15,0,0,-2,0,57,-52,0,-1,-2,0,-35,-23,0,0,5.04,0.46,2.34,638.6080000000035
-1,2,0,2,14,0,0,-2,0,51,-57,0,-1,-2,0,-35,-22,0,0,5.04,0.46,2.34,639.9520000000035
-1,2,0,2,12,0,1,-2,0,59,-55,0,-1,-2,0,-27,-23,0,0,5.04,0.46,2.34,641.2960000000036
-1,2,0,1,10,0,1,-2,0,49,-50,0,-1,-2,0,-17,-24,0,0,5.03,0.45,2.27,642.6000000000035
-1,2,0,0,9,0,1,-2,0,32,-40,0,-1,-2,0,-4,-27,0,0,5.03,0.45,2.27,643.9040000000035
-1,2,0,0,9,0,1,-2,0,23,-31,0,-1,-2,0,0,-26,0,0,5.03,0.45,2.27,645.2080000000035
-1,2,0,0,11,0,1,-2,0,27,-19,0,-1,-2,0,8,-29,0,0,5.03,0.45,2.27,646.5120000000035
0,2,0,0,14,0,0,-2,0,31,-21,0,-1,-2,0,14,-31,0,0,5.03,0.45,2.27,647.8160000000034
0,2,0,0,19,0,1,-2,0,26,-17,0,0,-2,0,15,-18,0,0,5.03,0.45,2.27,649.1200000000034
0,2,0,-2,26,0,0,-2,-1,-11,26,0,-1,-2,1,-41,-130,0,0,5.03,0.43,2.19,650.3800000000034
0,2,0,-3,23,0,0,-2,-1,-4,25,0,-1,-2,1,-38,-128,0,0,5.03,0.43,2.19,651.6400000000034
0,2,0,-4,16,0,0,-2,0,2,28,0,-1,-2,1,-36,-120,0,0,5.03,0.43,2.19,652.9000000000034
0,2,0,-4,8,0,0,-2,0,2,26,0,-1,-2,1,-31,-107,0,0,5.03,0.43,2.19,654.1600000000034
0,2,0,-4,6,0,0,-2,0,2,22,0,0,-2,1,-28,-100,0,0,5.03,0.43,2.19,655.4200000000034
0,2,0,-3,3,0,0,-2,0,4,14,0,0,-2,1,-19,-84,0,0,5.03,0.43,2.19,656.6800000000034
0,2,0,-3,1,0,0,-2,0,-6,1,0,0,-2,1,-10,-68,0,0,5.03,0.43,2.19,657.9400000000034
0,2,0,-3,1,0,0,-2,0,-10,-6,0,0,-2,1,-1,-56,0,0,5.03,0.45,2.3,659.2630000000033
0,2,0,-3,1,0,0,-2,0,-9,-7,0,0,-2,1,2,-52,0,0,5.03,0.45,2.3,660.5860000000033
0,2,0,-5,0,0,0,-2,0,-11,-10,0,0,-2,1,-10,-78,0,0,5.03,0.45,2.3,661.9090000000033
0,2,0,-6,-2,0,0,-2,0,-8,-13,0,0,-2,1,-5,-111,0,0,5.03,0.45,2.3,663.2320000000033
0,2,0,-5,-5,0,0,-2,0,-6,-15,0,0,-2,0,3,-118,0,0,5.03,0.45,2.3,664.5550000000032
0,2,0,-5,-6,0,0,-2,0,-7,-15,0,0,-2,1,6,-116,0,0,5.03,0.45,2.3,665.8780000000032
0,2,0,-4,-9,0,0,-2,0,-3,-12,0,0,-2,0,18,-96,0,0,5.03,0.45,2.3,667.2010000000032
0,2,0,-2,-11,0,0,-2,0,1,-6,0,0,-2,0,31,-52,0,0,5.03,0.45,2.3,668.5240000000032
0,2,0,-2,-12,0,0,-2,0,3,-4,0,0,-2,0,35,-33,0,0,5.03,0.45,2.3,669.8470000000032
0,2,0,-2,-12,0,0,-2,0,1,0,0,0,-2,0,44,13,0,0,5.03,0.45,2.3,671.1700000000031
0,2,0,-2,-13,0,0,-2,0,0,3,0,0,-2,0,50,62,0,0,5.03,0.45,2.3,672.4930000000031
0,2,0,-2,-13,0,0,-2,0,-5,3,0,0,-2,0,50,92,0,0,5.03,0.45,2.3,673.8160000000031
0,2,0,-2,-12,0,0,-2,-1,-9,3,0,0,-2,1,47,105,0,0,5.03,0.45,2.3,675.1390000000031
0,2,0,-2,-11,0,0,-2,-1,-9,4,0,0,-2,1,43,112,0,0,5.03,0.45,2.3,676.4620000000031
0,2,0,-2,-10,0,0,-2,-1,-7,3,0,0,-2,1,43,118,0,0,5.03,0.45,2.3,677.785000000003
0,2,0,-3,-10,0,0,-2,-1,-2,-1,0,0,-2,1,43,126,0,0,5.03,0.45,2.3,679.108000000003
0,2,0,-3,-11,0,0,-2,-1,0,-5,0,0,-2,1,44,131,0,0,5.03,0.45,2.3,680.431000000003
0,2,0,-3,-14,0,0,-2,-1,2,-16,0,0,-1,1,46,143,0,0,5.03,0.45,2.3,681.754000000003
0,2,0,-4,-16,0,0,-2,-1,4,-28,0,0,-1,1,52,157,0,0,5.03,0.45,2.3,683.077000000003
0,2,0,-4,-17,0,0,-2,-1,4,-39,0,0,-1,1,58,162,0,0,5.03,0.45,2.3,684.4000000000029
0,2,0,-3,-17,0,0,-2,-1,5,-42,0,0,-1,1,61,162,0,0,5.03,0.45,2.3,685.7230000000029
0,2,0,-3,-16,0,0,-1,-1,6,-51,0,-1,-1,1,69,153,0,0,5.04,0.46,2.36,687.082000000003
0,2,0,-3,-15,0,0,-1,-1,6,-58,0,-1,-1,1,76,135,0,0,5.04,0.46,2.36,688.441000000003
0,2,0,-2,-14,0,0,-1,-1,5,-63,0,-1,-1,1,73,104,0,0,5.04,0.46,2.36,689.800000000003
0,2,0,-3,-14,0,0,-1,-1,4,-62,0,-1,-1,1,69,91,0,0,5.04,0.46,2.36,691.1590000000031
0,2,0,-2,-17,0,0,-1,-1,0,-55,0,-1,-1,1,67,106,0,0,5.04,0.46,2.36,692.5180000000031
0,2,0,-1,-19,0,1,-1,-1,-2,-38,0,-1,-1,0,58,94,0,0,5.04,0.46,2.36,693.8770000000031
0,2,0,-1,-21,0,1,-1,0,-9,-11,0,-1,-1,0,47,86,0,0,5.04,0.46,2.36,695.2360000000032
0,2,0,-2,-20,0,1,-1,0,-12,-2,0,-1,-1,0,44,83,0,0,5.04,0.46,2.36,696.5950000000032
0,1,0,-2,-21,0,1,-1,0,-13,20,0,-1,-1,0,30,70,0,0,5.04,0.46,2.36,697.9540000000032
0,1,0,-2,-20,0,0,-1,0,0,15,0,-1,-1,0,24,73,0,0,5.04,0.46,2.36,699.3130000000033
0,1,0,-3,-21,0,1,-2,0,42,19,0,-1,-1,0,22,46,0,0,5.04,0.46,2.36,700.6720000000033
0,1,0,-2,-21,0,1,-2,0,57,3,0,-1,-1,0,21,36,0,0,5.04,0.46,2.36,702.0310000000034
0,1,0,-2,-25,0,0,-2,0,79,-19,0,0,-1,0,22,17,0,0,5.04,0.46,2.36,703.3900000000034
0,1,0,-2,-33,0,1,-1,0,97,-31,0,0,-1,0,23,-3,0,0,5.04,0.46,2.36,704.7490000000034
0,2,0,0,-41,0,1,-1,0,90,-4,0,-1,-1,0,4,-30,0,0,5.04,0.46,2.36,706.1080000000035
0,2,0,0,-44,0,1,-2,-1,84,2,0,-1,-2,1,-4,-45,0,0,5.04,0.46,2.36,707.4670000000035
0,3,0,1,-49,0,0,-2,-1,60,-2,0,-1,-2,1,-29,-66,0,0,5.04,0.46,2.36,708.8260000000035
0,3,0,3,-48,0,0,-2,-1,28,-13,0,-1,-2,2,-37,-68,0,0,5.04,0.46,2.36,710.1850000000036
0,3,0,4,-47,0,0,-2,-1,14,-19,0,0,-2,3,-33,-55,0,0,5.04,0.46,2.36,711.5440000000036
0,3,0,6,-38,0,0,-3,-1,-18,-39,0,0,-3,5,12,5,0,0,5.04,0.46,2.36,712.9030000000037
0,3,0,6,-30,0,0,-3,-1,-39,-58,0,0,-3,4,47,34,0,0,5.04,0.46,2.36,714.2620000000037
0,3,0,7,-28,0,0,-3,-1,-47,-79,0,-1,-2,2,30,-8,0,0,5.03,0.43,2.17,715.5080000000037
0,3,0,7,-27,0,0,-3,-1,-47,-85,0,-1,-2,2,33,-24,0,0,5.03,0.43,2.17,716.7540000000037
-1,3,0,2,-32,0,1,-2,-1,-32,-77,0,-1,-3,0,10,-60,0,0,5.03,0.43,2.17,718.0000000000036
-1,4,0,-1,-32,0,1,-3,-1,-31,-71,0,-1,-3,0,3,-56,0,0,5.03,0.43,2.17,719.2460000000036
-1,4,0,-10,-38,0,1,-3,-1,-30,-41,0,-1,-3,0,-7,-55,0,0,5.03,0.43,2.17,720.4920000000036
-2,4,0,-9,-33,0,1,-4,-1,-27,1,0,-2,-3,0,-21,-89,0,0,5.03,0.43,2.17,721.7380000000036
-2,3,0,-9,-32,0,1,-3,0,-13,39,0,-1,-3,0,-14,-101,0,0,5.03,0.43,2.17,722.9840000000036
-1,3,0,-8,-35,0,2,-3,0,-5,52,0,-1,-3,0,-7,-99,0,0,5.03,0.43,2.17,724.2300000000035
-1,2,0,-7,-38,0,2,-3,0,10,79,0,-1,-2,0,8,-86,0,0,5.03,0.43,2.17,725.4760000000035
0,2,0,-9,-33,0,2,-2,0,26,96,0,-1,-2,0,12,-84,0,0,5.03,0.43,2.17,726.7220000000035
0,2,0,-11,-24,0,1,-2,0,32,84,0,-1,-1,0,4,-78,0,0,5.03,0.43,2.17,727.9680000000035
0,2,0,-11,-20,0,1,-2,0,30,67,0,-1,-1,0,0,-80,0,0,5.03,0.43,2.17,729.2140000000035
0,1,0,-9,-8,0,0,-2,0,32,17,0,-1,-1,0,-21,-63,0,0,5.03,0.43,2.17,730.4600000000034
0,1,0,-9,2,0,0,-2,0,25,-55,0,-1,-1,0,-42,-46,0,0,5.03,0.43,2.17,731.7060000000034
0,1,0,-8,10,0,0,-2,0,27,-65,0,-1,-1,0,-60,-40,0,0,5.03,0.43,2.17,732.9520000000034
0,2,0,-8,11,0,0,-2,0,24,-63,0,-1,-1,0,-63,-36,0,0,5.03,0.43,2.17,734.1980000000034
-1,2,0,-9,10,0,1,-2,0,38,-29,0,-1,-1,0,-72,-34,0,0,5.03,0.43,2.17,735.4440000000034
-1,2,0,-9,4,0,1,-2,0,65,8,0,-1,-1,0,-69,-29,0,0,5.03,0.43,2.17,736.6900000000034
-1,1,0,-8,-4,0,0,-1,0,-30,18,0,-1,-1,0,-57,-17,0,0,5.03,0.43,2.17,737.9360000000033
-1,1,0,-8,-8,0,0,-1,0,-47,24,0,-1,-1,0,-51,-11,0,0,5.03,0.43,2.17,739.1820000000033
-1,1,0,-5,-14,0,0,-2,0,-63,43,0,-1,-1,0,-39,1,0,0,5.03,0.43,2.17,740.4280000000033
-1,1,0,-5,-18,0,0,-2,0,-81,53,0,-1,-1,0,-33,13,0,0,5.04,0.46,2.36,741.7870000000033
-1,2,0,-5,-19,0,0,-2,0,-102,57,0,-1,-2,0,-32,25,0,0,5.04,0.46,2.36,743.1460000000034
-1,2,0,-4,-20,0,0,-2,0,-106,60,0,-1,-2,0,-32,28,0,0,5.04,0.46,2.36,744.5050000000034
-1,2,0,0,-25,0,1,-2,0,-100,77,0,-1,-2,0,-33,32,0,0,5.04,0.46,2.36,745.8640000000034
0,2,0,6,-30,0,0,-1,0,-134,76,0,-1,-2,0,-32,34,0,0,5.04,0.46,2.36,747.2230000000035
0,2,0,7,-33,0,0,-2,0,-139,76,0,-1,-2,0,-32,32,0,0,5.04,0.46,2.36,748.5820000000035
0,2,0,11,-36,0,1,-2,0,-135,82,0,-1,-2,0,-28,22,0,0,5.04,0.46,2.36,749.9410000000036
0,2,0,11,-35,0,0,-2,0,-127,86,0,-1,-2,0,-19,8,0,0,5.04,0.46,2.36,751.3000000000036
0,2,0,9,-29,0,0,-2,0,-120,90,0,-1,-2,0,-10,-2,0,0,5.04,0.46,2.36,752.6590000000036
0,2,0,8,-26,0,0,-2,0,-115,91,0,-1,-2,0,-7,-6,0,0,5.04,0.46,2.36,754.0180000000037
0,2,0,7,-16,0,0,-2,0,-106,90,0,-1,-2,0,-1,-10,0,0,5.04,0.46,2.36,755.3770000000037
0,2,0,6,-8,0,0,-2,0,-99,88,0,-1,-2,0,0,-9,0,0,5.04,0.46,2.36,756.7360000000037
0,2,0,5,-1,0,0,-2,0,-90,87,0,0,-2,1,-3,4,0,0,5.04,0.46,2.36,758.0950000000038
0,2,0,4,1,0,0,-2,0,-82,85,0,0,-2,1,-6,9,0,0,5.04,0.46,2.36,759.4540000000038
0,2,0,1,3,0,0,-2,-1,-63,84,0,0,-2,1,8,59,0,0,5.04,0.46,2.36,760.8130000000039
0,3,0,-1,1,0,0,-2,-1,-46,82,0,0,-2,1,24,98,0,0,5.04,0.46,2.36,762.1720000000039
0,3,0,-2,1,0,0,-3,-1,-28,76,0,-1,-2,1,22,108,0,0,5.04,0.46,2.36,763.5310000000039
0,3,0,-5,6,0,0,-3,-1,-10,76,0,-1,-2,1,14,97,0,0,5.04,0.46,2.36,764.890000000004
0,3,0,-6,10,0,0,-3,-1,-3,77,0,-1,-2,1,9,92,0,0,5.04,0.46,2.36,766.249000000004
0,3,0,-8,22,0,0,-3,0,4,76,0,-1,-2,1,-3,65,0,0,5.04,0.46,2.36,767.608000000004
0,2,0,-10,35,0,0,-2,0,5,70,0,-1,-2,0,-13,47,0,0,5.04,0.46,2.36,768.9670000000041
0,2,0,-13,46,0,0,-2,0,6,41,0,-1,-1,0,-20,43,0,0,5.04,0.47,2.39,770.343000000004
0,2,0,-18,54,0,0,-2,0,13,18,0,-1,-1,0,-22,28,0,0,5.04,0.47,2.39,771.719000000004
0,2,0,-20,55,0,0,-3,0,16,7,0,-1,-1,0,-23,41,0,0,5.04,0.47,2.39,773.095000000004
0,2,0,-23,56,0,0,-3,0,33,-36,0,0,-1,0,-18,37,0,0,5.04,0.47,2.39,774.471000000004
0,2,0,-22,49,0,0,-2,0,44,-68,0,0,-1,0,-13,16,0,0,5.04,0.47,2.39,775.847000000004
0,2,0,-19,48,0,0,-2,0,45,-75,0,0,-2,0,-6,32,0,0,5.04,0.47,2.39,777.2230000000039
0,2,0,-16,38,0,0,-2,0,37,-90,0,-1,-2,0,1,43,0,0,5.04,0.47,2.39,778.5990000000039
0,2,0,-13,32,0,0,-2,0,28,-101,0,-1,-2,0,0,29,0,0,5.04,0.47,2.39,779.9750000000039
0,2,0,-12,32,0,0,-2,0,23,-92,0,-1,-2,0,3,21,0,0,5.04,0.47,2.39,781.3510000000039
0,2,0,-11,32,0,0,-2,0,24,-84,0,-1,-2,0,3,20,0,0,5.04,0.47,2.39,782.7270000000038
0,2,0,-9,34,0,0,-2,0,23,-57,0,-1,-2,0,0,12,0,0,5.04,0.47,2.39,784.1030000000038
0,2,0,-9,34,0,0,-2,0,28,-40,0,-1,-2,0,-8,-9,0,0,5.04,0.47,2.39,785.4790000000038
0,2,0,-9,32,0,0,-2,0,38,-45,0,-1,-2,0,-10,-35,0,0,5.04,0.47,2.39,786.8550000000038
0,2,0,-9,32,0,0,-2,0,42,-51,0,-1,-2,0,-10,-45,0,0,5.04,0.47,2.39,788.2310000000037
0,2,0,-8,30,0,0,-2,0,45,-66,0,-1,-2,0,-15,-71,0,0,5.04,0.47,2.39,789.6070000000037
0,2,0,-7,29,0,0,-2,0,50,-78,0,-1,-2,0,-23,-95,0,0,5.04,0.47,2.39,790.9830000000037
0,2,0,-6,29,0,0,-2,0,45,-89,0,-1,-2,0,-31,-112,0,0,5.04,0.47,2.39,792.3590000000037
0,2,0,-6,30,0,0,-2,0,45,-93,0,-1,-2,0,-34,-116,0,0,5.04,0.47,2.39,793.7350000000037
0,2,0,-7,31,0,0,-2,0,40,-88,0,-1,-2,0,-41,-123,0,0,5.04,0.47,2.39,795.1110000000036
0,2,0,-8,31,0,1,-2,0,66,-76,0,-1,-2,0,-48,-123,0,0,5.04,0.47,2.39,796.4870000000036
0,2,0,-8,31,0,1,-2,0,69,-72,0,-1,-2,0,-51,-130,0,0,5.04,0.47,2.39,797.8630000000036
0,2,0,-10,30,0,1,-2,0,66,-54,0,-1,-2,0,-52,-122,0,0,5.03,0.42,2.15,799.0990000000036
0,2,0,-10,29,0,1,-2,0,71,-45,0,-1,-2,0,-50,-113,0,0,5.03,0.42,2.15,800.3350000000036
0,2,0,-8,27,0,0,-2,0,61,-46,0,-1,-2,0,-47,-97,0,0,5.03,0.42,2.15,801.5710000000036
0,2,0,-8,27,0,0,-2,0,65,-49,0,-1,-2,0,-46,-93,0,0,5.03,0.42,2.15,802.8070000000035
0,2,0,-6,26,0,0,-2,0,63,-59,0,0,-2,0,-41,-78,0,0,5.03,0.42,2.15,804.0430000000035
0,2,0,-4,25,0,0,-1,0,49,-64,0,0,-2,0,-35,-68,0,0,5.03,0.42,2.15,805.2790000000035
-1,2,0,-3,23,0,1,-2,0,48,-59,0,0,-2,0,-27,-58,0,0,5.03,0.42,2.15,806.5150000000035
0,2,0,-3,23,0,1,-2,0,41,-49,0,0,-2,0,-17,-51,0,0,5.03,0.42,2.15,807.7510000000035
0,2,0,-3,22,0,1,-2,0,33,-25,0,0,-2,0,-10,-45,0,0,5.03,0.42,2.15,808.9870000000035
0,2,0,-3,23,0,1,-2,0,35,-12,0,0,-2,0,-8,-45,0,0,5.03,0.42,2.15,810.2230000000035
-1,2,0,-3,22,0,1,-2,0,34,7,0,0,-1,0,-4,-45,0,0,5.03,0.42,2.15,811.4590000000035
-1,2,0,-3,23,0,1,-2,0,39,22,0,0,-2,0,-2,-48,0,0,5.03,0.42,2.15,812.6950000000035
-1,2,0,-3,23,0,0,-2,0,39,35,0,-1,-2,0,-2,-47,0,0,5.03,0.42,2.15,813.9310000000035
-1,2,0,-3,23,0,0,-2,0,38,42,0,-1,-2,0,-1,-48,0,0,5.03,0.42,2.15,815.1670000000034
-1,2,0,-2,25,0,0,-2,0,29,52,0,-1,-2,0,0,-45,0,0,5.03,0.42,2.15,816.4030000000034
-1,2,0,-1,25,0,0,-2,0,16,58,0,-1,-2,0,2,-42,0,0,5.03,0.42,2.15,817.6390000000034
-1,2,0,0,24,0,0,-2,0,-1,48,0,-1,-2,0,3,-38,0,0,5.03,0.42,2.15,818.8750000000034
-1,2,0,1,25,0,0,-2,0,-6,38,0,-1,-2,0,1,-38,0,0,5.03,0.42,2.15,820.1110000000034
-1,2,0,0,27,0,0,-3,0,-14,5,0,-1,-2,0,-8,-40,0,0,5.03,0.42,2.15,821.3470000000034
-1,2,0,0,32,0,0,-3,0,-12,-21,0,-1,-2,0,-19,-43,0,0,5.03,0.42,2.15,822.5830000000034
-1,2,0,0,40,0,0,-3,0,-3,-33,0,-1,-2,0,-27,-42,0,0,5.03,0.42,2.15,823.8190000000034
-1,2,0,0,44,0,0,-3,0,4,-31,0,-1,-2,0,-30,-38,0,0,5.04,0.46,2.36,825.1740000000034
-1,3,0,1,49,0,0,-3,0,25,-30,0,0,-3,0,-28,-24,0,0,5.04,0.46,2.36,826.5290000000034
-1,4,0,-5,40,0,-1,-4,0,-4,-90,0,-1,-4,0,2,-4,0,0,5.04,0.46,2.36,827.8840000000034
0,5,0,-15,1,0,0,-5,-1,-35,-137,0,-1,-5,0,41,12,0,0,5.04,0.46,2.36,829.2390000000034
0,5,0,-19,-18,0,0,-5,-2,-27,-141,0,-1,-4,0,51,17,0,0,5.04,0.46,2.36,830.5940000000035
1,5,0,-12,-5,0,3,-3,-1,-11,-79,0,-1,-3,1,53,22,0,0,5.04,0.46,2.36,831.9490000000035
1,3,0,-11,26,0,2,-3,-1,0,0,0,-1,-2,1,23,25,0,0,5.04,0.46,2.36,833.3040000000035
1,2,0,-15,54,0,1,-2,-1,-4,45,0,-1,-1,1,0,23,0,0,5.04,0.46,2.36,834.6590000000035
1,2,0,-16,57,0,1,-2,-1,3,56,0,0,-1,1,-4,28,0,0,5.04,0.46,2.36,836.0140000000035
0,2,0,-11,53,0,1,-1,-1,6,87,0,0,-1,1,-9,50,0,0,5.04,0.46,2.36,837.3690000000036
0,1,0,-3,36,0,0,-1,-1,-6,96,0,0,-1,1,-8,79,0,0,5.04,0.46,2.36,838.7240000000036
0,1,0,1,17,0,0,-1,-1,-6,78,0,0,-1,1,-2,104,0,0,5.04,0.46,2.36,840.0790000000036
0,1,0,4,12,0,0,-1,-1,-1,69,0,0,-1,1,0,110,0,0,5.04,0.46,2.36,841.4340000000036
0,1,0,3,-8,0,0,-1,-1,4,33,0,0,-1,1,18,107,0,0,5.04,0.46,2.36,842.7890000000036
0,1,0,0,-23,0,0,-1,0,5,-2,0,0,-2,1,38,116,0,0,5.04,0.46,2.36,844.1440000000036
0,2,0,-1,-30,0,0,-1,0,0,-16,0,0,-1,1,48,91,0,0,5.04,0.46,2.36,845.4990000000037
0,2,0,-4,-36,0,0,-1,0,-20,-45,0,0,-1,0,72,44,0,0,5.04,0.46,2.36,846.8540000000037
0,2,0,-3,-28,0,0,-1,0,-27,-56,0,0,-1,1,78,77,0,0,5.04,0.46,2.36,848.2090000000037
0,2,0,-3,-16,0,0,-1,-1,-26,-48,0,0,-1,1,44,99,0,0,5.04,0.46,2.36,849.5640000000037
0,2,0,-3,-10,0,0,-1,-1,-29,-36,0,0,-1,1,10,62,0,0,5.04,0.46,2.36,850.9190000000037
0,2,0,-5,-11,0,0,-1,-1,-24,-11,0,0,-1,1,7,78,0,0,5.04,0.46,2.36,852.2740000000038
0,2,0,-6,-12,0,0,-1,-1,-25,-7,0,0,-1,1,4,91,0,0,5.03,0.45,2.27,853.5810000000038
0,2,0,-8,-16,0,0,-2,-1,-31,13,0,0,-2,1,-6,100,0,0,5.03,0.45,2.27,854.8880000000038
0,2,0,18,-17,0,0,-2,-1,16,-58,0,-1,-2,1,-16,41,0,0,5.04,0.48,2.46,856.3050000000038
0,3,0,19,-19,0,0,-3,-1,2,-62,0,-1,-2,1,-36,18,0,0,5.04,0.48,2.46,857.7220000000038
0,3,0,14,-21,0,1,-3,-1,-9,-56,0,-1,-2,2,-59,-7,0,0,5.04,0.48,2.46,859.1390000000039
0,3,0,9,-23,0,0,-3,-1,-18,-49,0,0,-3,3,-44,2,0,0,5.04,0.48,2.46,860.5560000000039
0,3,0,8,-23,0,0,-3,-1,-20,-48,0,0,-3,3,-18,39,0,0,5.04,0.48,2.46,861.9730000000039
0,3,0,8,-20,0,0,-3,-1,-23,-48,0,0,-3,3,43,126,0,0,5.04,0.48,2.46,863.390000000004
0,3,0,7,-21,0,0,-3,-1,-26,-51,0,0,-3,2,46,115,0,0,5.04,0.48,2.46,864.807000000004
0,3,0,4,-25,0,0,-3,-1,-31,-49,0,-2,-3,1,10,44,0,0,5.04,0.48,2.46,866.224000000004
0,3,0,3,-27,0,0,-3,0,-36,-46,0,-2,-3,1,-11,1,0,0,5.04,0.48,2.46,867.641000000004
-1,3,0,-1,-25,0,0,-3,0,-49,-36,0,-1,-3,0,-41,-71,0,0,5.04,0.48,2.46,869.0580000000041
-1,4,0,-12,-23,0,0,-3,0,-54,-26,0,-1,-3,0,-40,-107,0,0,5.04,0.48,2.46,870.4750000000041
-2,3,0,-17,-13,0,0,-3,-1,-48,-20,0,-1,-3,0,-28,-139,0,0,5.03,0.44,2.21,871.7480000000041
-2,3,0,-11,-9,0,0,-3,0,-33,-22,0,0,-3,0,-12,-147,0,0,5.03,0.44,2.21,873.0210000000042
-2,3,0,-11,-11,0,0,-3,0,-20,-17,0,0,-3,0,-2,-146,0,0,5.03,0.44,2.21,874.2940000000042
-1,2,0,-8,-15,0,0,-3,0,-15,-12,0,0,-2,0,14,-149,0,0,5.03,0.44,2.21,875.5670000000042
-1,2,0,-4,-17,0,1,-3,0,11,2,0,0,-2,0,22,-136,0,0,5.03,0.44,2.21,876.8400000000042
-1,2,0,-1,-15,0,1,-2,0,27,29,0,-1,-2,0,8,-109,0,0,5.03,0.44,2.21,878.1130000000043
0,1,0,0,-12,0,1,-2,0,25,26,0,0,-1,0,0,-116,0,0,5.03,0.44,2.21,879.3860000000043
0,1,0,3,0,0,0,-2,0,32,12,0,-1,-1,0,-25,-99,0,0,5.03,0.44,2.21,880.6590000000043
0,1,0,3,10,0,0,-1,0,27,-3,0,0,-1,0,-41,-88,0,0,5.03,0.44,2.21,881.9320000000043
0,1,0,0,17,0,0,-1,0,14,-11,0,-1,-1,0,-56,-68,0,0,5.03,0.44,2.21,883.2050000000044
0,1,0,-1,18,0,0,-1,0,1,-12,0,0,-1,0,-60,-63,0,0,5.03,0.44,2.21,884.4780000000044
0,1,0,-3,19,0,0,-2,0,15,3,0,-1,-1,0,-65,-62,0,0,5.03,0.44,2.21,885.7510000000044
0,1,0,-4,19,0,0,-2,0,25,19,0,0,-1,0,-61,-58,0,0,5.03,0.44,2.21,887.0240000000044
0,1,0,-4,15,0,0,-2,0,2,29,0,0,-1,0,-58,-52,0,0,5.03,0.44,2.21,888.2970000000045
0,1,0,-4,13,0,0,-2,0,-3,31,0,0,-1,0,-56,-50,0,0,5.03,0.44,2.21,889.5700000000045
-1,2,0,-2,5,0,0,-2,0,-25,29,0,0,-1,0,-53,-45,0,0,5.03,0.44,2.21,890.8430000000045
-1,2,0,0,-7,0,0,-2,0,-32,31,0,-1,-2,0,-53,-41,0,0,5.03,0.44,2.21,892.1160000000045
-1,2,0,7,-17,0,0,-2,0,-48,33,0,-1,-2,0,-57,-40,0,0,5.03,0.44,2.21,893.3890000000046
-1,2,0,8,-22,0,0,-2,0,-53,36,0,-1,-2,0,-59,-40,0,0,5.03,0.44,2.21,894.6620000000046
-1,2,0,10,-28,0,0,-2,0,-64,44,0,-1,-2,0,-59,-39,0,0,5.03,0.44,2.21,895.9350000000046
-1,2,0,8,-27,0,1,-2,0,-69,52,0,-1,-2,0,-49,-39,0,0,5.03,0.44,2.21,897.2080000000046
0,2,0,7,-23,0,1,-2,0,-68,64,0,-1,-2,0,-36,-36,0,0,5.03,0.45,2.29,898.5290000000047
0,2,0,6,-22,0,1,-2,0,-70,68,0,0,-2,0,-30,-33,0,0,5.03,0.45,2.29,899.8500000000047
0,2,0,5,-20,0,0,-2,0,-75,77,0,0,-2,0,-12,-24,0,1,5.03,0.45,2.29,901.1710000000047
0,2,0,5,-15,0,0,-2,0,-78,81,0,0,-2,0,3,-16,0,1,5.03,0.45,2.29,902.4920000000047
0,2,0,4,-13,0,0,-2,0,-80,80,0,-1,-2,0,6,-20,0,0,5.03,0.45,2.29,903.8130000000048
0,2,0,3,-7,0,0,-2,0,-74,75,0,0,-2,0,4,-38,0,0,5.03,0.45,2.29,905.1340000000048
0,2,0,1,2,0,0,-2,0,-66,62,0,0,-2,0,3,-49,0,0,5.03,0.45,2.29,906.4550000000048
0,2,0,-3,13,0,0,-2,0,-54,46,0,0,-2,0,6,-47,0,0,5.03,0.45,2.29,907.7760000000048
0,3,0,-6,16,0,0,-2,0,-50,40,0,0,-2,1,7,-44,0,0,5.03,0.45,2.29,909.0970000000049
0,2,0,-10,16,0,0,-2,0,-33,29,0,0,-2,1,5,-38,0,0,5.03,0.45,2.29,910.4180000000049
0,2,0,-9,14,0,0,-2,0,-22,20,0,0,-2,1,-11,-35,0,0,5.03,0.45,2.29,911.7390000000049
0,2,0,-8,15,0,0,-2,0,-17,16,0,0,-2,1,-14,-35,0,0,5.03,0.45,2.29,913.060000000005
0,2,0,-6,19,0,0,-2,0,-3,10,0,0,-2,0,-15,-11,0,0,5.03,0.45,2.29,914.381000000005
0,2,0,-6,19,0,0,-2,0,-3,7,0,0,-2,0,-14,-9,0,0,5.03,0.45,2.29,915.702000000005
0,2,0,-6,21,0,0,-2,0,-5,1,0,0,-2,1,-9,22,0,0,5.03,0.45,2.29,917.023000000005
0,2,0,-7,22,0,0,-2,0,-9,-3,0,0,-2,0,-7,36,0,0,5.03,0.45,2.29,918.344000000005
0,2,0,-7,23,0,0,-2,0,-9,-6,0,0,-2,0,-6,55,0,0,5.03,0.45,2.29,919.6650000000051
0,2,0,-6,24,0,0,-2,0,-6,-5,0,0,-2,0,-2,65,0,0,5.03,0.45,2.29,920.9860000000051
0,2,0,-7,23,0,0,-3,0,-5,-8,0,0,-2,0,6,79,0,0,5.03,0.45,2.29,922.3070000000051
0,2,0,-6,22,0,0,-2,0,-2,-10,0,0,-2,0,17,89,0,0,5.03,0.45,2.29,923.6280000000052
0,2,0,-6,20,0,0,-3,0,2,-9,0,0,-2,0,24,94,0,0,5.03,0.45,2.29,924.9490000000052
0,2,0,-7,20,0,1,-3,0,6,0,0,-1,-2,0,27,94,0,0,5.04,0.48,2.44,926.3530000000052
0,2,0,-10,20,0,1,-3,0,14,21,0,-1,-2,0,31,87,0,0,5.04,0.48,2.44,927.7570000000052
0,2,0,-11,23,0,0,-3,0,28,46,0,-1,-2,0,34,67,0,0,5.04,0.48,2.44,929.1610000000052
0,2,0,-12,29,0,0,-3,0,41,33,0,-1,-2,0,43,63,0,0,5.04,0.48,2.44,930.5650000000052
0,2,0,-12,31,0,0,-3,0,45,20,0,-1,-2,0,41,56,0,0,5.04,0.48,2.44,931.9690000000052
0,2,0,-11,37,0,0,-2,0,54,-19,0,-1,-2,0,19,31,0,0,5.04,0.48,2.44,933.3730000000052
0,2,0,-12,40,0,0,-2,0,44,-58,0,-1,-2,0,17,15,0,0,5.04,0.48,2.44,934.7770000000052
0,2,0,-11,42,0,0,-2,0,37,-92,0,-1,-2,0,8,-2,0,0,5.04,0.48,2.44,936.1810000000052
0,2,0,-10,42,0,0,-2,0,35,-102,0,-1,-2,0,3,-10,0,0,5.04,0.48,2.44,937.5850000000052
0,2,0,-8,45,0,0,-2,0,32,-118,0,-1,-2,0,-10,-30,0,0,5.04,0.48,2.44,938.9890000000051
0,2,0,-6,48,0,1,-2,0,35,-111,0,-1,-2,0,-23,-47,0,0,5.04,0.48,2.44,940.3930000000051
0,2,0,-5,49,0,1,-2,0,37,-103,0,-1,-2,0,-28,-52,0,0,5.04,0.48,2.44,941.7970000000051
0,2,0,-3,50,0,1,-2,0,43,-78,0,-1,-2,0,-39,-61,0,0,5.04,0.48,2.44,943.2010000000051
0,2,0,-1,48,0,0,-2,0,52,-62,0,-1,-2,0,-47,-67,0,0,5.04,0.48,2.44,944.6050000000051
-1,2,0,-1,43,0,0,-2,0,56,-64,0,-1,-2,0,-50,-68,0,0,5.04,0.48,2.44,946.0090000000051
-1,2,0,0,41,0,0,-2,0,58,-66,0,-1,-2,0,-51,-68,0,0,5.04,0.48,2.44,947.4130000000051
-1,2,0,0,35,0,0,-2,0,53,-76,0,-1,-2,0,-49,-67,0,0,5.04,0.48,2.44,948.8170000000051
-1,2,0,0,30,0,0,-2,0,46,-87,0,-1,-2,0,-42,-65,0,0,5.04,0.48,2.44,950.2210000000051
-1,2,0,0,25,0,1,-2,0,38,-92,0,-1,-2,0,-33,-62,0,0,5.04,0.48,2.44,951.6250000000051
-1,2,0,0,23,0,1,-2,0,43,-93,0,-1,-2,0,-29,-59,0,0,5.04,0.48,2.44,953.0290000000051
-1,2,0,0,20,0,1,-1,0,37,-85,0,-1,-2,0,-18,-53,0,0,5.04,0.48,2.44,954.4330000000051
-1,2,0,0,17,0,1,-1,0,39,-65,0,0,-2,0,-9,-48,0,0,5.03,0.42,2.13,955.6620000000052
-1,2,0,0,15,0,1,-2,0,46,-37,0,0,-2,0,-2,-44,0,0,5.03,0.42,2.13,956.8910000000052
-1,2,0,0,14,0,1,-2,0,48,-29,0,0,-2,0,0,-42,0,0,5.03,0.42,2.13,958.1200000000052
-1,2,0,-2,14,0,1,-2,0,44,-1,0,0,-2,0,12,-39,0,0,5.03,0.42,2.13,959.3490000000053
-1,2,0,-3,14,0,1,-2,0,44,3,0,0,-2,0,13,-38,0,0,5.03,0.42,2.13,960.5780000000053
-1,2,0,-2,14,0,1,-2,0,39,11,0,0,-2,0,14,-36,0,0,5.03,0.42,2.13,961.8070000000054
-1,2,0,-2,13,0,1,-2,0,48,18,0,0,-2,0,15,-38,0,0,5.03,0.42,2.13,963.0360000000054
-1,2,0,-2,13,0,1,-2,0,18,19,0,0,-2,0,16,-45,0,0,5.03,0.42,2.13,964.2650000000054
-1,2,0,-2,14,0,1,-2,0,17,22,0,0,-2,0,17,-49,0,0,5.03,0.42,2.13,965.4940000000055
-1,2,0,-3,19,0,1,-2,0,5,20,0,0,-2,0,26,-50,0,0,5.03,0.42,2.13,966.7230000000055
-1,2,0,-4,25,0,1,-2,0,0,17,0,0,-2,0,31,-46,0,0,5.03,0.42,2.13,967.9520000000056
-1,2,0,-5,27,0,0,-2,0,-6,16,0,0,-2,0,32,-47,0,0,5.03,0.42,2.13,969.1810000000056
-1,2,0,-7,29,0,0,-2,0,-20,14,0,0,-2,0,24,-44,0,0,5.03,0.42,2.13,970.4100000000057
-1,2,0,-6,28,0,1,-2,0,-30,21,0,-1,-2,0,12,-43,0,0,5.03,0.42,2.13,971.6390000000057
-1,2,0,-4,24,0,1,-2,0,-30,55,0,-1,-2,0,3,-38,0,0,5.03,0.42,2.13,972.8680000000057
-1,2,0,-3,24,0,1,-3,0,-22,74,0,-1,-3,0,1,-32,0,0,5.03,0.42,2.13,974.0970000000058
-1,3,0,0,20,0,0,-3,1,-3,72,0,-1,-3,0,1,-15,0,0,5.03,0.42,2.13,975.3260000000058
-1,4,0,-2,15,0,0,-5,1,-16,-10,0,-1,-4,0,8,2,0,0,5.03,0.42,2.13,976.5550000000059
0,4,0,-7,13,0,0,-5,1,-33,-65,0,-1,-4,1,12,7,0,0,5.03,0.42,2.13,977.7840000000059
0,5,0,-17,-4,0,0,-5,0,-32,-155,0,-1,-4,1,9,4,0,0,5.03,0.42,2.13,979.013000000006
0,4,0,-13,1,0,2,-3,-1,8,-144,0,-1,-3,1,-18,-10,0,0,5.03,0.42,2.13,980.242000000006
0,3,0,-7,23,0,2,-2,-1,34,-122,0,-1,-2,1,-45,-18,0,0,5.04,0.46,2.35,981.597000000006
0,2,0,-4,34,0,1,-1,-1,28,-112,0,0,-2,1,-50,-14,0,0,5.04,0.46,2.35,982.952000000006
0,2,0,0,38,0,1,-1,-1,26,-122,0,0,-2,1,-44,17,0,0,5.04,0.46,2.35,984.307000000006
0,1,0,0,32,0,0,-1,-1,26,-109,0,0,-2,1,-25,49,0,0,5.04,0.46,2.35,985.6620000000061
0,1,0,4,11,0,1,-1,-2,10,-48,0,0,-1,1,-25,59,0,0,5.04,0.46,2.35,987.0170000000061
0,1,0,9,5,0,0,-1,-2,1,-26,0,0,-1,1,-18,68,0,0,5.04,0.46,2.35,988.3720000000061
0,2,0,17,-10,0,0,-2,-1,2,18,0,0,-1,1,-26,75,0,0,5.04,0.46,2.35,989.7270000000061
0,2,0,14,-27,0,0,-2,-1,4,36,0,0,-1,1,-35,65,0,0,5.04,0.46,2.35,991.0820000000061
0,2,0,12,-30,0,1,-2,-1,1,40,0,0,-1,1,-36,61,0,0,5.04,0.46,2.35,992.4370000000062
0,3,0,3,-37,0,1,-1,-1,-6,44,0,0,-1,1,-32,53,0,0,5.04,0.46,2.35,993.7920000000062
0,3,0,-2,-33,0,1,-1,-1,-20,38,0,0,-2,1,-19,52,0,0,5.04,0.46,2.35,995.1470000000062
0,2,0,0,-29,0,1,-1,-1,-34,39,0,0,-2,1,-8,60,0,0,5.04,0.46,2.35,996.5020000000062
0,2,0,2,-25,0,1,-1,-1,-35,42,0,0,-2,1,-5,53,0,0,5.04,0.46,2.35,997.8570000000062
0,2,0,2,-21,0,0,-1,-1,-33,60,0,0,-1,1,3,82,0,0,5.04,0.46,2.35,999.2120000000062
0,1,0,0,-16,0,0,-1,-1,-34,79,0,0,-2,1,10,174,0,0,5.04,0.46,2.35,1000.5670000000063
0,1,0,-3,-9,0,0,-1,-1,-49,94,0,0,-1,1,-10,144,0,0,5.04,0.46,2.35,1001.9220000000063
0,2,0,-5,-8,0,0,-1,-1,-52,97,0,0,-1,1,-11,134,0,0,5.04,0.46,2.35,1003.2770000000063
0,2,0,-7,-6,0,0,-1,-1,-56,99,0,0,-1,1,-3,137,0,0,5.04,0.46,2.35,1004.6320000000063
0,2,0,-7,-6,0,0,-1,-1,-62,93,0,-1,-1,1,-23,123,0,0,5.04,0.46,2.35,1005.9870000000063
0,2,0,-8,-5,0,0,-2,-1,-53,83,0,-1,-1,1,-38,75,0,0,5.04,0.46,2.35,1007.3420000000064
0,2,0,-9,-6,0,0,-2,-1,-58,77,0,-1,-1,1,-41,56,0,0,5.04,0.46,2.35,1008.6970000000064
0,2,0,-12,-6,0,0,-2,-1,-67,60,0,0,-1,1,-39,13,0,0,5.04,0.47,2.4,1010.0780000000063
0,2,0,-13,-6,0,0,-2,-1,-63,41,0,0,-2,1,-33,-7,0,0,5.04,0.47,2.4,1011.4590000000063
0,2,0,-11,-6,0,0,-2,-1,-56,27,0,0,-2,1,-30,-16,0,0,5.04,0.47,2.4,1012.8400000000063
0,2,0,-10,-7,0,0,-2,-1,-60,17,0,0,-2,1,-29,-25,0,0,5.04,0.47,2.4,1014.2210000000063
0,2,0,-7,-10,0,0,-2,-1,-56,13,0,0,-2,0,-27,-31,0,0,5.04,0.47,2.4,1015.6020000000062
0,2,0,-4,-11,0,1,-2,0,-51,29,0,-1,-2,0,-23,-43,0,0,5.04,0.47,2.4,1016.9830000000062
0,2,0,-2,-10,0,0,-3,0,-42,54,0,-1,-2,0,-22,-56,0,0,5.04,0.47,2.4,1018.3640000000062
0,2,0,-1,-9,0,0,-3,0,-34,58,0,-1,-2,0,-21,-62,0,0,5.04,0.47,2.4,1019.7450000000061
0,2,0,1,-6,0,0,-3,0,-13,52,0,0,-2,0,-21,-68,0,0,5.04,0.47,2.4,1021.1260000000061
0,2,0,3,-3,0,0,-3,0,8,28,0,0,-2,0,-21,-73,0,0,5.04,0.47,2.4,1022.5070000000061
0,2,0,4,-2,0,0,-3,0,14,20,0,0,-2,0,-21,-68,0,0,5.04,0.47,2.4,1023.8880000000061
0,2,0,3,0,0,0,-2,0,25,18,0,0,-2,0,-16,-63,0,0,5.04,0.47,2.4,1025.2690000000061
0,2,0,2,0,0,0,-2,0,33,49,0,0,-2,0,-11,-63,0,0,5.04,0.47,2.4,1026.6500000000062
0,2,0,1,1,0,0,-2,0,36,87,0,0,-2,0,-6,-60,0,0,5.04,0.47,2.4,1028.0310000000063
0,2,0,0,1,0,0,-2,0,36,100,0,0,-2,0,-4,-59,0,0,5.04,0.47,2.4,1029.4120000000064
0,2,0,-1,0,0,0,-2,0,29,93,0,0,-2,1,-4,-59,0,0,5.04,0.47,2.4,1030.7930000000065
0,2,0,-4,-3,0,0,-2,-1,22,73,0,-1,-2,0,-6,-57,0,0,5.04,0.47,2.4,1032.1740000000066
0,2,0,-4,-5,0,0,-2,-1,18,64,0,-1,-2,0,-6,-61,0,0,5.04,0.47,2.4,1033.5550000000067
0,2,0,-6,-11,0,0,-2,-1,2,41,0,-1,-2,0,-9,-54,0,0,5.04,0.47,2.4,1034.9360000000067
0,2,0,-7,-17,0,0,-2,-1,1,21,0,0,-2,1,-7,-52,0,0,5.04,0.47,2.4,1036.3170000000068
0,2,0,-8,-22,0,0,-2,-1,-1,5,0,-1,-2,0,-2,-47,0,0,5.04,0.47,2.4,1037.698000000007
0,2,0,-9,-23,0,0,-2,0,-1,0,0,-1,-2,0,0,-45,0,0,5.03,0.43,2.21,1038.9700000000068
0,2,0,-10,-23,0,0,-2,0,-4,-12,0,0,-2,0,2,-38,0,0,5.03,0.43,2.21,1040.2420000000068
0,2,0,-12,-20,0,0,-1,0,-7,-16,0,0,-2,0,7,-29,0,0,5.03,0.43,2.21,1041.5140000000067
0,2,0,-13,-19,0,0,-1,0,-12,-16,0,0,-2,0,9,-25,0,0,5.03,0.43,2.21,1042.7860000000067
0,2,0,-14,-16,0,0,-2,0,-16,-13,0,0,-2,0,13,-16,0,0,5.03,0.43,2.21,1044.0580000000066
0,2,0,-15,-16,0,0,-2,0,-16,-9,0,0,-2,1,19,-11,0,0,5.03,0.43,2.21,1045.3300000000065
0,2,0,-13,-17,0,0,-2,0,-17,-4,0,0,-2,1,22,-12,0,0,5.03,0.43,2.21,1046.6020000000065
0,2,0,-12,-17,0,0,-2,0,-17,-2,0,0,-2,1,23,-13,0,0,5.03,0.43,2.21,1047.8740000000064
0,2,0,-9,-17,0,0,-2,-1,-16,4,0,0,-2,1,24,-12,0,0,5.03,0.43,2.21,1049.1460000000063
0,1,0,-2,6,0,0,-1,0,-7,-13,0,-1,-1,0,-14,-41,0,0,5.03,0.44,2.22,1050.4250000000063
0,1,0,-4,7,0,0,-1,0,-18,-27,0,0,-1,0,-27,-30,0,0,5.03,0.44,2.22,1051.7040000000063
0,1,0,-5,5,0,0,-1,0,-35,-37,0,-1,-1,0,-34,-12,0,0,5.03,0.44,2.22,1052.9830000000063
0,1,0,-4,5,0,0,-1,0,-36,-38,0,-1,-1,0,-38,-11,0,0,5.03,0.44,2.22,1054.2620000000063
0,1,0,-2,4,0,0,-1,0,-31,-31,0,-1,-1,0,-43,3,0,0,5.03,0.45,2.27,1055.5700000000063
0,1,0,0,1,0,0,-1,0,-30,-19,0,-1,-1,0,-46,14,0,0,5.03,0.45,2.27,1056.8780000000063
0,1,0,0,-1,0,0,-1,0,-32,-4,0,-1,-1,0,-43,26,0,0,5.03,0.45,2.27,1058.1860000000063
0,1,0,1,-2,0,0,-2,0,-32,3,0,-1,-1,0,-41,30,0,0,5.03,0.45,2.27,1059.4940000000063
0,2,0,2,-6,0,0,-2,0,-38,18,0,-1,-1,0,-32,38,0,0,5.03,0.45,2.27,1060.8020000000063
-1,2,0,4,-11,0,0,-2,0,-42,31,0,-1,-2,0,-24,42,0,0,5.03,0.45,2.27,1062.1100000000063
-1,3,0,4,-13,0,0,-2,0,-41,37,0,-1,-2,0,-21,43,0,0,5.03,0.45,2.27,1063.4180000000063
-1,3,0,4,-21,0,0,-3,0,-40,48,0,-1,-2,1,-15,46,0,0,5.03,0.45,2.27,1064.7260000000063
-1,3,0,6,-32,0,0,-3,0,-34,56,0,-1,-2,1,-14,44,0,0,5.03,0.45,2.27,1066.0340000000062
-1,2,0,10,-37,0,1,-2,0,-40,59,0,-1,-2,1,-12,36,0,0,5.03,0.45,2.27,1067.3420000000062
-1,2,0,11,-40,0,1,-2,0,-42,59,0,-1,-2,1,-10,33,0,0,5.03,0.45,2.27,1068.6500000000062
0,2,0,12,-44,0,1,-2,0,-51,57,0,-1,-2,0,0,26,0,0,5.03,0.45,2.27,1069.9580000000062
0,2,0,12,-45,0,1,-2,0,-64,53,0,-1,-2,0,11,23,0,0,5.03,0.45,2.27,1071.2660000000062
0,2,0,12,-41,0,0,-2,0,-73,49,0,-1,-2,0,16,20,0,0,5.03,0.45,2.27,1072.5740000000062
0,2,0,11,-34,0,0,-2,0,-75,50,0,-1,-1,1,8,20,0,0,5.03,0.45,2.27,1073.8820000000062
0,2,0,9,-30,0,0,-2,0,-75,52,0,-1,-1,1,2,21,0,0,5.03,0.45,2.27,1075.1900000000062
0,2,0,3,-26,0,0,-2,0,-71,55,0,-1,-1,1,-23,15,0,0,5.03,0.45,2.27,1076.4980000000062
0,3,0,2,-16,0,0,-2,0,-69,51,0,0,-2,1,-32,22,0,0,5.03,0.45,2.27,1077.8060000000062
0,3,0,0,-1,0,0,-3,0,-64,39,0,0,-2,1,-20,29,0,0,5.03,0.45,2.27,1079.1140000000062
0,3,0,0,5,0,0,-3,0,-60,33,0,0,-2,1,-16,33,0,0,5.03,0.45,2.27,1080.4220000000062
0,3,0,-6,17,0,0,-3,0,-45,13,0,0,-2,1,-8,44,0,0,5.03,0.45,2.27,1081.7300000000062
0,3,0,-9,27,0,0,-3,-1,-27,-10,0,-1,-2,1,0,44,0,0,5.04,0.46,2.33,1083.0740000000062
0,3,0,-10,38,0,0,-3,-1,-7,-35,0,-1,-2,1,5,55,0,0,5.04,0.46,2.33,1084.4180000000063
0,2,0,-10,42,0,0,-3,-1,-1,-42,0,0,-2,0,12,54,0,0,5.04,0.46,2.33,1085.7620000000063
0,2,0,-14,51,0,0,-2,-1,12,-51,0,0,-1,0,25,48,0,0,5.04,0.46,2.33,1087.1060000000064
0,2,0,-18,53,0,0,-2,-1,28,-50,0,0,-1,0,43,108,0,0,5.04,0.46,2.33,1088.4500000000064
0,2,0,-21,50,0,0,-2,-1,33,-50,0,-1,-1,0,39,106,0,0,5.04,0.46,2.33,1089.7940000000065
0,2,0,-21,49,0,0,-2,0,34,-46,0,-1,-1,0,38,126,0,0,5.04,0.46,2.33,1091.1380000000065
0,2,0,-21,42,0,0,-2,0,37,-38,0,0,-1,0,48,82,0,0,5.04,0.46,2.33,1092.4820000000066
0,2,0,-20,36,0,0,-2,0,34,-29,0,-1,-1,0,46,74,0,0,5.04,0.46,2.33,1093.8260000000066
0,2,0,-20,34,0,0,-2,0,32,-20,0,-1,-1,0,43,68,0,0,5.04,0.46,2.33,1095.1700000000067
0,2,0,-18,31,0,0,-2,0,17,-6,0,-1,-1,0,34,45,0,0,5.04,0.46,2.33,1096.5140000000067
0,2,0,-16,31,0,0,-3,0,0,0,0,-1,-2,0,21,17,0,0,5.04,0.46,2.33,1097.8580000000068
0,2,0,-15,30,0,0,-3,0,-4,6,0,-1,-2,0,12,-6,0,0,5.04,0.46,2.33,1099.2020000000068
0,2,0,-14,30,0,0,-3,0,-2,5,0,-1,-2,0,8,-15,0,0,5.04,0.46,2.33,1100.5460000000069
0,2,0,-14,32,0,0,-2,0,8,-11,0,-1,-2,0,-1,-33,0,0,5.04,0.46,2.33,1101.890000000007
0,2,0,-12,33,0,0,-3,0,25,-36,0,-1,-2,0,-6,-46,0,0,5.04,0.46,2.33,1103.234000000007
0,2,0,-11,33,0,0,-3,0,35,-50,0,-1,-2,0,-10,-51,0,0,5.04,0.46,2.33,1104.578000000007
0,2,0,-10,32,0,0,-2,0,66,-85,0,-1,-2,0,-19,-73,0,0,5.04,0.46,2.33,1105.922000000007
0,2,0,-8,30,0,0,-2,0,74,-91,0,-1,-2,0,-25,-77,0,0,5.04,0.46,2.33,1107.2660000000071
-1,2,0,-8,29,0,0,-2,0,65,-83,0,-1,-2,0,-31,-82,0,0,5.04,0.46,2.33,1108.6100000000072
-1,2,0,-7,30,0,1,-2,0,62,-77,0,-1,-2,0,-34,-80,0,0,5.04,0.46,2.33,1109.9540000000072
0,2,0,-7,28,0,0,-2,0,56,-56,0,-1,-2,0,-40,-77,0,0,5.03,0.43,2.19,1111.2170000000071
-1,2,0,-6,27,0,0,-2,0,57,-44,0,-1,-2,0,-43,-79,0,0,5.03,0.43,2.19,1112.480000000007
0,2,0,-5,25,0,0,-2,0,47,-45,0,-1,-2,0,-50,-79,0,0,5.03,0.43,2.19,1113.743000000007
-1,2,0,-4,25,0,0,-2,0,45,-47,0,-1,-2,0,-54,-83,0,0,5.03,0.43,2.19,1115.006000000007
-1,2,0,-2,22,0,0,-2,0,42,-61,0,-1,-2,0,-63,-89,0,0,5.03,0.43,2.19,1116.2690000000068
-1,2,0,0,19,0,0,-2,0,41,-77,0,-1,-2,0,-67,-97,0,0,5.03,0.43,2.19,1117.5320000000067
-1,2,0,1,16,0,0,-2,0,37,-89,0,-1,-2,0,-63,-106,0,0,5.03,0.43,2.19,1118.7950000000067
-1,2,0,2,14,0,0,-2,0,36,-94,0,-1,-2,0,-51,-114,0,0,5.03,0.43,2.19,1120.0580000000066
-1,2,0,1,13,0,0,-2,0,36,-92,0,-1,-2,0,-47,-116,0,0,5.03,0.43,2.19,1121.3210000000065
-1,2,0,0,10,0,0,-2,0,32,-89,0,0,-2,0,-37,-113,0,0,5.03,0.43,2.19,1122.5840000000064
-1,2,0,0,7,0,0,-1,0,33,-85,0,0,-2,0,-21,-97,0,0,5.03,0.43,2.19,1123.8470000000063
-1,2,0,-1,6,0,0,-1,0,26,-85,0,0,-2,0,-13,-88,0,0,5.03,0.43,2.19,1125.1100000000063
-1,2,0,-1,4,0,0,-2,0,19,-82,0,0,-2,0,3,-70,0,0,5.03,0.43,2.19,1126.3730000000062
-1,2,0,-1,7,0,0,-2,0,8,-78,0,0,-2,0,12,-57,0,0,5.03,0.43,2.19,1127.636000000006
0,2,0,0,9,0,1,-2,0,6,-71,0,0,-2,0,14,-48,0,0,5.03,0.43,2.19,1128.899000000006
0,2,0,0,10,0,1,-2,0,3,-68,0,0,-2,0,13,-44,0,0,5.03,0.43,2.19,1130.162000000006
0,2,0,-1,12,0,1,-2,0,-3,-59,0,0,-2,0,7,-37,0,0,5.03,0.43,2.19,1131.4250000000059
0,2,0,-2,14,0,1,-2,0,-8,-46,0,0,-2,0,0,-33,0,0,5.03,0.43,2.19,1132.6880000000058
0,2,0,-2,14,0,1,-2,0,-12,-33,0,0,-2,0,-3,-25,0,0,5.03,0.43,2.19,1133.9510000000057
-1,2,0,-2,14,0,1,-2,0,-13,-28,0,0,-2,0,-6,-25,0,0,5.03,0.43,2.19,1135.2140000000056
-1,2,0,-3,14,0,1,-2,0,-15,-16,0,0,-2,0,-10,-17,0,0,5.03,0.43,2.19,1136.4770000000055
-1,2,0,-3,15,0,1,-2,0,-11,12,0,0,-2,0,-13,-12,0,0,5.04,0.46,2.35,1137.8290000000056
-1,2,0,-3,15,0,1,-2,0,-9,26,0,0,-2,0,-14,-13,0,0,5.04,0.46,2.35,1139.1810000000057
-1,2,0,-4,18,0,1,-3,0,0,60,0,-1,-2,0,-20,-18,0,0,5.04,0.46,2.35,1140.5330000000058
-1,2,0,-5,22,0,1,-3,0,4,71,0,-1,-2,0,-28,-27,0,0,5.04,0.46,2.35,1141.885000000006
-1,2,0,-6,25,0,1,-3,0,3,90,0,-1,-2,1,-39,-39,0,0,5.04,0.46,2.35,1143.237000000006
-1,2,0,-6,27,0,1,-3,0,5,99,0,-1,-2,1,-43,-43,0,0,5.04,0.46,2.35,1144.589000000006
-1,2,0,-7,29,0,1,-3,0,5,127,0,-1,-2,1,-45,-49,0,0,5.04,0.46,2.35,1145.9410000000062
-1,2,0,-9,29,0,0,-3,0,0,149,0,0,-2,1,-35,-41,0,0,5.04,0.46,2.35,1147.2930000000063
-1,2,0,-10,29,0,0,-3,0,6,153,0,0,-2,1,-27,-38,0,0,5.04,0.46,2.35,1148.6450000000063
-1,2,0,-12,29,0,0,-3,0,21,147,0,0,-2,0,0,-23,0,0,5.04,0.46,2.35,1149.9970000000064
-1,3,0,-11,28,0,0,-3,0,-5,109,0,0,-2,0,26,0,0,0,5.04,0.46,2.35,1151.3490000000065
-1,3,0,-11,27,0,0,-3,-1,-16,56,0,0,-3,1,46,22,0,0,5.04,0.46,2.35,1152.7010000000066
-1,4,0,-15,22,0,0,-4,-1,-16,33,0,0,-3,1,52,28,0,0,5.04,0.46,2.35,1154.0530000000067
0,5,0,-25,6,0,0,-5,-1,-7,-14,0,-1,-4,1,57,28,0,0,5.04,0.46,2.35,1155.4050000000068
0,5,0,-30,-20,0,0,-3,-1,-2,-43,0,-1,-3,1,45,32,0,1,5.04,0.46,2.35,1156.7570000000069
0,3,0,-23,-10,0,0,-2,-1,-35,-52,0,-1,-3,0,38,31,0,0,5.04,0.46,2.35,1158.109000000007
0,3,0,-22,-1,0,1,-2,-1,-30,-42,0,-1,-2,0,32,31,0,0,5.04,0.46,2.35,1159.461000000007
0,2,0,-21,23,0,1,-1,-1,-37,-17,0,0,-2,0,24,49,0,0,5.04,0.46,2.35,1160.8130000000072
0,2,0,-17,36,0,0,-1,-1,-5,4,0,0,-1,0,16,73,0,0,5.04,0.46,2.35,1162.1650000000072
0,1,0,-13,35,0,0,-2,-1,-14,23,0,0,-1,0,-4,90,0,0,5.04,0.46,2.35,1163.5170000000073
0,1,0,-6,18,0,0,-2,-1,-20,28,0,0,-1,1,-41,88,0,0,5.04,0.46,2.35,1164.8690000000074
0,1,0,-3,11,0,0,-2,-1,-18,30,0,0,-1,1,-45,96,0,0,5.04,0.46,2.33,1166.2120000000075
0,1,0,7,-10,0,0,-2,-1,-13,34,0,0,-1,1,-70,85,0,0,5.04,0.46,2.33,1167.5550000000076
0,1,0,13,-26,0,0,-2,0,-4,38,0,0,-1,1,-77,82,0,0,5.04,0.46,2.33,1168.8980000000076
0,2,0,11,-41,0,0,-1,0,-9,43,0,0,-2,1,-61,40,0,0,5.04,0.46,2.33,1170.2410000000077
0,2,0,8,-45,0,0,-1,0,-14,46,0,0,-2,1,-45,52,0,0,5.04,0.46,2.33,1171.5840000000078
0,2,0,5,-47,0,0,-1,0,-23,56,0,0,-2,1,-17,100,0,0,5.04,0.46,2.33,1172.9270000000079
0,2,0,0,-38,0,0,-1,0,-28,66,0,0,-2,1,-5,59,0,0,5.04,0.46,2.33,1174.270000000008
0,2,0,-1,-23,0,0,-1,-1,-27,76,0,0,-2,1,0,47,0,0,5.04,0.46,2.33,1175.613000000008
0,2,0,0,-18,0,0,-1,0,-29,78,0,0,-2,1,1,51,0,0,5.04,0.46,2.33,1176.956000000008
0,2,0,1,-9,0,0,-2,-1,-37,80,0,0,-2,1,-3,61,0,0,5.04,0.46,2.33,1178.2990000000082
0,2,0,0,-6,0,0,-2,0,-44,75,0,0,-2,1,-16,57,0,0,5.04,0.46,2.33,1179.6420000000082
0,2,0,-5,-4,0,0,-2,0,-49,61,0,0,-2,1,-25,36,0,0,5.04,0.46,2.33,1180.9850000000083
0,2,0,-6,-2,0,0,-2,-1,-49,53,0,0,-1,1,-30,31,0,0,5.04,0.46,2.33,1182.3280000000084
0,2,0,-6,-4,0,0,-2,-1,-43,34,0,0,-1,1,-51,11,0,0,5.04,0.46,2.33,1183.6710000000085
0,2,0,-2,-6,0,0,-2,-1,-36,16,0,0,-1,1,-67,-8,0,0,5.04,0.46,2.33,1185.0140000000085
0,2,0,-1,-8,0,0,-2,-1,-33,11,0,0,-1,1,-69,-15,0,0,5.04,0.46,2.33,1186.3570000000086
0,2,0,2,-11,0,0,-2,-1,-26,2,0,0,-2,1,-77,-34,0,0,5.04,0.46,2.33,1187.7000000000087
0,2,0,4,-14,0,0,-2,-1,-19,2,0,0,-2,1,-71,-45,0,0,5.04,0.46,2.33,1189.0430000000088
0,2,0,4,-15,0,0,-2,-1,-18,7,0,0,-2,1,-59,-50,0,0,5.04,0.46,2.33,1190.3860000000088
0,2,0,4,-16,0,0,-2,-1,-4,16,0,0,-2,1,-53,-51,0,0,5.04,0.46,2.33,1191.729000000009
0,2,0,6,-18,0,0,-2,-1,-4,23,0,0,-2,1,-36,-50,0,0,5.04,0.46,2.33,1193.072000000009
0,2,0,6,-17,0,0,-2,-1,-7,26,0,0,-2,1,-16,-44,0,0,5.03,0.43,2.18,1194.327000000009
0,2,0,5,-14,0,0,-2,-1,-8,30,0,0,-2,1,-4,-41,0,0,5.03,0.43,2.18,1195.5820000000092
0,2,0,4,-13,0,0,-2,-1,-8,30,0,0,-2,1,-2,-39,0,0,5.03,0.43,2.18,1196.8370000000093
0,2,0,1,-8,0,0,-2,-1,-10,28,0,0,-2,1,1,-40,0,0,5.03,0.43,2.18,1198.0920000000094
0,2,0,-1,0,0,0,-2,0,-7,29,0,0,-2,1,-3,-40,0,0,5.03,0.43,2.18,1199.3470000000095
0,2,0,-1,5,0,0,-2,0,0,36,0,0,-2,1,-5,-41,0,0,5.03,0.43,2.18,1200.6020000000096
0,2,0,-1,7,0,0,-2,0,4,42,0,0,-2,0,-5,-39,0,0,5.03,0.43,2.18,1201.8570000000097
0,2,0,-2,8,0,0,-2,0,19,74,0,0,-2,0,-7,-36,0,0,5.03,0.43,2.18,1203.1120000000099
0,2,0,-3,7,0,0,-2,0,26,90,0,0,-2,0,-5,-25,0,0,5.03,0.43,2.18,1204.36700000001
0,2,0,-3,5,0,0,-2,0,22,66,0,0,-2,0,-3,-16,0,0,5.03,0.43,2.18,1205.62200000001
0,2,0,-2,3,0,0,-2,0,15,36,0,0,-2,1,-5,-9,0,0,5.03,0.43,2.18,1206.8770000000102
0,2,0,-3,3,0,0,-2,0,11,22,0,0,-2,1,-6,-9,0,0,5.03,0.43,2.18,1208.1320000000103
0,2,0,-3,3,0,0,-2,0,2,-2,0,0,-2,1,-2,-9,0,0,5.03,0.43,2.18,1209.3870000000104
0,2,0,-3,5,0,0,-2,0,1,-11,0,0,-2,1,3,-10,0,0,5.03,0.43,2.18,1210.6420000000105
0,2,0,-2,7,0,0,-2,0,-7,-14,0,0,-2,1,11,-8,0,0,5.03,0.43,2.18,1211.8970000000106
0,2,0,-3,7,0,0,-2,0,-9,-13,0,0,-2,1,14,-7,0,0,5.03,0.43,2.18,1213.1520000000107
0,2,0,-3,8,0,0,-2,0,-12,-14,0,0,-2,1,21,0,0,0,5.03,0.43,2.18,1214.4070000000108
0,2,0,-4,8,0,0,-2,0,-15,-16,0,0,-2,1,26,8,0,0,5.03,0.43,2.18,1215.662000000011
0,2,0,-4,7,0,0,-2,0,-19,-14,0,0,-2,1,33,15,0,0,5.03,0.43,2.18,1216.917000000011
0,2,0,-3,6,0,0,-2,0,-18,-14,0,0,-2,1,37,19,0,0,5.03,0.43,2.18,1218.1720000000112
0,2,0,-2,1,0,0,-2,0,-13,-14,0,0,-2,1,43,25,0,0,5.03,0.43,2.18,1219.4270000000113
0,2,0,0,-3,0,0,-2,0,-8,-15,0,0,-2,1,45,28,0,0,5.03,0.45,2.27,1220.7370000000112
0,2,0,1,-5,0,0,-2,0,-7,-16,0,0,-2,1,45,29,0,0,5.03,0.45,2.27,1222.0470000000112
0,2,0,3,-9,0,0,-2,0,-6,-18,0,0,-2,1,46,29,0,0,5.03,0.45,2.27,1223.357000000011
0,2,0,4,-10,0,0,-2,0,-4,-17,0,0,-2,1,47,29,0,0,5.03,0.45,2.27,1224.667000000011
0,2,0,4,-10,0,0,-2,-1,-2,-12,0,0,-2,1,51,33,0,0,5.03,0.45,2.27,1225.977000000011
0,2,0,4,-10,0,0,-2,-1,-1,-9,0,0,-2,1,53,36,0,0,5.03,0.45,2.27,1227.287000000011
0,2,0,3,-11,0,0,-2,-1,2,8,0,0,-2,1,67,55,0,0,5.03,0.45,2.27,1228.597000000011
0,2,0,3,-11,0,0,-2,-1,2,12,0,0,-2,1,69,63,0,0,5.03,0.45,2.27,1229.9070000000108
0,2,0,2,-13,0,0,-2,-1,0,20,0,0,-2,1,66,62,0,0,5.03,0.45,2.27,1231.2170000000108
0,2,0,2,-16,0,0,-2,0,-5,28,0,0,-2,1,74,60,0,0,5.03,0.45,2.27,1232.5270000000107
0,2,0,2,-17,0,0,-2,0,-10,34,0,0,-1,1,84,60,0,0,5.03,0.45,2.27,1233.8370000000107
0,2,0,2,-17,0,0,-2,0,-12,35,0,0,-1,1,84,58,0,0,5.03,0.45,2.27,1235.1470000000106
0,2,0,2,-17,0,0,-2,0,-14,36,0,0,-1,1,82,58,0,0,5.03,0.45,2.27,1236.4570000000106
0,2,0,3,-18,0,0,-2,-1,-14,32,0,0,-1,1,73,49,0,0,5.03,0.45,2.27,1237.7670000000105
0,2,0,4,-18,0,0,-2,0,-13,26,0,0,-1,1,69,40,0,0,5.03,0.45,2.27,1239.0770000000105
0,2,0,4,-19,0,0,-2,0,-12,23,0,0,-1,1,69,36,0,0,5.03,0.45,2.27,1240.3870000000104
0,2,0,6,-19,0,0,-2,0,-11,16,0,0,-1,1,68,28,0,0,5.03,0.45,2.27,1241.6970000000103
0,2,0,11,-13,0,0,-2,0,-62,44,0,-1,-2,0,0,8,0,0,5.04,0.46,2.36,1243.0590000000104
0,2,0,7,-6,0,0,-2,0,-56,42,0,-1,-2,0,4,15,0,0,5.04,0.46,2.36,1244.4210000000105
0,2,0,2,0,0,0,-2,0,-47,36,0,0,-2,1,4,40,0,0,5.04,0.46,2.36,1245.7830000000106
0,3,0,-3,4,0,0,-2,0,-36,29,0,0,-2,1,-4,46,0,0,5.04,0.46,2.36,1247.1450000000107
0,3,0,-4,7,0,0,-2,0,-31,25,0,0,-2,1,-9,47,0,0,5.04,0.46,2.36,1248.5070000000107
0,3,0,-7,14,0,0,-3,0,-16,13,0,0,-2,1,-17,51,0,0,5.04,0.46,2.36,1249.8690000000108
0,2,0,-9,22,0,0,-3,0,0,2,0,0,-2,1,-26,51,0,0,5.04,0.46,2.36,1251.231000000011
0,2,0,-10,26,0,0,-2,0,7,-1,0,0,-2,1,-30,53,0,0,5.04,0.46,2.36,1252.593000000011
0,2,0,-13,35,0,0,-2,0,20,-9,0,-1,-1,1,-35,42,0,0,5.04,0.46,2.36,1253.955000000011
0,2,0,-16,41,0,0,-2,0,32,-14,0,-1,-1,1,-30,36,0,0,5.04,0.46,2.36,1255.3170000000111
0,2,0,-19,46,0,0,-2,0,35,-18,0,0,-1,0,-18,53,0,0,5.04,0.46,2.36,1256.6790000000112
0,2,0,-19,47,0,0,-2,0,36,-19,0,0,-1,0,-12,42,0,0,5.04,0.46,2.36,1258.0410000000113
0,2,0,-21,50,0,0,-2,0,39,-17,0,0,-1,0,-2,46,0,0,5.04,0.46,2.36,1259.4030000000114
0,2,0,-21,52,0,0,-2,0,33,-18,0,0,-1,0,2,55,0,0,5.04,0.46,2.36,1260.7650000000115
0,2,0,-20,48,0,0,-2,0,32,-19,0,0,-1,0,7,40,0,0,5.04,0.46,2.36,1262.1270000000115
0,2,0,-18,48,0,0,-2,0,29,-19,0,0,-1,0,10,51,0,0,5.04,0.46,2.36,1263.4890000000116
0,2,0,-17,40,0,0,-2,0,23,-21,0,-1,-1,0,9,70,0,0,5.04,0.46,2.36,1264.8510000000117
0,2,0,-14,37,0,0,-2,0,11,-25,0,-1,-2,0,4,32,0,0,5.03,0.44,2.25,1266.1510000000117
0,2,0,-12,36,0,0,-2,0,5,-28,0,-1,-2,0,12,15,0,0,5.03,0.44,2.25,1267.4510000000116
0,2,0,-11,36,0,0,-2,0,1,-31,0,-1,-2,0,14,11,0,0,5.03,0.44,2.25,1268.7510000000116
0,2,0,-9,37,0,0,-2,0,-7,-34,0,-1,-2,0,21,10,0,0,5.03,0.44,2.25,1270.0510000000115
0,2,0,-6,38,0,0,-2,0,-14,-34,0,-1,-2,0,27,4,0,0,5.03,0.44,2.25,1271.3510000000115
0,2,0,-5,38,0,0,-2,0,-17,-31,0,-1,-2,0,33,-3,0,0,5.03,0.44,2.25,1272.6510000000114
0,2,0,-3,38,0,0,-2,0,-16,-33,0,-1,-2,0,31,-14,0,0,5.03,0.44,2.25,1273.9510000000114
0,2,0,-2,37,0,0,-2,0,-12,-34,0,-1,-2,0,27,-20,0,0,5.03,0.44,2.25,1275.2510000000113
0,2,0,0,34,0,0,-2,0,-4,-37,0,-1,-2,0,17,-36,0,0,5.03,0.44,2.25,1276.5510000000113
0,2,0,3,31,0,0,-2,0,3,-65,0,-1,-2,0,3,-56,0,0,5.03,0.44,2.25,1277.8510000000113
0,2,0,5,28,0,0,-2,0,14,-105,0,-1,-2,0,-9,-63,0,0,5.03,0.44,2.25,1279.1510000000112
0,2,0,5,27,0,0,-2,0,23,-122,0,-1,-2,0,-13,-64,0,0,5.03,0.44,2.25,1280.4510000000112
0,2,0,5,23,0,1,-2,0,43,-127,0,-1,-2,0,-24,-73,0,0,5.03,0.44,2.25,1281.7510000000111
-1,2,0,5,22,0,1,-2,0,53,-99,0,-1,-2,0,-35,-74,0,0,5.03,0.44,2.25,1283.051000000011
-1,2,0,4,22,0,1,-2,0,57,-87,0,-1,-2,0,-38,-76,0,0,5.03,0.44,2.25,1284.351000000011
-1,2,0,3,24,0,1,-2,0,61,-61,0,-1,-2,0,-43,-75,0,0,5.03,0.44,2.25,1285.651000000011
-1,2,0,2,26,0,1,-2,0,57,-50,0,-1,-2,0,-45,-72,0,0,5.03,0.44,2.25,1286.951000000011
-1,2,0,2,29,0,1,-2,0,56,-48,0,-1,-2,0,-45,-66,0,0,5.03,0.44,2.25,1288.251000000011
-1,2,0,2,29,0,1,-2,0,51,-48,0,-1,-2,0,-44,-65,0,0,5.03,0.44,2.25,1289.5510000000108
-1,2,0,0,30,0,1,-2,0,50,-47,0,-1,-2,0,-41,-62,0,0,5.03,0.44,2.25,1290.8510000000108
-1,2,0,0,30,0,1,-2,0,45,-46,0,-1,-2,0,-38,-59,0,0,5.03,0.44,2.25,1292.1510000000108
-1,2,0,1,30,0,1,-2,0,38,-40,0,-1,-2,0,-35,-57,0,0,5.04,0.44,2.26,1293.4550000000108
-1,2,0,2,30,0,1,-2,0,35,-36,0,-1,-2,0,-34,-57,0,0,5.04,0.44,2.26,1294.759000000011
-1,2,0,2,30,0,1,-2,0,31,-28,0,0,-2,0,-31,-55,0,0,5.04,0.44,2.26,1296.063000000011
-1,2,0,2,28,0,1,-2,0,37,-22,0,0,-2,0,-28,-53,0,0,5.04,0.44,2.26,1297.367000000011
-1,2,0,3,27,0,0,-2,0,18,-19,0,0,-2,0,-25,-52,0,0,5.04,0.44,2.26,1298.6710000000112
-1,2,0,3,27,0,0,-2,0,20,-18,0,0,-2,0,-24,-52,0,0,5.04,0.44,2.26,1299.9750000000113
-1,2,0,4,27,0,0,-2,0,8,-15,0,0,-2,0,-22,-50,0,0,5.04,0.44,2.26,1301.2790000000114
-1,2,0,4,26,0,0,-2,0,12,-12,0,-1,-2,0,-21,-48,0,0,5.04,0.44,2.26,1302.5830000000115
-1,2,0,4,25,0,1,-2,0,10,-3,0,-1,-2,0,-19,-49,0,0,5.04,0.44,2.26,1303.8870000000115
-1,2,0,4,24,0,1,-2,0,9,1,0,-1,-2,0,-17,-49,0,0,5.04,0.44,2.26,1305.1910000000116
-1,2,0,5,21,0,1,-2,0,12,12,0,-1,-2,0,-13,-47,0,0,5.04,0.44,2.26,1306.4950000000117
-1,2,0,3,19,0,0,-2,0,8,21,0,-1,-2,0,-8,-48,0,0,5.04,0.44,2.26,1307.7990000000118
-1,2,0,3,17,0,1,-2,0,3,28,0,-1,-2,0,0,-45,0,0,5.04,0.44,2.26,1309.103000000012
-1,2,0,3,17,0,1,-2,0,0,30,0,-1,-2,0,2,-44,0,0,5.04,0.44,2.26,1310.407000000012
-1,2,0,2,17,0,1,-2,0,-6,40,0,-1,-2,0,8,-41,0,0,5.04,0.44,2.26,1311.711000000012
-1,2,0,1,16,0,0,-2,0,-14,47,0,-1,-2,0,17,-37,0,0,5.04,0.44,2.26,1313.0150000000122
-1,2,0,1,14,0,0,-2,0,-17,45,0,-1,-2,0,31,-28,0,0,5.04,0.44,2.26,1314.3190000000122
-1,2,0,1,10,0,0,-3,0,-12,-17,0,-1,-2,0,45,-14,0,0,5.04,0.44,2.26,1315.6230000000123
-1,2,0,1,10,0,0,-3,0,-6,-42,0,-1,-2,0,49,-8,0,0,5.04,0.44,2.26,1316.9270000000124
-1,3,0,-1,8,0,0,-3,0,2,-79,0,-1,-2,1,51,15,0,0,5.04,0.44,2.26,1318.2310000000125
-1,3,0,-7,7,0,0,-4,0,17,-55,0,-1,-2,1,35,27,0,0,5.04,0.44,2.26,1319.5350000000126
0,4,0,-9,8,0,0,-3,0,19,-5,0,-1,-3,1,26,21,0,0,5.03,0.44,2.25,1320.8360000000125
0,4,0,-11,10,0,0,-3,0,14,14,0,-1,-3,1,29,19,0,1,5.03,0.44,2.25,1322.1370000000124
0,4,0,-18,5,0,0,-3,0,-5,43,0,-1,-3,1,44,21,0,1,5.03,0.44,2.25,1323.4380000000124
1,5,0,-24,5,0,0,-4,-1,-26,60,0,-1,-3,2,43,25,0,0,5.03,0.44,2.25,1324.7390000000123
