0,2,0,0,-13,0,0,-2,0,-9,7,0,-1,-1,0,-28,0,0,0,5.03,0.45,2.27,633.6059999999995
0,2,0,0,-7,0,0,-2,0,-13,-4,0,-1,-1,0,-21,0,0,0,5.03,0.45,2.27,634.2139999999995
0,2,0,0,-4,0,0,-2,0,-14,-10,0,-1,-1,0,-18,1,0,0,5.03,0.45,2.27,634.8219999999994
0,2,0,-1,2,0,0,-2,0,-13,-27,0,-1,-1,0,-11,5,0,0,5.03,0.45,2.27,635.4299999999994
0,2,0,-4,8,0,0,-2,0,-11,-44,0,-1,-1,0,-4,10,0,0,5.03,0.45,2.27,636.0379999999993
0,2,0,-6,14,0,0,-2,0,-10,-54,0,-1,-1,0,0,18,0,0,5.03,0.45,2.27,636.6459999999993
0,2,0,-8,19,0,0,-2,0,-8,-58,0,-1,-1,0,4,27,0,0,5.03,0.41,2.07,637.2019999999993
0,2,0,-9,20,0,0,-2,0,-7,-59,0,-1,-1,0,4,30,0,0,5.03,0.41,2.07,637.7579999999994
0,2,0,-10,26,0,0,-2,0,-6,-58,0,-1,-1,0,3,33,0,0,5.03,0.41,2.07,638.3139999999994
0,2,0,-11,33,0,0,-2,0,-6,-55,0,-1,-1,0,-3,33,0,0,5.03,0.41,2.07,638.8699999999994
0,2,0,-12,40,0,0,-2,0,-6,-55,0,-1,-1,0,-10,28,0,0,5.03,0.41,2.07,639.4259999999995
0,2,0,-13,47,0,0,-2,0,-8,-55,0,-1,-1,0,-20,19,0,0,5.03,0.41,2.07,639.9819999999995
0,2,0,-14,50,0,0,-2,0,-7,-58,0,-1,-1,0,-23,16,0,0,5.03,0.41,2.07,640.5379999999996
0,2,0,-20,49,0,0,-2,0,-5,-61,0,-1,-1,0,-23,5,0,0,5.03,0.41,2.07,641.0939999999996
0,2,0,-24,44,0,0,-2,0,-2,-66,0,-1,-1,0,-19,2,0,0,5.03,0.41,2.07,641.6499999999996
0,2,0,-24,39,0,0,-2,0,-3,-69,0,-1,-1,0,-16,1,0,0,5.03,0.41,2.07,642.2059999999997
0,2,0,-23,36,0,0,-2,0,-5,-69,0,-1,-1,0,-14,2,0,0,5.03,0.41,2.07,642.7619999999997
0,2,0,-22,28,0,0,-2,0,-12,-64,0,-1,-2,0,-10,5,0,0,5.03,0.41,2.07,643.3179999999998
0,4,0,-21,23,0,0,-3,-1,-22,-49,0,-1,-3,0,18,35,0,0,5.03,0.41,2.07,644.4299999999998
0,4,0,-22,32,0,0,-3,-1,-27,-30,0,-2,-3,0,13,19,0,0,5.03,0.41,2.07,644.9859999999999
0,3,0,-26,46,0,0,-3,0,-27,-9,0,-2,-3,0,-3,-31,0,0,5.03,0.41,2.07,645.5419999999999
0,2,0,-28,51,0,0,-3,0,-26,-2,0,-2,-2,0,-8,-40,0,0,5.03,0.41,2.07,646.098
0,2,0,-25,57,0,0,-2,0,-20,8,0,-2,-2,0,-24,-51,0,0,5.03,0.41,2.07,646.654
0,2,0,-21,62,0,0,-2,0,-13,3,0,-1,-1,0,-50,-83,0,0,5.03,0.41,2.07,647.21
0,2,0,-18,65,0,0,-2,0,-8,-12,0,-1,-1,0,-58,-92,0,0,5.03,0.41,2.07,647.7660000000001
0,2,0,-14,60,0,0,-2,0,-9,-32,0,-1,-2,0,-63,-78,0,0,5.03,0.41,2.07,648.3220000000001
0,2,0,-14,53,0,0,-2,0,-6,-48,0,-1,-2,0,-67,-60,0,0,5.04,0.49,2.51,648.9950000000001
0,2,0,-16,49,0,0,-3,0,14,-78,0,-1,-2,0,-70,-61,0,0,5.04,0.49,2.51,649.6680000000001
0,2,0,-15,47,0,0,-2,0,14,-82,0,-1,-2,0,-66,-52,0,0,5.04,0.49,2.51,650.3410000000001
0,2,0,-13,45,0,0,-2,0,17,-83,0,-1,-2,0,-55,-49,0,0,5.04,0.49,2.51,651.0140000000001
0,2,0,-11,47,0,0,-2,0,13,-81,0,-1,-2,0,-49,-63,0,0,5.04,0.49,2.51,651.6870000000001
0,2,0,-9,48,0,0,-2,0,11,-79,0,-1,-2,0,-47,-68,0,0,5.04,0.49,2.51,652.3600000000001
0,2,0,-6,49,0,0,-2,0,8,-76,0,-1,-2,0,-41,-85,0,0,5.04,0.49,2.51,653.0330000000001
0,2,0,-4,51,0,0,-2,0,4,-69,0,-1,-2,0,-44,-100,0,0,5.04,0.49,2.51,653.7060000000001
0,2,0,-3,50,0,0,-2,0,1,-62,0,-1,-2,0,-44,-107,0,0,5.04,0.49,2.51,654.3790000000001
0,2,0,-3,50,0,0,-2,0,4,-64,0,-1,-2,0,-44,-101,0,0,5.04,0.49,2.51,655.0520000000001
0,2,0,-4,49,0,0,-2,0,9,-66,0,-1,-1,0,-43,-86,0,0,5.04,0.49,2.51,655.7250000000001
0,2,0,-4,47,0,0,-2,0,12,-69,0,-1,-1,0,-42,-74,0,0,5.04,0.49,2.51,656.3980000000001
0,2,0,2,-15,0,0,-2,-1,-24,13,0,0,-2,0,19,109,0,0,5.04,0.47,2.41,27.110999999999997
0,2,0,2,-13,0,0,-2,-1,-23,13,0,0,-2,0,15,108,0,0,5.04,0.47,2.41,27.744999999999997
0,2,0,3,-7,0,0,-2,-1,-20,12,0,-1,-2,0,0,89,0,0,5.04,0.47,2.41,28.378999999999998
0,2,0,2,-2,0,0,-2,-1,-17,11,0,-1,-2,0,-12,60,0,0,5.04,0.47,2.41,29.012999999999998
0,2,0,0,-1,0,0,-2,-1,-11,9,0,-1,-2,0,-22,34,0,0,5.04,0.47,2.41,29.647
0,2,0,0,-1,0,0,-2,-1,-3,3,0,-1,-1,0,-32,7,0,0,5.04,0.47,2.41,30.281
0,2,0,0,-1,0,0,-2,-1,-3,1,0,-1,-1,0,-35,-1,0,0,5.04,0.47,2.41,30.915
0,2,0,0,-1,0,0,-2,-1,-6,-3,0,-1,-1,0,-44,-25,0,0,5.04,0.47,2.41,31.549
0,2,0,0,-2,0,0,-2,-1,-12,-5,0,-1,-1,0,-50,-42,0,0,5.04,0.47,2.41,32.183
0,2,0,0,-3,0,0,-2,-1,-16,-3,0,-1,-2,0,-53,-56,0,0,5.04,0.47,2.41,32.817
0,2,0,-1,-3,0,0,-2,-1,-17,-2,0,-1,-2,0,-54,-59,0,0,5.04,0.5,2.54,33.485
0,2,0,-2,-4,0,1,-2,-1,-20,6,0,-1,-2,0,-52,-66,0,0,5.04,0.5,2.54,34.153
0,2,0,-4,-4,0,1,-2,-1,-21,14,0,0,-2,0,-49,-69,0,0,5.04,0.5,2.54,34.821
0,2,0,-5,-3,0,0,-2,-1,-25,19,0,0,-2,0,-41,-65,0,0,5.04,0.5,2.54,35.489
0,2,0,-5,-3,0,0,-2,0,-26,21,0,0,-2,0,-38,-62,0,0,5.04,0.5,2.54,36.157
0,2,0,-6,-1,0,0,-2,0,-25,27,0,0,-2,0,-30,-51,0,0,5.04,0.5,2.54,36.824999999999996
0,2,0,-6,-1,0,0,-2,0,-22,31,0,0,-2,0,-24,-40,0,0,5.04,0.5,2.54,37.492999999999995
0,2,0,-6,-1,0,0,-2,0,-20,34,0,0,-2,0,-20,-28,0,0,5.04,0.5,2.54,38.160999999999994
0,2,0,-7,-1,0,0,-2,0,-19,34,0,0,-2,0,-19,-25,0,0,5.04,0.5,2.54,38.82899999999999
0,2,0,-8,-6,0,0,-2,-1,-19,30,0,-1,-2,0,-17,-18,0,0,5.04,0.5,2.54,39.49699999999999
0,3,0,-10,-11,0,0,-2,-1,-15,22,0,-1,-2,0,-14,-15,0,0,5.04,0.5,2.54,40.16499999999999
0,3,0,-8,-19,0,0,-2,-1,-14,16,0,-1,-2,0,-11,-14,0,0,5.04,0.5,2.54,40.83299999999999
0,2,0,-8,-22,0,0,-2,-1,-14,15,0,-1,-2,0,-9,-13,0,0,5.04,0.5,2.54,41.50099999999999
0,2,0,-5,-28,0,0,-2,-1,-14,17,0,-1,-2,0,-4,-11,0,0,5.04,0.5,2.54,42.16899999999999
0,2,0,-2,-29,0,1,-2,-1,-27,23,0,-1,-2,0,-2,-9,0,0,5.04,0.5,2.54,42.83699999999999
0,2,0,0,-30,0,1,-2,-1,-27,32,0,-1,-2,0,0,-5,0,0,5.04,0.5,2.54,43.50499999999999
0,2,0,2,-30,0,1,-2,0,-29,35,0,-1,-2,0,1,-5,0,0,5.04,0.5,2.54,44.17299999999999
0,2,0,3,-32,0,0,-2,0,-33,42,0,0,-2,0,6,-11,0,0,5.04,0.5,2.54,44.84099999999999
0,2,0,0,-35,0,0,-2,0,-30,44,0,0,-2,1,27,0,0,0,5.04,0.5,2.54,45.508999999999986
0,2,0,-3,-38,0,0,-2,0,-29,48,0,0,-2,1,54,12,0,0,5.04,0.5,2.54,46.176999999999985
0,2,0,-4,-40,0,0,-2,0,-28,51,0,0,-2,1,64,11,0,0,5.04,0.5,2.54,46.844999999999985
0,2,0,-6,-44,0,0,-2,0,-25,55,0,0,-2,1,82,17,0,0,5.04,0.48,2.46,47.493999999999986
0,2,0,-6,-49,0,0,-2,0,-21,55,0,0,-2,0,73,28,0,0,5.04,0.48,2.46,48.14299999999999
0,2,0,-5,-54,0,0,-2,0,-19,51,0,0,-2,0,56,39,0,0,5.04,0.48,2.46,48.79199999999999
0,2,0,-3,-58,0,0,-2,0,-17,46,0,0,-2,0,42,48,0,0,5.04,0.48,2.46,49.44099999999999
0,2,0,-2,-59,0,0,-2,0,-18,45,0,0,-2,0,39,52,0,0,5.04,0.48,2.46,50.08999999999999
0,2,0,1,-60,0,0,-2,0,-20,50,0,0,-2,0,38,62,0,0,5.04,0.48,2.46,50.73899999999999
0,2,0,4,-61,0,1,-2,0,-23,59,0,-1,-2,0,46,73,0,0,5.04,0.48,2.46,51.38799999999999
0,2,0,6,-60,0,1,-2,-1,-24,68,0,-1,-2,0,59,81,0,0,5.04,0.48,2.46,52.03699999999999
0,2,0,7,-59,0,1,-2,-1,-23,70,0,-1,-2,0,64,83,0,0,5.04,0.48,2.46,52.68599999999999
0,2,0,9,-58,0,0,-2,-1,-20,72,0,-1,-2,0,75,84,0,0,5.04,0.48,2.46,53.334999999999994
0,2,0,11,-56,0,0,-2,-1,-15,71,0,-1,-2,0,80,76,0,0,5.04,0.48,2.46,53.983999999999995
0,2,0,11,-54,0,0,-2,-1,-9,69,0,-1,-2,0,82,67,0,0,5.04,0.48,2.46,54.632999999999996
0,2,0,12,-54,0,0,-2,-1,-7,68,0,-1,-2,0,84,63,0,0,5.04,0.48,2.46,55.282
0,2,0,12,-50,0,0,-2,-1,-4,62,0,-1,-2,0,85,59,0,0,5.04,0.48,2.46,55.931
0,2,0,12,-46,0,0,-2,-1,-1,52,0,-1,-2,0,81,53,0,0,5.04,0.48,2.46,56.58
0,2,0,11,-43,0,0,-2,-1,0,43,0,0,-1,0,81,70,0,0,5.04,0.48,2.46,57.229
0,2,0,11,-41,0,0,-2,-1,0,39,0,-1,-1,0,78,66,0,0,5.04,0.48,2.46,57.878
0,2,0,10,-38,0,0,-2,-1,2,31,0,-1,-1,0,71,64,0,0,5.04,0.48,2.46,58.527
0,2,0,10,-35,0,0,-2,-1,3,25,0,-1,-1,0,68,61,0,0,5.04,0.48,2.46,59.176
0,2,0,10,-33,0,0,-2,-1,5,21,0,-1,-1,0,63,59,0,0,5.04,0.48,2.46,59.825
0,2,0,9,-32,0,0,-2,-1,5,21,0,-1,-1,0,62,58,0,0,5.04,0.48,2.46,60.474000000000004
0,2,0,8,-29,0,0,-2,-1,6,22,0,-1,-1,0,56,38,0,0,5.04,0.51,2.59,61.158
0,2,0,8,-26,0,0,-2,-1,7,23,0,-1,-1,0,49,25,0,0,5.04,0.51,2.59,61.842
0,2,0,7,-24,0,0,-2,-1,8,22,0,-1,-1,1,40,13,0,0,5.04,0.51,2.59,62.525999999999996
0,2,0,7,-22,0,0,-2,-1,10,17,0,-1,-1,1,31,1,0,0,5.04,0.51,2.59,63.209999999999994
0,2,0,6,-21,0,0,-2,-1,11,16,0,-1,-1,1,31,-6,0,0,5.04,0.51,2.59,63.89399999999999
0,2,0,5,-21,0,0,-2,-1,12,11,0,-1,-1,1,17,-10,0,0,5.04,0.51,2.59,64.57799999999999
0,2,0,4,-21,0,0,-2,-1,14,7,0,-1,-1,1,8,-14,0,0,5.04,0.51,2.59,65.26199999999999
0,2,0,4,-21,0,0,-2,-1,13,5,0,0,-1,1,2,-14,0,0,5.04,0.51,2.59,65.94599999999998
0,2,0,4,-21,0,0,-2,-1,13,5,0,0,-1,1,0,-15,0,0,5.04,0.51,2.59,66.62999999999998
0,2,0,4,-21,0,0,-2,-1,12,2,0,0,-1,1,-7,-15,0,0,5.04,0.51,2.59,67.31399999999998
0,2,0,3,-21,0,0,-1,-1,12,0,0,0,-1,1,-13,-20,0,0,5.04,0.51,2.59,67.99799999999998
0,2,0,2,-21,0,0,-1,-1,13,-4,0,0,-1,1,-18,-23,0,0,5.04,0.51,2.59,68.68199999999997
0,2,0,2,-21,0,0,-2,-1,13,-6,0,0,-1,1,-21,-23,0,0,5.04,0.51,2.59,69.36599999999997
0,2,0,2,-22,0,0,-2,-1,13,-6,0,0,-1,1,-24,-20,0,0,5.04,0.51,2.59,70.04999999999997
0,2,0,3,-24,0,0,-2,-1,12,2,0,0,-1,1,-16,-1,0,0,5.04,0.51,2.59,70.73399999999997
0,2,0,3,-21,0,0,-2,-1,14,0,0,0,-2,1,0,3,0,0,5.04,0.51,2.59,71.41799999999996
0,2,0,3,-20,0,0,-2,-1,14,-3,0,0,-2,1,4,6,0,0,5.04,0.51,2.59,72.10199999999996
0,2,0,2,-18,0,0,-2,-1,14,-10,0,-1,-2,1,18,1,0,0,5.04,0.51,2.59,72.78599999999996
0,3,0,0,-17,0,0,-2,-1,13,-15,0,-1,-2,1,14,1,0,0,5.04,0.51,2.59,73.46999999999996
0,3,0,-6,-16,0,0,-2,-1,12,-16,0,-1,-2,1,1,-1,0,0,5.04,0.51,2.59,74.15399999999995
0,3,0,-9,-20,0,0,-2,-1,9,-17,0,0,-2,1,-5,10,0,0,5.04,0.51,2.59,74.83799999999995
0,3,0,-11,-22,0,0,-2,-1,9,-18,0,0,-2,1,-3,20,0,0,5.04,0.49,2.49,75.49599999999995
0,3,0,-17,-29,0,0,-2,-1,10,-25,0,0,-2,1,10,56,0,0,5.04,0.49,2.49,76.15399999999995
-1,3,0,-18,-36,0,0,-2,-1,13,-42,0,-1,-3,0,17,88,0,0,5.04,0.49,2.49,76.81199999999995
-1,3,0,-13,-36,0,0,-2,-1,14,-68,0,-2,-3,0,18,74,0,0,5.04,0.49,2.49,77.46999999999996
-1,3,0,-11,-34,0,0,-3,-1,19,-67,0,-2,-2,0,14,59,0,0,5.04,0.49,2.49,78.12799999999996
-1,3,0,-6,-32,0,0,-3,-1,10,-79,0,-2,-2,0,-6,27,0,0,5.04,0.49,2.49,78.78599999999996
-1,3,0,-2,-32,0,0,-3,0,2,-56,0,-2,-2,0,-29,4,0,0,5.04,0.49,2.49,79.44399999999996
-1,3,0,0,-26,0,0,-3,0,-18,-18,0,-2,-2,0,-41,-17,0,0,5.04,0.49,2.49,80.10199999999996
-1,3,0,0,-24,0,0,-3,0,-23,-2,0,-2,-2,0,-46,-21,0,0,5.04,0.49,2.49,80.75999999999996
-1,3,0,-2,-17,0,0,-3,0,-32,39,0,-2,-2,0,-56,-24,0,0,5.04,0.49,2.49,81.41799999999996
0,3,0,-5,-10,0,0,-3,0,-40,77,0,-1,-2,0,-57,-25,0,0,5.04,0.49,2.49,82.07599999999996
0,3,0,-7,-6,0,0,-3,0,-32,101,0,-1,-2,0,-55,-20,0,0,5.04,0.49,2.49,82.73399999999997
0,3,0,-6,-5,0,0,-3,0,-27,108,0,-1,-2,0,-55,-18,0,0,5.04,0.49,2.49,83.39199999999997
0,2,0,-7,-1,0,0,-3,0,-20,110,0,-1,-2,0,-57,-14,0,0,5.04,0.49,2.49,84.04999999999997
0,2,0,-7,0,0,0,-2,0,-14,81,0,-1,-1,0,-59,-11,0,0,5.04,0.49,2.49,84.70799999999997
0,2,0,-9,4,0,0,-2,0,-14,40,0,-1,-1,0,-60,-11,0,0,5.04,0.49,2.49,85.36599999999997
0,2,0,-11,6,0,0,-2,0,-8,8,0,-1,-1,0,-59,-10,0,0,5.04,0.49,2.49,86.02399999999997
0,2,0,-11,7,0,0,-2,0,-10,-2,0,-1,-1,0,-57,-10,0,0,5.04,0.49,2.49,86.68199999999997
0,1,0,-12,8,0,0,-2,0,-10,-23,0,-1,-1,0,-52,-9,0,0,5.04,0.49,2.49,87.33999999999997
0,1,0,-10,8,0,0,-2,0,-2,-33,0,-1,-1,0,-46,-8,0,0,5.04,0.49,2.49,87.99799999999998
0,1,0,-8,9,0,0,-2,0,-1,-30,0,-1,-1,0,-43,-12,0,0,5.04,0.49,2.49,88.65599999999998
0,1,0,-7,9,0,0,-2,0,-1,-27,0,-1,-1,0,-42,-14,0,0,5.04,0.49,2.47,89.30699999999997
0,1,0,-6,10,0,0,-2,0,-1,-19,0,-1,-1,0,-43,-25,0,0,5.04,0.49,2.47,89.95799999999997
0,2,0,-7,14,0,0,-2,0,-3,-13,0,-1,-1,0,-40,-39,0,0,5.04,0.49,2.47,90.60899999999997
0,2,0,-8,17,0,0,-2,0,-3,-7,0,-1,-1,0,-29,-41,0,0,5.04,0.49,2.47,91.25999999999996
0,2,0,-9,17,0,0,-2,0,-4,-6,0,-1,-1,0,-24,-38,0,0,5.04,0.49,2.47,91.91099999999996
0,2,0,-9,17,0,0,-2,0,-5,-4,0,-1,-1,0,-17,-29,0,0,5.04,0.49,2.47,92.56199999999995
0,2,0,-10,17,0,0,-2,0,-8,-4,0,-1,-1,0,-17,-23,0,0,5.04,0.49,2.47,93.21299999999995
0,2,0,-11,17,0,0,-2,0,-10,-5,0,-1,-1,0,-16,-15,0,0,5.04,0.49,2.47,93.86399999999995
0,2,0,-10,15,0,0,-2,0,-13,-5,0,-1,-2,0,-15,-9,0,0,5.04,0.49,2.47,94.51499999999994
0,2,0,-9,15,0,0,-2,0,-15,-5,0,-1,-2,0,-15,-7,0,0,5.04,0.49,2.47,95.16599999999994
0,2,0,-9,16,0,0,-2,0,-20,-1,0,-1,-2,0,-16,-3,0,0,5.04,0.49,2.47,95.81699999999994
0,2,0,-8,18,0,0,-2,0,-25,4,0,-1,-2,0,-18,-2,0,0,5.04,0.49,2.47,96.46799999999993
0,2,0,-8,20,0,0,-2,0,-25,11,0,-1,-2,0,-21,-7,0,0,5.04,0.49,2.47,97.11899999999993
0,2,0,-8,21,0,0,-2,0,-25,14,0,-1,-2,0,-22,-9,0,0,5.04,0.49,2.47,97.76999999999992
0,2,0,-8,22,0,0,-2,0,-26,21,0,-1,-2,0,-22,-13,0,0,5.04,0.49,2.47,98.42099999999992
0,2,0,-9,23,0,0,-2,0,-26,25,0,-1,-2,0,-19,-12,0,0,5.04,0.49,2.47,99.07199999999992
0,2,0,-10,23,0,0,-2,0,-23,24,0,-1,-1,0,-13,-9,0,0,5.04,0.49,2.47,99.72299999999991
0,2,0,-11,23,0,0,-2,0,-23,22,0,-1,-1,0,-11,-7,0,0,5.04,0.49,2.47,100.37399999999991
0,2,0,-13,22,0,0,-2,0,-20,13,0,-1,-1,0,-7,-1,0,0,5.04,0.49,2.47,101.0249999999999
0,2,0,-13,21,0,0,-2,0,-17,2,0,-1,-1,0,-7,5,0,0,5.04,0.49,2.47,101.6759999999999
0,2,0,-14,20,0,0,-2,0,-15,-5,0,-1,-1,0,-10,11,0,0,5.04,0.49,2.47,102.3269999999999
0,2,0,-14,19,0,0,-2,0,-14,-7,0,-1,-1,0,-11,12,0,0,5.04,0.47,2.37,102.9519999999999
0,2,0,-15,17,0,0,-2,0,-14,-11,0,-1,-1,0,-14,14,0,0,5.04,0.47,2.37,103.5769999999999
0,2,0,-17,14,0,0,-2,0,-14,-16,0,-1,-2,0,-16,14,0,0,5.04,0.47,2.37,104.2019999999999
0,3,0,-11,37,0,0,-3,0,-27,-12,0,-1,-2,0,-4,-51,0,0,5.03,0.45,2.28,104.8029999999999
0,3,0,-14,35,0,0,-3,0,-20,-13,0,-1,-2,0,-4,-48,0,0,5.03,0.45,2.28,105.4039999999999
0,3,0,-20,34,0,0,-4,0,-7,-31,0,-1,-2,0,-7,-45,0,0,5.03,0.45,2.28,106.0049999999999
0,3,0,-24,36,0,0,-4,0,1,-61,0,-1,-2,0,-11,-39,0,0,5.03,0.45,2.28,106.6059999999999
0,3,0,-27,35,0,0,-4,0,4,-94,0,-1,-3,0,-15,-38,0,0,5.03,0.45,2.28,107.2069999999999
0,3,0,-28,35,0,0,-3,0,4,-105,0,-1,-3,0,-18,-38,0,0,5.03,0.45,2.28,107.8079999999999
0,3,0,-25,38,0,1,-3,0,0,-102,0,-1,-3,0,-23,-41,0,0,5.03,0.45,2.28,108.40899999999989
0,3,0,-20,42,0,1,-3,-1,-8,-72,0,-1,-2,0,-27,-41,0,0,5.03,0.45,2.28,109.00999999999989
0,3,0,-15,41,0,0,-3,-1,-22,-47,0,-1,-2,0,-32,-35,0,0,5.03,0.45,2.28,109.61099999999989
0,3,0,-13,40,0,0,-2,-1,-22,-49,0,0,-2,0,-34,-33,0,0,5.03,0.45,2.28,110.21199999999989
0,3,0,-12,30,0,0,-2,-1,-18,-48,0,0,-2,1,-37,-31,0,0,5.04,0.47,2.4,110.8469999999999
0,3,0,-12,17,0,0,-2,-1,-20,-48,0,0,-3,2,-22,-7,0,0,5.04,0.47,2.4,111.4819999999999
0,3,0,-12,6,0,0,-2,-1,-20,-39,0,0,-3,2,19,33,0,0,5.04,0.47,2.4,112.1169999999999
0,3,0,-12,4,0,0,-2,-1,-18,-34,0,0,-3,2,40,44,0,0,5.04,0.47,2.4,112.75199999999991
0,2,0,-10,-1,0,0,-2,-1,-15,-28,0,0,-3,2,72,63,0,0,5.04,0.47,2.4,113.38699999999992
0,2,0,-8,-2,0,1,-2,-1,-12,-18,0,0,-2,1,74,89,0,0,5.04,0.47,2.4,114.02199999999992
0,2,0,-4,-3,0,0,-1,-1,-11,-12,0,0,-1,1,62,141,0,0,5.04,0.47,2.4,114.65699999999993
0,2,0,-3,-2,0,0,-1,-1,-10,-12,0,0,-1,1,59,144,0,0,5.04,0.47,2.4,115.29199999999993
0,1,0,-1,-1,0,0,-1,0,-15,-10,0,0,-1,0,52,141,0,0,5.04,0.47,2.4,115.92699999999994
0,1,0,-2,0,0,0,-1,0,-23,-8,0,0,-1,0,40,127,0,0,5.04,0.47,2.4,116.56199999999994
0,1,0,-2,0,0,0,-1,0,-32,0,0,0,-1,0,29,125,0,0,5.04,0.47,2.4,117.19699999999995
0,1,0,-2,0,0,0,-1,0,-32,-1,0,0,-1,0,23,118,0,0,5.04,0.47,2.4,117.83199999999995
0,1,0,-2,0,0,0,-1,0,-23,-6,0,-1,-1,0,4,81,0,0,5.04,0.47,2.4,118.46699999999996
0,2,0,-1,0,0,0,-1,0,-20,-5,0,-1,-1,0,-12,44,0,0,5.04,0.47,2.4,119.10199999999996
0,2,0,0,0,0,0,-1,0,-22,0,0,-1,-1,0,-21,13,0,0,5.04,0.47,2.4,119.73699999999997
0,2,0,0,0,0,0,-1,0,-22,1,0,-1,-1,0,-24,5,0,0,5.04,0.47,2.4,120.37199999999997
0,2,0,0,2,0,0,-1,0,-17,5,0,-1,-1,0,-28,-12,0,0,5.04,0.47,2.4,121.00699999999998
0,2,0,-1,4,0,0,-2,-1,-12,3,0,-1,-1,0,-29,-22,0,0,5.04,0.47,2.4,121.64199999999998
0,2,0,-3,5,0,0,-2,-1,-11,0,0,-1,-1,0,-27,-22,0,0,5.04,0.47,2.4,122.27699999999999
0,2,0,-3,6,0,0,-2,-1,-11,-1,0,-1,-2,0,-26,-23,0,0,5.04,0.47,2.4,122.91199999999999
0,2,0,-4,6,0,0,-2,-1,-11,-3,0,-1,-2,0,-26,-27,0,0,5.04,0.47,2.4,123.547
0,2,0,-4,6,0,0,-2,-1,-12,-4,0,-1,-2,0,-28,-32,0,0,5.03,0.45,2.28,124.14999999999999
0,2,0,-4,5,0,1,-2,-1,-15,-1,0,-1,-2,0,-35,-42,0,0,5.03,0.45,2.28,124.75299999999999
0,2,0,-4,5,0,1,-2,-1,-15,0,0,-1,-2,0,-39,-49,0,0,5.03,0.45,2.28,125.35599999999998
0,2,0,-3,5,0,0,-2,-1,-17,2,0,-1,-2,0,-53,-67,0,0,5.03,0.45,2.28,125.95899999999997
0,2,0,-2,6,0,0,-2,-1,-17,1,0,-1,-2,0,-60,-69,0,0,5.03,0.45,2.28,126.56199999999997
0,2,0,-2,7,0,0,-2,-1,-15,-2,0,-1,-2,0,-70,-72,0,0,5.03,0.45,2.28,127.16499999999996
0,2,0,-2,7,0,0,-2,-1,-12,-7,0,-1,-2,0,-67,-66,0,0,5.03,0.45,2.28,127.76799999999996
0,2,0,-3,6,0,0,-2,-1,-12,-8,0,-1,-2,0,-64,-63,0,0,5.03,0.45,2.28,128.37099999999995
0,2,0,-4,6,0,0,-2,-1,-11,-10,0,-1,-2,0,-54,-50,0,0,5.03,0.45,2.28,128.97399999999996
0,2,0,-6,5,0,0,-2,-1,-9,-8,0,-1,-2,1,-45,-36,0,0,5.03,0.45,2.28,129.57699999999997
0,2,0,-8,3,0,0,-2,0,-15,-8,0,0,-2,1,-34,-24,0,0,5.03,0.45,2.28,130.17999999999998
0,2,0,-9,3,0,0,-2,0,-12,-6,0,0,-2,1,-31,-20,0,0,5.03,0.45,2.28,130.783
0,2,0,-12,3,0,0,-2,0,-14,-5,0,0,-2,1,-23,-13,0,0,5.03,0.45,2.28,131.386
0,2,0,-15,2,0,0,-2,-1,-15,-6,0,0,-2,1,-10,-1,0,0,5.03,0.45,2.28,131.989
0,2,0,-18,2,0,0,-2,-1,-13,-6,0,0,-2,1,19,23,0,0,5.03,0.45,2.28,132.592
0,2,0,-18,2,0,0,-2,-1,-14,-6,0,-1,-2,1,28,35,0,0,5.03,0.45,2.28,133.19500000000002
0,2,0,-18,1,0,0,-2,-1,-18,-5,0,-1,-2,1,28,41,0,0,5.03,0.45,2.28,133.79800000000003
0,2,0,-18,-1,0,0,-2,-1,-21,-1,0,-1,-2,0,8,26,0,0,5.03,0.45,2.28,134.40100000000004
0,2,0,-17,-2,0,0,-2,-1,-25,4,0,-1,-2,0,-7,2,0,0,5.03,0.45,2.28,135.00400000000005
0,2,0,-16,-1,0,0,-2,0,-27,6,0,-1,-2,0,-9,-6,0,0,5.03,0.45,2.28,135.60700000000006
0,2,0,-12,0,0,0,-2,-1,-29,12,0,-1,-2,0,-14,-32,0,0,5.03,0.45,2.28,136.21000000000006
0,2,0,-8,0,0,0,-2,-1,-30,17,0,-1,-2,0,-18,-66,0,0,5.04,0.49,2.48,136.86600000000007
0,2,0,-7,-1,0,0,-2,-1,-30,18,0,0,-2,1,-11,-104,0,0,5.04,0.49,2.48,137.52200000000008
0,2,0,-7,-3,0,0,-2,-1,-29,20,0,0,-2,1,-4,-109,0,0,5.04,0.49,2.48,138.17800000000008
0,2,0,-9,-6,0,0,-2,0,-29,17,0,0,-2,1,32,-96,0,0,5.04,0.49,2.48,138.8340000000001
0,2,0,-11,-10,0,0,-2,0,-30,20,0,0,-2,1,65,-37,0,0,5.04,0.49,2.48,139.4900000000001
0,2,0,-11,-15,0,0,-2,-1,-30,21,0,0,-2,0,66,-1,0,0,5.04,0.49,2.48,140.1460000000001
0,2,0,-11,-21,0,0,-2,-1,-29,24,0,0,-2,0,59,18,0,0,5.04,0.49,2.48,140.8020000000001
0,2,0,-11,-24,0,0,-2,-1,-30,26,0,0,-2,0,54,24,0,0,5.04,0.49,2.48,141.4580000000001
0,2,0,-10,-33,0,0,-2,0,-31,30,0,0,-2,0,37,35,0,0,5.04,0.49,2.48,142.11400000000012
0,2,0,-7,-41,0,0,-2,0,-35,36,0,-1,-2,0,25,38,0,0,5.04,0.49,2.48,142.77000000000012
0,2,0,-3,-48,0,0,-2,0,-38,45,0,-1,-2,0,18,33,0,0,5.04,0.49,2.48,143.42600000000013
0,2,0,-1,-51,0,0,-2,0,-39,49,0,-1,-2,0,18,32,0,0,5.04,0.49,2.48,144.08200000000014
0,2,0,2,-56,0,0,-2,0,-39,59,0,-1,-2,0,23,23,0,0,5.04,0.49,2.48,144.73800000000014
0,2,0,6,-61,0,0,-2,0,-37,70,0,-1,-2,0,31,10,0,0,5.04,0.49,2.48,145.39400000000015
0,2,0,9,-64,0,0,-2,0,-37,77,0,-1,-2,0,40,0,0,0,5.04,0.49,2.48,146.05000000000015
0,2,0,10,-66,0,0,-2,0,-35,79,0,-1,-2,0,46,-7,0,0,5.04,0.49,2.48,146.70600000000016
0,2,0,11,-67,0,0,-2,0,-34,78,0,-1,-2,0,47,-8,0,0,5.04,0.49,2.48,147.36200000000017
0,2,0,11,-67,0,0,-2,0,-29,73,0,0,-2,0,50,-9,0,0,5.04,0.49,2.48,148.01800000000017
0,2,0,12,-66,0,0,-2,0,-23,68,0,0,-2,0,50,-2,0,0,5.04,0.49,2.48,148.67400000000018
0,2,0,11,-64,0,0,-2,0,-17,63,0,0,-2,0,50,10,0,0,5.04,0.49,2.48,149.33000000000018
0,2,0,11,-63,0,0,-2,-1,-15,61,0,0,-2,0,51,16,0,0,5.04,0.49,2.48,149.9860000000002
0,2,0,9,-61,0,0,-2,-1,-9,56,0,0,-2,0,54,33,0,0,5.05,0.52,2.65,150.68700000000018
0,2,0,8,-59,0,0,-2,-1,-5,49,0,0,-2,1,59,47,0,0,5.05,0.52,2.65,151.38800000000018
0,2,0,7,-57,0,0,-2,-1,-1,43,0,0,-2,1,65,61,0,0,5.05,0.52,2.65,152.08900000000017
0,2,0,6,-56,0,1,-2,-1,0,42,0,0,-2,1,68,68,0,0,5.05,0.52,2.65,152.79000000000016
0,2,0,5,-53,0,1,-2,-1,2,42,0,0,-1,1,74,87,0,0,5.05,0.52,2.65,153.49100000000016
0,2,0,4,-52,0,1,-2,-1,4,42,0,0,-1,1,73,98,0,0,5.05,0.52,2.65,154.19200000000015
0,2,0,3,-50,0,1,-2,-1,10,38,0,0,-1,1,66,101,0,0,5.05,0.52,2.65,154.89300000000014
0,2,0,3,-49,0,1,-2,-1,12,36,0,0,-1,1,65,101,0,0,5.05,0.52,2.65,155.59400000000014
0,2,0,2,-49,0,1,-2,-1,15,32,0,0,-1,1,58,99,0,0,5.05,0.52,2.65,156.29500000000013
0,2,0,0,-48,0,1,-2,-1,16,32,0,-1,-1,1,49,91,0,0,5.05,0.52,2.65,156.99600000000012
0,2,0,0,-47,0,1,-2,-1,16,33,0,-1,-1,1,40,83,0,0,5.05,0.52,2.65,157.69700000000012
0,2,0,-1,-46,0,1,-2,-1,16,33,0,-1,-1,1,38,80,0,0,5.05,0.52,2.65,158.3980000000001
0,2,0,-3,-45,0,1,-2,-1,16,32,0,-1,-1,1,31,71,0,0,5.05,0.52,2.65,159.0990000000001
0,2,0,-4,-43,0,0,-2,-1,17,28,0,-1,-1,1,24,58,0,0,5.05,0.52,2.65,159.8000000000001
0,2,0,-6,-41,0,0,-2,-1,19,23,0,-1,-1,1,15,46,0,0,5.05,0.52,2.65,160.5010000000001
0,2,0,-6,-40,0,0,-2,-1,19,21,0,-1,-1,1,12,43,0,0,5.05,0.52,2.65,161.20200000000008
0,2,0,-6,-40,0,0,-2,-1,20,18,0,0,-1,1,1,37,0,0,5.05,0.52,2.65,161.90300000000008
0,2,0,-6,-40,0,0,-2,-1,20,15,0,0,-1,1,-7,35,0,0,5.05,0.52,2.65,162.60400000000007
0,2,0,-6,-40,0,0,-2,-1,19,14,0,0,-1,0,-16,35,0,0,5.05,0.52,2.65,163.30500000000006
0,2,0,-6,-40,0,0,-2,-1,19,13,0,0,-1,1,-19,35,0,0,5.05,0.52,2.65,164.00600000000006
0,2,0,-7,-41,0,0,-1,-1,18,10,0,0,-1,1,-25,34,0,0,5.05,0.52,2.65,164.70700000000005
0,2,0,-7,-42,0,0,-1,-1,17,6,0,0,-1,0,-28,33,0,0,5.04,0.49,2.51,165.37200000000004
0,2,0,-7,-44,0,0,-1,-1,14,5,0,0,-1,1,-29,33,0,0,5.04,0.49,2.51,166.03700000000003
0,2,0,-5,-46,0,0,-1,-1,11,3,0,0,-1,1,-25,33,0,0,5.04,0.49,2.51,166.70200000000003
0,2,0,-5,-46,0,0,-2,-1,10,2,0,0,-2,1,-22,33,0,0,5.04,0.49,2.51,167.36700000000002
0,2,0,-5,-46,0,0,-2,-1,7,4,0,-1,-2,1,-10,27,0,0,5.04,0.49,2.51,168.032
0,2,0,-5,-44,0,0,-2,-1,6,7,0,-1,-2,1,6,21,0,0,5.04,0.49,2.51,168.697
0,3,0,-6,-43,0,0,-2,-1,5,8,0,-1,-2,1,21,4,0,0,5.04,0.49,2.51,169.362
0,3,0,-7,-42,0,0,-2,-1,4,8,0,-1,-2,1,23,0,0,0,5.04,0.49,2.51,170.027
0,3,0,-10,-42,0,0,-2,-1,4,5,0,-1,-2,1,22,-9,0,0,5.04,0.49,2.51,170.69199999999998
0,3,0,-15,-41,0,0,-2,-1,5,2,0,0,-2,1,21,9,0,0,5.04,0.49,2.51,171.35699999999997
0,3,0,-19,-41,0,0,-2,-1,6,1,0,0,-2,1,25,47,0,0,5.04,0.49,2.51,172.02199999999996
0,3,0,-21,-41,0,0,-2,-1,6,0,0,0,-2,1,30,64,0,0,5.04,0.49,2.51,172.68699999999995
0,3,0,-23,-43,0,0,-2,-1,7,-7,0,-1,-2,0,50,111,0,0,5.04,0.49,2.51,173.35199999999995
0,3,0,-22,-45,0,0,-2,-1,5,-18,0,-2,-2,0,45,107,0,0,5.04,0.49,2.51,174.01699999999994
-1,3,0,-21,-40,0,0,-3,-1,7,-10,0,-3,-2,0,28,69,0,0,5.04,0.49,2.51,174.68199999999993
-1,3,0,-19,-44,0,0,-2,0,-13,-20,0,-3,-2,0,18,51,0,0,5.04,0.49,2.51,175.34699999999992
0,2,0,-15,-40,0,0,-3,0,-22,6,0,-3,-2,0,-2,-5,0,0,5.04,0.49,2.51,176.01199999999992
0,3,0,-13,-31,0,0,-2,0,-41,44,0,-2,-2,0,-16,-50,0,0,5.04,0.49,2.51,176.6769999999999
0,3,0,-9,-17,0,0,-3,0,-46,72,0,-1,-2,0,-34,-63,0,0,5.04,0.49,2.51,177.3419999999999
0,3,0,-8,-13,0,0,-3,0,-54,93,0,-1,-2,0,-38,-60,0,0,5.04,0.49,2.51,178.0069999999999
0,3,0,-4,0,0,0,-3,0,-48,115,0,-1,-2,0,-43,-40,0,0,5.04,0.49,2.51,178.67199999999988
0,3,0,-2,7,0,0,-3,0,-40,120,0,-1,-2,0,-49,-18,0,0,5.04,0.48,2.46,179.3219999999999
0,2,0,-1,9,0,0,-3,0,-29,118,0,-1,-2,0,-54,0,0,0,5.04,0.48,2.46,179.9719999999999
0,2,0,-1,8,0,0,-3,0,-13,114,0,-1,-2,0,-60,11,0,0,5.04,0.48,2.46,180.6219999999999
0,2,0,-1,8,0,0,-3,0,-9,110,0,-1,-1,0,-60,14,0,0,5.04,0.48,2.46,181.2719999999999
0,2,0,0,7,0,0,-2,0,0,85,0,-1,-1,0,-64,21,0,0,5.04,0.48,2.46,181.9219999999999
0,2,0,-1,6,0,0,-2,0,2,42,0,-1,-1,0,-63,23,0,0,5.04,0.48,2.46,182.57199999999992
0,2,0,-1,4,0,0,-2,0,-2,5,0,-1,-1,0,-58,19,0,0,5.04,0.48,2.46,183.22199999999992
0,2,0,-1,3,0,0,-2,0,-2,-4,0,-1,-1,0,-55,18,0,0,5.04,0.48,2.46,183.87199999999993
0,1,0,-1,2,0,0,-2,0,-4,-17,0,-1,-1,0,-44,14,0,0,5.04,0.48,2.46,184.52199999999993
0,2,0,-2,2,0,0,-2,0,-5,-16,0,-1,-1,0,-33,9,0,0,5.04,0.48,2.46,185.17199999999994
0,2,0,-2,4,0,0,-2,0,-5,-8,0,-1,-1,0,-26,3,0,0,5.04,0.48,2.46,185.82199999999995
0,2,0,-2,5,0,0,-2,0,-7,-3,0,-1,-1,0,-25,0,0,0,5.04,0.48,2.46,186.47199999999995
0,2,0,-4,9,0,0,-2,0,-8,5,0,-1,-1,0,-24,-5,0,0,5.04,0.48,2.46,187.12199999999996
0,2,0,-5,12,0,0,-2,0,-8,15,0,-1,-1,0,-23,-8,0,0,5.04,0.48,2.46,187.77199999999996
0,2,0,-5,12,0,0,-2,0,-7,21,0,-1,-1,0,-22,-6,0,0,5.04,0.48,2.46,188.42199999999997
0,2,0,-5,12,0,0,-2,0,-5,22,0,-1,-1,0,-21,-4,0,0,5.04,0.48,2.46,189.07199999999997
0,2,0,-3,11,0,0,-2,0,-1,21,0,-1,-1,0,-20,0,0,0,5.04,0.48,2.46,189.72199999999998
0,2,0,-1,10,0,0,-2,0,1,18,0,-1,-1,0,-20,3,0,0,5.04,0.48,2.46,190.37199999999999
0,2,0,0,11,0,0,-2,0,3,12,0,-1,-2,0,-22,3,0,0,5.04,0.48,2.46,191.022
0,2,0,0,13,0,0,-2,0,4,9,0,-1,-2,0,-23,2,0,0,5.04,0.48,2.46,191.672
0,2,0,0,17,0,0,-2,0,7,0,0,-1,-2,0,-24,0,0,0,5.04,0.48,2.46,192.322
0,2,0,0,20,0,0,-2,0,10,-8,0,-1,-2,0,-22,-3,0,0,5.05,0.51,2.59,193.008
0,2,0,0,23,0,0,-2,0,11,-18,0,-1,-2,0,-19,-5,0,0,5.05,0.51,2.59,193.69400000000002
0,2,0,-1,23,0,0,-2,0,11,-21,0,-1,-2,0,-18,-5,0,0,5.05,0.51,2.59,194.38000000000002
0,2,0,-1,22,0,0,-2,0,11,-26,0,-1,-2,0,-10,-1,0,0,5.05,0.51,2.59,195.06600000000003
0,2,0,-1,21,0,0,-2,0,11,-27,0,-1,-2,0,-2,7,0,0,5.05,0.51,2.59,195.75200000000004
0,2,0,-1,20,0,0,-2,0,7,-24,0,-1,-1,0,3,16,0,0,5.05,0.51,2.59,196.43800000000005
0,2,0,-1,18,0,0,-2,0,4,-20,0,-1,-1,0,4,20,0,0,5.05,0.51,2.59,197.12400000000005
0,2,0,-1,18,0,0,-2,0,2,-18,0,-1,-1,0,3,20,0,0,5.05,0.51,2.59,197.81000000000006
0,2,0,-2,16,0,0,-2,0,-1,-12,0,-1,-2,0,-1,18,0,0,5.05,0.51,2.59,198.49600000000007
0,2,0,-3,14,0,0,-2,0,-4,-6,0,-1,-2,0,-4,14,0,0,5.05,0.51,2.59,199.18200000000007
0,2,0,-4,15,0,0,-2,0,-7,-1,0,-1,-2,0,-5,9,0,0,5.05,0.51,2.59,199.86800000000008
0,2,0,-5,16,0,0,-2,0,-8,0,0,-1,-2,0,-5,8,0,0,5.05,0.51,2.59,200.5540000000001
0,2,0,-8,20,0,0,-2,0,-12,2,0,-1,-2,0,-3,4,0,0,5.05,0.51,2.59,201.2400000000001
0,2,0,-9,23,0,0,-2,0,-14,4,0,-1,-2,0,-2,2,0,0,5.05,0.51,2.59,201.9260000000001
0,2,0,-9,26,0,0,-2,0,-15,5,0,-1,-2,0,-5,1,0,0,5.05,0.51,2.59,202.6120000000001
0,2,0,-9,27,0,0,-2,0,-14,5,0,-1,-2,0,-6,1,0,0,5.05,0.51,2.59,203.29800000000012
0,2,0,-11,28,0,0,-2,0,-14,1,0,-1,-2,0,-13,1,0,0,5.05,0.51,2.59,203.98400000000012
0,2,0,-12,24,0,0,-2,0,-13,-7,0,-1,-2,0,-21,0,0,0,5.05,0.51,2.59,204.67000000000013
0,2,0,-12,19,0,0,-2,0,-11,-17,0,-1,-2,0,-26,-1,0,0,5.05,0.51,2.59,205.35600000000014
0,2,0,-12,16,0,0,-2,0,-11,-20,0,-1,-2,0,-27,-1,0,0,5.05,0.51,2.59,206.04200000000014
0,2,0,-12,10,0,0,-2,0,-11,-25,0,-1,-2,0,-29,-3,0,0,5.05,0.51,2.59,206.72800000000015
0,2,0,-12,7,0,0,-2,0,-16,-25,0,-1,-2,0,-29,-6,0,0,5.04,0.48,2.45,207.37600000000015
0,2,0,-11,7,0,0,-2,0,-21,-23,0,-1,-2,0,-28,-7,0,0,5.04,0.48,2.45,208.02400000000014
0,4,0,-21,26,0,0,-3,-1,-3,1,0,-1,-3,1,-12,-65,0,0,5.05,0.51,2.59,208.71000000000015
0,4,0,-23,22,0,0,-3,-1,6,-10,0,0,-3,1,-30,-48,0,0,5.05,0.51,2.59,209.39600000000016
0,3,0,-23,24,0,0,-3,-1,13,-34,0,0,-3,2,-23,-13,0,1,5.05,0.51,2.59,210.08200000000016
0,3,0,-20,27,0,0,-2,-1,23,-68,0,0,-3,2,7,32,0,0,5.05,0.51,2.59,210.76800000000017
0,3,0,-16,24,0,0,-2,-1,27,-99,0,0,-2,2,32,63,0,0,5.05,0.51,2.59,211.45400000000018
0,2,0,-14,22,0,0,-2,-1,26,-102,0,0,-2,2,36,75,0,0,5.05,0.51,2.59,212.14000000000019
0,2,0,-9,14,0,0,-2,-1,24,-118,0,-1,-2,1,18,72,0,0,5.05,0.51,2.59,213.5120000000002
0,2,0,-7,14,0,0,-1,-1,20,-109,0,0,-2,1,2,74,0,0,5.05,0.51,2.59,214.1980000000002
0,2,0,-6,15,0,0,-1,-1,14,-106,0,0,-2,0,-6,71,0,0,5.05,0.51,2.59,214.8840000000002
0,2,0,-7,19,0,0,-1,-1,6,-86,0,0,-1,0,-26,87,0,0,5.05,0.51,2.59,215.57000000000022
0,2,0,-9,24,0,1,-1,0,-1,-63,0,0,-1,0,-49,82,0,0,5.04,0.48,2.42,216.21200000000022
0,1,0,-11,27,0,0,-1,0,-7,-38,0,0,-1,0,-66,56,0,0,5.04,0.48,2.42,216.8540000000002
0,1,0,-12,27,0,0,-1,0,-9,-27,0,0,-1,0,-69,41,0,0,5.04,0.48,2.42,217.4960000000002
0,1,0,-13,26,0,0,-1,0,-14,-5,0,0,-1,0,-72,5,0,0,5.04,0.48,2.42,218.1380000000002
0,1,0,-13,24,0,0,-1,0,-18,8,0,0,-1,0,-72,-19,0,0,5.04,0.48,2.42,218.7800000000002
0,1,0,-12,22,0,0,-1,0,-20,15,0,0,-1,0,-71,-38,0,0,5.04,0.48,2.42,219.4220000000002
0,2,0,-11,22,0,0,-1,0,-20,16,0,0,-1,0,-70,-44,0,0,5.04,0.48,2.42,220.0640000000002
0,2,0,-10,21,0,0,-2,0,-23,20,0,0,-1,0,-67,-57,0,0,5.04,0.48,2.42,220.7060000000002
0,2,0,-9,18,0,0,-2,0,-25,23,0,0,-1,0,-68,-62,0,0,5.04,0.48,2.42,221.34800000000018
0,2,0,-9,13,0,0,-2,0,-27,26,0,-1,-2,0,-71,-66,0,0,5.04,0.48,2.42,221.99000000000018
0,2,0,-8,9,0,0,-2,0,-27,28,0,-1,-2,0,-73,-61,0,0,5.04,0.48,2.42,222.63200000000018
0,2,0,-7,8,0,0,-2,0,-27,28,0,-1,-2,0,-72,-60,0,0,5.04,0.48,2.42,223.27400000000017
0,2,0,-5,6,0,0,-2,-1,-26,28,0,-1,-2,0,-69,-61,0,0,5.04,0.48,2.42,223.91600000000017
0,2,0,-1,3,0,0,-2,-1,-24,27,0,-1,-2,0,-64,-69,0,0,5.04,0.48,2.42,224.55800000000016
0,2,0,1,1,0,0,-2,0,-22,27,0,-1,-2,0,-46,-62,0,0,5.04,0.48,2.42,225.20000000000016
0,2,0,2,0,0,0,-2,0,-20,27,0,-1,-2,0,-40,-61,0,0,5.04,0.48,2.42,225.84200000000016
0,2,0,4,-5,0,0,-2,0,-16,26,0,-1,-2,1,-35,-57,0,0,5.04,0.48,2.42,226.48400000000015
0,2,0,7,-7,0,0,-2,0,-14,28,0,0,-2,1,-18,-36,0,0,5.04,0.48,2.42,227.12600000000015
0,2,0,7,-10,0,0,-2,0,-18,22,0,0,-2,1,-10,-12,0,0,5.04,0.48,2.42,227.76800000000014
0,2,0,7,-13,0,0,-2,0,-17,23,0,0,-2,1,-10,-8,0,0,5.04,0.48,2.42,228.41000000000014
0,2,0,8,-16,0,0,-2,0,-22,21,0,0,-2,1,-14,2,0,0,5.04,0.48,2.42,229.05200000000013
0,2,0,8,-18,0,0,-2,0,-17,18,0,0,-2,1,-11,14,0,0,5.04,0.5,2.56,229.73100000000014
0,2,0,7,-20,0,0,-2,0,-14,21,0,0,-2,1,1,33,0,0,5.04,0.5,2.56,230.41000000000014
0,2,0,6,-22,0,0,-2,0,-12,22,0,0,-2,1,8,44,0,0,5.04,0.5,2.56,231.08900000000014
0,2,0,4,-26,0,0,-2,0,-14,26,0,0,-2,1,28,74,0,0,5.04,0.5,2.56,231.76800000000014
0,2,0,3,-27,0,0,-2,0,-16,29,0,-1,-2,1,39,78,0,0,5.04,0.5,2.56,232.44700000000014
0,2,0,5,-26,0,0,-2,0,-21,33,0,-1,-2,0,35,55,0,0,5.04,0.5,2.56,233.12600000000015
0,2,0,5,-27,0,0,-2,0,-23,34,0,-1,-2,0,32,45,0,0,5.04,0.5,2.56,233.80500000000015
0,2,0,7,-26,0,0,-2,0,-26,38,0,-1,-2,0,23,16,0,0,5.04,0.5,2.56,234.48400000000015
0,2,0,7,-28,0,0,-2,0,-28,44,0,-1,-2,0,17,-19,0,0,5.04,0.5,2.56,235.16300000000015
0,2,0,7,-29,0,0,-2,0,-30,51,0,-1,-2,0,18,-57,0,0,5.04,0.5,2.56,235.84200000000016
0,2,0,7,-29,0,0,-2,0,-30,53,0,-1,-2,0,16,-72,0,0,5.04,0.5,2.56,236.52100000000016
0,2,0,4,-29,0,0,-2,0,-31,53,0,0,-2,1,12,-97,0,0,5.04,0.5,2.56,237.20000000000016
0,2,0,0,-29,0,0,-2,0,-28,57,0,0,-2,1,34,-77,0,0,5.04,0.5,2.56,237.87900000000016
0,2,0,-2,-29,0,0,-2,0,-26,52,0,0,-2,1,65,-34,0,0,5.04,0.5,2.56,238.55800000000016
0,2,0,-3,-30,0,0,-2,0,-25,51,0,0,-2,1,73,-12,0,0,5.04,0.5,2.56,239.23700000000017
0,2,0,-6,-32,0,0,-2,0,-21,45,0,0,-2,0,80,32,0,0,5.04,0.5,2.56,239.91600000000017
0,2,0,-6,-39,0,0,-2,0,-19,40,0,0,-2,0,65,79,0,0,5.04,0.5,2.56,241.27400000000017
0,2,0,-7,-41,0,0,-2,0,-19,40,0,-1,-2,0,64,72,0,0,5.04,0.5,2.56,241.95300000000017
0,2,0,-6,-45,0,0,-2,0,-22,43,0,0,-2,0,62,110,0,0,5.04,0.5,2.56,242.63200000000018
0,2,0,-3,-47,0,0,-2,0,-25,50,0,-1,-2,0,51,105,0,0,5.04,0.5,2.56,243.31100000000018
0,2,0,-1,-50,0,0,-2,0,-26,58,0,-1,-2,0,48,83,0,0,5.04,0.5,2.52,243.97900000000018
0,2,0,0,-53,0,0,-2,0,-27,68,0,-1,-2,0,51,63,0,0,5.04,0.5,2.52,244.6470000000002
0,2,0,1,-54,0,0,-2,0,-27,70,0,-1,-2,0,53,57,0,0,5.04,0.5,2.52,245.3150000000002
0,2,0,3,-56,0,0,-2,0,-26,74,0,-1,-2,0,58,39,0,0,5.04,0.5,2.52,245.9830000000002
0,2,0,5,-56,0,0,-2,0,-24,73,0,-1,-2,0,56,10,0,0,5.04,0.5,2.52,246.6510000000002
0,2,0,6,-55,0,0,-2,0,-21,69,0,-1,-2,0,55,0,0,0,5.04,0.5,2.52,247.31900000000022
0,2,0,7,-55,0,0,-2,0,-15,62,0,-1,-2,0,53,0,0,0,5.04,0.5,2.52,247.98700000000022
0,2,0,7,-55,0,0,-2,0,-13,59,0,-1,-2,0,53,0,0,0,5.04,0.5,2.52,248.65500000000023
0,2,0,8,-55,0,0,-2,0,-9,51,0,-1,-2,0,55,5,0,0,5.04,0.5,2.52,249.32300000000023
0,2,0,7,-55,0,0,-2,0,-6,44,0,-1,-2,0,62,13,0,0,5.04,0.5,2.52,249.99100000000024
0,2,0,6,-55,0,0,-2,0,-6,41,0,-1,-1,1,66,9,0,0,5.04,0.5,2.52,250.65900000000025
0,2,0,4,-52,0,0,-2,0,-4,35,0,0,-1,1,76,17,0,0,5.04,0.5,2.52,251.32700000000025
0,2,0,2,-49,0,0,-2,0,-2,30,0,-1,-1,1,78,21,0,0,5.04,0.5,2.52,251.99500000000026
0,2,0,1,-47,0,1,-2,-1,0,29,0,-1,-1,1,75,19,0,0,5.04,0.5,2.52,252.66300000000027
0,2,0,0,-46,0,1,-2,-1,1,31,0,-1,-1,1,72,18,0,0,5.04,0.5,2.52,253.33100000000027
0,2,0,-2,-45,0,1,-2,-1,3,39,0,-1,-1,1,66,12,0,0,5.04,0.5,2.52,253.99900000000028
0,2,0,-1,-43,0,1,-2,-1,4,50,0,-1,-1,1,52,8,0,0,5.04,0.5,2.52,254.6670000000003
0,2,0,-2,-40,0,1,-2,-1,5,54,0,-1,-1,1,42,13,0,0,5.04,0.5,2.52,255.3350000000003
0,2,0,-1,-39,0,1,-2,-1,5,54,0,-1,-1,1,35,20,0,0,5.04,0.5,2.52,256.00300000000027
0,2,0,-1,-38,0,1,-2,-1,5,51,0,-1,-1,1,28,21,0,0,5.04,0.5,2.52,256.6710000000003
0,2,0,-1,-39,0,1,-2,-1,6,49,0,-1,-1,1,25,20,0,0,5.04,0.5,2.52,257.3390000000003
0,2,0,0,-40,0,0,-2,-1,7,40,0,0,-1,1,20,19,0,0,5.03,0.44,2.24,257.9320000000003
0,2,0,0,-41,0,0,-2,-1,9,29,0,0,-1,1,16,21,0,0,5.03,0.44,2.24,258.5250000000003
0,2,0,1,-43,0,0,-2,0,9,20,0,0,-1,1,8,26,0,0,5.03,0.44,2.24,259.11800000000034
0,2,0,1,-44,0,0,-2,0,10,17,0,0,-1,1,5,29,0,0,5.03,0.44,2.24,259.71100000000035
0,2,0,3,-46,0,0,-2,0,12,11,0,0,-1,1,-1,38,0,0,5.03,0.44,2.24,260.30400000000037
0,2,0,6,-46,0,0,-2,0,13,7,0,0,-1,1,-9,45,0,0,5.03,0.44,2.24,260.8970000000004
0,2,0,7,-46,0,0,-2,0,14,2,0,0,-1,1,-14,46,0,0,5.03,0.44,2.24,261.4900000000004
0,2,0,7,-46,0,0,-2,0,15,1,0,0,-1,1,-14,45,0,0,5.03,0.44,2.24,262.0830000000004
0,2,0,7,-48,0,0,-2,0,17,-1,0,0,-1,1,-12,48,0,0,5.03,0.44,2.24,262.67600000000044
0,2,0,7,-51,0,0,-2,-1,19,-5,0,0,-1,1,-8,53,0,0,5.03,0.44,2.24,263.26900000000046
0,2,0,5,-53,0,0,-2,-1,18,-10,0,0,-2,1,2,57,0,0,5.03,0.44,2.24,263.8620000000005
0,2,0,2,-52,0,0,-2,-1,16,-10,0,-1,-2,1,25,58,0,0,5.03,0.44,2.24,264.4550000000005
0,3,0,0,-50,0,0,-2,-1,12,-8,0,-1,-2,2,59,67,0,0,5.03,0.44,2.24,265.0480000000005
0,3,0,-3,-50,0,0,-2,-1,10,-9,0,-1,-2,2,68,73,0,0,5.03,0.44,2.24,265.64100000000053
0,3,0,-10,-50,0,0,-3,-1,7,-13,0,-1,-2,1,72,79,0,0,5.03,0.44,2.24,266.23400000000055
0,4,0,-16,-50,0,0,-3,-1,8,-24,0,-1,-2,0,45,80,0,0,5.03,0.44,2.24,266.82700000000057
0,4,0,-19,-48,0,0,-3,-1,11,-34,0,-1,-2,0,13,79,0,0,5.03,0.44,2.24,267.4200000000006
0,3,0,-20,-46,0,0,-3,-1,11,-36,0,-1,-2,0,4,77,0,0,5.03,0.44,2.24,268.0130000000006
-1,3,0,-22,-39,0,0,-2,0,5,-32,0,-2,-2,0,-23,72,0,0,5.03,0.44,2.24,268.6060000000006
-1,3,0,-24,-36,0,0,-3,0,-8,-8,0,-2,-3,0,-48,51,0,0,5.03,0.44,2.24,269.19900000000064
-1,3,0,-27,-30,0,0,-3,0,-11,11,0,-2,-2,0,-51,9,0,0,5.03,0.44,2.24,269.79200000000066
-1,3,0,-28,-32,0,0,-3,0,-16,33,0,-2,-3,0,-46,-3,0,0,5.04,0.47,2.39,270.42700000000065
-1,3,0,-30,-27,0,0,-3,0,-25,48,0,-2,-2,0,-39,-45,0,0,5.04,0.47,2.39,271.06200000000064
-1,3,0,-31,-24,0,0,-3,0,-28,56,0,-1,-2,0,-28,-56,0,0,5.04,0.47,2.39,271.6970000000006
0,3,0,-31,-21,0,0,-3,0,-39,80,0,-1,-2,0,-9,-36,0,0,5.04,0.47,2.39,272.3320000000006
0,3,0,-31,-18,0,0,-3,0,-40,85,0,-1,-2,0,-4,-34,0,0,5.04,0.47,2.39,272.9670000000006
0,3,0,-30,-10,0,0,-3,0,-43,93,0,-1,-2,0,1,-24,0,0,5.04,0.47,2.39,273.6020000000006
0,3,0,-27,-2,0,0,-3,0,-34,86,0,-1,-2,0,-1,-20,0,0,5.04,0.47,2.39,274.2370000000006
0,2,0,-23,1,0,0,-3,0,-22,66,0,-1,-2,0,-8,-19,0,0,5.04,0.47,2.39,274.8720000000006
0,2,0,-21,2,0,0,-3,0,-18,58,0,-1,-2,0,-10,-20,0,0,5.04,0.47,2.39,275.5070000000006
0,2,0,-17,0,0,0,-3,0,-12,34,0,-1,-2,0,-19,-16,0,0,5.04,0.47,2.39,276.14200000000056
-1,2,0,-15,-6,0,0,-2,0,-9,19,0,-1,-1,0,-25,-10,0,0,5.04,0.47,2.39,276.77700000000056
-1,2,0,-14,-13,0,0,-2,0,-15,14,0,-1,-1,0,-33,-7,0,0,5.04,0.47,2.39,277.41200000000055
-1,2,0,-13,-15,0,0,-2,0,-18,15,0,-1,-1,0,-35,-6,0,0,5.04,0.47,2.39,278.04700000000054
0,1,0,-13,-19,0,0,-2,0,-26,24,0,-1,-1,0,-39,-5,0,0,5.04,0.47,2.39,278.6820000000005
0,1,0,-13,-20,0,0,-2,0,-34,36,0,-1,-1,0,-40,-4,0,0,5.04,0.47,2.39,279.3170000000005
0,1,0,-11,-18,0,0,-2,0,-38,47,0,-1,-1,0,-38,-3,0,0,5.04,0.47,2.39,279.9520000000005
0,2,0,-10,-17,0,0,-2,0,-37,49,0,-1,-1,0,-38,-3,0,0,5.04,0.47,2.39,280.5870000000005
0,2,0,-8,-11,0,0,-2,0,-36,49,0,-1,-1,0,-40,-6,0,0,5.04,0.47,2.39,281.2220000000005
0,2,0,-6,-4,0,0,-2,0,-33,43,0,-1,-1,0,-42,-11,0,0,5.04,0.47,2.39,281.8570000000005
0,2,0,-5,2,0,0,-2,0,-28,36,0,-1,-1,0,-42,-11,0,0,5.04,0.47,2.39,282.4920000000005
0,2,0,-5,4,0,0,-2,0,-26,33,0,-1,-1,0,-41,-10,0,0,5.04,0.47,2.39,283.12700000000046
0,1,0,-5,8,0,0,-2,0,-23,27,0,-1,-1,0,-43,-5,0,0,5.03,0.45,2.29,283.73500000000047
0,2,0,-5,10,0,0,-2,0,-20,19,0,-1,-1,0,-43,0,0,0,5.03,0.45,2.29,284.3430000000005
0,2,0,-5,12,0,0,-2,0,-17,10,0,-1,-1,0,-40,7,0,0,5.03,0.45,2.29,284.9510000000005
0,2,0,-5,16,0,0,-2,0,-13,0,0,-1,-1,0,-37,11,0,0,5.03,0.45,2.29,285.5590000000005
0,2,0,-5,18,0,0,-2,0,-12,-4,0,-1,-2,0,-36,11,0,0,5.03,0.45,2.29,286.1670000000005
0,2,0,-4,25,0,0,-2,0,-9,-9,0,-1,-2,0,-36,9,0,0,5.03,0.45,2.29,286.7750000000005
0,2,0,-4,31,0,0,-2,0,-9,-10,0,-1,-2,0,-39,5,0,0,5.03,0.45,2.29,287.3830000000005
0,2,0,-4,35,0,0,-2,0,-7,-12,0,-1,-2,0,-40,0,0,0,5.03,0.45,2.29,287.9910000000005
0,2,0,-4,37,0,0,-2,0,-5,-12,0,-1,-2,0,-41,-2,0,0,5.03,0.45,2.29,288.5990000000005
0,2,0,-4,38,0,0,-2,0,-2,-15,0,-1,-2,0,-38,-4,0,0,5.03,0.45,2.29,289.2070000000005
0,2,0,-4,38,0,0,-2,0,-2,-18,0,-1,-2,0,-33,-5,0,0,5.03,0.45,2.29,289.8150000000005
0,2,0,-4,36,0,0,-2,0,-7,-19,0,-1,-2,0,-26,0,0,0,5.03,0.45,2.29,290.4230000000005
0,2,0,-4,35,0,0,-2,0,-8,-19,0,-1,-2,0,-23,3,0,0,5.03,0.45,2.29,291.0310000000005
0,2,0,-4,34,0,0,-2,0,-8,-21,0,-1,-2,0,-13,16,0,0,5.03,0.45,2.29,291.6390000000005
0,2,0,-5,33,0,0,-2,0,-8,-24,0,-1,-2,0,-10,19,0,0,5.03,0.45,2.29,292.2470000000005
0,2,0,-7,33,0,0,-2,0,-8,-27,0,-1,-2,0,-13,9,0,0,5.03,0.45,2.29,292.85500000000053
0,2,0,-9,30,0,0,-2,0,-7,-30,0,-1,-2,0,-18,-5,0,0,5.03,0.45,2.29,293.46300000000053
0,2,0,-9,28,0,0,-2,0,-6,-30,0,-1,-2,0,-20,-9,0,0,5.03,0.45,2.29,294.07100000000054
0,2,0,-10,23,0,0,-2,0,-6,-28,0,-1,-2,0,-20,-18,0,0,5.03,0.45,2.29,294.67900000000054
0,2,0,-9,20,0,0,-2,0,-10,-23,0,-1,-2,0,-26,-14,0,0,5.03,0.45,2.29,295.28700000000055
0,2,0,-8,21,0,0,-2,0,-14,-21,0,-1,-2,0,-20,-1,0,0,5.03,0.45,2.29,295.89500000000055
0,2,0,-8,22,0,0,-2,0,-15,-21,0,-1,-2,0,-20,-4,0,0,5.04,0.49,2.51,296.56000000000057
0,2,0,-8,28,0,0,-2,0,-15,-24,0,-1,-2,0,-17,-12,0,0,5.04,0.49,2.51,297.2250000000006
0,2,0,-9,33,0,0,-2,0,-12,-28,0,-1,-2,0,-14,-9,0,0,5.04,0.49,2.51,297.8900000000006
0,2,0,-9,35,0,0,-2,0,-7,-30,0,-1,-2,0,-14,-5,0,0,5.04,0.49,2.51,298.55500000000063
0,2,0,-10,34,0,0,-2,0,-2,-30,0,-1,-2,0,-16,-8,0,0,5.04,0.49,2.51,299.22000000000065
0,2,0,-11,33,0,0,-2,0,0,-30,0,-1,-2,0,-17,-10,0,0,5.04,0.49,2.51,299.8850000000007
0,2,0,-12,31,0,0,-2,0,1,-31,0,-1,-2,0,-20,-13,0,0,5.04,0.49,2.51,300.5500000000007
0,2,0,-12,32,0,0,-2,0,2,-30,0,-1,-2,0,-23,-19,0,0,5.04,0.49,2.51,301.2150000000007
0,2,0,-12,34,0,0,-2,0,4,-30,0,-1,-2,0,-25,-29,0,0,5.04,0.49,2.51,301.88000000000073
0,2,0,-11,35,0,0,-2,0,4,-31,0,-1,-2,0,-25,-33,0,0,5.04,0.49,2.51,302.54500000000075
0,2,0,-9,39,0,0,-2,0,5,-35,0,-1,-2,0,-26,-43,0,0,5.04,0.49,2.51,303.2100000000008
0,2,0,-7,42,0,0,-2,0,8,-39,0,-1,-2,0,-28,-53,0,0,5.04,0.49,2.51,303.8750000000008
0,2,0,-6,44,0,0,-2,0,12,-42,0,-1,-2,0,-29,-56,0,0,5.04,0.49,2.51,304.5400000000008
0,2,0,-4,45,0,0,-2,0,15,-41,0,-1,-2,0,-28,-54,0,0,5.04,0.49,2.51,305.20500000000084
0,2,0,-3,45,0,0,-2,0,20,-40,0,-1,-2,0,-26,-49,0,0,5.04,0.49,2.51,305.87000000000086
0,2,0,-3,44,0,0,-2,0,24,-41,0,-1,-2,0,-24,-44,0,0,5.04,0.49,2.51,306.5350000000009
0,2,0,-3,44,0,0,-2,0,26,-42,0,-1,-2,0,-23,-43,0,0,5.04,0.49,2.51,307.2000000000009
0,2,0,-2,43,0,0,-2,0,28,-44,0,-1,-2,0,-21,-44,0,0,5.04,0.49,2.51,307.8650000000009
0,2,0,-2,42,0,0,-2,0,28,-46,0,-1,-2,0,-18,-47,0,0,5.04,0.49,2.51,308.53000000000094
0,2,0,-2,41,0,0,-2,0,28,-46,0,-1,-2,0,-15,-50,0,0,5.04,0.49,2.51,309.19500000000096
0,2,0,-3,40,0,0,-2,0,27,-46,0,-1,-2,0,-14,-51,0,0,5.04,0.49,2.51,309.860000000001
-1,2,0,-2,38,0,0,-2,0,23,-47,0,-1,-2,0,-11,-53,0,0,5.04,0.48,2.46,310.514000000001
-1,2,0,-2,37,0,0,-2,0,19,-47,0,-1,-2,0,-8,-53,0,0,5.04,0.48,2.46,311.168000000001
-1,2,0,-2,36,0,0,-2,0,15,-46,0,-1,-2,0,-5,-57,0,0,5.04,0.48,2.46,311.82200000000097
-1,2,0,-2,35,0,0,-2,0,14,-44,0,-1,-2,0,-4,-59,0,0,5.04,0.48,2.46,312.47600000000097
0,2,0,-1,35,0,0,-2,0,12,-42,0,-1,-2,0,0,-59,0,0,5.04,0.48,2.46,313.13000000000096
0,2,0,0,35,0,0,-2,0,11,-41,0,-1,-2,0,4,-55,0,0,5.04,0.48,2.46,313.78400000000096
0,2,0,1,35,0,0,-2,0,12,-40,0,-1,-1,0,8,-49,0,0,5.04,0.48,2.46,314.43800000000095
0,2,0,2,35,0,0,-2,0,13,-39,0,-1,-1,0,10,-47,0,0,5.04,0.48,2.46,315.09200000000095
-1,2,0,4,34,0,0,-2,0,11,-36,0,-1,-1,0,15,-49,0,0,5.04,0.48,2.46,315.74600000000095
-1,2,0,5,33,0,0,-2,0,7,-34,0,-1,-1,0,18,-60,0,0,5.04,0.48,2.46,316.40000000000094
0,2,0,0,-14,0,0,-2,0,-21,19,0,-1,-2,0,22,28,0,0,5.03,0.45,2.27,317.00300000000095
0,2,0,-2,-14,0,0,-2,0,-20,23,0,-1,-2,0,15,6,0,0,5.03,0.45,2.27,317.60600000000096
0,2,0,-4,-14,0,0,-2,0,-18,28,0,-1,-2,0,8,-8,0,0,5.03,0.45,2.27,318.20900000000097
0,2,0,-7,-17,0,0,-2,-1,-20,33,0,0,-2,0,9,-1,0,0,5.03,0.46,2.32,318.826000000001
0,2,0,-9,-18,0,0,-2,-1,-20,35,0,0,-2,0,12,5,0,0,5.03,0.46,2.32,319.443000000001
0,2,0,-12,-21,0,0,-2,-1,-21,41,0,-1,-2,0,25,27,0,0,5.03,0.46,2.32,320.060000000001
0,2,0,-14,-22,0,0,-2,0,-26,44,0,-1,-2,0,29,32,0,0,5.03,0.46,2.32,320.67700000000104
0,2,0,-12,-25,0,0,-2,-1,-25,52,0,-1,-2,0,25,33,0,0,5.03,0.46,2.32,321.29400000000106
0,2,0,-11,-26,0,0,-2,-1,-25,55,0,-1,-2,0,24,33,0,0,5.03,0.46,2.32,321.9110000000011
0,2,0,-7,-29,0,0,-2,0,-25,68,0,-1,-2,0,23,19,0,0,5.03,0.46,2.32,322.5280000000011
0,2,0,-3,-32,0,0,-2,0,-23,78,0,-1,-2,0,25,-8,0,0,5.03,0.46,2.32,323.1450000000011
0,2,0,-1,-35,0,0,-2,0,-21,78,0,-1,-2,0,27,-34,0,0,5.03,0.46,2.32,323.76200000000114
0,2,0,-1,-36,0,0,-2,0,-21,76,0,-1,-2,0,31,-41,0,0,5.03,0.46,2.32,324.37900000000116
0,2,0,0,-38,0,0,-2,0,-23,69,0,0,-2,1,47,-42,0,0,5.03,0.46,2.32,324.9960000000012
0,2,0,0,-39,0,0,-2,0,-29,65,0,0,-2,0,65,-28,0,0,5.03,0.46,2.32,325.6130000000012
0,2,0,0,-39,0,0,-2,0,-30,66,0,0,-2,0,84,6,0,0,5.03,0.46,2.32,326.2300000000012
0,2,0,0,-39,0,0,-2,0,-29,68,0,0,-2,0,89,19,0,0,5.03,0.46,2.32,326.84700000000123
0,2,0,-1,-39,0,0,-2,0,-28,74,0,0,-2,0,90,40,0,0,5.03,0.46,2.32,327.46400000000125
0,2,0,0,-40,0,0,-2,0,-25,72,0,-1,-2,0,80,46,0,0,5.03,0.46,2.32,328.08100000000127
0,2,0,0,-41,0,0,-2,0,-24,63,0,-1,-2,0,69,46,0,0,5.03,0.46,2.32,328.6980000000013
0,2,0,1,-42,0,0,-2,0,-25,59,0,-1,-2,0,66,43,0,0,5.03,0.46,2.32,329.3150000000013
0,2,0,3,-44,0,0,-2,0,-25,46,0,-1,-2,0,55,28,0,0,5.03,0.46,2.32,329.9320000000013
0,2,0,5,-47,0,0,-2,0,-26,36,0,-1,-2,0,48,14,0,0,5.03,0.46,2.32,330.54900000000134
0,2,0,6,-50,0,0,-2,0,-29,30,0,-1,-2,0,50,5,0,0,5.03,0.46,2.32,331.16600000000136
0,2,0,7,-50,0,0,-2,0,-29,28,0,-1,-2,0,51,3,0,0,5.02,0.42,2.11,331.72700000000134
0,2,0,8,-51,0,0,-2,0,-32,26,0,-1,-2,0,60,1,0,0,5.02,0.42,2.11,332.2880000000013
0,2,0,9,-50,0,0,-2,0,-34,27,0,-1,-2,1,69,4,0,0,5.02,0.42,2.11,332.8490000000013
0,2,0,10,-50,0,0,-2,0,-33,27,0,-1,-1,1,76,17,0,0,5.02,0.42,2.11,333.4100000000013
0,2,0,10,-49,0,0,-2,0,-32,27,0,-1,-1,0,77,20,0,0,5.02,0.42,2.11,333.97100000000125
0,2,0,11,-49,0,0,-2,0,-27,33,0,-1,-1,0,73,32,0,0,5.02,0.42,2.11,334.53200000000123
0,2,0,10,-48,0,1,-2,0,-19,41,0,-1,-1,0,69,48,0,0,5.02,0.42,2.11,335.0930000000012
0,2,0,10,-46,0,0,-2,-1,-4,45,0,-1,-1,0,67,60,0,0,5.02,0.42,2.11,335.6540000000012
0,2,0,10,-44,0,0,-2,-1,11,36,0,-1,-1,0,67,71,0,0,5.02,0.42,2.11,336.21500000000117
0,2,0,10,-43,0,0,-2,-1,15,31,0,-1,-1,0,67,70,0,0,5.02,0.42,2.11,336.77600000000115
0,2,0,12,-41,0,1,-2,0,28,-5,0,-1,-1,1,56,61,0,0,5.02,0.42,2.11,337.3370000000011
0,2,0,12,-41,0,1,-2,0,30,-13,0,-1,-1,1,53,55,0,0,5.02,0.42,2.11,337.8980000000011
0,2,0,12,-40,0,1,-2,0,36,-34,0,-1,-1,1,42,37,0,0,5.02,0.42,2.11,338.4590000000011
0,2,0,12,-40,0,1,-2,0,39,-45,0,-1,-1,1,33,19,0,0,5.02,0.42,2.11,339.02000000000106
0,2,0,12,-39,0,1,-2,0,40,-48,0,0,-1,1,19,7,0,0,5.02,0.42,2.11,339.58100000000104
0,2,0,11,-38,0,1,-2,0,40,-46,0,0,-1,1,13,5,0,0,5.02,0.42,2.11,340.142000000001
0,2,0,10,-37,0,1,-2,0,38,-36,0,0,-1,1,0,4,0,0,5.02,0.42,2.11,340.703000000001
0,2,0,9,-35,0,1,-2,0,37,-23,0,0,-1,1,-6,10,0,0,5.02,0.42,2.11,341.264000000001
0,2,0,7,-35,0,1,-2,0,37,-10,0,0,-1,1,-10,22,0,0,5.02,0.42,2.11,341.82500000000095
0,2,0,5,-34,0,1,-2,0,37,-5,0,0,-1,1,-11,27,0,0,5.02,0.42,2.11,342.38600000000093
0,2,0,3,-33,0,1,-2,0,35,5,0,0,-1,1,-11,41,0,0,5.02,0.42,2.11,342.9470000000009
0,2,0,2,-32,0,1,-2,0,33,12,0,-1,-1,1,-13,53,0,0,5.04,0.46,2.32,343.5630000000009
0,2,0,0,-31,0,1,-2,-1,31,12,0,-1,-1,1,-17,56,0,0,5.04,0.46,2.32,344.1790000000009
0,2,0,0,-31,0,1,-2,-1,30,11,0,-1,-1,1,-18,56,0,0,5.04,0.46,2.32,344.79500000000087
0,2,0,-1,-29,0,1,-2,-1,29,8,0,-1,-1,1,-16,49,0,0,5.04,0.46,2.32,345.41100000000085
0,2,0,-3,-28,0,1,-2,-1,28,5,0,-1,-1,1,-6,34,0,0,5.04,0.46,2.32,346.02700000000084
0,2,0,-4,-29,0,1,-2,-1,25,5,0,-1,-2,1,8,7,0,0,5.04,0.46,2.32,346.6430000000008
0,2,0,-5,-29,0,1,-2,-1,24,5,0,-1,-2,1,11,-4,0,0,5.04,0.46,2.32,347.2590000000008
0,3,0,-7,-29,0,1,-2,-1,21,6,0,0,-2,1,17,-10,0,0,5.04,0.46,2.32,347.8750000000008
0,3,0,-9,-29,0,0,-2,-1,14,1,0,0,-2,1,10,12,0,0,5.04,0.46,2.32,348.4910000000008
0,3,0,-12,-31,0,0,-2,-1,15,6,0,-1,-2,1,2,37,0,0,5.04,0.46,2.32,349.10700000000077
0,3,0,-13,-31,0,0,-2,-1,16,7,0,-1,-2,1,0,40,0,0,5.04,0.46,2.32,349.72300000000075
0,3,0,-15,-33,0,0,-2,-1,18,5,0,-2,-2,0,-11,34,0,0,5.04,0.46,2.32,350.33900000000074
0,3,0,-16,-35,0,0,-2,-1,13,0,0,-2,-2,0,-27,18,0,0,5.04,0.46,2.32,350.9550000000007
-1,3,0,-17,-36,0,0,-2,-1,7,-1,0,-2,-3,0,-22,14,0,0,5.04,0.46,2.32,351.5710000000007
-1,3,0,-17,-37,0,0,-3,-1,3,-1,0,-2,-3,0,-18,13,0,0,5.04,0.46,2.32,352.1870000000007
-1,3,0,-18,-37,0,0,-3,-1,-5,9,0,-2,-3,0,-8,12,0,0,5.04,0.46,2.32,352.8030000000007
-1,3,0,-17,-35,0,0,-3,0,-16,26,0,-2,-2,0,-11,12,0,0,5.04,0.46,2.32,353.41900000000066
0,2,0,-17,-33,0,0,-2,0,-28,51,0,-1,-2,0,-13,19,0,0,5.04,0.46,2.32,354.03500000000065
0,2,0,-16,-28,0,0,-2,0,-40,79,0,-1,-2,0,-13,28,0,0,5.04,0.46,2.32,354.65100000000064
0,2,0,-15,-20,0,0,-3,0,-45,113,0,-1,-2,0,-20,29,0,0,5.04,0.46,2.32,355.2670000000006
0,3,0,-14,-16,0,0,-3,0,-54,125,0,-1,-2,0,-24,25,0,0,5.04,0.46,2.32,355.8830000000006
0,2,0,-14,-11,0,0,-3,0,-74,121,0,-1,-2,0,-34,20,0,0,5.04,0.47,2.37,356.5140000000006
0,2,0,-12,-6,0,0,-3,0,-67,129,0,-1,-2,0,-41,16,0,0,5.04,0.47,2.37,357.14500000000055
0,2,0,-10,-4,0,0,-3,0,-56,122,0,-1,-2,0,-47,9,0,0,5.04,0.47,2.37,357.7760000000005
0,2,0,-10,-3,0,0,-2,0,-48,113,0,-1,-2,0,-51,5,0,0,5.04,0.47,2.37,358.4070000000005
0,2,0,-9,-1,0,0,-2,0,-35,83,0,-1,-1,0,-58,-6,0,0,5.04,0.47,2.37,359.03800000000047
0,2,0,-8,0,0,0,-2,0,-38,61,0,-1,-1,0,-59,-18,0,0,5.04,0.47,2.37,359.66900000000044
0,1,0,-7,0,0,0,-2,0,-36,37,0,-1,-1,0,-58,-24,0,0,5.04,0.47,2.37,360.3000000000004
0,1,0,-6,0,0,0,-2,0,-37,25,0,-1,-1,0,-57,-28,0,0,5.04,0.47,2.37,360.9310000000004
0,1,0,-6,0,0,0,-2,0,-31,18,0,-1,-1,0,-57,-42,0,0,5.04,0.47,2.37,361.56200000000035
0,1,0,-5,-4,0,0,-2,0,-24,14,0,-1,-1,0,-57,-52,0,0,5.04,0.47,2.37,362.1930000000003
0,1,0,-4,-5,0,0,-2,0,-20,13,0,0,-1,0,-48,-46,0,0,5.04,0.47,2.37,362.8240000000003
0,2,0,-3,-4,0,0,-2,0,-21,16,0,0,-1,0,-39,-36,0,0,5.04,0.47,2.37,363.45500000000027
0,2,0,-2,-3,0,0,-2,0,-27,23,0,0,-1,0,-16,-1,0,0,5.04,0.47,2.37,364.08600000000024
0,2,0,-2,-1,0,0,-2,0,-31,25,0,0,-1,0,-1,28,0,0,5.04,0.47,2.37,364.7170000000002
0,2,0,-2,0,0,0,-2,0,-29,26,0,-1,-1,0,8,51,0,0,5.04,0.47,2.37,365.3480000000002
0,2,0,-2,0,0,0,-2,0,-28,23,0,-1,-1,0,9,55,0,0,5.04,0.47,2.37,365.97900000000016
0,2,0,-2,0,0,0,-2,0,-23,20,0,-1,-1,0,12,58,0,0,5.04,0.47,2.37,366.6100000000001
0,2,0,-2,3,0,0,-2,0,-23,20,0,-1,-1,0,13,46,0,0,5.04,0.47,2.37,367.2410000000001
0,2,0,-1,7,0,0,-2,0,-23,18,0,-1,-2,0,9,22,0,0,5.04,0.47,2.37,367.87200000000007
0,2,0,0,11,0,0,-2,0,-22,16,0,-2,-2,0,0,-1,0,0,5.04,0.47,2.37,368.50300000000004
0,2,0,0,13,0,0,-2,0,-21,16,0,-1,-2,0,-3,-9,0,0,5.04,0.47,2.37,369.134
0,2,0,0,18,0,0,-2,0,-18,14,0,-1,-2,0,-11,-23,0,0,5.04,0.48,2.45,369.78700000000003
0,2,0,-1,23,0,0,-2,0,-13,10,0,-1,-2,0,-17,-31,0,0,5.04,0.48,2.45,370.44000000000005
0,2,0,-2,27,0,0,-2,0,-9,4,0,-1,-1,0,-20,-32,0,0,5.04,0.48,2.45,371.0930000000001
0,2,0,-2,29,0,0,-2,0,-7,0,0,-1,-1,0,-21,-31,0,0,5.04,0.48,2.45,371.7460000000001
0,2,0,-5,32,0,0,-2,0,-1,-12,0,-1,-1,0,-24,-22,0,0,5.04,0.48,2.45,372.3990000000001
0,2,0,-10,30,0,0,-2,0,3,-25,0,-1,-1,0,-26,-11,0,0,5.04,0.48,2.45,373.05200000000013
0,2,0,-16,24,0,0,-2,0,7,-37,0,-1,-1,0,-28,-3,0,0,5.04,0.48,2.45,373.70500000000015
0,2,0,-19,17,0,0,-2,0,8,-45,0,-1,-1,0,-29,2,0,0,5.04,0.48,2.45,374.3580000000002
0,2,0,-20,13,0,0,-2,0,6,-51,0,-1,-2,0,-27,-1,0,0,5.04,0.48,2.45,375.0110000000002
0,2,0,-20,10,0,0,-2,0,4,-52,0,-1,-2,0,-22,3,0,0,5.04,0.48,2.45,375.6640000000002
0,2,0,-20,6,0,0,-2,0,-2,-53,0,-1,-2,0,-15,3,0,0,5.04,0.48,2.45,376.31700000000023
0,2,0,-22,5,0,0,-2,0,-7,-48,0,-1,-2,0,-11,-6,0,0,5.04,0.48,2.45,376.97000000000025
0,2,0,-21,7,0,0,-2,0,-12,-34,0,-1,-2,0,-10,-11,0,0,5.04,0.48,2.45,377.6230000000003
0,2,0,-19,10,0,0,-2,0,-17,-10,0,-1,-2,0,-9,-8,0,0,5.04,0.48,2.45,378.2760000000003
0,2,0,-18,12,0,0,-2,0,-18,-4,0,-1,-2,0,-10,-10,0,0,5.04,0.48,2.45,378.9290000000003
0,2,0,-15,22,0,0,-2,0,-19,11,0,-1,-2,0,-16,-12,0,0,5.04,0.48,2.45,379.58200000000033
0,2,0,-15,24,0,0,-2,0,-19,11,0,-1,-2,0,-20,-12,0,0,5.04,0.48,2.45,380.23500000000035
0,2,0,-15,27,0,0,-2,0,-14,6,0,-1,-2,0,-28,-10,0,0,5.04,0.48,2.45,380.8880000000004
0,2,0,-13,29,0,0,-2,0,-8,-3,0,-1,-2,0,-34,-7,0,0,5.04,0.48,2.45,381.5410000000004
0,2,0,-11,28,0,0,-2,0,-1,-18,0,-1,-2,0,-38,-7,0,0,5.04,0.48,2.45,382.1940000000004
0,2,0,-10,28,0,0,-2,0,0,-24,0,-1,-2,0,-36,-7,0,0,5.04,0.48,2.45,382.84700000000043
0,2,0,-8,28,0,0,-2,0,3,-39,0,-1,-2,0,-28,-12,0,0,5.04,0.5,2.55,383.52700000000044
0,2,0,-6,28,0,0,-2,0,4,-44,0,-1,-2,0,-18,-16,0,0,5.04,0.5,2.55,384.20700000000045
0,2,0,-6,29,0,0,-2,0,3,-42,0,-1,-1,0,-14,-20,0,0,5.04,0.5,2.55,384.88700000000046
0,2,0,-5,32,0,0,-2,0,0,-35,0,-1,-1,0,-13,-27,0,0,5.04,0.5,2.55,385.56700000000046
0,2,0,-5,33,0,0,-2,0,0,-32,0,-1,-1,0,-14,-30,0,0,5.04,0.5,2.55,386.24700000000047
0,2,0,-4,35,0,0,-2,0,-1,-26,0,-1,-1,0,-20,-33,0,0,5.04,0.5,2.55,386.9270000000005
0,2,0,-3,37,0,0,-2,0,-1,-22,0,-1,-2,0,-27,-33,0,0,5.04,0.5,2.55,387.6070000000005
0,2,0,-1,38,0,0,-2,0,0,-22,0,-1,-2,0,-27,-27,0,0,5.04,0.5,2.55,388.2870000000005
0,2,0,-1,39,0,0,-2,0,1,-24,0,-1,-2,0,-26,-24,0,0,5.04,0.5,2.55,388.9670000000005
0,2,0,0,40,0,0,-2,0,5,-30,0,-1,-2,0,-23,-18,0,0,5.04,0.5,2.55,389.6470000000005
0,2,0,1,41,0,0,-2,0,9,-37,0,-1,-2,0,-17,-20,0,0,5.04,0.5,2.55,390.3270000000005
-1,2,0,2,41,0,0,-2,0,11,-44,0,-1,-2,0,-15,-29,0,0,5.04,0.5,2.55,391.0070000000005
-1,2,0,2,41,0,0,-2,0,12,-45,0,-1,-2,0,-16,-34,0,0,5.04,0.5,2.55,391.6870000000005
-1,2,0,2,40,0,0,-2,0,13,-43,0,-1,-2,0,-18,-45,0,0,5.04,0.5,2.55,392.36700000000053
-1,2,0,2,38,0,0,-2,0,12,-35,0,-1,-2,0,-20,-53,0,0,5.04,0.5,2.55,393.04700000000054
-1,2,0,1,35,0,0,-2,0,14,-28,0,-1,-2,0,-20,-57,0,0,5.04,0.5,2.55,393.72700000000054
-1,2,0,0,35,0,0,-2,0,14,-26,0,-1,-2,0,-19,-56,0,0,5.04,0.5,2.55,394.40700000000055
-1,2,0,0,33,0,0,-2,0,14,-20,0,-1,-2,0,-15,-54,0,0,5.04,0.5,2.55,395.08700000000056
-1,2,0,-2,30,0,0,-2,0,14,-24,0,-1,-2,0,-10,-50,0,0,5.04,0.5,2.55,395.76700000000056
-1,2,0,-3,27,0,0,-2,0,12,-31,0,-1,-2,0,-8,-50,0,0,5.04,0.5,2.55,396.44700000000057
-1,2,0,-4,25,0,0,-2,0,13,-39,0,-1,-2,0,-8,-53,0,0,5.04,0.5,2.55,397.1270000000006
-1,2,0,-4,24,0,0,-2,0,14,-41,0,-1,-2,0,-8,-54,0,0,5.05,0.51,2.61,397.8230000000006
-1,2,0,-4,21,0,0,-2,0,16,-44,0,-1,-2,0,-8,-55,0,0,5.05,0.51,2.61,398.51900000000063
-1,2,0,-3,19,0,0,-2,0,18,-41,0,-1,-2,0,-7,-53,0,0,5.05,0.51,2.61,399.21500000000066
-1,2,0,-3,17,0,0,-2,0,11,-33,0,-1,-2,0,-3,-50,0,0,5.05,0.51,2.61,399.9110000000007
-1,2,0,-2,17,0,0,-2,0,7,-30,0,-1,-2,0,-1,-49,0,0,5.05,0.51,2.61,400.6070000000007
-1,2,0,-2,16,0,0,-2,0,-1,-23,0,-1,-2,0,0,-46,0,0,5.05,0.51,2.61,401.30300000000074
-1,2,0,-2,15,0,0,-2,0,-7,-18,0,-1,-2,0,0,-45,0,0,5.05,0.51,2.61,401.99900000000076
-1,2,0,-1,14,0,0,-2,0,-7,-16,0,-1,-2,0,0,-47,0,0,5.05,0.51,2.61,402.6950000000008
-1,2,0,0,14,0,0,-2,0,-7,-15,0,-1,-2,0,0,-47,0,0,5.05,0.51,2.61,403.3910000000008
-1,2,0,0,13,0,0,-2,0,-8,-14,0,-1,-2,0,1,-46,0,0,5.05,0.51,2.61,404.08700000000084
-1,2,0,0,12,0,0,-2,0,-9,-13,0,0,-2,0,5,-39,0,0,5.05,0.51,2.61,404.78300000000087
-1,2,0,0,12,0,0,-2,0,-11,-13,0,0,-2,0,9,-31,0,0,5.05,0.51,2.61,405.4790000000009
-1,2,0,0,12,0,0,-2,0,-13,-12,0,0,-2,0,10,-27,0,0,5.05,0.51,2.61,406.1750000000009
-1,2,0,0,13,0,0,-2,0,-16,-10,0,-1,-2,0,15,-18,0,0,5.05,0.51,2.61,406.87100000000095
-1,2,0,-1,13,0,0,-2,0,-20,-7,0,-1,-2,0,21,-12,0,0,5.05,0.51,2.61,407.567000000001
0,2,0,-3,15,0,0,-2,0,-19,-3,0,-1,-2,0,26,-4,0,0,5.05,0.51,2.61,408.263000000001
0,2,0,-3,15,0,0,-2,0,-19,-1,0,-1,-2,0,27,-3,0,0,5.05,0.51,2.61,408.959000000001
0,2,0,-5,18,0,0,-2,0,-18,0,0,-1,-2,0,30,-3,0,0,5.05,0.51,2.61,409.65500000000105
0,2,0,-8,22,0,0,-2,0,-17,1,0,-1,-2,0,29,-11,0,0,5.05,0.51,2.61,410.3510000000011
0,3,0,-11,25,0,0,-2,0,-18,0,0,-1,-2,0,23,-23,0,0,5.05,0.51,2.61,411.0470000000011
0,3,0,-12,27,0,0,-3,0,-19,-1,0,-1,-2,0,20,-28,0,0,5.05,0.51,2.61,411.74300000000113
0,3,0,-18,31,0,0,-3,0,-20,-4,0,-1,-2,0,11,-37,0,0,5.03,0.44,2.22,412.3330000000011
0,3,0,-25,31,0,0,-3,-1,-17,-10,0,-1,-2,0,0,-39,0,0,5.03,0.44,2.22,412.9230000000011
0,3,0,-28,28,0,0,-3,-1,-9,-31,0,-1,-3,0,-11,-39,0,0,5.03,0.44,2.22,413.51300000000106
0,3,0,-27,29,0,0,-3,-1,-5,-42,0,-1,-3,0,-17,-38,0,0,5.03,0.44,2.22,414.10300000000103
0,3,0,-24,39,0,0,-3,-1,2,-66,0,-1,-2,0,-31,-44,0,0,5.03,0.44,2.22,414.693000000001
0,3,0,-20,46,0,0,-3,-1,4,-71,0,-1,-2,0,-44,-53,0,0,5.03,0.44,2.22,415.283000000001
0,3,0,-18,49,0,0,-3,-1,0,-69,0,-1,-2,1,-52,-64,0,0,5.03,0.44,2.22,415.87300000000096
0,3,0,-19,48,0,0,-3,-1,0,-68,0,-1,-2,1,-54,-67,0,0,5.03,0.44,2.22,416.46300000000093
0,3,0,-20,38,0,0,-2,-1,3,-71,0,0,-2,2,-57,-59,0,0,5.03,0.44,2.22,417.0530000000009
0,3,0,-20,28,0,0,-2,-1,4,-49,0,0,-2,2,-37,-63,0,0,5.03,0.44,2.22,417.6430000000009
0,3,0,-20,16,0,0,-2,-1,6,-49,0,0,-2,3,-2,17,0,0,5.03,0.44,2.22,418.23300000000086
0,2,0,-17,10,0,0,-2,-1,2,-43,0,0,-2,2,18,35,0,0,5.03,0.44,2.22,418.82300000000083
0,2,0,-15,10,0,0,-2,-1,1,-42,0,0,-2,2,24,35,0,0,5.03,0.44,2.22,419.4130000000008
0,2,0,-12,9,0,0,-2,-1,-2,-38,0,0,-2,1,31,58,0,0,5.03,0.44,2.22,420.0030000000008
0,2,0,-11,7,0,0,-2,-1,-5,-35,0,0,-2,1,34,97,0,0,5.03,0.44,2.22,420.59300000000076
0,2,0,-11,4,0,0,-1,-1,-7,-29,0,0,-2,0,39,95,0,0,5.03,0.44,2.22,421.18300000000073
0,2,0,-11,3,0,0,-1,-1,-7,-27,0,0,-2,0,40,90,0,0,5.03,0.44,2.22,421.7730000000007
0,2,0,-12,0,0,0,-1,0,-15,-19,0,-1,-1,0,42,72,0,0,5.03,0.44,2.22,422.3630000000007
0,2,0,7,-49,0,0,-2,-1,-14,58,0,-1,-1,0,68,20,0,0,5.03,0.44,2.22,422.95500000000067
0,2,0,7,-49,0,0,-2,-1,-13,58,0,-1,-1,0,69,31,0,0,5.03,0.44,2.22,423.54700000000065
0,2,0,7,-48,0,0,-2,-1,-12,56,0,-1,-1,0,73,39,0,0,5.03,0.44,2.22,424.13900000000064
0,2,0,7,-47,0,0,-2,-1,-12,55,0,-1,-1,0,73,40,0,0,5.03,0.44,2.22,424.7310000000006
0,2,0,7,-41,0,0,-2,-1,-10,45,0,-1,-1,1,78,40,0,0,5.03,0.44,2.22,425.3230000000006
0,2,0,7,-37,0,0,-2,-1,-6,44,0,-1,-1,1,74,42,0,0,5.03,0.44,2.22,425.9150000000006
0,2,0,7,-36,0,1,-2,-1,-5,45,0,-1,-1,1,70,43,0,0,5.03,0.44,2.22,426.5070000000006
0,2,0,6,-33,0,1,-2,-1,-3,47,0,-1,-1,1,58,47,0,0,5.03,0.44,2.22,427.09900000000056
0,2,0,5,-32,0,0,-1,-1,-1,46,0,-1,-1,1,44,54,0,0,5.03,0.44,2.22,427.69100000000054
0,2,0,5,-32,0,0,-1,-1,-1,41,0,-1,-1,1,33,53,0,0,5.03,0.44,2.22,428.2830000000005
0,2,0,5,-31,0,0,-2,-1,-1,35,0,-1,-1,1,22,47,0,0,5.03,0.44,2.22,428.8750000000005
0,2,0,5,-30,0,0,-2,-1,-1,33,0,-1,-1,1,19,48,0,0,5.03,0.44,2.22,429.4670000000005
0,2,0,6,-29,0,1,-2,-1,-3,30,0,-1,-1,1,10,45,0,0,5.03,0.44,2.22,430.0590000000005
0,2,0,5,-28,0,1,-2,-1,-3,29,0,-1,-1,1,3,43,0,0,5.03,0.44,2.22,430.65100000000047
0,2,0,5,-28,0,1,-2,-1,-3,27,0,-1,-1,1,-2,40,0,0,5.03,0.44,2.22,431.24300000000045
0,2,0,5,-28,0,1,-2,-1,-3,27,0,-1,-1,1,-4,38,0,0,5.03,0.44,2.22,431.83500000000043
0,2,0,4,-29,0,1,-2,-1,-3,26,0,-1,-1,1,-9,33,0,0,5.04,0.47,2.38,432.47100000000046
0,2,0,3,-30,0,1,-2,-1,-2,24,0,-1,-1,1,-13,25,0,0,5.04,0.47,2.38,433.1070000000005
0,2,0,3,-30,0,1,-2,-1,-2,22,0,-1,-1,1,-14,22,0,0,5.04,0.47,2.38,433.7430000000005
0,2,0,2,-31,0,0,-2,-1,-1,16,0,-1,-1,1,-17,15,0,0,5.04,0.47,2.38,434.37900000000053
0,2,0,0,-31,0,0,-2,-1,0,10,0,-1,-1,1,-16,8,0,0,5.04,0.47,2.38,435.01500000000055
0,2,0,0,-31,0,0,-2,-1,2,6,0,-1,-1,1,-12,2,0,0,5.04,0.47,2.38,435.6510000000006
0,2,0,0,-31,0,0,-2,-1,3,7,0,-1,-1,1,-9,-3,0,0,5.04,0.47,2.38,436.2870000000006
0,2,0,-2,-31,0,0,-2,-1,4,9,0,-1,-1,1,-3,-8,0,0,5.04,0.47,2.38,436.9230000000006
0,2,0,-3,-31,0,0,-2,-1,5,10,0,-1,-1,1,-1,-9,0,0,5.04,0.47,2.38,437.55900000000065
0,2,0,-5,-30,0,0,-2,-1,6,8,0,-1,-1,1,5,-10,0,0,5.04,0.47,2.38,438.1950000000007
0,2,0,-7,-28,0,0,-2,-1,7,5,0,-1,-2,1,18,-18,0,0,5.04,0.47,2.38,438.8310000000007
0,2,0,-8,-28,0,0,-2,0,9,2,0,0,-2,1,22,-22,0,0,5.04,0.47,2.38,439.4670000000007
0,2,0,-9,-28,0,0,-2,0,9,2,0,0,-2,1,18,-17,0,0,5.04,0.47,2.38,440.10300000000075
0,3,0,-11,-26,0,0,-2,0,9,4,0,0,-2,1,9,14,0,0,5.04,0.47,2.38,440.7390000000008
0,3,0,-15,-26,0,0,-3,-1,6,10,0,-1,-2,1,1,40,0,0,5.04,0.47,2.38,441.3750000000008
-1,4,0,-17,-28,0,0,-3,-1,4,11,0,-1,-3,1,8,53,0,0,5.04,0.47,2.38,442.0110000000008
-1,4,0,-17,-30,0,0,-3,-1,4,8,0,-2,-3,0,13,50,0,0,5.04,0.47,2.38,442.64700000000084
-1,4,0,-16,-36,0,0,-3,-1,6,0,0,-2,-3,1,22,45,0,0,5.04,0.47,2.38,443.28300000000087
-1,3,0,-13,-42,0,0,-3,0,0,-6,0,-3,-2,0,29,35,0,0,5.04,0.47,2.38,443.9190000000009
0,2,0,-12,-45,0,0,-3,0,2,0,0,-3,-2,0,30,22,0,0,5.04,0.47,2.38,444.5550000000009
0,2,0,-11,-42,0,1,-2,0,-5,18,0,-2,-2,0,19,15,0,0,5.04,0.47,2.38,445.19100000000094
0,2,0,-10,-32,0,0,-2,0,-19,29,0,-2,-2,0,-1,-6,0,0,5.03,0.44,2.26,445.7930000000009
0,3,0,-9,-16,0,0,-2,0,-35,48,0,-1,-2,0,-10,-4,0,0,5.03,0.44,2.26,446.3950000000009
0,3,0,-8,-5,0,0,-3,0,-33,55,0,-1,-2,0,-28,7,0,0,5.03,0.44,2.26,446.99700000000087
-1,3,0,-7,0,0,0,-3,0,-17,47,0,-1,-2,0,-47,19,0,0,5.03,0.44,2.26,447.59900000000084
-1,3,0,-7,0,0,0,-3,0,-13,45,0,-1,-2,0,-53,23,0,0,5.03,0.44,2.26,448.2010000000008
-1,2,0,-7,0,0,0,-3,0,-8,40,0,-1,-2,0,-66,26,0,0,5.03,0.44,2.26,448.8030000000008
0,2,0,-8,1,0,0,-2,0,-8,31,0,-1,-2,0,-76,19,0,0,5.03,0.44,2.26,449.40500000000077
0,2,0,-9,3,0,0,-2,0,-13,20,0,-1,-1,0,-79,5,0,0,5.03,0.44,2.26,450.00700000000074
0,2,0,-9,4,0,0,-2,0,-13,15,0,-1,-1,0,-77,0,0,0,5.03,0.44,2.26,450.6090000000007
0,2,0,-8,6,0,0,-2,0,-20,6,0,-1,-1,0,-65,-13,0,0,5.03,0.44,2.26,451.2110000000007
0,1,0,-8,7,0,0,-2,0,-16,5,0,-1,-1,0,-58,-24,0,0,5.03,0.44,2.26,451.81300000000067
0,1,0,-8,9,0,0,-2,0,-13,8,0,-1,-1,0,-56,-27,0,0,5.03,0.44,2.26,452.41500000000065
0,1,0,-8,9,0,0,-2,0,-13,9,0,-1,-1,0,-56,-26,0,0,5.03,0.44,2.26,453.0170000000006
0,1,0,-8,12,0,0,-2,0,-12,12,0,-1,-1,0,-53,-23,0,0,5.03,0.44,2.26,453.6190000000006
0,2,0,-7,14,0,0,-2,0,-11,10,0,-1,-1,0,-47,-16,0,0,5.03,0.44,2.26,454.2210000000006
0,2,0,-8,16,0,0,-2,0,-13,7,0,-1,-1,0,-37,-8,0,0,5.03,0.44,2.26,454.82300000000055
0,2,0,-8,16,0,0,-2,0,-13,5,0,-1,-1,0,-31,-4,0,0,5.03,0.44,2.26,455.4250000000005
0,2,0,-9,16,0,0,-2,0,-16,1,0,-1,-1,0,-18,5,0,0,5.03,0.44,2.26,456.0270000000005
0,2,0,-9,16,0,0,-2,0,-15,-4,0,-1,-1,0,-11,12,0,0,5.03,0.44,2.26,456.6290000000005
0,2,0,-10,16,0,0,-2,0,-13,-5,0,-1,-1,0,-9,14,0,0,5.03,0.44,2.26,457.23100000000045
0,2,0,-10,16,0,0,-2,0,-12,-5,0,-1,-1,0,-10,14,0,0,5.03,0.44,2.26,457.8330000000004
0,2,0,-11,17,0,0,-2,0,-8,-5,0,-1,-1,0,-10,12,0,0,5.03,0.45,2.28,458.4420000000004
0,2,0,-11,18,0,0,-2,0,-6,-6,0,-1,-2,0,-11,8,0,0,5.03,0.45,2.28,459.0510000000004
0,2,0,-8,20,0,0,-2,0,-5,-8,0,-1,-2,0,-15,4,0,0,5.03,0.45,2.28,459.66000000000037
0,2,0,-8,20,0,0,-2,0,-4,-9,0,-1,-2,0,-17,2,0,0,5.03,0.45,2.28,460.26900000000035
0,2,0,-6,23,0,0,-2,0,-5,-12,0,-1,-2,0,-19,-2,0,0,5.03,0.45,2.28,460.8780000000003
0,2,0,-3,26,0,0,-2,0,-4,-15,0,-1,-2,0,-19,-6,0,0,5.03,0.45,2.28,461.4870000000003
0,2,0,-4,28,0,0,-2,0,-4,-17,0,-1,-2,0,-17,-9,0,0,5.03,0.45,2.28,462.0960000000003
0,2,0,-5,29,0,0,-2,0,-4,-18,0,-1,-2,0,-15,-9,0,0,5.03,0.45,2.28,462.70500000000027
0,2,0,-7,32,0,0,-2,0,-3,-20,0,-1,-1,0,-12,-12,0,0,5.03,0.45,2.28,463.31400000000025
0,2,0,-10,29,0,0,-2,0,-4,-23,0,-1,-1,0,-9,-14,0,0,5.03,0.45,2.28,463.92300000000023
0,2,0,-13,23,0,0,-2,0,-4,-24,0,-1,-1,0,-5,-15,0,0,5.03,0.45,2.28,464.5320000000002
0,2,0,-15,19,0,0,-2,0,-5,-25,0,-1,-1,0,-5,-16,0,0,5.03,0.45,2.28,465.1410000000002
0,2,0,-17,9,0,0,-2,0,-6,-27,0,-1,-1,0,-1,-15,0,0,5.03,0.45,2.28,465.75000000000017
0,2,0,-16,1,0,0,-2,0,-8,-26,0,-1,-1,0,4,-7,0,0,5.03,0.45,2.28,466.35900000000015
0,2,0,-14,-3,0,0,-2,0,-9,-23,0,0,-1,0,7,4,0,0,5.03,0.45,2.28,466.96800000000013
0,2,0,-13,-5,0,0,-2,0,-10,-21,0,0,-1,0,12,16,0,0,5.03,0.45,2.28,467.5770000000001
0,2,0,-8,-5,0,0,-2,0,-9,-17,0,-1,-1,0,21,34,0,0,5.03,0.45,2.28,468.1860000000001
0,2,0,-4,-4,0,0,-2,0,-11,-15,0,-1,-2,0,27,43,0,0,5.03,0.45,2.28,468.7950000000001
0,3,0,-3,-3,0,0,-2,0,-13,-17,0,-1,-2,0,35,38,0,0,5.03,0.45,2.28,469.40400000000005
0,3,0,-3,-1,0,0,-3,-1,-14,-19,0,-1,-2,0,37,34,0,0,5.03,0.45,2.28,470.01300000000003
0,4,0,-8,7,0,0,-4,-1,-18,-22,0,-1,-3,0,38,16,0,0,5.03,0.45,2.28,470.622
0,4,0,-11,20,0,1,-4,-1,-17,-23,0,-2,-3,0,25,-19,0,0,5.04,0.47,2.4,471.26300000000003
0,3,0,-15,36,0,1,-3,-1,-14,-17,0,-2,-2,0,9,-47,0,0,5.04,0.47,2.4,471.90400000000005
0,3,0,-14,44,0,1,-3,-1,-11,-12,0,-1,-2,0,3,-54,0,0,5.04,0.47,2.4,472.5450000000001
0,2,0,-12,55,0,0,-2,-1,-2,-5,0,-1,-2,0,-24,-73,0,0,5.04,0.47,2.4,473.1860000000001
0,2,0,-11,64,0,0,-2,0,22,-14,0,-1,-1,0,-30,-72,0,0,5.04,0.47,2.4,473.8270000000001
0,2,0,-12,69,0,0,-1,0,26,-32,0,0,-1,0,-33,-48,0,0,5.04,0.47,2.4,474.46800000000013
0,2,0,-12,68,0,0,-1,0,22,-41,0,0,-1,0,-36,-36,0,0,5.04,0.47,2.4,475.10900000000015
0,2,0,-16,65,0,0,-2,0,15,-43,0,0,-1,0,-54,-22,0,0,5.04,0.47,2.4,475.75000000000017
0,2,0,-17,60,0,0,-2,0,26,-60,0,-1,-1,0,-78,-8,0,0,5.04,0.47,2.4,476.3910000000002
0,2,0,-17,55,0,0,-2,0,45,-85,0,-1,-2,0,-92,-9,0,0,5.04,0.47,2.4,477.0320000000002
-1,2,0,-17,53,0,0,-2,0,49,-87,0,-1,-2,0,-97,-11,0,0,5.04,0.47,2.4,477.67300000000023
-1,2,0,-15,49,0,0,-2,0,42,-90,0,-1,-2,0,-98,-24,0,0,5.04,0.47,2.4,478.31400000000025
0,2,0,-12,44,0,0,-2,0,19,-87,0,-1,-2,0,-84,-41,0,0,5.04,0.47,2.4,478.95500000000027
0,2,0,-11,43,0,0,-2,0,14,-63,0,-1,-2,0,-68,-59,0,0,5.04,0.47,2.4,479.5960000000003
0,2,0,-11,43,0,0,-2,0,8,-47,0,-1,-2,0,-47,-77,0,0,5.04,0.47,2.4,480.2370000000003
0,2,0,-10,43,0,0,-2,0,5,-28,0,-1,-2,0,-28,-82,0,0,5.04,0.47,2.4,480.8780000000003
0,2,0,-9,43,0,0,-2,0,4,-22,0,-1,-2,0,-22,-84,0,0,5.04,0.47,2.4,481.51900000000035
0,2,0,-8,42,0,0,-2,0,-5,-8,0,-1,-2,0,-11,-83,0,0,5.04,0.47,2.4,482.16000000000037
0,2,0,-5,41,0,0,-2,0,3,-4,0,-1,-2,0,-3,-75,0,0,5.04,0.47,2.4,482.8010000000004
0,2,0,-4,40,0,0,-2,0,9,-12,0,-1,-2,0,-2,-67,0,0,5.04,0.47,2.4,483.4420000000004
0,2,0,-3,40,0,0,-2,0,11,-13,0,-1,-2,0,-3,-65,0,0,5.04,0.47,2.4,484.0830000000004
0,2,0,-1,40,0,0,-2,0,19,-25,0,-1,-2,0,-8,-60,0,0,5.02,0.41,2.09,484.6410000000004
0,2,0,1,40,0,0,-2,0,32,-56,0,-1,-2,0,-15,-58,0,0,5.02,0.41,2.09,485.1990000000004
0,2,0,3,38,0,0,-2,0,35,-69,0,-1,-2,0,-24,-57,0,0,5.02,0.41,2.09,485.7570000000004
-1,2,0,5,33,0,0,-2,0,39,-77,0,-1,-2,0,-31,-53,0,0,5.02,0.41,2.09,486.3150000000004
-1,2,0,7,28,0,0,-2,0,33,-77,0,-1,-2,0,-31,-48,0,0,5.02,0.41,2.09,486.8730000000004
-1,2,0,7,25,0,0,-2,0,31,-76,0,-1,-2,0,-29,-46,0,0,5.02,0.41,2.09,487.4310000000004
-1,2,0,8,19,0,0,-2,0,23,-68,0,-1,-2,0,-19,-40,0,0,5.02,0.41,2.09,487.9890000000004
-1,2,0,10,13,0,0,-2,0,14,-55,0,-1,-2,0,-4,-31,0,0,5.02,0.41,2.09,488.54700000000037
0,2,0,12,9,0,0,-2,0,3,-37,0,-1,-2,0,8,-27,0,0,5.02,0.41,2.09,489.10500000000036
0,2,0,13,8,0,0,-2,0,0,-27,0,-1,-2,0,12,-26,0,0,5.02,0.41,2.09,489.66300000000035
0,2,0,16,7,0,0,-2,0,-8,-1,0,-1,-2,0,18,-25,0,0,5.02,0.41,2.09,490.22100000000034
0,2,0,18,6,0,1,-2,0,-5,28,0,-1,-1,0,17,-29,0,0,5.02,0.41,2.09,490.77900000000034
0,2,0,20,7,0,1,-2,0,7,68,0,-1,-1,0,15,-34,0,0,5.02,0.41,2.09,491.33700000000033
0,2,0,20,7,0,1,-2,0,8,80,0,-1,-1,0,14,-37,0,0,5.02,0.41,2.09,491.8950000000003
0,2,0,20,10,0,0,-2,0,11,92,0,-1,-1,0,13,-43,0,0,5.02,0.41,2.09,492.4530000000003
0,2,0,21,12,0,0,-2,0,12,89,0,-1,-1,0,8,-47,0,0,5.02,0.41,2.09,493.0110000000003
0,2,0,21,14,0,0,-2,0,4,74,0,-1,-1,0,1,-43,0,0,5.02,0.41,2.09,493.5690000000003
0,2,0,21,14,0,0,-2,0,0,64,0,-1,-1,0,0,-41,0,0,5.02,0.41,2.09,494.1270000000003
0,2,0,19,18,0,0,-2,0,1,29,0,-1,-1,0,-2,-32,0,0,5.02,0.41,2.09,494.6850000000003
0,2,0,17,20,0,0,-2,0,3,-2,0,-1,-1,0,0,-21,0,0,5.02,0.41,2.09,495.2430000000003
0,2,0,15,25,0,0,-2,0,2,-27,0,-1,-1,0,1,-10,0,0,5.02,0.41,2.09,495.8010000000003
0,2,0,14,26,0,0,-2,0,2,-32,0,-1,-2,0,2,-5,0,0,5.04,0.46,2.32,496.4200000000003
0,2,0,12,30,0,0,-2,0,0,-37,0,-1,-2,0,10,0,0,0,5.04,0.46,2.32,497.0390000000003
-1,2,0,9,32,0,0,-2,0,0,-33,0,-1,-2,0,21,0,0,0,5.04,0.46,2.32,497.65800000000036
-1,2,0,8,33,0,0,-2,0,1,-29,0,-1,-2,0,25,0,0,0,5.04,0.46,2.32,498.2770000000004
-1,2,0,5,34,0,0,-2,0,4,-22,0,-1,-2,0,35,-2,0,0,5.04,0.46,2.32,498.8960000000004
-1,3,0,1,33,0,0,-3,0,2,-11,0,-1,-2,0,42,-6,0,0,5.04,0.46,2.32,499.51500000000044
0,3,0,-2,29,0,0,-3,0,4,-2,0,-1,-2,0,42,-9,0,0,5.04,0.46,2.32,500.13400000000047
0,3,0,-4,28,0,0,-3,0,4,2,0,-1,-2,0,40,-9,0,0,5.04,0.46,2.32,500.7530000000005
0,3,0,-10,28,0,0,-3,-1,0,11,0,-1,-2,0,34,-9,0,0,5.04,0.46,2.32,501.3720000000005
0,3,0,-14,32,0,0,-3,-1,-6,20,0,-1,-2,0,27,-12,0,0,5.04,0.46,2.32,501.99100000000055
0,3,0,-12,33,0,1,-3,0,-10,41,0,-1,-2,0,22,-13,0,0,5.04,0.46,2.32,502.6100000000006
0,3,0,-10,33,0,1,-3,0,-15,53,0,-1,-2,0,21,-13,0,0,5.04,0.46,2.32,503.2290000000006
0,3,0,-10,25,0,1,-3,-1,-27,86,0,-1,-2,0,19,-10,0,0,5.04,0.46,2.32,503.84800000000064
0,3,0,-14,12,0,0,-3,-1,-33,92,0,-1,-3,0,13,-7,0,0,5.04,0.46,2.32,504.46700000000067
0,4,0,-13,3,0,0,-3,-1,-34,77,0,-2,-3,1,-5,-18,0,0,5.04,0.46,2.32,505.0860000000007
1,4,0,-13,-1,0,0,-2,-1,-32,50,0,-2,-3,3,-45,-81,0,0,5.04,0.46,2.32,505.7050000000007
1,3,0,-11,0,0,0,-2,-1,-29,21,0,0,-3,4,-63,-24,0,0,5.04,0.46,2.32,506.32400000000075
1,3,0,-9,4,0,0,-2,-1,-27,11,0,0,-3,4,-65,-25,0,0,5.04,0.46,2.32,506.9430000000008
0,3,0,-8,10,0,0,-2,-1,-21,-6,0,0,-3,3,-40,-7,0,0,5.04,0.46,2.32,507.5620000000008
0,2,0,-4,6,0,0,-2,-1,-15,-23,0,1,-3,2,-10,67,0,0,5.04,0.46,2.32,508.18100000000084
0,2,0,-2,0,0,0,-2,-1,-12,-38,0,0,-2,2,5,123,0,0,5.04,0.46,2.32,508.80000000000086
0,2,0,-1,-3,0,0,-2,-1,-15,-44,0,0,-2,1,14,115,0,0,5.03,0.44,2.22,509.39400000000086
0,2,0,-1,-8,0,1,-2,-1,-20,-57,0,0,-2,1,37,108,0,0,5.03,0.44,2.22,509.98800000000085
0,2,0,-2,-9,0,1,-2,-1,-22,-66,0,0,-2,0,61,124,0,0,5.03,0.44,2.22,510.58200000000085
0,2,0,-3,-7,0,1,-1,-1,-22,-68,0,0,-1,0,68,124,0,0,5.03,0.44,2.22,511.17600000000084
0,2,0,-4,-5,0,1,-1,-1,-21,-66,0,0,-1,0,62,122,0,0,5.03,0.44,2.22,511.77000000000083
0,2,0,-6,-2,0,1,-1,0,-19,-54,0,0,-1,0,46,104,0,0,5.03,0.44,2.22,512.3640000000008
0,1,0,-7,0,0,1,-1,0,-19,-37,0,-1,-1,0,29,70,0,0,5.03,0.44,2.22,512.9580000000009
0,1,0,-7,0,0,1,-1,0,-22,-18,0,-1,-1,0,13,33,0,0,5.03,0.44,2.22,513.5520000000009
0,1,0,-7,0,0,1,-1,0,-23,-11,0,0,-1,0,7,18,0,0,5.03,0.44,2.22,514.146000000001
0,1,0,-7,-1,0,1,-1,0,-25,3,0,0,-1,0,-9,-12,0,0,5.03,0.44,2.22,514.740000000001
0,1,0,-7,-1,0,1,-1,0,-26,13,0,-1,-1,0,-20,-43,0,0,5.03,0.44,2.22,515.3340000000011
0,2,0,-7,0,0,0,-1,0,-27,15,0,-1,-1,0,-25,-59,0,0,5.03,0.44,2.22,515.9280000000011
0,2,0,-7,0,0,0,-2,0,-28,15,0,-1,-1,0,-29,-60,0,0,5.03,0.44,2.22,516.5220000000012
0,2,0,-6,1,0,0,-2,0,-29,9,0,-1,-1,0,-32,-65,0,0,5.03,0.44,2.22,517.1160000000012
0,2,0,-6,3,0,0,-2,0,-27,3,0,-1,-1,0,-34,-63,0,0,5.03,0.44,2.22,517.7100000000013
0,2,0,-5,5,0,0,-2,0,-24,-2,0,-1,-1,0,-43,-69,0,0,5.03,0.44,2.22,518.3040000000013
0,2,0,-6,6,0,0,-2,0,-21,-4,0,-1,-1,0,-49,-67,0,0,5.03,0.44,2.22,518.8980000000014
0,2,0,-5,10,0,0,-2,0,-17,-9,0,-1,-2,0,-64,-58,0,0,5.03,0.44,2.22,519.4920000000014
0,2,0,-4,15,0,0,-2,0,-17,-12,0,-1,-2,0,-80,-43,0,0,5.03,0.44,2.22,520.0860000000015
0,2,0,-5,18,0,0,-2,0,-11,-17,0,-1,-2,0,-90,-29,0,0,5.03,0.44,2.22,520.6800000000015
0,2,0,-8,19,0,0,-2,-1,-8,-22,0,-1,-2,1,-84,-13,0,0,5.03,0.44,2.22,521.2740000000016
0,2,0,-10,20,0,0,-2,-1,-7,-24,0,-1,-2,1,-77,-5,0,0,5.02,0.41,2.1,521.8350000000016
0,2,0,-13,21,0,0,-2,-1,-6,-29,0,-1,-2,1,-52,16,0,0,5.02,0.41,2.1,522.3960000000017
0,2,0,-15,19,0,0,-2,-1,-7,-31,0,-1,-2,1,-26,16,0,0,5.02,0.41,2.1,522.9570000000017
0,2,0,4,-26,0,0,-1,-1,6,3,0,0,-1,1,-25,59,0,0,5.03,0.44,2.21,523.5480000000017
0,2,0,2,-24,0,0,-1,-1,6,-9,0,0,-1,1,-32,67,0,0,5.03,0.44,2.21,524.1390000000017
0,2,0,0,-21,0,0,-1,-1,8,-33,0,0,-2,1,-32,68,0,0,5.03,0.44,2.21,524.7300000000017
0,2,0,-1,-19,0,0,-2,-1,13,-65,0,0,-2,1,-27,75,0,0,5.03,0.44,2.21,525.3210000000017
0,2,0,0,-16,0,0,-2,-1,15,-78,0,-1,-1,1,-24,73,0,0,5.03,0.44,2.21,525.9120000000017
0,2,0,0,-16,0,0,-2,-1,23,-110,0,-1,-1,1,-22,44,0,0,5.03,0.44,2.21,526.5030000000017
0,2,0,0,-20,0,0,-2,-1,28,-128,0,-1,-2,1,-33,6,0,0,5.03,0.44,2.21,527.0940000000018
0,2,0,0,-28,0,0,-2,-1,27,-116,0,0,-2,0,-41,-6,0,0,5.03,0.44,2.21,527.6850000000018
0,2,0,0,-30,0,0,-2,-1,24,-112,0,0,-2,0,-42,-4,0,0,5.03,0.44,2.21,528.2760000000018
0,3,0,-4,-36,0,0,-2,-1,16,-81,0,0,-2,0,-47,9,0,0,5.03,0.44,2.21,528.8670000000018
0,3,0,-9,-39,0,0,-3,-1,6,-37,0,-1,-2,0,-56,19,0,0,5.02,0.41,2.07,529.4200000000018
0,3,0,-15,-44,0,0,-3,-1,-29,9,0,-2,-2,0,-61,5,0,0,5.02,0.41,2.07,529.9730000000018
0,3,0,-17,-46,0,0,-3,-1,-37,24,0,-2,-2,1,-60,-4,0,0,5.02,0.41,2.07,530.5260000000018
0,3,0,-23,-53,0,0,-3,-1,-54,78,0,-2,-2,0,-34,6,0,0,5.02,0.41,2.07,531.0790000000018
-1,3,0,-25,-58,0,0,-3,0,-63,115,0,-2,-2,0,-21,24,0,0,5.02,0.41,2.07,531.6320000000018
-1,3,0,-25,-55,0,0,-2,0,-63,137,0,-2,-2,0,-39,24,0,0,5.02,0.41,2.07,532.1850000000018
-1,2,0,-22,-52,0,0,-2,0,-65,141,0,-2,-2,0,-67,-3,0,0,5.02,0.41,2.07,532.7380000000018
-1,2,0,-21,-51,0,0,-2,0,-66,139,0,-2,-2,0,-76,-17,0,0,5.02,0.41,2.07,533.2910000000018
0,2,0,-16,-48,0,0,-2,0,-67,127,0,-1,-2,0,-92,-43,0,0,5.02,0.41,2.07,533.8440000000018
0,2,0,-13,-41,0,0,-2,0,-65,105,0,-1,-2,0,-88,-44,0,0,5.02,0.41,2.07,534.3970000000018
0,3,0,-11,-29,0,0,-3,0,-55,80,0,-1,-2,0,-89,-40,0,0,5.02,0.41,2.07,534.9500000000018
0,3,0,-11,-23,0,0,-3,0,-50,70,0,-1,-2,0,-90,-40,0,0,5.02,0.41,2.07,535.5030000000017
0,3,0,-9,-13,0,0,-3,0,-42,45,0,-1,-2,0,-91,-34,0,0,5.02,0.41,2.07,536.0560000000017
0,3,0,-7,-5,0,0,-3,0,-25,0,0,-1,-2,0,-87,-19,0,0,5.02,0.41,2.07,536.6090000000017
0,2,0,-6,0,0,0,-3,0,-7,-48,0,-1,-2,0,-71,-6,0,0,5.02,0.41,2.07,537.1620000000017
0,2,0,-5,1,0,0,-3,0,0,-58,0,-1,-2,0,-64,-3,0,0,5.02,0.41,2.07,537.7150000000017
0,2,0,-5,7,0,0,-3,0,9,-68,0,-1,-2,0,-53,1,0,0,5.02,0.41,2.07,538.2680000000017
0,2,0,-5,12,0,0,-2,0,9,-59,0,-1,-1,0,-52,-3,0,0,5.02,0.41,2.07,538.8210000000017
0,2,0,-4,16,0,0,-2,0,9,-45,0,-1,-1,0,-52,-12,0,0,5.02,0.41,2.07,539.3740000000017
0,2,0,-3,16,0,0,-2,0,8,-41,0,-1,-1,0,-51,-14,0,0,5.02,0.41,2.07,539.9270000000017
0,1,0,-2,16,0,0,-2,0,5,-28,0,-1,-1,0,-44,-19,0,0,5.02,0.41,2.07,540.4800000000017
0,1,0,0,17,0,0,-2,0,4,-9,0,-1,-1,0,-32,-25,0,0,5.03,0.45,2.29,541.0920000000017
0,1,0,0,18,0,0,-2,0,0,6,0,-1,-1,0,-21,-31,0,0,5.03,0.45,2.29,541.7040000000017
0,2,0,0,19,0,0,-2,0,3,9,0,-1,-1,0,-17,-32,0,0,5.03,0.45,2.29,542.3160000000016
0,2,0,1,23,0,0,-2,0,5,10,0,-1,-1,0,-14,-31,0,0,5.03,0.45,2.29,542.9280000000016
0,2,0,0,24,0,0,-2,0,3,13,0,-1,-1,0,-10,-23,0,0,5.03,0.45,2.29,543.5400000000016
0,2,0,0,23,0,0,-2,0,4,13,0,-1,-1,0,-11,-17,0,0,5.03,0.45,2.29,544.1520000000015
0,2,0,-1,22,0,0,-2,0,5,12,0,-1,-1,0,-11,-16,0,0,5.03,0.45,2.29,544.7640000000015
0,2,0,-1,21,0,0,-2,0,5,8,0,-1,-1,0,-9,-17,0,0,5.03,0.45,2.29,545.3760000000015
0,2,0,-2,22,0,0,-2,0,6,4,0,-1,-2,0,-9,-21,0,0,5.03,0.45,2.29,545.9880000000014
0,2,0,-2,24,0,0,-2,0,7,1,0,-1,-2,0,-12,-27,0,0,5.03,0.45,2.29,546.6000000000014
0,2,0,-2,26,0,0,-2,0,6,1,0,-1,-2,0,-14,-29,0,0,5.03,0.45,2.29,547.2120000000014
0,2,0,0,28,0,0,-2,0,4,2,0,-1,-2,0,-13,-31,0,0,5.03,0.45,2.29,547.8240000000013
0,2,0,0,30,0,0,-2,0,2,2,0,-1,-2,0,-12,-35,0,0,5.03,0.45,2.29,548.4360000000013
0,2,0,1,31,0,0,-2,0,1,1,0,-1,-2,0,-11,-38,0,0,5.03,0.45,2.29,549.0480000000013
0,2,0,1,30,0,0,-2,0,1,6,0,-1,-2,0,-10,-38,0,0,5.03,0.45,2.29,549.6600000000012
0,2,0,2,28,0,0,-2,0,0,4,0,-1,-2,0,-6,-37,0,0,5.03,0.45,2.29,550.2720000000012
0,2,0,3,26,0,0,-2,0,1,3,0,-1,-2,0,-1,-34,0,0,5.03,0.45,2.29,550.8840000000012
0,2,0,3,25,0,0,-2,0,1,3,0,-1,-2,0,1,-34,0,0,5.03,0.45,2.29,551.4960000000011
0,2,0,2,23,0,0,-2,0,2,4,0,-1,-2,0,8,-34,0,0,5.03,0.45,2.29,552.1080000000011
0,2,0,1,22,0,0,-2,0,0,5,0,-1,-2,0,13,-36,0,0,5.03,0.45,2.29,552.720000000001
0,2,0,0,21,0,0,-2,0,-1,6,0,-1,-2,0,20,-31,0,0,5.03,0.45,2.29,553.332000000001
0,2,0,-1,18,0,0,-2,0,-4,7,0,-1,-2,0,27,-23,0,0,5.03,0.45,2.28,553.942000000001
0,2,0,-3,15,0,0,-2,0,-8,7,0,-1,-2,0,31,-17,0,0,5.03,0.45,2.28,554.552000000001
0,2,0,-4,12,0,0,-2,0,-11,6,0,-1,-2,0,32,-10,0,0,5.03,0.45,2.28,555.1620000000011
0,2,0,-4,11,0,0,-2,0,-12,5,0,-1,-2,0,31,-8,0,0,5.03,0.45,2.28,555.7720000000011
0,2,0,-4,8,0,0,-2,0,-13,3,0,-1,-2,0,27,-4,0,0,5.03,0.45,2.28,556.3820000000011
0,2,0,-4,6,0,0,-2,0,-16,4,0,-1,-2,0,22,0,0,0,5.03,0.45,2.28,556.9920000000011
0,2,0,-3,5,0,0,-2,0,-17,4,0,-1,-2,0,20,0,0,0,5.03,0.45,2.28,557.6020000000011
0,2,0,-2,4,0,0,-2,0,-18,5,0,-1,-2,0,16,3,0,0,5.03,0.45,2.28,558.2120000000011
0,2,0,-2,5,0,0,-2,0,-19,6,0,-1,-2,0,12,5,0,0,5.03,0.45,2.28,558.8220000000011
0,3,0,-4,7,0,0,-3,0,-18,5,0,-1,-2,0,8,7,0,0,5.03,0.45,2.28,559.4320000000012
0,3,0,-6,10,0,0,-3,0,-14,4,0,-1,-2,0,2,4,0,0,5.03,0.45,2.28,560.0420000000012
0,3,0,-7,11,0,0,-3,0,-12,4,0,-1,-2,0,0,5,0,0,5.03,0.45,2.28,560.6520000000012
0,3,0,-10,13,0,0,-3,0,-9,3,0,-1,-2,0,-5,7,0,0,5.03,0.45,2.28,561.2620000000012
0,2,0,-13,16,0,0,-2,0,-8,2,0,-1,-2,0,-13,6,0,0,5.03,0.45,2.28,561.8720000000012
0,2,0,-15,19,0,0,-2,0,-9,1,0,-1,-2,0,-21,7,0,0,5.03,0.45,2.28,562.4820000000012
0,2,0,-16,21,0,0,-2,0,-10,1,0,-1,-2,0,-24,8,0,0,5.03,0.45,2.28,563.0920000000012
0,2,0,-18,24,0,0,-2,0,-6,-1,0,-1,-2,0,-32,9,0,0,5.03,0.45,2.28,563.7020000000012
0,2,0,-19,26,0,0,-2,0,-4,-4,0,-1,-2,0,-39,11,0,0,5.03,0.45,2.28,564.3120000000013
0,2,0,-18,26,0,0,-2,0,-2,-8,0,-1,-2,0,-44,12,0,0,5.03,0.45,2.28,564.9220000000013
0,2,0,-18,25,0,0,-2,0,-1,-10,0,-1,-2,0,-46,12,0,0,5.03,0.45,2.28,565.5320000000013
0,2,0,-16,24,0,0,-2,0,0,-12,0,-1,-2,0,-47,12,0,0,5.03,0.45,2.28,566.1420000000013
0,2,0,-15,25,0,0,-2,0,1,-12,0,-1,-2,0,-37,20,0,0,5.03,0.42,2.11,566.7060000000013
0,2,0,-14,29,0,0,-2,0,3,-14,0,-1,-2,0,-23,28,0,0,5.03,0.42,2.11,567.2700000000012
0,2,0,-13,30,0,0,-2,0,4,-16,0,-1,-2,0,-18,30,0,0,5.03,0.42,2.11,567.8340000000012
0,2,0,-11,34,0,0,-2,0,8,-23,0,-1,-2,0,-7,23,0,0,5.03,0.42,2.11,568.3980000000012
0,2,0,-8,36,0,0,-2,0,12,-33,0,-1,-2,0,-4,10,0,0,5.03,0.42,2.11,568.9620000000011
0,2,0,-6,36,0,0,-2,0,17,-42,0,-1,-2,0,-7,-2,0,0,5.03,0.42,2.11,569.5260000000011
0,2,0,-6,37,0,0,-2,0,18,-45,0,-1,-2,0,-9,-7,0,0,5.03,0.42,2.11,570.090000000001
0,2,0,-3,33,0,0,-2,0,21,-49,0,-1,-2,0,-13,-19,0,0,5.03,0.42,2.11,570.654000000001
0,2,0,-4,32,0,0,-2,0,20,-47,0,-1,-2,0,-13,-27,0,0,5.03,0.42,2.11,571.218000000001
0,2,0,-3,31,0,0,-2,0,17,-44,0,-1,-2,0,-11,-34,0,0,5.03,0.42,2.11,571.782000000001
0,2,0,-3,31,0,0,-2,0,13,-42,0,-1,-2,0,-8,-39,0,0,5.03,0.42,2.11,572.3460000000009
0,2,0,-3,32,0,0,-2,0,11,-43,0,-1,-2,0,-6,-50,0,0,5.03,0.42,2.11,572.9100000000009
0,2,0,-3,32,0,0,-2,0,10,-43,0,-1,-2,0,-5,-54,0,0,5.03,0.42,2.11,573.4740000000008
0,2,0,-3,32,0,0,-2,0,10,-42,0,-1,-2,0,-3,-61,0,0,5.03,0.42,2.11,574.0380000000008
-1,2,0,-4,33,0,0,-2,0,10,-40,0,-1,-2,0,-2,-66,0,0,5.03,0.42,2.11,574.6020000000008
-1,2,0,-6,33,0,0,-2,0,10,-39,0,-1,-2,0,-2,-69,0,0,5.03,0.42,2.11,575.1660000000007
-1,2,0,-6,33,0,0,-2,0,10,-39,0,-1,-2,0,-1,-71,0,0,5.03,0.42,2.11,575.7300000000007
-1,2,0,-7,32,0,0,-2,0,9,-39,0,-1,-2,0,-2,-76,0,0,5.03,0.42,2.11,576.2940000000007
-1,2,0,-8,32,0,0,-2,0,8,-41,0,-1,-2,0,-3,-78,0,0,5.03,0.42,2.11,576.8580000000006
-1,2,0,-9,32,0,0,-2,0,11,-40,0,-1,-2,0,-1,-79,0,0,5.03,0.42,2.11,577.4220000000006
-1,2,0,-9,32,0,0,-2,0,13,-39,0,-1,-2,0,0,-79,0,0,5.03,0.42,2.11,577.9860000000006
-1,2,0,-8,32,0,0,-2,0,19,-37,0,-1,-2,0,1,-73,0,0,5.03,0.45,2.29,578.5980000000005
-1,2,0,-8,32,0,0,-2,0,23,-34,0,-1,-2,0,4,-66,0,0,5.03,0.45,2.29,579.2100000000005
-1,2,0,-7,31,0,0,-2,0,21,-32,0,-1,-2,0,6,-60,0,0,5.03,0.45,2.29,579.8220000000005
-1,2,0,-7,30,0,0,-2,0,19,-32,0,-1,-2,0,9,-58,0,0,5.03,0.45,2.29,580.4340000000004
-1,2,0,-6,30,0,0,-2,0,11,-32,0,-1,-2,0,12,-51,0,0,5.03,0.45,2.29,581.0460000000004
-1,2,0,-4,31,0,0,-2,0,3,-32,0,-1,-2,0,14,-44,0,0,5.03,0.45,2.29,581.6580000000004
-1,2,0,-4,32,0,0,-2,0,-6,-32,0,-1,-2,0,16,-37,0,0,5.03,0.45,2.29,582.2700000000003
-1,2,0,-3,32,0,0,-2,0,-9,-32,0,-1,-2,0,16,-35,0,0,5.03,0.45,2.29,582.8820000000003
-1,2,0,-3,34,0,0,-2,0,-13,-34,0,-1,-2,0,16,-27,0,0,5.03,0.45,2.29,583.4940000000003
-1,2,0,-2,35,0,0,-2,0,-14,-37,0,-1,-2,0,12,-19,0,0,5.03,0.45,2.29,584.1060000000002
-1,2,0,-1,34,0,0,-2,0,-14,-41,0,-1,-2,0,13,-8,0,0,5.03,0.45,2.29,584.7180000000002
-1,2,0,-1,34,0,0,-2,0,-13,-43,0,-1,-2,0,10,-12,0,0,5.03,0.45,2.29,585.3300000000002
-1,2,0,-1,34,0,0,-2,0,-10,-46,0,-1,-2,0,12,-11,0,0,5.03,0.45,2.29,585.9420000000001
-1,2,0,-3,34,0,0,-2,0,-8,-46,0,-1,-2,0,15,-16,0,0,5.03,0.45,2.29,586.5540000000001
-1,2,0,-4,34,0,0,-2,0,-9,-45,0,-1,-2,0,17,-20,0,0,5.03,0.45,2.29,587.166
0,3,0,-6,33,0,0,-3,0,-11,-37,0,-1,-2,0,20,-32,0,0,5.03,0.45,2.29,587.778
0,3,0,-9,34,0,0,-3,0,-15,-25,0,-1,-2,0,17,-44,0,0,5.03,0.45,2.29,588.39
0,3,0,-15,35,0,0,-3,-1,-15,-5,0,-1,-2,0,10,-53,0,0,5.03,0.45,2.29,589.002
0,3,0,-18,33,0,0,-3,-1,-19,19,0,-1,-2,0,-2,-64,0,0,5.03,0.45,2.29,589.6139999999999
0,3,0,-18,31,0,0,-3,-1,-20,26,0,-1,-2,0,-7,-69,0,0,5.03,0.45,2.29,590.2259999999999
0,3,0,-19,27,0,0,-3,-1,-20,42,0,-1,-2,0,-20,-83,0,0,5.03,0.45,2.29,590.8379999999999
0,3,0,-19,32,0,0,-3,-1,-22,39,0,-1,-2,0,-28,-94,0,0,5.03,0.44,2.25,591.4389999999999
0,3,0,-16,35,0,0,-3,-1,-24,27,0,-1,-2,0,-33,-90,0,0,5.03,0.44,2.25,592.0399999999998
0,3,0,-15,35,0,0,-3,-1,-22,8,0,0,-2,1,-33,-79,0,0,5.03,0.44,2.25,592.6409999999998
0,3,0,-16,31,0,0,-3,-1,-16,-14,0,0,-2,1,-21,-60,0,0,5.03,0.44,2.25,593.2419999999998
0,3,0,-17,27,0,0,-3,-1,-13,-23,0,0,-2,1,-12,-48,0,0,5.03,0.44,2.25,593.8429999999998
0,3,0,-17,17,0,0,-2,-1,-7,-40,0,0,-2,2,16,-9,0,0,5.03,0.44,2.25,594.4439999999998
0,3,0,-15,7,0,0,-2,-1,-5,-49,0,0,-2,2,51,22,0,0,5.03,0.44,2.25,595.0449999999998
0,2,0,-10,0,0,0,-2,-1,-10,-50,0,0,-2,2,60,70,0,0,5.03,0.44,2.25,595.6459999999998
0,2,0,-9,-2,0,0,-2,-1,-12,-46,0,0,-2,2,58,84,0,0,5.03,0.44,2.25,596.2469999999998
0,2,0,-6,-8,0,0,-2,-1,-17,-35,0,0,-2,1,44,97,0,0,5.03,0.44,2.25,596.8479999999998
0,2,0,-5,-9,0,0,-2,-1,-20,-24,0,0,-2,1,36,107,0,0,5.03,0.44,2.25,597.4489999999998
0,2,0,-5,-10,0,0,-1,0,-26,-13,0,0,-2,0,27,118,0,0,5.03,0.44,2.25,598.0499999999998
0,2,0,-5,-10,0,0,-1,0,-31,-11,0,0,-1,0,24,123,0,0,5.03,0.44,2.25,598.6509999999998
0,2,0,-5,-9,0,0,-1,0,-36,-6,0,0,-1,0,18,108,0,0,5.03,0.44,2.25,599.2519999999998
0,1,0,-4,-7,0,0,-1,0,-34,-7,0,0,-1,0,12,77,0,0,5.03,0.44,2.25,599.8529999999998
0,1,0,-2,-3,0,0,-1,0,-31,-16,0,0,-1,0,5,49,0,0,5.03,0.44,2.25,600.4539999999998
0,1,0,-1,-2,0,0,-1,0,-30,-21,0,0,-1,0,2,43,0,0,5.03,0.44,2.25,601.0549999999998
0,1,0,0,0,0,0,-1,0,-27,-31,0,0,-1,0,-7,29,0,0,5.03,0.44,2.25,601.6559999999998
0,1,0,2,0,0,0,-2,0,-21,-38,0,0,-1,0,-22,12,0,0,5.03,0.44,2.25,602.2569999999998
0,2,0,4,1,0,0,-2,0,-13,-42,0,-1,-1,0,-28,-7,0,0,5.03,0.44,2.25,602.8579999999998
0,2,0,5,1,0,0,-2,0,-11,-42,0,-1,-1,0,-30,-15,0,0,5.03,0.44,2.25,603.4589999999998
0,2,0,6,2,0,0,-2,-1,-8,-41,0,-1,-1,0,-25,-21,0,0,5.03,0.43,2.19,604.0449999999998
0,2,0,7,4,0,0,-2,-1,-7,-38,0,-1,-1,0,-19,-23,0,0,5.03,0.43,2.19,604.6309999999999
0,2,0,8,8,0,0,-2,-1,-6,-35,0,-1,-2,1,-12,-13,0,0,5.03,0.43,2.19,605.2169999999999
0,2,0,7,9,0,0,-2,-1,-6,-34,0,-1,-2,1,-11,-9,0,0,5.03,0.43,2.19,605.8029999999999
0,2,0,7,12,0,0,-2,-1,-4,-29,0,-1,-2,1,-9,-1,0,0,5.03,0.43,2.19,606.3889999999999
0,2,0,7,12,0,0,-2,-1,-2,-24,0,-1,-2,1,-12,6,0,0,5.03,0.43,2.19,606.9749999999999
0,2,0,7,11,0,0,-2,-1,-2,-21,0,-1,-1,1,-18,13,0,0,5.03,0.43,2.19,607.5609999999999
0,2,0,6,9,0,0,-2,-1,-2,-20,0,-1,-2,0,-19,15,0,0,5.03,0.43,2.19,608.1469999999999
0,2,0,4,8,0,0,-2,-1,-3,-16,0,-1,-2,0,-32,17,0,0,5.03,0.43,2.19,608.733
0,2,0,1,6,0,0,-2,-1,-3,-12,0,-1,-2,0,-41,18,0,0,5.03,0.43,2.19,609.319
0,2,0,1,3,0,0,-2,-1,-5,-7,0,-1,-1,0,-48,15,0,0,5.03,0.43,2.19,609.905
0,2,0,2,2,0,0,-2,0,-5,-5,0,-1,-1,0,-51,11,0,0,5.03,0.43,2.19,610.491
0,2,0,4,0,0,0,-2,0,-12,-7,0,-1,-1,0,-58,2,0,0,5.03,0.43,2.19,611.077
0,2,0,5,-1,0,0,-2,0,-8,12,0,-1,-1,0,-60,-2,0,0,5.03,0.43,2.19,611.663
0,2,0,7,-3,0,0,-2,0,-8,26,0,-1,-2,0,-55,1,0,0,5.03,0.43,2.19,612.249
0,2,0,7,-5,0,0,-2,0,-7,27,0,-1,-2,0,-52,4,0,0,5.03,0.43,2.19,612.835
0,2,0,9,-8,0,0,-2,0,-3,29,0,-1,-2,0,-44,9,0,0,5.03,0.43,2.19,613.421
0,2,0,11,-11,0,0,-2,0,-1,31,0,-1,-2,0,-34,12,0,0,5.03,0.43,2.19,614.0070000000001
0,2,0,12,-13,0,0,-2,0,-3,31,0,-1,-2,0,-22,19,0,0,5.03,0.43,2.19,614.5930000000001
0,2,0,12,-14,0,0,-2,0,-4,30,0,-1,-2,0,-16,21,0,0,5.03,0.43,2.19,615.1790000000001
0,2,0,12,-16,0,0,-2,0,-4,26,0,-1,-2,0,-5,26,0,0,5.03,0.43,2.19,615.7650000000001
0,2,0,11,-17,0,0,-2,0,-6,27,0,-1,-2,0,3,30,0,0,5.04,0.46,2.33,616.3900000000001
0,2,0,-1,-50,0,0,-2,0,-6,23,0,0,-2,1,-8,-18,0,0,5.04,0.46,2.33,617.0140000000001
0,2,0,-3,-57,0,0,-2,0,-10,19,0,0,-2,1,-6,3,0,0,5.04,0.46,2.33,617.6380000000001
0,2,0,-6,-64,0,0,-2,0,-15,16,0,-1,-2,1,-10,30,0,0,5.04,0.46,2.33,618.2620000000002
0,3,0,-9,-69,0,0,-3,-1,-17,17,0,-1,-2,0,-13,39,0,0,5.04,0.46,2.33,618.8860000000002
0,3,0,-10,-68,0,0,-3,-1,-18,16,0,-1,-2,0,-14,38,0,0,5.04,0.46,2.33,619.5100000000002
-1,3,0,-10,-68,0,0,-3,-1,-17,10,0,-2,-2,0,-17,17,0,0,5.04,0.46,2.33,620.1340000000002
-1,4,0,-10,-68,0,0,-3,-1,-16,6,0,-2,-2,0,-19,-2,0,0,5.04,0.46,2.33,620.7580000000003
-1,4,0,-9,-62,0,0,-3,-1,-16,13,0,-2,-3,0,-2,0,0,0,5.04,0.46,2.33,621.3820000000003
-1,3,0,-13,-63,0,0,-3,0,-18,29,0,-2,-3,0,6,-14,0,0,5.04,0.46,2.33,622.0060000000003
-1,3,0,-14,-65,0,0,-3,0,-19,38,0,-2,-2,0,4,-22,0,0,5.04,0.46,2.33,622.6300000000003
-1,3,0,-17,-68,0,0,-2,0,-21,69,0,-2,-2,0,0,-33,0,0,5.04,0.46,2.33,623.2540000000004
0,3,0,-19,-66,0,0,-2,0,-29,93,0,-1,-2,0,0,-17,0,0,5.04,0.46,2.33,623.8780000000004
0,3,0,-17,-56,0,0,-2,0,-27,105,0,-2,-2,0,-10,-7,0,0,5.03,0.45,2.27,624.4860000000003
0,3,0,-16,-52,0,0,-2,0,-25,105,0,-2,-2,0,-15,-6,0,0,5.03,0.45,2.27,625.0940000000003
0,3,0,-14,-37,0,0,-2,0,-14,94,0,-1,-2,0,-22,-3,0,0,5.03,0.45,2.27,625.7020000000002
0,2,0,-11,-25,0,0,-3,0,0,82,0,-2,-2,0,-31,-6,0,0,5.03,0.45,2.27,626.3100000000002
-1,2,0,-9,-14,0,0,-2,0,13,75,0,-2,-2,0,-33,-5,0,0,5.03,0.45,2.27,626.9180000000001
-1,2,0,-8,-10,0,-1,-2,0,17,72,0,-2,-2,0,-34,-5,0,0,5.03,0.45,2.27,627.5260000000001
-1,2,0,-9,-3,0,-1,-2,0,24,67,0,-2,-2,0,-40,-11,0,0,5.03,0.45,2.27,628.134
0,2,0,-9,-1,0,-1,-2,0,24,57,0,-1,-1,0,-48,-16,0,0,5.03,0.45,2.27,628.742
0,2,0,-8,0,0,-1,-2,0,25,45,0,-1,-1,0,-49,-15,0,0,5.03,0.45,2.27,629.3499999999999
0,2,0,-8,-1,0,-1,-2,0,26,41,0,-1,-1,0,-46,-13,0,0,5.03,0.45,2.27,629.9579999999999
0,2,0,-7,-2,0,-1,-2,0,24,27,0,-1,-1,0,-39,-4,0,0,5.03,0.45,2.27,630.5659999999998
0,1,0,-5,-7,0,-1,-2,0,16,27,0,-1,-1,0,-35,1,0,0,5.03,0.45,2.27,631.1739999999998
0,1,0,-5,-12,0,0,-2,0,9,22,0,-1,-1,0,-34,3,0,0,5.03,0.45,2.27,631.7819999999997
0,1,0,-4,-13,0,0,-2,0,5,20,0,-1,-1,0,-34,3,0,0,5.03,0.45,2.27,632.3899999999996
0,1,0,-3,-15,0,0,-2,0,-1,15,0,-1,-1,0,-32,1,0,0,5.03,0.45,2.27,632.9979999999996
