0,2,0,-8,-13,0,0,-2,0,-13,29,0,0,-2,0,38,-4,0,0,5.34,0.44,2.4,322.55600000000055
0,2,0,-8,-11,0,0,-2,0,-14,23,0,0,-2,0,34,0,0,0,5.34,0.44,2.4,322.87900000000053
0,2,0,-7,-10,0,0,-2,0,-16,17,0,0,-2,0,26,4,0,0,5.35,0.45,2.45,323.2090000000005
0,2,0,-7,-8,0,0,-2,0,-19,8,0,0,-2,0,18,8,0,0,5.35,0.45,2.45,323.5390000000005
0,2,0,-6,-8,0,0,-2,0,-20,5,0,0,-2,0,15,10,0,0,5.35,0.45,2.45,323.8690000000005
0,2,0,-4,-7,0,0,-2,0,-21,-2,0,0,-2,0,8,12,0,0,5.35,0.45,2.45,324.19900000000047
0,2,0,-3,-7,0,1,-2,-1,-18,-5,0,0,-2,0,4,16,0,0,5.35,0.45,2.45,324.52900000000045
0,2,0,-2,-6,0,1,-2,-1,-13,-7,0,0,-2,0,7,21,0,0,5.35,0.45,2.45,324.85900000000044
0,2,0,-2,-6,0,1,-2,-1,-11,-7,0,0,-2,0,9,23,0,0,5.35,0.45,2.45,325.1890000000004
0,2,0,-1,-6,0,1,-2,-1,-6,-5,0,0,-2,0,17,28,0,0,5.35,0.45,2.45,325.5190000000004
0,2,0,0,-5,0,1,-2,-1,-1,-1,0,0,-2,0,24,32,0,0,5.35,0.45,2.45,325.8490000000004
0,2,0,0,-4,0,1,-2,-1,3,0,0,0,-2,0,31,37,0,0,5.35,0.45,2.45,326.17900000000037
0,2,0,0,-4,0,1,-2,-1,4,0,0,0,-2,0,33,39,0,0,5.35,0.45,2.45,326.50900000000036
0,2,0,0,-3,0,1,-2,-1,4,0,0,0,-2,0,36,43,0,0,5.35,0.45,2.45,326.83900000000034
0,2,0,0,-3,0,1,-2,-1,4,-3,0,0,-2,0,35,48,0,0,5.35,0.45,2.45,327.1690000000003
0,2,0,0,-3,0,1,-2,-1,3,-7,0,0,-2,0,31,46,0,0,5.35,0.45,2.45,327.4990000000003
0,2,0,0,-3,0,1,-2,-1,2,-9,0,0,-2,0,29,43,0,0,5.35,0.45,2.45,327.8290000000003
0,2,0,0,-3,0,1,-2,-1,1,-11,0,0,-2,0,25,31,0,0,5.35,0.45,2.45,328.1590000000003
0,2,0,0,-5,0,1,-2,-1,0,-12,0,0,-2,0,22,16,0,0,5.35,0.45,2.45,328.48900000000026
0,2,0,-1,-6,0,1,-2,-1,0,-11,0,0,-2,0,22,3,0,0,5.35,0.45,2.45,328.81900000000024
0,2,0,-1,-7,0,1,-2,-1,0,-10,0,0,-2,0,23,-1,0,0,5.35,0.45,2.45,329.1490000000002
0,2,0,-2,-9,0,1,-2,-1,0,-9,0,0,-2,0,23,-7,0,0,5.35,0.45,2.45,329.4790000000002
0,2,0,-3,-10,0,1,-1,-1,-1,-7,0,0,-2,0,21,-11,0,0,5.35,0.45,2.45,329.8090000000002
0,2,0,-3,-11,0,1,-1,-1,-3,-6,0,0,-2,0,17,-8,0,0,5.35,0.45,2.46,330.1400000000002
0,2,0,-3,-11,0,1,-1,-1,-4,-6,0,0,-2,0,15,-4,0,0,5.35,0.45,2.46,330.47100000000023
0,2,0,-4,-11,0,1,-1,-1,-5,-6,0,0,-2,0,10,-1,0,0,5.35,0.45,2.46,330.80200000000025
0,2,0,-4,-10,0,1,-1,-1,-4,-6,0,0,-2,0,5,-3,0,0,5.35,0.45,2.46,331.13300000000027
0,2,0,-4,-10,0,1,-1,-1,-4,-7,0,0,-2,0,2,-5,0,0,5.35,0.45,2.46,331.4640000000003
0,2,0,-3,-10,0,1,-1,-1,-4,-10,0,0,-2,0,-3,-11,0,0,5.35,0.45,2.46,331.7950000000003
0,2,0,-3,-10,0,1,-1,-1,-4,-16,0,0,-2,0,-8,-15,0,0,5.35,0.45,2.46,332.1260000000003
0,2,0,-2,-10,0,0,-1,-1,-4,-25,0,0,-2,0,-13,-18,0,0,5.35,0.45,2.46,332.45700000000033
0,2,0,-1,-10,0,0,-1,-1,-5,-31,0,0,-2,0,-16,-15,0,0,5.35,0.45,2.46,332.78800000000035
0,2,0,0,-10,0,1,-2,-1,-4,-31,0,0,-2,0,-17,-13,0,0,5.35,0.45,2.46,333.11900000000037
0,2,0,0,-10,0,1,-2,-1,1,-25,0,0,-2,0,-15,-2,0,0,5.35,0.45,2.46,333.4500000000004
0,2,0,-1,-10,0,1,-2,-1,8,-17,0,0,-2,0,-16,7,0,0,5.35,0.45,2.46,333.7810000000004
0,3,0,-2,-8,0,1,-2,-1,12,-6,0,0,-2,0,-18,11,0,0,5.35,0.45,2.46,334.1120000000004
0,3,0,-3,-7,0,1,-2,-1,11,0,0,-1,-2,0,-22,8,0,0,5.35,0.45,2.46,334.44300000000044
0,3,0,-4,-6,0,1,-2,-1,10,0,0,-1,-3,0,-23,5,0,0,5.35,0.45,2.46,334.77400000000046
0,3,0,-5,-2,0,0,-3,-1,6,1,0,-1,-3,0,-21,-4,0,0,5.35,0.45,2.46,335.1050000000005
0,4,0,-5,-1,0,0,-3,-1,10,2,0,-1,-3,0,-9,-12,0,0,5.35,0.45,2.46,335.4360000000005
0,4,0,-2,-2,0,0,-3,-1,15,2,0,0,-3,0,1,-5,0,0,5.35,0.45,2.46,335.7670000000005
0,2,0,7,-24,0,1,-2,0,-8,-12,0,0,-2,0,22,-14,0,0,5.4,0.45,2.45,14.139999999999997
0,2,0,6,-25,0,1,-2,0,-8,-14,0,0,-2,0,19,-16,0,0,5.4,0.45,2.45,14.457999999999997
0,2,0,6,-26,0,1,-2,0,-10,-19,0,0,-2,0,14,-19,0,0,5.4,0.45,2.45,14.775999999999996
0,2,0,5,-27,0,1,-2,0,-11,-21,0,0,-2,0,9,-22,0,0,5.4,0.45,2.45,15.093999999999996
0,2,0,4,-27,0,1,-1,0,-11,-23,0,0,-2,0,6,-24,0,0,5.4,0.45,2.45,15.411999999999995
0,2,0,4,-27,0,1,-2,0,-9,-23,0,0,-2,0,4,-23,0,0,5.4,0.45,2.45,15.729999999999995
0,2,0,3,-27,0,1,-2,0,-4,-21,0,0,-2,0,1,-18,0,0,5.44,0.5,2.72,16.083999999999996
0,2,0,2,-27,0,1,-1,-1,4,-16,0,0,-1,0,-3,-10,0,0,5.44,0.5,2.72,16.437999999999995
0,2,0,2,-26,0,1,-1,-1,8,-13,0,0,-2,0,-5,-8,0,0,5.44,0.5,2.72,16.791999999999994
0,2,0,1,-25,0,1,-1,-1,15,-6,0,0,-1,0,-9,-2,0,0,5.44,0.5,2.72,17.145999999999994
0,2,0,0,-22,0,1,-1,-1,18,0,0,0,-1,0,-13,7,0,0,5.44,0.5,2.72,17.499999999999993
0,2,0,0,-20,0,1,-1,-1,20,2,0,0,-1,0,-17,18,0,0,5.44,0.5,2.72,17.853999999999992
0,2,0,1,-18,0,1,-2,-1,20,5,0,0,-1,0,-18,24,0,0,5.44,0.5,2.72,18.20799999999999
0,2,0,2,-18,0,1,-2,-1,18,6,0,0,-2,0,-18,22,0,0,5.44,0.5,2.72,18.56199999999999
0,2,0,2,-18,0,1,-2,-1,18,6,0,0,-2,0,-19,20,0,0,5.44,0.5,2.72,18.91599999999999
0,2,0,3,-17,0,1,-2,-1,13,6,0,0,-2,0,-21,15,0,0,5.44,0.5,2.72,19.26999999999999
0,3,0,2,-15,0,1,-2,-1,5,9,0,-1,-2,0,-22,7,0,0,5.44,0.5,2.72,19.623999999999988
0,3,0,0,-12,0,1,-2,-1,-2,13,0,-1,-2,0,-21,-2,0,0,5.44,0.5,2.72,19.977999999999987
0,3,0,-2,-11,0,1,-2,-1,-5,14,0,-1,-2,0,-20,-6,0,0,5.44,0.5,2.72,20.331999999999987
0,3,0,-6,-10,0,0,-3,-1,-8,17,0,-1,-3,0,-16,-14,0,0,5.44,0.5,2.72,20.685999999999986
0,4,0,-8,-12,0,0,-3,-1,1,18,0,-1,-3,0,-13,-15,0,0,5.44,0.5,2.72,21.039999999999985
0,4,0,-18,-8,0,0,-3,-1,21,10,0,-1,-3,0,-10,-8,0,0,5.44,0.5,2.72,21.393999999999984
0,5,0,-22,-9,0,0,-3,-1,22,3,0,-1,-4,0,-8,-6,0,0,5.44,0.5,2.72,21.747999999999983
-1,5,0,-19,-18,0,0,-4,-1,14,-20,0,-2,-4,0,-12,-9,0,0,5.44,0.5,2.72,22.101999999999983
-1,3,0,0,-27,0,0,-4,-1,30,-38,0,-1,-3,0,-27,-9,0,0,5.44,0.5,2.72,22.45599999999998
-1,2,0,4,-25,0,0,-3,0,48,-53,0,-2,-2,0,-33,10,0,0,5.44,0.5,2.72,22.80999999999998
-1,2,0,4,-22,0,0,-3,0,54,-54,0,-2,-2,0,-29,10,0,0,5.44,0.5,2.72,23.16399999999998
0,1,0,-3,-11,0,0,-3,1,72,-54,0,-1,-2,0,-15,-11,0,0,5.4,0.45,2.43,23.48099999999998
0,1,0,-8,-5,0,0,-2,1,81,-54,0,-1,-2,0,-7,-29,0,0,5.4,0.45,2.43,23.79799999999998
0,2,0,-8,-4,0,0,-2,1,79,-53,0,-1,-2,0,-5,-36,0,0,5.4,0.45,2.43,24.11499999999998
0,2,0,-5,3,0,0,-2,0,70,-57,0,-1,-2,0,-4,-42,0,0,5.4,0.45,2.43,24.43199999999998
0,2,0,1,17,0,0,-2,0,65,-61,0,0,-1,0,-4,-36,0,0,5.4,0.45,2.43,24.74899999999998
0,2,0,2,31,0,0,-2,0,59,-57,0,-1,-1,0,-3,-22,0,0,5.4,0.45,2.43,25.06599999999998
-1,2,0,0,32,0,1,-2,0,27,-35,0,-1,-1,0,-8,-6,0,0,5.4,0.45,2.43,25.38299999999998
-1,2,0,-1,29,0,1,-1,0,16,-22,0,-1,-1,0,-10,0,0,0,5.4,0.45,2.43,25.69999999999998
-1,2,0,-4,18,0,1,-1,0,-12,23,0,-1,-1,0,-10,7,0,0,5.4,0.45,2.43,26.01699999999998
-1,2,0,-9,1,0,0,-1,0,-44,52,0,-1,-1,0,-9,8,0,0,5.4,0.45,2.43,26.333999999999982
0,1,0,-10,-10,0,0,-1,0,-53,62,0,-1,-1,0,-7,2,0,0,5.4,0.45,2.43,26.650999999999982
-1,1,0,-10,-15,0,0,-2,0,-53,60,0,-1,-1,0,-6,0,0,0,5.4,0.45,2.43,26.967999999999982
0,2,0,-10,-22,0,0,-2,0,-54,55,0,-1,-1,0,-5,-3,0,0,5.4,0.45,2.43,27.284999999999982
0,2,0,-6,-22,0,0,-1,0,-68,45,0,-1,-2,0,-4,-4,0,0,5.4,0.45,2.43,27.601999999999983
0,2,0,-3,-17,0,0,-2,0,-32,42,0,-1,-2,0,-3,-1,0,0,5.4,0.45,2.43,27.918999999999983
0,2,0,-3,-15,0,0,-2,0,-29,37,0,-1,-2,0,-3,-2,0,0,5.4,0.45,2.43,28.235999999999983
0,2,0,-4,-6,0,0,-2,0,-29,26,0,-1,-2,0,-5,4,0,0,5.4,0.45,2.43,28.552999999999983
0,2,0,-6,0,0,0,-2,0,-43,9,0,-1,-2,0,-6,11,0,0,5.4,0.45,2.43,28.869999999999983
0,2,0,-6,2,0,0,-2,0,-43,2,0,-1,-2,0,-6,13,0,0,5.4,0.45,2.43,29.186999999999983
0,2,0,-6,6,0,0,-2,0,-50,-15,0,-1,-2,0,-7,19,0,0,5.4,0.45,2.43,29.503999999999984
0,2,0,-6,7,0,1,-2,0,-71,-7,0,-1,-2,0,-10,23,0,0,5.4,0.45,2.43,29.820999999999984
0,2,0,-6,7,0,1,-2,0,-63,8,0,-1,-2,0,-12,24,0,0,5.42,0.47,2.6,30.159999999999982
0,2,0,-6,6,0,1,-2,0,-59,16,0,-1,-2,0,-13,23,0,0,5.42,0.47,2.6,30.49899999999998
0,2,0,-5,4,0,1,-2,0,-55,38,0,-1,-2,0,-21,21,0,0,5.42,0.47,2.6,30.83799999999998
0,2,0,-5,2,0,1,-2,0,-52,58,0,-1,-2,0,-13,14,0,0,5.42,0.47,2.6,31.17699999999998
0,2,0,-4,1,0,0,-2,0,-51,63,0,-1,-2,0,-16,9,0,0,5.42,0.47,2.6,31.515999999999977
0,2,0,-4,0,0,0,-2,0,-49,62,0,-1,-2,0,-14,6,0,0,5.42,0.47,2.6,31.854999999999976
0,2,0,-3,0,0,0,-2,0,-41,57,0,-1,-2,0,-16,0,0,0,5.42,0.47,2.6,32.193999999999974
0,2,0,-3,0,0,0,-2,0,-34,57,0,-1,-2,0,-17,-4,0,0,5.42,0.47,2.6,32.53299999999997
0,2,0,0,0,0,0,-2,0,-32,62,0,-1,-2,0,-19,-9,0,0,5.42,0.47,2.6,32.87199999999997
0,2,0,0,-1,0,0,-2,0,-30,63,0,-1,-2,0,-19,-10,0,0,5.42,0.47,2.6,33.21099999999997
0,2,0,1,-4,0,0,-2,0,-24,68,0,-1,-2,0,-18,-11,0,0,5.42,0.47,2.6,33.54999999999997
0,2,0,3,-5,0,0,-2,0,-23,72,0,-1,-2,0,-13,-10,0,0,5.42,0.47,2.6,33.88899999999997
0,2,0,3,-9,0,0,-2,0,-23,72,0,-1,-2,0,-7,-10,0,0,5.42,0.47,2.6,34.227999999999966
0,2,0,0,-10,0,0,-2,0,-23,68,0,-1,-2,0,-2,-11,0,0,5.42,0.47,2.6,34.566999999999965
0,3,0,0,-10,0,0,-2,0,-24,66,0,-1,-2,0,-1,-12,0,0,5.42,0.47,2.6,34.90599999999996
0,3,0,-4,-7,0,0,-3,0,-26,52,0,-1,-2,0,0,-16,0,0,5.42,0.47,2.6,35.24499999999996
0,3,0,-8,-3,0,0,-3,0,-29,34,0,-1,-2,0,-3,-17,0,0,5.42,0.47,2.6,35.58399999999996
0,3,0,-11,8,0,0,-3,0,-34,9,0,-1,-2,0,-6,-14,0,0,5.42,0.47,2.6,35.92299999999996
0,3,0,-14,19,0,0,-3,0,-35,-19,0,-1,-2,0,-8,-4,0,0,5.42,0.47,2.6,36.26199999999996
0,3,0,-16,22,0,0,-3,0,-32,-29,0,-1,-2,0,-10,0,0,0,5.42,0.47,2.6,36.60099999999996
0,2,0,-19,32,0,0,-3,0,-22,-51,0,-1,-2,0,-16,7,0,0,5.42,0.47,2.6,36.939999999999955
0,2,0,-21,39,0,0,-3,0,-6,-65,0,-1,-2,0,-23,9,0,0,5.41,0.47,2.58,37.275999999999954
0,2,0,-22,44,0,0,-2,0,10,-69,0,-1,-1,0,-32,1,0,0,5.41,0.47,2.58,37.61199999999995
0,2,0,-21,44,0,0,-2,0,15,-68,0,-1,-1,0,-34,-3,0,0,5.41,0.47,2.58,37.94799999999995
0,2,0,-22,42,0,0,-2,0,28,-62,0,-1,-1,0,-39,-18,0,0,5.41,0.47,2.58,38.28399999999995
0,2,0,-22,37,0,0,-2,0,37,-55,0,-1,-1,0,-43,-36,0,0,5.41,0.47,2.58,38.61999999999995
0,2,0,-22,29,0,0,-2,0,44,-46,0,-1,-2,0,-45,-53,0,0,5.41,0.47,2.58,38.955999999999946
0,2,0,-22,26,0,0,-2,0,45,-43,0,-1,-2,0,-45,-58,0,0,5.41,0.47,2.58,39.291999999999945
0,2,0,-19,20,0,0,-2,0,47,-40,0,0,-2,0,-45,-68,0,0,5.41,0.47,2.58,39.62799999999994
0,2,0,-17,16,0,0,-2,0,46,-43,0,0,-2,0,-41,-68,0,0,5.41,0.47,2.58,39.96399999999994
0,2,0,-13,13,0,0,-2,0,45,-53,0,0,-2,0,-35,-60,0,0,5.41,0.47,2.58,40.29999999999994
0,2,0,-12,12,0,0,-2,0,45,-58,0,0,-2,0,-32,-56,0,0,5.41,0.47,2.58,40.63599999999994
0,2,0,-10,12,0,0,-2,0,46,-74,0,0,-2,0,-24,-43,0,0,5.41,0.47,2.58,40.97199999999994
0,2,0,-9,11,0,0,-2,0,48,-94,0,0,-2,0,-14,-25,0,0,5.41,0.47,2.58,41.307999999999936
0,2,0,-9,11,0,0,-2,0,46,-110,0,0,-2,0,-5,-8,0,0,5.41,0.47,2.58,41.643999999999934
0,2,0,-8,11,0,0,-2,0,42,-120,0,-1,-2,0,3,6,0,0,5.41,0.47,2.58,41.97999999999993
0,2,0,-7,11,0,0,-2,0,41,-122,0,-1,-2,0,6,12,0,0,5.41,0.47,2.58,42.31599999999993
0,2,0,-6,9,0,1,-2,0,37,-118,0,-1,-2,0,13,22,0,0,5.41,0.47,2.58,42.65199999999993
0,2,0,-5,8,0,1,-2,0,37,-107,0,-1,-2,0,15,30,0,0,5.41,0.47,2.58,42.98799999999993
0,2,0,-5,7,0,1,-2,0,37,-91,0,-1,-2,0,15,32,0,0,5.41,0.47,2.58,43.32399999999993
0,2,0,-5,7,0,1,-2,0,37,-84,0,-1,-2,0,14,31,0,0,5.41,0.47,2.58,43.659999999999926
0,2,0,-5,7,0,1,-2,0,36,-71,0,-1,-2,0,10,27,0,0,5.41,0.47,2.58,43.995999999999924
0,2,0,-5,8,0,1,-2,0,38,-59,0,-1,-2,0,4,21,0,0,5.39,0.45,2.44,44.31499999999993
0,2,0,-5,8,0,1,-2,0,36,-47,0,-1,-2,0,-1,17,0,0,5.39,0.45,2.44,44.63399999999993
0,2,0,-5,9,0,1,-2,0,35,-41,0,-1,-2,0,-2,16,0,0,5.39,0.45,2.44,44.95299999999993
0,2,0,-6,8,0,1,-2,0,35,-27,0,-1,-2,0,-5,14,0,0,5.39,0.45,2.44,45.271999999999935
0,2,0,-6,7,0,1,-2,0,34,-15,0,-1,-2,0,-4,13,0,0,5.39,0.45,2.44,45.59099999999994
0,2,0,-5,10,0,1,-2,0,29,2,0,-1,-2,0,0,10,0,0,5.39,0.45,2.44,45.90999999999994
0,2,0,-5,10,0,0,-2,0,17,7,0,-1,-2,0,4,8,0,0,5.39,0.45,2.44,46.22899999999994
0,2,0,-4,9,0,0,-2,0,14,8,0,-1,-2,0,8,6,0,0,5.39,0.45,2.44,46.547999999999945
0,2,0,-5,9,0,0,-2,0,14,7,0,-1,-2,0,9,6,0,0,5.39,0.45,2.44,46.86699999999995
0,2,0,-5,10,0,0,-2,0,7,10,0,-1,-2,0,10,7,0,0,5.39,0.45,2.44,47.18599999999995
0,2,0,-5,11,0,0,-2,0,-2,16,0,-1,-2,0,10,8,0,0,5.39,0.45,2.44,47.50499999999995
-1,2,0,-4,12,0,0,-2,0,-6,17,0,-1,-2,0,9,8,0,0,5.39,0.45,2.44,47.823999999999955
-1,2,0,-3,13,0,0,-2,0,-8,19,0,-1,-2,0,8,6,0,0,5.39,0.45,2.44,48.14299999999996
-1,2,0,-2,13,0,0,-2,0,-14,19,0,-1,-2,0,8,2,0,0,5.39,0.45,2.44,48.46199999999996
-1,2,0,-1,13,0,0,-2,0,-21,17,0,-1,-2,0,7,-3,0,0,5.39,0.45,2.44,48.78099999999996
-1,2,0,0,12,0,0,-2,0,-27,11,0,-1,-2,0,7,-10,0,0,5.39,0.45,2.44,49.099999999999966
-1,2,0,-1,10,0,0,-2,0,-39,1,0,-1,-2,0,6,-18,0,0,5.39,0.45,2.44,49.41899999999997
-1,2,0,-3,9,0,0,-2,0,-51,-1,0,-1,-2,0,7,-24,0,0,5.39,0.45,2.44,49.73799999999997
-1,2,0,-5,5,0,0,-2,0,-57,4,0,-1,-2,0,12,-22,0,0,5.39,0.45,2.44,50.056999999999974
-1,3,0,-8,3,0,0,-2,0,-54,21,0,-1,-3,0,14,-19,0,0,5.39,0.45,2.44,50.375999999999976
0,3,0,-13,2,0,0,-3,0,-43,37,0,-1,-3,0,18,-16,0,0,5.39,0.45,2.44,50.69499999999998
0,3,0,-16,1,0,0,-3,0,-37,38,0,-1,-3,0,24,-15,0,0,5.39,0.45,2.47,51.01799999999998
0,3,0,-21,0,0,0,-4,0,-34,22,0,0,-3,0,40,-18,0,0,5.39,0.45,2.47,51.34099999999998
0,4,0,-22,-15,0,0,-4,0,-43,-47,0,0,-4,0,63,-19,0,0,5.39,0.45,2.47,51.66399999999998
0,4,0,-10,-25,0,1,-4,-1,-30,-78,0,0,-4,1,82,-12,0,0,5.39,0.45,2.47,51.98699999999998
1,3,0,-8,-19,0,1,-3,-1,-22,-81,0,0,-3,1,83,-2,0,0,5.39,0.45,2.47,52.30999999999998
0,2,0,-5,5,0,2,-2,0,-14,-49,0,0,-2,1,73,24,0,0,5.39,0.45,2.47,52.63299999999998
0,1,0,2,12,0,1,-2,0,-20,18,0,0,-1,1,50,48,0,0,5.39,0.45,2.47,52.95599999999998
0,1,0,10,7,0,1,-1,0,-35,69,0,0,-1,1,33,66,0,0,5.39,0.45,2.47,53.27899999999998
0,2,0,8,-14,0,0,-1,-1,-33,87,0,0,-1,1,0,64,0,0,5.39,0.45,2.47,53.60199999999998
0,2,0,8,-23,0,0,-2,-1,-28,81,0,0,-2,1,-18,68,0,0,5.39,0.45,2.47,53.92499999999998
0,2,0,9,-23,0,0,-2,-1,-21,70,0,0,-2,0,-36,59,0,0,5.39,0.45,2.47,54.24799999999998
0,2,0,8,-15,0,0,-1,-1,-18,55,0,0,-2,0,-47,40,0,0,5.39,0.45,2.47,54.570999999999984
0,2,0,7,-12,0,0,-1,-1,-16,50,0,0,-2,0,-48,35,0,0,5.39,0.45,2.47,54.893999999999984
0,2,0,5,-4,0,0,-1,-1,-10,33,0,0,-2,0,-48,22,0,0,5.39,0.45,2.47,55.216999999999985
0,2,0,3,-1,0,0,-1,-1,-8,17,0,0,-2,0,-41,12,0,0,5.39,0.45,2.47,55.539999999999985
0,2,0,4,0,0,0,-1,-1,-10,5,0,0,-2,0,-32,2,0,0,5.39,0.45,2.47,55.862999999999985
0,2,0,3,0,0,0,-1,-1,-16,-4,0,0,-2,0,-28,-11,0,0,5.39,0.45,2.47,56.185999999999986
0,2,0,2,0,0,1,-1,-1,-14,-2,0,0,-1,0,-28,-26,0,0,5.39,0.45,2.47,56.508999999999986
0,2,0,0,0,0,1,-1,-1,-9,7,0,0,-2,0,-30,-42,0,0,5.39,0.45,2.47,56.83199999999999
0,2,0,0,-1,0,1,-2,-1,-11,12,0,0,-2,0,-31,-53,0,0,5.39,0.45,2.47,57.15499999999999
0,2,0,0,-3,0,1,-2,-1,-12,17,0,0,-2,0,-32,-64,0,0,5.39,0.45,2.47,57.47799999999999
0,2,0,0,-4,0,1,-2,-1,-12,19,0,0,-2,0,-33,-65,0,0,5.39,0.45,2.45,57.798999999999985
0,2,0,0,-9,0,1,-2,-1,-12,23,0,0,-2,0,-34,-67,0,0,5.39,0.45,2.45,58.11999999999998
0,2,0,1,-12,0,1,-2,-1,-14,24,0,0,-2,0,-34,-63,0,0,5.39,0.45,2.45,58.44099999999998
0,2,0,2,-13,0,1,-2,-1,-16,25,0,0,-2,0,-32,-54,0,0,5.39,0.45,2.45,58.76199999999998
0,2,0,2,-11,0,1,-2,-1,-19,24,0,0,-2,0,-30,-45,0,0,5.39,0.45,2.45,59.08299999999998
0,2,0,1,-7,0,1,-2,-1,-20,23,0,0,-2,0,-24,-36,0,0,5.39,0.45,2.45,59.403999999999975
0,2,0,1,-6,0,1,-2,-1,-21,23,0,0,-2,0,-24,-32,0,0,5.39,0.45,2.45,59.72499999999997
0,2,0,1,-3,0,1,-2,-1,-22,22,0,0,-2,0,-18,-24,0,0,5.39,0.45,2.45,60.04599999999997
0,2,0,1,0,0,1,-2,0,-23,23,0,0,-2,0,-13,-14,0,0,5.39,0.45,2.45,60.36699999999997
0,2,0,1,4,0,1,-2,0,-21,25,0,0,-2,0,-10,-7,0,0,5.39,0.45,2.45,60.68799999999997
0,2,0,0,7,0,1,-2,-1,-19,27,0,0,-2,0,-9,-6,0,0,5.39,0.45,2.45,61.008999999999965
0,3,0,-3,10,0,1,-2,-1,-18,26,0,0,-2,0,-8,-8,0,0,5.39,0.45,2.45,61.32999999999996
0,3,0,-4,11,0,1,-2,-1,-15,22,0,0,-2,0,-8,-7,0,0,5.39,0.45,2.45,61.65099999999996
0,3,0,-5,9,0,1,-2,-1,-12,16,0,0,-3,0,-12,8,0,0,5.39,0.45,2.45,61.97199999999996
0,3,0,-6,8,0,1,-2,-1,-11,14,0,0,-3,0,-13,16,0,0,5.39,0.45,2.45,62.29299999999996
0,3,0,-9,3,0,1,-2,-1,-11,8,0,0,-3,0,-12,36,0,0,5.39,0.45,2.45,62.613999999999955
0,2,0,-10,-3,0,1,-2,-1,-9,3,0,0,-2,0,-3,48,0,0,5.39,0.45,2.45,62.93499999999995
0,2,0,-11,-11,0,1,-2,-1,-20,2,0,0,-2,0,4,52,0,0,5.39,0.45,2.45,63.25599999999995
0,2,0,-11,-18,0,1,-2,-1,-22,4,0,0,-2,0,12,53,0,0,5.39,0.45,2.45,63.57699999999995
0,2,0,-10,-22,0,1,-2,0,-22,8,0,0,-2,0,19,52,0,0,5.39,0.45,2.45,63.897999999999946
0,2,0,-8,-23,0,1,-2,0,-21,16,0,0,-2,0,28,56,0,0,5.39,0.45,2.45,64.21899999999995
0,2,0,-7,-23,0,1,-2,0,-22,20,0,0,-2,0,32,58,0,0,5.37,0.45,2.41,64.53499999999995
0,2,0,-4,-19,0,1,-2,0,-28,35,0,0,-2,0,39,56,0,0,5.37,0.45,2.41,64.85099999999996
0,2,0,-2,-15,0,1,-2,0,-30,51,0,0,-2,0,42,43,0,0,5.37,0.45,2.41,65.16699999999996
0,2,0,-1,-13,0,0,-2,0,-32,67,0,0,-2,0,40,29,0,0,5.37,0.45,2.41,65.48299999999996
0,2,0,-1,-13,0,0,-2,0,-33,77,0,0,-2,0,36,20,0,0,5.37,0.45,2.41,65.79899999999996
0,2,0,0,-14,0,0,-2,0,-34,81,0,0,-2,0,31,20,0,0,5.37,0.45,2.41,66.11499999999997
0,2,0,0,-15,0,0,-2,0,-28,71,0,0,-2,0,29,26,0,0,5.37,0.45,2.41,66.43099999999997
0,2,0,0,-15,0,0,-2,0,-26,60,0,0,-2,0,28,28,0,0,5.37,0.45,2.41,66.74699999999997
0,2,0,1,-15,0,0,-2,0,-17,17,0,0,-2,0,26,33,0,0,5.37,0.45,2.41,67.06299999999997
0,2,0,2,-14,0,0,-2,0,-8,-22,0,0,-2,0,24,35,0,0,5.37,0.45,2.41,67.37899999999998
0,2,0,3,-14,0,0,-2,0,0,-44,0,0,-2,0,24,38,0,0,5.37,0.45,2.41,67.69499999999998
0,2,0,3,-14,0,0,-2,0,8,-55,0,0,-2,0,26,43,0,0,5.37,0.45,2.41,68.01099999999998
0,2,0,3,-14,0,1,-2,0,12,-60,0,0,-2,0,30,47,0,0,5.37,0.45,2.41,68.32699999999998
0,2,0,3,-15,0,1,-2,0,13,-60,0,0,-2,0,32,50,0,0,5.37,0.45,2.41,68.64299999999999
0,2,0,3,-15,0,1,-2,0,13,-47,0,0,-2,0,42,50,0,0,5.37,0.45,2.41,68.95899999999999
0,2,0,3,-15,0,1,-2,-1,14,-24,0,0,-2,0,50,45,0,0,5.37,0.45,2.41,69.27499999999999
0,2,0,3,-16,0,1,-2,-1,13,-6,0,0,-2,0,50,32,0,0,5.37,0.45,2.41,69.591
0,2,0,3,-17,0,1,-1,-1,10,2,0,0,-2,0,44,17,0,0,5.37,0.45,2.41,69.907
0,2,0,3,-18,0,1,-1,-1,6,7,0,0,-2,0,32,5,0,0,5.37,0.45,2.41,70.223
0,2,0,3,-18,0,1,-1,-1,4,8,0,0,-2,0,29,0,0,0,5.37,0.45,2.41,70.539
0,2,0,3,-20,0,1,-1,-1,0,7,0,0,-2,0,20,-7,0,0,5.37,0.45,2.41,70.855
0,2,0,3,-22,0,1,-1,-1,-3,5,0,0,-2,0,14,-9,0,0,5.34,0.43,2.32,71.159
0,2,0,4,-22,0,1,-1,-1,-7,5,0,0,-2,0,10,-5,0,0,5.34,0.43,2.32,71.46300000000001
0,2,0,5,-22,0,1,-1,-1,-11,8,0,0,-2,0,8,-4,0,0,5.34,0.43,2.32,71.76700000000001
0,2,0,5,-22,0,1,-1,-1,-13,13,0,0,-2,0,6,-4,0,0,5.34,0.43,2.32,72.07100000000001
0,3,0,1,-9,0,0,-2,0,-26,63,0,-1,-2,0,20,4,0,0,5.37,0.46,2.51,72.4
0,3,0,-2,-2,0,0,-2,0,-31,33,0,-1,-2,0,18,10,0,0,5.37,0.46,2.51,72.729
0,3,0,-4,10,0,0,-3,0,-36,-1,0,-1,-2,0,10,10,0,0,5.37,0.46,2.51,73.05799999999999
0,2,0,-7,23,0,0,-2,0,-32,-28,0,-1,-2,0,0,15,0,0,5.37,0.46,2.51,73.38699999999999
0,2,0,-10,32,0,0,-2,0,-21,-43,0,-1,-2,0,-13,14,0,0,5.37,0.46,2.51,73.71599999999998
0,2,0,-11,37,0,0,-2,0,-5,-43,0,-1,-2,0,-25,9,0,0,5.37,0.46,2.51,74.04499999999997
0,2,0,-11,38,0,0,-2,0,0,-39,0,-1,-2,0,-28,6,0,0,5.37,0.46,2.51,74.37399999999997
0,2,0,-12,37,0,0,-2,0,14,-26,0,-1,-2,0,-35,-5,0,0,5.37,0.46,2.51,74.70299999999996
0,2,0,-13,33,0,0,-2,0,24,-19,0,-1,-2,0,-39,-18,0,0,5.37,0.46,2.51,75.03199999999995
0,2,0,-14,28,0,0,-2,0,32,-24,0,-1,-2,0,-40,-33,0,0,5.34,0.43,2.35,75.33999999999996
0,2,0,-14,25,0,0,-2,0,36,-35,0,-1,-2,0,-39,-43,0,0,5.34,0.43,2.35,75.64799999999997
0,2,0,-13,26,0,0,-2,0,35,-49,0,-1,-2,0,-35,-46,0,0,5.34,0.43,2.35,75.95599999999997
0,2,0,-12,29,0,0,-2,0,31,-62,0,-1,-2,0,-29,-43,0,0,5.34,0.43,2.35,76.26399999999998
0,2,0,-10,32,0,0,-2,0,25,-74,0,-1,-2,0,-22,-34,0,0,5.34,0.43,2.35,76.57199999999999
0,2,0,-9,32,0,0,-2,0,23,-78,0,-1,-2,0,-19,-30,0,0,5.34,0.43,2.35,76.88
0,2,0,-8,32,0,0,-2,0,22,-88,0,-1,-2,0,-12,-18,0,0,5.34,0.43,2.35,77.188
0,2,0,-8,30,0,0,-2,0,26,-96,0,-1,-2,0,-7,-10,0,0,5.34,0.43,2.35,77.49600000000001
0,2,0,-7,28,0,0,-2,0,33,-92,0,-1,-2,0,-5,-9,0,0,5.34,0.43,2.35,77.80400000000002
0,2,0,-6,25,0,0,-2,0,39,-84,0,-1,-2,0,-5,-16,0,0,5.34,0.43,2.35,78.11200000000002
0,2,0,-5,22,0,0,-2,0,41,-74,0,-1,-2,0,-5,-24,0,0,5.34,0.43,2.35,78.42000000000003
0,2,0,-5,21,0,0,-2,0,42,-71,0,-1,-2,0,-7,-27,0,0,5.34,0.43,2.35,78.72800000000004
0,2,0,-4,19,0,1,-2,0,43,-67,0,-1,-2,0,-5,-30,0,0,5.34,0.43,2.35,79.03600000000004
0,2,0,-4,19,0,1,-2,0,43,-64,0,-1,-2,0,-6,-28,0,0,5.34,0.43,2.35,79.34400000000005
0,2,0,-4,19,0,1,-2,0,43,-61,0,-1,-2,0,-5,-20,0,0,5.34,0.43,2.35,79.65200000000006
0,2,0,-4,18,0,1,-2,0,43,-56,0,-1,-2,0,-5,-14,0,0,5.34,0.43,2.35,79.96000000000006
0,2,0,-4,18,0,1,-2,0,44,-51,0,-1,-2,0,-4,-11,0,0,5.34,0.43,2.35,80.26800000000007
0,2,0,-4,16,0,1,-2,0,42,-44,0,-1,-2,0,0,-10,0,0,5.34,0.43,2.35,80.57600000000008
0,2,0,-5,16,0,1,-2,0,42,-41,0,-1,-2,0,0,-10,0,0,5.34,0.43,2.35,80.88400000000009
0,2,0,-6,16,0,1,-2,0,40,-32,0,-1,-2,0,4,-13,0,0,5.34,0.43,2.35,81.19200000000009
0,2,0,-5,15,0,1,-2,0,30,-24,0,-1,-2,0,4,-15,0,0,5.34,0.43,2.35,81.5000000000001
0,2,0,-5,17,0,0,-2,0,25,-15,0,-1,-2,0,3,-16,0,0,5.33,0.43,2.34,81.8070000000001
0,2,0,-4,20,0,0,-2,0,7,-15,0,-1,-2,0,1,-14,0,0,5.33,0.43,2.34,82.1140000000001
0,2,0,-4,22,0,0,-2,0,3,-17,0,-1,-2,0,0,-10,0,0,5.33,0.43,2.34,82.4210000000001
0,2,0,-4,22,0,0,-2,0,4,-13,0,-1,-2,0,0,-9,0,0,5.33,0.43,2.34,82.72800000000011
0,2,0,-3,23,0,0,-2,0,-1,-10,0,-1,-2,0,-1,-3,0,0,5.33,0.43,2.34,83.03500000000011
0,2,0,-4,22,0,0,-2,0,-4,-5,0,-1,-2,0,0,4,0,0,5.33,0.43,2.34,83.34200000000011
0,2,0,-5,22,0,0,-2,0,-8,0,0,-1,-2,0,4,13,0,0,5.33,0.43,2.34,83.64900000000011
-1,2,0,-6,22,0,0,-2,0,-21,0,0,-1,-2,0,11,19,0,0,5.33,0.43,2.34,83.95600000000012
-1,2,0,-7,21,0,0,-2,0,-28,-1,0,-1,-2,0,13,16,0,0,5.33,0.43,2.34,84.26300000000012
0,2,0,-7,21,0,0,-2,0,-30,-3,0,-1,-2,0,11,5,0,0,5.33,0.43,2.34,84.57000000000012
0,2,0,-9,23,0,0,-2,0,-29,0,0,-1,-2,0,7,-8,0,0,5.33,0.43,2.34,84.87700000000012
0,3,0,-11,24,0,0,-3,0,-29,9,0,-1,-2,0,5,-19,0,0,5.33,0.43,2.34,85.18400000000013
0,3,0,-15,24,0,0,-3,0,-27,19,0,-1,-3,0,6,-19,0,0,5.33,0.43,2.34,85.49100000000013
0,3,0,-17,20,0,0,-4,0,-27,3,0,-1,-3,0,13,-14,0,0,5.33,0.43,2.34,85.79800000000013
0,4,0,-25,13,0,0,-4,0,-24,-43,0,-1,-3,0,24,-9,0,0,5.33,0.43,2.34,86.10500000000013
0,4,0,-27,-7,0,0,-4,-1,-37,-103,0,-1,-4,0,43,-5,0,0,5.33,0.43,2.34,86.41200000000013
1,4,0,-23,-10,0,1,-4,-1,-35,-107,0,-1,-4,0,48,-4,0,0,5.33,0.43,2.34,86.71900000000014
1,3,0,-11,2,0,3,-3,-1,-17,-90,0,0,-3,1,59,10,0,0,5.33,0.43,2.34,87.02600000000014
1,2,0,-9,20,0,2,-2,-1,-8,-24,0,0,-2,1,59,22,0,0,5.33,0.43,2.34,87.33300000000014
0,2,0,0,20,0,1,-2,-1,-12,46,0,0,-1,1,50,25,0,0,5.33,0.43,2.34,87.64000000000014
0,1,0,7,11,0,1,-1,-1,-29,85,0,0,-2,1,30,31,0,0,5.33,0.43,2.34,87.94700000000014
0,1,0,8,1,0,1,-1,-1,-24,100,0,0,-2,1,9,27,0,0,5.33,0.45,2.4,88.26200000000014
0,2,0,7,-12,0,0,-1,-1,-17,107,0,0,-2,1,-3,31,0,0,5.33,0.45,2.4,88.57700000000014
0,2,0,8,-15,0,0,-1,-1,-19,109,0,0,-2,1,-7,34,0,0,5.33,0.45,2.4,88.89200000000014
0,2,0,12,-20,0,0,-1,-1,-20,110,0,0,-2,0,-17,44,0,0,5.33,0.45,2.4,89.20700000000014
0,2,0,9,-17,0,0,-1,-1,-23,98,0,0,-2,0,-23,55,0,0,5.33,0.45,2.4,89.52200000000013
1,2,0,0,-9,0,0,-1,-1,-20,74,0,0,-2,0,-38,51,0,0,5.33,0.45,2.4,89.83700000000013
0,2,0,-3,-2,0,0,-1,-1,-20,45,0,0,-2,0,-44,31,0,0,5.33,0.45,2.4,90.15200000000013
0,2,0,-4,3,0,0,-1,-1,-24,20,0,0,-2,0,-43,5,0,0,5.33,0.45,2.4,90.46700000000013
0,2,0,-4,5,0,0,-1,-1,-32,1,0,0,-2,0,-41,-15,0,0,5.33,0.45,2.4,90.78200000000012
0,2,0,-5,5,0,0,-1,-1,-38,-8,0,0,-2,0,-39,-39,0,0,5.33,0.45,2.4,91.09700000000012
0,2,0,-4,0,0,1,-2,-1,-28,-1,0,0,-2,0,-38,-57,0,0,5.33,0.45,2.4,91.41200000000012
0,2,0,-3,-5,0,1,-2,-1,-21,9,0,0,-2,0,-37,-60,0,0,5.33,0.45,2.4,91.72700000000012
0,2,0,0,-9,0,1,-2,-1,-18,19,0,0,-2,0,-33,-46,0,0,5.33,0.45,2.4,92.04200000000012
0,2,0,0,-14,0,1,-2,-1,-18,28,0,0,-2,0,-23,-19,0,0,5.33,0.45,2.4,92.35700000000011
0,2,0,0,-16,0,1,-2,-1,-19,31,0,0,-2,0,-19,-9,0,0,5.33,0.45,2.4,92.67200000000011
0,2,0,1,-20,0,1,-2,-1,-20,37,0,0,-2,0,-14,1,0,0,5.33,0.45,2.4,92.98700000000011
0,2,0,3,-21,0,1,-2,-1,-22,36,0,0,-2,0,-17,-7,0,0,5.33,0.45,2.4,93.3020000000001
0,2,0,4,-19,0,1,-2,-1,-24,34,0,0,-2,0,-22,-19,0,0,5.33,0.45,2.4,93.6170000000001
0,2,0,5,-16,0,1,-2,-1,-26,32,0,0,-2,0,-24,-28,0,0,5.33,0.45,2.4,93.9320000000001
0,2,0,5,-14,0,1,-2,0,-28,31,0,0,-2,0,-28,-30,0,0,5.33,0.45,2.4,94.2470000000001
0,2,0,5,-12,0,1,-2,0,-28,31,0,0,-2,0,-28,-28,0,0,5.33,0.45,2.4,94.5620000000001
0,2,0,5,-10,0,1,-2,0,-27,33,0,0,-2,0,-23,-20,0,0,5.35,0.46,2.47,94.8860000000001
0,2,0,5,-9,0,1,-2,0,-26,34,0,0,-2,0,-20,-14,0,0,5.35,0.46,2.47,95.2100000000001
0,2,0,4,-6,0,1,-2,0,-25,36,0,0,-2,0,-5,10,0,0,5.35,0.46,2.47,95.53400000000009
0,2,0,3,-2,0,1,-2,0,-23,37,0,0,-2,1,8,34,0,0,5.35,0.46,2.47,95.85800000000009
0,2,0,3,0,0,1,-2,0,-20,36,0,0,-2,1,12,40,0,0,5.35,0.46,2.47,96.18200000000009
0,3,0,1,2,0,1,-2,0,-17,36,0,0,-2,0,11,32,0,0,5.35,0.46,2.47,96.50600000000009
0,3,0,0,3,0,1,-2,-1,-15,32,0,0,-2,0,6,28,0,0,5.35,0.46,2.47,96.83000000000008
0,3,0,0,2,0,1,-2,-1,-13,31,0,0,-3,0,5,28,0,0,5.35,0.46,2.47,97.15400000000008
0,3,0,-3,0,0,1,-3,-1,-9,26,0,0,-3,0,4,34,0,0,5.35,0.46,2.47,97.47800000000008
0,2,0,-4,-5,0,1,-2,-1,3,17,0,-1,-2,0,5,40,0,0,5.35,0.46,2.47,97.80200000000008
0,2,0,-4,-12,0,1,-2,0,0,12,0,-1,-2,0,5,35,0,0,5.35,0.46,2.47,98.12600000000008
0,2,0,-4,-19,0,1,-2,0,0,10,0,-1,-2,0,6,20,0,0,5.35,0.46,2.47,98.45000000000007
0,2,0,-5,-25,0,1,-2,0,2,11,0,-1,-2,0,8,6,0,0,5.35,0.46,2.47,98.77400000000007
0,2,0,-6,-26,0,0,-2,0,2,12,0,-1,-2,0,9,4,0,0,5.35,0.46,2.47,99.09800000000007
0,2,0,-6,-26,0,0,-2,0,-2,18,0,0,-2,0,18,5,0,0,5.35,0.46,2.47,99.42200000000007
0,2,0,-6,-23,0,0,-2,0,-7,25,0,0,-2,0,29,14,0,0,5.35,0.46,2.47,99.74600000000007
0,2,0,-5,-21,0,0,-2,0,-11,29,0,0,-2,0,40,24,0,0,5.35,0.46,2.47,100.07000000000006
0,2,0,-5,-20,0,0,-2,0,-8,35,0,0,-2,0,46,29,0,0,5.35,0.46,2.47,100.39400000000006
0,2,0,-4,-20,0,0,-2,0,-15,40,0,0,-2,0,48,33,0,0,5.35,0.46,2.47,100.71800000000006
0,2,0,-4,-20,0,0,-2,0,-16,43,0,0,-2,0,48,35,0,0,5.35,0.46,2.47,101.04200000000006
0,2,0,-3,-21,0,0,-2,0,-18,44,0,0,-2,0,44,36,0,0,5.35,0.46,2.47,101.36600000000006
0,2,0,-2,-21,0,0,-2,0,-21,39,0,0,-2,0,38,37,0,0,5.34,0.44,2.35,101.67600000000006
0,2,0,0,-19,0,0,-2,0,-22,29,0,0,-2,0,33,40,0,0,5.34,0.44,2.35,101.98600000000006
0,2,0,1,-17,0,0,-2,0,-23,21,0,0,-2,0,30,45,0,0,5.34,0.44,2.35,102.29600000000006
0,2,0,2,-15,0,1,-2,0,-19,15,0,0,-2,0,29,55,0,0,5.34,0.44,2.35,102.60600000000007
0,2,0,3,-15,0,1,-2,0,-18,14,0,0,-2,0,31,58,0,0,5.34,0.44,2.35,102.91600000000007
0,2,0,3,-16,0,1,-2,0,-13,13,0,0,-2,0,41,59,0,0,5.34,0.44,2.35,103.22600000000007
0,2,0,3,-16,0,1,-2,0,-3,12,0,0,-2,1,53,51,0,0,5.34,0.44,2.35,103.53600000000007
0,2,0,4,-15,0,1,-2,0,3,10,0,0,-2,1,59,45,0,0,5.34,0.44,2.35,103.84600000000007
0,2,0,4,-15,0,1,-2,0,9,7,0,0,-2,0,57,43,0,0,5.34,0.44,2.35,104.15600000000008
0,2,0,5,-14,0,1,-2,0,12,2,0,0,-2,0,51,39,0,0,5.34,0.44,2.35,104.46600000000008
0,2,0,4,-14,0,1,-2,0,12,-3,0,0,-2,0,41,30,0,0,5.34,0.44,2.35,104.77600000000008
0,2,0,3,-14,0,1,-2,0,12,-5,0,-1,-2,0,36,26,0,0,5.34,0.44,2.35,105.08600000000008
0,2,0,3,-14,0,1,-2,0,10,-10,0,0,-2,0,21,16,0,0,5.34,0.44,2.35,105.39600000000009
0,2,0,2,-13,0,1,-2,0,9,-14,0,0,-2,0,9,6,0,0,5.34,0.44,2.35,105.70600000000009
0,2,0,2,-13,0,1,-2,-1,8,-17,0,0,-2,0,2,-3,0,0,5.34,0.44,2.35,106.01600000000009
0,2,0,2,-13,0,1,-2,-1,8,-20,0,0,-2,0,-1,-13,0,0,5.34,0.44,2.35,106.32600000000009
0,2,0,3,-13,0,1,-2,-1,9,-22,0,0,-1,0,-4,-19,0,0,5.34,0.44,2.35,106.6360000000001
0,2,0,2,-14,0,1,-1,-1,9,-22,0,0,-1,0,-5,-16,0,0,5.34,0.44,2.35,106.9460000000001
0,2,0,2,-14,0,1,-1,-1,10,-21,0,0,-1,0,-7,-8,0,0,5.34,0.44,2.35,107.2560000000001
0,2,0,2,-14,0,1,-1,-1,10,-20,0,0,-1,0,-8,-4,0,0,5.34,0.44,2.35,107.5660000000001
0,2,0,1,-14,0,1,-1,-1,10,-17,0,0,-1,0,-12,3,0,0,5.34,0.44,2.35,107.8760000000001
0,2,0,1,-13,0,1,-2,-1,10,-13,0,0,-2,0,-16,6,0,0,5.36,0.46,2.49,108.20400000000011
0,2,0,-1,-11,0,1,-2,-1,9,-9,0,-1,-2,0,-22,1,0,0,5.36,0.46,2.49,108.53200000000011
0,2,0,-4,-8,0,1,-2,-1,9,-9,0,-1,-2,0,-27,-11,0,0,5.36,0.46,2.49,108.86000000000011
0,3,0,-9,-6,0,1,-2,-1,8,-14,0,-1,-2,0,-25,-30,0,0,5.36,0.46,2.49,109.18800000000012
0,3,0,-11,-6,0,1,-2,-1,5,-22,0,-1,-3,0,-18,-51,0,0,5.36,0.46,2.49,109.51600000000012
0,3,0,-11,-9,0,1,-2,-1,1,-30,0,0,-3,1,-3,-44,0,0,5.36,0.46,2.49,109.84400000000012
0,4,0,-10,-9,0,1,-2,-1,-2,-31,0,0,-3,1,1,-34,0,0,5.36,0.46,2.49,110.17200000000012
0,4,0,-17,-8,0,1,-3,-1,-11,-34,0,0,-4,0,8,17,0,0,5.36,0.46,2.49,110.50000000000013
-1,5,0,-20,-10,0,1,-3,-2,-21,-37,0,-1,-4,0,4,69,0,0,5.36,0.46,2.49,110.82800000000013
-1,3,0,-7,-18,0,1,-3,-2,-12,-48,0,-2,-3,0,-18,53,0,0,5.36,0.46,2.49,111.15600000000013
-1,2,0,0,-20,0,1,-3,-1,-12,-34,0,-2,-3,0,-38,-7,0,0,5.36,0.46,2.49,111.48400000000014
0,1,0,2,-19,0,1,-3,0,25,1,0,-1,-2,0,-45,-66,0,0,5.36,0.46,2.49,111.81200000000014
0,1,0,0,-16,0,-1,-5,2,145,-71,0,-1,-2,0,-40,-88,0,0,5.36,0.46,2.49,112.14000000000014
0,1,0,1,-15,0,-1,-4,2,173,-91,0,-1,-2,0,-35,-91,0,0,5.36,0.46,2.49,112.46800000000015
0,2,0,0,-7,0,0,-2,2,183,-99,0,0,-2,0,-11,-82,0,0,5.36,0.46,2.49,112.79600000000015
0,2,0,-3,1,0,0,-2,2,121,-97,0,0,-2,0,4,-59,0,0,5.36,0.46,2.49,113.12400000000015
0,2,0,-1,13,0,0,-2,1,63,-108,0,0,-1,0,16,-23,0,0,5.36,0.46,2.49,113.45200000000015
0,2,0,-3,18,0,0,-2,0,30,-116,0,0,-1,0,19,11,0,0,5.36,0.46,2.49,113.78000000000016
0,2,0,-7,11,0,0,-2,0,-10,-132,0,0,-1,0,13,34,0,0,5.36,0.46,2.49,114.10800000000016
0,2,0,-8,4,0,1,-2,0,-47,-106,0,-1,-1,0,4,47,0,0,5.36,0.46,2.49,114.43600000000016
0,2,0,-10,-7,0,1,-2,0,-73,-43,0,-1,-1,0,-5,46,0,0,5.36,0.46,2.49,114.76400000000017
0,2,0,-11,-12,0,1,-2,0,-78,-16,0,-1,-1,0,-8,43,0,0,5.36,0.46,2.48,115.09100000000016
0,2,0,-11,-20,0,1,-2,0,-86,43,0,-1,-1,0,-16,29,0,0,5.36,0.46,2.48,115.41800000000016
0,2,0,-8,-24,0,1,-2,0,-88,83,0,-1,-2,0,-22,12,0,0,5.36,0.46,2.48,115.74500000000016
0,2,0,-7,-22,0,0,-2,0,-75,100,0,-1,-2,0,-27,-1,0,0,5.36,0.46,2.48,116.07200000000016
0,2,0,-8,-13,0,1,-2,0,-58,121,0,-1,-2,0,-29,-11,0,0,5.36,0.46,2.48,116.39900000000016
0,2,0,-5,-13,0,0,-2,0,-73,105,0,-1,-2,0,-30,-14,0,0,5.36,0.46,2.48,116.72600000000016
0,2,0,-7,-7,0,0,-2,0,-6,108,0,-1,-2,0,-28,-11,0,0,5.36,0.46,2.48,117.05300000000015
0,2,0,-7,-6,0,1,-2,0,1,121,0,-1,-2,0,-28,-9,0,0,5.36,0.46,2.48,117.38000000000015
0,2,0,-6,0,0,1,-2,0,-14,112,0,-1,-2,0,-27,0,0,0,5.36,0.46,2.48,117.70700000000015
0,2,0,-5,4,0,1,-2,0,-57,114,0,-1,-2,0,-31,9,0,0,5.36,0.46,2.48,118.03400000000015
0,2,0,-4,6,0,1,-2,0,-74,112,0,-1,-2,0,-25,10,0,0,5.36,0.46,2.48,118.36100000000015
0,2,0,-3,3,0,0,-2,0,-95,105,0,-1,-2,0,-30,6,0,0,5.36,0.46,2.48,118.68800000000014
0,2,0,-2,0,0,0,-2,0,-88,96,0,-1,-2,0,-31,-3,0,0,5.36,0.46,2.48,119.01500000000014
0,2,0,-1,-1,0,0,-2,0,-89,94,0,-1,-2,0,-31,-8,0,0,5.36,0.46,2.48,119.34200000000014
0,2,0,-1,-2,0,0,-2,0,-67,87,0,-1,-2,0,-29,-20,0,0,5.36,0.46,2.48,119.66900000000014
0,2,0,-2,-4,0,0,-2,0,-53,83,0,-1,-2,0,-27,-31,0,0,5.36,0.46,2.48,119.99600000000014
0,2,0,-3,-8,0,0,-2,0,-46,82,0,0,-2,0,-15,-24,0,0,5.36,0.46,2.48,120.32300000000014
0,2,0,-5,-12,0,0,-2,0,-29,82,0,0,-2,0,2,-4,0,0,5.36,0.46,2.48,120.65000000000013
0,2,0,-5,-16,0,0,-2,0,-23,79,0,0,-2,0,16,3,0,0,5.36,0.46,2.48,120.97700000000013
0,2,0,-4,-16,0,0,-2,0,-21,81,0,0,-2,0,19,2,0,0,5.36,0.46,2.48,121.30400000000013
0,2,0,-5,-16,0,0,-2,0,-32,68,0,0,-2,0,24,-4,0,0,5.36,0.46,2.48,121.63100000000013
0,3,0,-6,-13,0,0,-3,0,-34,43,0,-1,-2,0,23,-10,0,0,5.35,0.45,2.45,121.95400000000012
0,3,0,-9,-5,0,0,-3,0,-38,-1,0,-1,-2,0,15,-12,0,0,5.35,0.45,2.45,122.27700000000011
0,3,0,-11,7,0,0,-3,0,-34,-45,0,-1,-2,0,3,-4,0,0,5.35,0.45,2.45,122.60000000000011
0,2,0,-13,21,0,0,-3,0,-28,-71,0,-1,-2,0,-10,4,0,0,5.35,0.45,2.45,122.9230000000001
0,2,0,-14,30,0,0,-2,0,-10,-78,0,-1,-2,0,-19,4,0,0,5.35,0.45,2.45,123.2460000000001
0,2,0,-16,33,0,0,-2,0,9,-69,0,-1,-1,0,-23,1,0,0,5.35,0.45,2.45,123.56900000000009
0,2,0,-18,29,0,0,-2,0,24,-49,0,-1,-1,0,-23,-9,0,0,5.35,0.45,2.45,123.89200000000008
0,2,0,-19,24,0,0,-2,0,32,-32,0,-1,-1,0,-21,-20,0,0,5.35,0.45,2.45,124.21500000000007
0,2,0,-18,16,0,0,-2,0,36,-27,0,-1,-2,0,-19,-31,0,0,5.35,0.45,2.45,124.53800000000007
0,2,0,-17,14,0,0,-2,0,38,-29,0,-1,-2,0,-19,-34,0,0,5.35,0.45,2.45,124.86100000000006
0,2,0,-15,10,0,0,-2,0,40,-37,0,0,-2,0,-17,-41,0,0,5.35,0.45,2.45,125.18400000000005
0,2,0,-14,10,0,0,-2,0,39,-48,0,0,-2,0,-14,-41,0,0,5.35,0.45,2.45,125.50700000000005
0,2,0,-12,12,0,0,-2,0,36,-61,0,0,-2,0,-10,-35,0,0,5.35,0.45,2.45,125.83000000000004
0,2,0,-11,12,0,0,-2,0,30,-79,0,0,-2,0,-5,-25,0,0,5.35,0.45,2.45,126.15300000000003
0,2,0,-9,12,0,0,-2,0,27,-94,0,-1,-2,0,-2,-13,0,0,5.35,0.45,2.45,126.47600000000003
0,2,0,-9,11,0,0,-2,0,27,-95,0,-1,-2,0,-1,-8,0,0,5.35,0.45,2.45,126.79900000000002
0,2,0,-7,10,0,0,-2,0,32,-100,0,-1,-2,0,0,0,0,0,5.35,0.45,2.45,127.12200000000001
0,2,0,-5,11,0,0,-2,0,41,-90,0,-1,-2,0,0,5,0,0,5.35,0.45,2.45,127.44500000000001
0,2,0,-4,12,0,0,-2,0,47,-78,0,-1,-2,0,-2,4,0,0,5.35,0.45,2.45,127.768
0,2,0,-3,13,0,0,-2,0,47,-68,0,-1,-2,0,-6,-1,0,0,5.35,0.45,2.45,128.091
0,2,0,-2,14,0,1,-2,0,41,-60,0,-1,-2,0,-9,-8,0,0,5.35,0.45,2.45,128.41400000000002
0,2,0,-2,14,0,1,-2,0,39,-58,0,-1,-2,0,-10,-10,0,0,5.34,0.44,2.36,128.72600000000003
0,2,0,-1,14,0,1,-2,0,34,-51,0,-1,-2,0,-12,-10,0,0,5.34,0.44,2.36,129.03800000000004
0,2,0,-1,13,0,1,-2,0,33,-43,0,-1,-2,0,-12,-6,0,0,5.34,0.44,2.36,129.35000000000005
0,2,0,0,12,0,1,-2,0,34,-34,0,-1,-2,0,-11,-1,0,0,5.34,0.44,2.36,129.66200000000006
0,2,0,0,12,0,1,-2,0,32,-23,0,-1,-2,0,-9,0,0,0,5.34,0.44,2.36,129.97400000000007
0,2,0,0,11,0,1,-2,0,29,-12,0,-1,-2,0,-7,0,0,0,5.34,0.44,2.36,130.2860000000001
0,2,0,0,11,0,1,-2,0,28,-9,0,-1,-2,0,-6,-1,0,0,5.34,0.44,2.36,130.5980000000001
0,2,0,0,10,0,0,-2,0,25,-3,0,-1,-2,0,-4,-3,0,0,5.34,0.44,2.36,130.9100000000001
0,2,0,1,10,0,0,-2,0,22,-2,0,-1,-2,0,-2,-5,0,0,5.34,0.44,2.36,131.22200000000012
0,2,0,1,11,0,0,-2,0,15,-3,0,-1,-2,0,0,-3,0,0,5.34,0.44,2.36,131.53400000000013
0,2,0,1,12,0,0,-2,0,11,-3,0,-1,-2,0,1,0,0,0,5.34,0.44,2.36,131.84600000000015
0,2,0,1,14,0,0,-2,0,6,-2,0,-1,-2,0,2,1,0,0,5.34,0.44,2.36,132.15800000000016
0,2,0,1,16,0,0,-2,0,3,0,0,-1,-2,0,2,4,0,0,5.34,0.44,2.36,132.47000000000017
0,2,0,1,18,0,0,-2,0,-3,2,0,-1,-2,0,3,8,0,0,5.34,0.44,2.36,132.78200000000018
0,2,0,1,18,0,0,-2,0,-6,5,0,-1,-2,0,3,9,0,0,5.34,0.44,2.36,133.0940000000002
0,2,0,2,20,0,0,-2,0,-13,12,0,-1,-2,0,3,15,0,0,5.34,0.44,2.36,133.4060000000002
0,2,0,1,21,0,0,-2,0,-19,15,0,-1,-2,0,6,22,0,0,5.34,0.44,2.36,133.71800000000022
-1,2,0,0,20,0,0,-2,0,-23,11,0,-1,-2,0,13,27,0,0,5.34,0.44,2.36,134.03000000000023
-1,2,0,0,18,0,0,-2,0,-24,3,0,-1,-2,0,19,26,0,0,5.34,0.44,2.36,134.34200000000024
-1,2,0,-1,16,0,0,-2,0,-25,1,0,-1,-2,0,33,-1,0,0,5.34,0.44,2.36,134.65400000000025
-1,2,0,-1,16,0,0,-2,0,-26,3,0,-1,-2,0,36,-13,0,0,5.34,0.44,2.36,134.96600000000026
-1,3,0,-3,14,0,0,-2,0,-26,13,0,-1,-3,0,36,-32,0,0,5.36,0.45,2.43,135.28600000000026
-1,3,0,-7,14,0,1,-3,0,-26,29,0,-1,-3,0,30,-29,0,0,5.36,0.45,2.43,135.60600000000025
0,3,0,-9,13,0,0,-3,0,-20,38,0,-1,-3,0,24,-19,0,0,5.36,0.45,2.43,135.92600000000024
0,3,0,-9,11,0,0,-3,0,-13,21,0,-1,-3,0,21,-11,0,0,5.36,0.45,2.43,136.24600000000024
0,3,0,-13,9,0,0,-3,0,-13,-10,0,0,-3,0,30,-7,0,0,5.36,0.45,2.43,136.56600000000023
0,3,0,-17,1,0,0,-3,0,-25,-54,0,0,-3,0,42,3,0,0,5.36,0.45,2.43,136.88600000000022
0,3,0,-16,-3,0,1,-3,0,-27,-61,0,0,-3,0,44,7,0,0,5.36,0.45,2.43,137.20600000000022
0,3,0,-8,-4,0,1,-3,0,-27,-52,0,0,-3,0,45,18,0,0,5.36,0.45,2.43,137.5260000000002
0,2,0,-7,8,0,2,-2,0,-29,-8,0,0,-2,1,32,21,0,0,5.36,0.45,2.43,137.8460000000002
0,2,0,-5,14,0,1,-2,0,-31,38,0,0,-2,1,19,24,0,0,5.36,0.45,2.43,138.1660000000002
0,2,0,0,12,0,1,-2,-1,-39,63,0,0,-1,1,5,31,0,0,5.36,0.45,2.43,138.4860000000002
0,2,0,3,3,0,0,-1,-1,-35,72,0,0,-1,1,-3,31,0,0,5.36,0.45,2.43,138.80600000000018
0,2,0,3,-4,0,0,-1,-1,-28,68,0,0,-1,1,-10,28,0,0,5.36,0.45,2.43,139.12600000000018
0,2,0,3,-8,0,0,-1,-1,-24,65,0,0,-1,1,-11,25,0,0,5.36,0.45,2.43,139.44600000000017
0,2,0,4,-15,0,0,-1,-1,-18,54,0,0,-2,0,-16,22,0,0,5.36,0.45,2.43,139.76600000000016
0,2,0,2,-17,0,0,-1,-1,-11,37,0,0,-2,0,-26,25,0,0,5.36,0.45,2.43,140.08600000000015
0,2,0,-1,-14,0,0,-1,-1,-10,20,0,0,-2,0,-37,21,0,0,5.36,0.45,2.43,140.40600000000015
0,2,0,-3,-7,0,0,-1,-1,-6,4,0,0,-2,0,-43,9,0,0,5.36,0.45,2.43,140.72600000000014
0,2,0,-5,-2,0,0,-1,-1,-7,-6,0,0,-2,0,-44,-9,0,0,5.36,0.45,2.43,141.04600000000013
0,2,0,-4,0,0,1,-1,0,-12,-9,0,0,-2,0,-43,-28,0,0,5.36,0.45,2.43,141.36600000000013
0,2,0,-4,2,0,1,-1,-1,-18,-4,0,0,-2,0,-40,-41,0,0,5.36,0.45,2.43,141.68600000000012
0,2,0,-4,2,0,1,-1,-1,-19,-1,0,0,-2,0,-39,-45,0,0,5.36,0.45,2.45,142.01000000000013
0,2,0,-3,1,0,1,-2,-1,-22,6,0,0,-2,0,-37,-52,0,0,5.36,0.45,2.45,142.33400000000015
0,2,0,-1,0,0,1,-2,-1,-23,12,0,0,-2,0,-35,-56,0,0,5.36,0.45,2.45,142.65800000000016
0,2,0,-1,-1,0,1,-2,-1,-22,16,0,0,-2,0,-37,-57,0,0,5.36,0.45,2.45,142.98200000000017
0,2,0,0,-4,0,1,-2,-1,-22,19,0,0,-2,0,-37,-57,0,0,5.36,0.45,2.45,143.30600000000018
0,2,0,1,-7,0,1,-2,-1,-21,22,0,0,-2,0,-36,-55,0,0,5.36,0.45,2.45,143.6300000000002
0,2,0,1,-8,0,1,-2,-1,-21,21,0,0,-2,0,-37,-53,0,0,5.36,0.45,2.45,143.9540000000002
0,2,0,3,-11,0,1,-2,-1,-20,18,0,0,-2,0,-37,-48,0,0,5.36,0.45,2.45,144.27800000000022
0,2,0,3,-13,0,1,-2,-1,-22,11,0,0,-2,0,-35,-39,0,0,5.36,0.45,2.45,144.60200000000023
0,2,0,5,-16,0,1,-2,-1,-22,5,0,0,-2,0,-33,-36,0,0,5.36,0.45,2.45,144.92600000000024
0,2,0,5,-16,0,1,-2,0,-24,1,0,0,-2,0,-32,-32,0,0,5.36,0.45,2.45,145.25000000000026
0,2,0,4,-14,0,1,-2,0,-23,1,0,0,-2,0,-26,-27,0,0,5.36,0.45,2.45,145.57400000000027
0,2,0,1,-10,0,1,-2,0,-25,4,0,0,-2,0,-18,-15,0,0,5.36,0.45,2.45,145.89800000000028
0,2,0,0,-6,0,1,-2,0,-26,10,0,0,-2,0,-8,-1,0,0,5.36,0.45,2.45,146.2220000000003
0,2,0,0,-3,0,1,-2,0,-27,18,0,0,-2,0,-2,8,0,0,5.36,0.45,2.45,146.5460000000003
0,2,0,1,-1,0,1,-2,0,-30,29,0,0,-2,0,0,12,0,0,5.36,0.45,2.45,146.87000000000032
0,2,0,0,0,0,1,-2,0,-33,41,0,0,-2,0,1,10,0,0,5.36,0.45,2.45,147.19400000000033
0,2,0,-3,1,0,1,-2,0,-34,49,0,0,-2,0,1,13,0,0,5.36,0.45,2.45,147.51800000000034
0,3,0,-4,0,0,1,-2,0,-32,55,0,0,-2,0,0,25,0,0,5.36,0.45,2.45,147.84200000000035
0,3,0,-4,-2,0,1,-2,0,-25,56,0,0,-2,0,0,41,0,0,5.36,0.45,2.45,148.16600000000037
0,2,0,-4,-6,0,0,-2,0,-22,53,0,-1,-2,0,4,55,0,0,5.36,0.45,2.45,148.49000000000038
0,2,0,-6,-12,0,0,-2,0,-3,44,0,-1,-2,0,6,51,0,0,5.34,0.43,2.31,148.79500000000039
0,2,0,-7,-18,0,0,-2,0,-1,28,0,-1,-2,0,10,33,0,0,5.34,0.43,2.31,149.1000000000004
0,2,0,-8,-22,0,0,-2,0,-10,14,0,-1,-2,0,15,17,0,0,5.34,0.43,2.31,149.4050000000004
0,2,0,-9,-24,0,0,-2,0,-19,10,0,0,-2,0,27,14,0,0,5.34,0.43,2.31,149.7100000000004
0,2,0,-8,-23,0,0,-2,0,-25,10,0,0,-2,0,36,20,0,0,5.34,0.43,2.31,150.0150000000004
0,2,0,-8,-21,0,0,-2,0,-26,12,0,0,-2,0,41,24,0,0,5.34,0.43,2.31,150.32000000000042
0,2,0,-7,-18,0,0,-2,0,-27,16,0,0,-2,0,41,25,0,0,5.34,0.43,2.31,150.62500000000043
0,2,0,-6,-16,0,0,-2,0,-24,19,0,0,-2,0,39,26,0,0,5.34,0.43,2.31,150.93000000000043
0,2,0,-5,-15,0,0,-2,0,-19,22,0,0,-2,0,34,28,0,0,5.34,0.43,2.31,151.23500000000044
0,2,0,-4,-15,0,0,-2,0,-14,20,0,0,-2,0,30,30,0,0,5.34,0.43,2.31,151.54000000000045
0,2,0,-3,-14,0,0,-2,0,-12,19,0,0,-2,0,29,32,0,0,5.34,0.43,2.31,151.84500000000045
0,2,0,-2,-13,0,1,-2,0,-8,16,0,0,-2,0,28,36,0,0,5.34,0.43,2.31,152.15000000000046
0,2,0,0,-11,0,1,-2,0,-7,11,0,0,-2,0,29,42,0,0,5.34,0.43,2.31,152.45500000000047
0,2,0,0,-9,0,1,-2,0,-7,5,0,0,-2,0,32,44,0,0,5.34,0.43,2.31,152.76000000000047
0,2,0,0,-7,0,1,-2,0,-6,3,0,0,-2,0,37,43,0,0,5.34,0.43,2.31,153.06500000000048
0,2,0,1,-6,0,1,-2,0,-3,2,0,-1,-2,0,44,38,0,0,5.34,0.43,2.31,153.3700000000005
0,2,0,1,-6,0,1,-2,0,-1,0,0,-1,-2,0,49,32,0,0,5.34,0.43,2.31,153.6750000000005
0,2,0,1,-6,0,1,-2,-1,1,-5,0,-1,-2,0,47,27,0,0,5.34,0.43,2.31,153.9800000000005
0,2,0,1,-7,0,1,-2,0,2,-10,0,-1,-2,0,42,20,0,0,5.34,0.43,2.31,154.2850000000005
0,2,0,1,-7,0,1,-2,0,2,-14,0,-1,-2,0,32,10,0,0,5.34,0.43,2.31,154.59000000000052
0,2,0,1,-7,0,1,-1,0,1,-15,0,-1,-2,0,25,0,0,0,5.34,0.43,2.31,154.89500000000052
0,2,0,0,-7,0,1,-1,0,2,-15,0,0,-2,0,18,-11,0,0,5.35,0.44,2.37,155.20900000000051
0,2,0,0,-7,0,1,-1,0,2,-15,0,0,-2,0,14,-19,0,0,5.35,0.44,2.37,155.5230000000005
0,2,0,0,-6,0,1,-1,0,4,-16,0,0,-2,0,8,-20,0,0,5.35,0.44,2.37,155.8370000000005
0,2,0,0,-6,0,1,-1,0,5,-16,0,0,-2,0,4,-21,0,0,5.35,0.44,2.37,156.1510000000005
0,2,0,1,-7,0,1,-1,0,4,-16,0,0,-2,0,2,-17,0,0,5.35,0.44,2.37,156.4650000000005
0,2,0,2,-8,0,1,-1,0,0,-14,0,0,-1,0,0,-14,0,0,5.35,0.44,2.37,156.77900000000048
0,2,0,2,-8,0,1,-2,-1,-2,-9,0,0,-1,0,-4,-10,0,0,5.35,0.44,2.37,157.09300000000047
0,2,0,2,-8,0,1,-2,-1,-10,-9,0,0,-1,0,-11,-7,0,0,5.35,0.44,2.37,157.40700000000047
0,2,0,2,-8,0,1,-2,-1,-12,-15,0,0,-1,0,-19,-13,0,0,5.35,0.44,2.37,157.72100000000046
0,2,0,2,-8,0,1,-2,-1,-13,-23,0,0,-1,0,-24,-15,0,0,5.35,0.44,2.37,158.03500000000045
0,2,0,2,-8,0,1,-2,-1,-13,-30,0,0,-2,0,-22,-8,0,0,5.35,0.44,2.37,158.34900000000044
0,2,0,1,-10,0,1,-2,-1,-15,-31,0,0,-2,0,-15,2,0,0,5.35,0.44,2.37,158.66300000000044
0,2,0,0,-11,0,1,-2,-1,-13,-26,0,0,-2,0,-13,4,0,0,5.35,0.44,2.37,158.97700000000043
0,3,0,-1,-9,0,1,-2,-1,-4,-7,0,-1,-2,0,-12,-2,0,0,5.35,0.44,2.37,159.29100000000042
0,3,0,-4,-6,0,1,-3,-1,0,16,0,-1,-3,0,-9,-15,0,0,5.35,0.44,2.37,159.60500000000042
0,4,0,-6,-5,0,1,-3,-1,1,33,0,-1,-3,0,-8,-23,0,0,5.35,0.44,2.37,159.9190000000004
0,4,0,-6,-6,0,0,-3,-1,1,36,0,0,-3,0,-9,-20,0,0,5.35,0.44,2.37,160.2330000000004
0,4,0,-2,-6,0,0,-3,-1,11,36,0,0,-3,0,-9,-8,0,0,5.35,0.44,2.37,160.5470000000004
0,4,0,-7,1,0,0,-3,-1,22,19,0,0,-3,1,-4,11,0,0,5.35,0.44,2.37,160.8610000000004
0,4,0,-20,3,0,0,-3,-1,26,-8,0,0,-4,0,0,51,0,0,5.35,0.44,2.37,161.17500000000038
-1,3,0,-17,-1,0,1,-3,-1,32,-19,0,-1,-3,0,-1,63,0,0,5.35,0.44,2.37,161.48900000000037
-1,2,0,-8,-7,0,0,-3,0,50,-12,0,-2,-2,0,-20,33,0,0,5.35,0.45,2.42,161.81000000000037
0,2,0,-7,-11,0,0,-3,0,64,-13,0,-1,-2,0,-29,-19,0,0,5.35,0.45,2.42,162.13100000000037
0,1,0,-6,-9,0,0,-2,0,69,-17,0,-1,-2,0,-30,-33,0,0,5.35,0.45,2.42,162.45200000000037
0,2,0,-7,-8,0,0,-2,1,76,-38,0,-1,-2,0,-22,-55,0,0,5.35,0.45,2.42,162.77300000000037
0,2,0,-5,-8,0,0,-2,1,71,-51,0,-1,-2,0,-11,-62,0,0,5.35,0.45,2.42,163.09400000000036
0,2,0,0,-2,0,0,-2,0,54,-58,0,0,-2,0,0,-54,0,0,5.35,0.45,2.42,163.41500000000036
0,2,0,3,8,0,0,-2,0,51,-73,0,0,-2,0,6,-37,0,0,5.35,0.45,2.42,163.73600000000036
0,2,0,3,10,0,0,-2,0,27,-86,0,0,-1,0,6,-18,0,0,5.35,0.45,2.42,164.05700000000036
-1,2,0,1,7,0,0,-2,0,-7,-71,0,0,-1,0,1,0,0,0,5.35,0.45,2.42,164.37800000000036
0,2,0,0,3,0,0,-2,0,-16,-59,0,0,-1,0,0,7,0,0,5.35,0.45,2.42,164.69900000000035
0,2,0,-3,-9,0,0,-2,0,-39,-21,0,0,-1,0,-3,23,0,0,5.35,0.45,2.42,165.02000000000035
0,1,0,-7,-22,0,0,-2,0,-45,9,0,0,-1,0,-2,29,0,0,5.35,0.45,2.42,165.34100000000035
0,2,0,-9,-30,0,0,-2,0,-47,27,0,-1,-1,0,-1,26,0,0,5.35,0.45,2.42,165.66200000000035
0,2,0,-9,-35,0,0,-2,0,-48,39,0,-1,-2,0,-1,17,0,0,5.35,0.45,2.42,165.98300000000035
0,2,0,-8,-31,0,0,-2,0,-45,42,0,-1,-2,0,-1,8,0,0,5.35,0.45,2.42,166.30400000000034
0,2,0,-7,-21,0,0,-2,0,-45,49,0,-1,-2,0,-4,4,0,0,5.35,0.45,2.42,166.62500000000034
0,2,0,-6,-15,0,0,-2,0,-63,37,0,-1,-2,0,-9,6,0,0,5.35,0.45,2.42,166.94600000000034
0,2,0,-6,-9,0,0,-2,0,-23,36,0,-1,-2,0,-13,11,0,0,5.35,0.45,2.42,167.26700000000034
0,2,0,-5,-5,0,1,-2,0,-27,40,0,-1,-2,0,-17,16,0,0,5.35,0.45,2.42,167.58800000000033
0,2,0,-5,-4,0,1,-2,0,-36,45,0,-1,-2,0,-17,19,0,0,5.35,0.45,2.42,167.90900000000033
0,2,0,-5,-5,0,1,-2,0,-63,63,0,-1,-2,0,-19,23,0,0,5.35,0.45,2.42,168.23000000000033
0,2,0,-5,-7,0,1,-2,0,-70,76,0,-1,-2,0,-21,24,0,0,5.35,0.45,2.42,168.55000000000032
0,2,0,-4,-8,0,0,-2,0,-68,81,0,-1,-2,0,-23,19,0,0,5.35,0.45,2.42,168.87000000000032
0,2,0,-3,-9,0,0,-2,0,-56,80,0,-1,-2,0,-24,13,0,0,5.35,0.45,2.42,169.1900000000003
0,2,0,-1,-9,0,0,-2,0,-49,80,0,-1,-2,0,-23,6,0,0,5.35,0.45,2.42,169.5100000000003
0,2,0,-1,-9,0,0,-2,0,-47,79,0,-1,-2,0,-23,4,0,0,5.35,0.45,2.42,169.8300000000003
0,2,0,0,-11,0,0,-2,0,-38,80,0,-1,-2,0,-21,-2,0,0,5.35,0.45,2.42,170.1500000000003
0,2,0,0,-14,0,0,-2,0,-27,85,0,-1,-2,0,-17,-6,0,0,5.35,0.45,2.42,170.47000000000028
0,2,0,0,-18,0,0,-2,0,-18,88,0,-1,-2,0,-13,-8,0,0,5.35,0.45,2.42,170.79000000000028
0,2,0,-1,-20,0,0,-2,0,-15,90,0,-1,-2,0,-9,-6,0,0,5.35,0.45,2.42,171.11000000000027
0,3,0,-2,-19,0,0,-2,0,-19,84,0,-1,-2,0,-5,-2,0,0,5.35,0.45,2.42,171.43000000000026
0,3,0,-2,-17,0,0,-2,0,-21,77,0,-1,-2,0,-4,-1,0,0,5.35,0.45,2.42,171.75000000000026
0,3,0,-4,-12,0,0,-3,0,-28,51,0,-1,-2,0,-2,0,0,0,5.35,0.45,2.42,172.07000000000025
0,3,0,-7,-1,0,0,-3,0,-31,15,0,-1,-2,0,-3,4,0,0,5.35,0.45,2.42,172.39000000000024
0,2,0,-10,10,0,0,-3,0,-27,-17,0,-1,-2,0,-6,6,0,0,5.35,0.45,2.42,172.71000000000024
0,2,0,-13,20,0,0,-3,0,-18,-36,0,-1,-2,0,-11,7,0,0,5.35,0.45,2.42,173.03000000000023
0,2,0,-15,26,0,0,-2,0,-7,-39,0,-1,-2,0,-17,5,0,0,5.35,0.45,2.42,173.35000000000022
0,2,0,-15,27,0,0,-2,0,-4,-38,0,-1,-2,0,-20,3,0,0,5.35,0.45,2.42,173.67000000000021
0,2,0,-16,28,0,0,-2,0,5,-33,0,-1,-2,0,-26,-6,0,0,5.35,0.45,2.42,173.9900000000002
0,2,0,-15,25,0,0,-2,0,14,-31,0,-1,-2,0,-32,-20,0,0,5.35,0.45,2.42,174.3100000000002
0,2,0,-14,22,0,0,-2,0,23,-32,0,-1,-2,0,-36,-37,0,0,5.35,0.45,2.42,174.6300000000002
0,2,0,-13,19,0,0,-2,0,27,-37,0,-1,-2,0,-38,-53,0,0,5.35,0.45,2.42,174.9500000000002
0,2,0,-12,18,0,0,-2,0,28,-41,0,0,-2,0,-35,-57,0,0,5.35,0.44,2.4,175.2680000000002
0,2,0,-10,17,0,0,-2,0,28,-48,0,0,-2,0,-30,-54,0,0,5.35,0.44,2.4,175.5860000000002
0,2,0,-10,17,0,0,-2,0,28,-61,0,0,-2,0,-22,-43,0,0,5.35,0.44,2.4,175.90400000000022
0,2,0,-7,15,0,0,-2,0,29,-76,0,-1,-2,0,-15,-30,0,0,5.35,0.44,2.4,176.22200000000024
0,2,0,-6,13,0,0,-2,0,34,-89,0,-1,-2,0,-7,-15,0,0,5.35,0.44,2.4,176.54000000000025
0,2,0,-4,11,0,0,-2,0,40,-96,0,-1,-2,0,1,-3,0,0,5.35,0.44,2.4,176.85800000000026
0,2,0,-3,10,0,0,-2,0,49,-89,0,-1,-2,0,7,5,0,0,5.35,0.44,2.4,177.17600000000027
0,2,0,-2,10,0,0,-2,0,56,-75,0,-1,-2,0,10,9,0,0,5.35,0.44,2.4,177.49400000000028
0,2,0,-1,11,0,0,-2,0,62,-64,0,-1,-2,0,10,9,0,0,5.35,0.44,2.4,177.8120000000003
0,2,0,-1,12,0,0,-2,0,64,-64,0,-1,-2,0,8,8,0,0,5.35,0.44,2.4,178.1300000000003
0,2,0,0,11,0,0,-2,0,61,-70,0,-1,-2,0,4,8,0,0,5.35,0.44,2.4,178.44800000000032
0,2,0,0,11,0,1,-2,0,54,-74,0,-1,-2,0,1,8,0,0,5.35,0.44,2.4,178.76600000000033
0,2,0,0,10,0,1,-2,0,47,-70,0,-1,-2,0,0,8,0,0,5.35,0.44,2.4,179.08400000000034
0,2,0,0,10,0,1,-2,0,40,-54,0,-1,-2,0,0,7,0,0,5.35,0.44,2.4,179.40200000000036
0,2,0,0,10,0,1,-2,0,34,-33,0,-1,-2,0,0,6,0,0,5.35,0.44,2.4,179.72000000000037
0,2,0,0,11,0,1,-2,0,30,-26,0,-1,-2,0,0,5,0,0,5.35,0.44,2.4,180.03800000000038
0,2,0,0,11,0,0,-2,0,21,-11,0,-1,-2,0,2,6,0,0,5.35,0.44,2.4,180.3560000000004
0,2,0,0,12,0,0,-2,0,14,-1,0,-1,-2,0,3,8,0,0,5.35,0.44,2.4,180.6740000000004
0,2,0,0,13,0,0,-2,0,6,6,0,-1,-2,0,5,10,0,0,5.35,0.44,2.4,180.99200000000042
0,2,0,-1,15,0,0,-2,0,-1,13,0,-1,-2,0,6,12,0,0,5.35,0.44,2.4,181.31000000000043
0,2,0,-1,17,0,0,-2,0,-8,21,0,-1,-2,0,7,14,0,0,5.35,0.44,2.4,181.62800000000044
0,2,0,-1,17,0,0,-2,0,-8,26,0,-1,-2,0,7,13,0,0,5.34,0.43,2.32,181.93500000000043
-1,2,0,0,16,0,0,-2,0,-10,25,0,-1,-2,0,5,11,0,0,5.34,0.43,2.32,182.24200000000042
-1,2,0,0,17,0,0,-2,0,-21,19,0,-1,-2,0,2,5,0,0,5.34,0.43,2.32,182.5490000000004
-1,2,0,-2,16,0,0,-2,0,-35,12,0,-1,-2,0,-6,-2,0,0,5.34,0.43,2.32,182.8560000000004
-1,2,0,-2,13,0,0,-2,0,-45,16,0,-1,-2,0,-4,-15,0,0,5.34,0.43,2.32,183.16300000000038
-1,2,0,-2,15,0,0,-2,0,-55,28,0,-1,-3,0,-5,-13,0,0,5.34,0.43,2.32,183.47000000000037
-1,3,0,-5,12,0,1,-2,0,-62,45,0,-1,-3,0,9,-14,0,0,5.34,0.43,2.32,183.77700000000036
-1,3,0,-9,9,0,1,-3,0,-54,59,0,0,-3,0,37,-6,0,0,5.34,0.43,2.32,184.08400000000034
0,3,0,-13,5,0,0,-3,0,-42,65,0,0,-3,0,59,4,0,0,5.34,0.43,2.32,184.39100000000033
0,3,0,-14,3,0,0,-3,0,-40,66,0,0,-3,0,62,7,0,0,5.34,0.43,2.32,184.69800000000032
0,3,0,-18,-2,0,0,-3,0,-17,45,0,0,-3,0,56,18,0,0,5.34,0.43,2.32,185.0050000000003
0,3,0,-27,-8,0,0,-3,0,-24,24,0,0,-3,0,47,22,0,0,5.34,0.43,2.32,185.3120000000003
0,4,0,-27,-13,0,0,-3,0,-32,8,0,0,-3,0,43,21,0,0,5.34,0.43,2.32,185.61900000000028
0,4,0,-18,-26,0,0,-3,-1,-41,-36,0,0,-3,0,38,17,0,0,5.34,0.43,2.32,185.92600000000027
0,2,0,2,-14,0,1,-2,-1,-8,3,0,0,-2,0,17,33,0,0,5.35,0.44,2.36,186.24000000000026
0,2,0,3,-13,0,1,-2,-1,-5,2,0,0,-2,0,20,37,0,0,5.35,0.44,2.36,186.55400000000026
0,2,0,3,-12,0,1,-2,-1,-4,3,0,0,-2,0,24,42,0,0,5.35,0.44,2.36,186.86800000000025
0,2,0,4,-11,0,1,-2,-1,-3,6,0,0,-2,0,29,48,0,0,5.35,0.44,2.36,187.18200000000024
0,2,0,4,-9,0,1,-2,-1,-2,8,0,-1,-2,0,32,52,0,0,5.35,0.44,2.36,187.49600000000024
0,2,0,3,-8,0,1,-2,0,-3,9,0,-1,-2,0,32,50,0,0,5.35,0.44,2.36,187.81000000000023
0,2,0,3,-8,0,1,-2,-1,-3,8,0,-1,-2,0,32,47,0,0,5.35,0.44,2.36,188.12400000000022
0,2,0,3,-7,0,1,-1,0,-2,6,0,-1,-2,0,32,35,0,0,5.35,0.44,2.36,188.43800000000022
0,2,0,2,-7,0,1,-2,0,-1,4,0,-1,-2,0,31,10,0,0,5.35,0.44,2.36,188.7520000000002
0,2,0,2,-6,0,1,-1,0,0,6,0,0,-2,0,25,-9,0,0,5.35,0.44,2.36,189.0660000000002
0,2,0,1,-6,0,1,-1,-1,-1,0,0,0,-2,0,14,-19,0,0,5.35,0.44,2.36,189.3800000000002
0,2,0,0,-6,0,1,-1,-1,-5,-6,0,0,-2,0,4,-20,0,0,5.35,0.44,2.36,189.6940000000002
0,2,0,0,-6,0,1,-1,-1,-5,-6,0,0,-2,0,2,-19,0,0,5.35,0.44,2.36,190.00800000000018
0,2,0,0,-6,0,1,-1,-1,-3,-7,0,0,-2,0,-1,-17,0,0,5.35,0.44,2.36,190.32200000000017
0,2,0,-1,-7,0,1,-1,-1,-3,-7,0,0,-2,0,-2,-14,0,0,5.35,0.44,2.36,190.63600000000017
0,2,0,-2,-6,0,1,-1,-1,-5,-10,0,0,-1,0,-4,-9,0,0,5.35,0.44,2.36,190.95000000000016
0,2,0,-3,-5,0,1,-1,-1,-6,-17,0,0,-1,0,-8,-3,0,0,5.35,0.44,2.36,191.26400000000015
0,2,0,-3,-5,0,1,-1,-1,-6,-20,0,0,-1,0,-10,0,0,0,5.35,0.44,2.36,191.57800000000015
0,2,0,-4,-2,0,1,-1,-1,-4,-25,0,0,-1,0,-14,0,0,0,5.35,0.44,2.36,191.89200000000014
0,2,0,-7,-1,0,1,-2,-1,3,-21,0,0,-2,0,-17,0,0,0,5.35,0.44,2.36,192.20600000000013
0,2,0,-10,1,0,1,-2,-1,10,-8,0,-1,-2,0,-21,-5,0,0,5.35,0.43,2.35,192.51800000000014
0,2,0,-12,4,0,1,-2,-1,12,10,0,-1,-2,0,-21,-13,0,0,5.35,0.43,2.35,192.83000000000015
0,3,0,-15,8,0,0,-2,-1,10,18,0,-1,-2,0,-17,-21,0,0,5.35,0.43,2.35,193.14200000000017
0,3,0,-15,9,0,0,-2,-1,9,17,0,-1,-3,0,-17,-25,0,0,5.35,0.43,2.35,193.45400000000018
0,4,0,-13,12,0,0,-3,-1,7,-1,0,-1,-3,0,-18,-32,0,0,5.35,0.43,2.35,193.7660000000002
0,4,0,-8,13,0,0,-3,-1,6,-31,0,-1,-3,0,-26,-37,0,0,5.35,0.43,2.35,194.0780000000002
0,3,0,-4,15,0,0,-3,-1,13,-54,0,-1,-3,0,-38,-46,0,0,5.35,0.43,2.35,194.3900000000002
0,3,0,-5,14,0,1,-3,0,20,-62,0,-1,-3,0,-51,-53,0,0,5.35,0.43,2.35,194.70200000000023
-1,3,0,-7,13,0,1,-3,0,29,-59,0,-1,-3,0,-55,-57,0,0,5.35,0.43,2.35,195.01400000000024
-1,3,0,-14,5,0,1,-3,0,44,-42,0,-1,-3,0,-58,-66,0,0,5.35,0.43,2.35,195.32600000000025
-1,3,0,-15,-3,0,1,-3,0,54,-11,0,-1,-3,0,-51,-67,0,0,5.35,0.43,2.35,195.63800000000026
-1,2,0,-11,-14,0,0,-3,0,66,5,0,-1,-3,0,-33,-57,0,0,5.35,0.43,2.35,195.95000000000027
-1,2,0,-7,-19,0,0,-2,0,67,-9,0,-1,-2,0,-13,-45,0,0,5.35,0.43,2.35,196.26200000000028
-1,2,0,-5,-19,0,0,-2,0,65,-29,0,0,-2,0,8,-30,0,0,5.35,0.43,2.35,196.5740000000003
0,2,0,-5,-19,0,0,-2,0,68,-42,0,0,-2,0,19,-13,0,0,5.35,0.43,2.35,196.8860000000003
0,2,0,0,-11,0,0,-2,0,68,-29,0,0,-2,0,24,0,0,0,5.35,0.43,2.35,197.19800000000032
0,2,0,0,-8,0,0,-2,0,64,-27,0,0,-2,0,25,4,0,0,5.35,0.43,2.35,197.51000000000033
0,2,0,1,0,0,0,-2,0,31,-20,0,0,-2,0,21,16,0,0,5.35,0.43,2.35,197.82200000000034
0,2,0,2,4,0,0,-2,0,3,-1,0,0,-1,0,16,26,0,0,5.35,0.43,2.35,198.13400000000036
0,2,0,1,2,0,0,-2,0,-24,20,0,0,-1,0,9,36,0,0,5.35,0.43,2.35,198.44600000000037
0,2,0,1,-2,0,0,-2,0,-39,41,0,0,-1,0,1,41,0,0,5.35,0.43,2.35,198.75800000000038
0,2,0,0,-7,0,0,-2,0,-66,55,0,-1,-1,0,-4,39,0,0,5.36,0.44,2.39,199.0760000000004
0,2,0,0,-8,0,0,-2,0,-64,55,0,-1,-1,0,-6,36,0,0,5.36,0.44,2.39,199.3940000000004
0,2,0,0,-11,0,0,-2,0,-46,55,0,-1,-1,0,-10,26,0,0,5.36,0.44,2.39,199.71200000000042
0,2,0,-1,-13,0,0,-2,0,-37,51,0,-1,-2,0,-12,14,0,0,5.36,0.44,2.39,200.03000000000043
0,2,0,-1,-13,0,0,-2,0,-45,46,0,-1,-2,0,-13,5,0,0,5.36,0.44,2.39,200.34800000000044
0,2,0,-1,-13,0,0,-2,0,-49,45,0,-1,-2,0,-14,3,0,0,5.36,0.44,2.39,200.66600000000045
0,2,0,-1,-11,0,0,-2,0,-54,42,0,-1,-2,0,-12,2,0,0,5.36,0.44,2.39,200.98400000000046
0,2,0,0,-8,0,0,-2,0,-58,38,0,-1,-2,0,-13,4,0,0,5.36,0.44,2.39,201.30200000000048
0,2,0,0,-4,0,0,-2,0,-78,33,0,-1,-2,0,-11,9,0,0,5.36,0.44,2.39,201.6200000000005
0,2,0,0,-3,0,0,-2,0,-83,30,0,-1,-2,0,-16,12,0,0,5.36,0.44,2.39,201.9380000000005
0,2,0,0,0,0,0,-2,0,-72,22,0,-1,-2,0,-7,20,0,0,5.36,0.44,2.39,202.2560000000005
0,2,0,-1,0,0,0,-2,0,-53,12,0,-1,-2,0,-10,27,0,0,5.36,0.44,2.39,202.57400000000052
0,2,0,-2,-1,0,0,-2,0,-60,1,0,-1,-2,0,-10,31,0,0,5.36,0.44,2.39,202.89200000000054
0,2,0,-1,-1,0,0,-2,0,-54,-3,0,-1,-2,0,-12,24,0,0,5.36,0.44,2.39,203.21000000000055
0,2,0,-2,-3,0,1,-2,0,-39,2,0,-1,-2,0,-13,10,0,0,5.36,0.44,2.39,203.52800000000056
0,2,0,-3,-6,0,0,-2,0,-26,14,0,-1,-2,0,-14,-3,0,0,5.36,0.44,2.39,203.84600000000057
0,2,0,-4,-10,0,0,-2,0,-17,31,0,-1,-2,0,-13,-15,0,0,5.36,0.44,2.39,204.16400000000058
0,2,0,-4,-12,0,0,-2,0,-12,44,0,-1,-2,0,-12,-22,0,0,5.36,0.44,2.39,204.4820000000006
0,2,0,-4,-14,0,0,-2,0,-9,53,0,-1,-2,0,-10,-24,0,0,5.36,0.44,2.39,204.8000000000006
0,2,0,-4,-15,0,0,-2,0,-5,59,0,-1,-2,0,-6,-22,0,0,5.36,0.44,2.39,205.11800000000062
0,2,0,-3,-16,0,0,-2,0,-6,57,0,0,-2,0,-1,-19,0,0,5.36,0.44,2.39,205.43600000000063
0,2,0,-3,-16,0,0,-2,0,-8,55,0,0,-2,0,-1,-16,0,0,5.37,0.45,2.45,205.76100000000062
0,2,0,-1,-16,0,0,-2,0,-14,51,0,0,-2,0,4,-8,0,0,5.37,0.45,2.45,206.0860000000006
0,2,0,-1,-15,0,0,-2,0,-21,45,0,0,-2,0,9,-1,0,0,5.37,0.45,2.45,206.4110000000006
0,2,0,-2,-13,0,0,-2,0,-24,43,0,-1,-2,0,12,2,0,0,5.37,0.45,2.45,206.7360000000006
0,3,0,-3,-12,0,0,-2,0,-26,41,0,-1,-2,0,13,3,0,0,5.37,0.45,2.45,207.06100000000058
0,3,0,-6,-7,0,0,-3,0,-29,36,0,-1,-2,0,12,5,0,0,5.37,0.45,2.45,207.38600000000056
0,3,0,-9,0,0,0,-3,0,-30,22,0,-1,-2,0,8,5,0,0,5.37,0.45,2.45,207.71100000000055
0,3,0,-10,9,0,0,-3,0,-29,1,0,-1,-2,0,3,7,0,0,5.37,0.45,2.45,208.03600000000054
0,2,0,-14,19,0,0,-3,0,-17,-20,0,-1,-2,0,-5,9,0,0,5.37,0.45,2.45,208.36100000000053
0,2,0,-17,26,0,0,-2,0,-5,-25,0,-1,-2,0,-12,10,0,0,5.37,0.45,2.45,208.68600000000052
0,2,0,-20,32,0,0,-2,0,5,-26,0,-1,-2,0,-19,7,0,0,5.37,0.45,2.45,209.0110000000005
0,2,0,-22,36,0,0,-2,0,13,-31,0,-1,-2,0,-24,1,0,0,5.37,0.45,2.45,209.3360000000005
0,2,0,-21,37,0,0,-2,0,17,-34,0,-1,-2,0,-26,-1,0,0,5.37,0.45,2.45,209.66100000000048
0,2,0,-22,37,0,0,-2,0,23,-49,0,-1,-2,0,-30,-11,0,0,5.37,0.45,2.45,209.98600000000047
0,2,0,-22,36,0,0,-2,0,29,-58,0,-1,-2,0,-32,-22,0,0,5.37,0.45,2.45,210.31100000000046
0,2,0,-22,34,0,0,-2,0,34,-61,0,-1,-2,0,-34,-31,0,0,5.37,0.45,2.45,210.63600000000045
0,2,0,-21,33,0,0,-2,0,36,-62,0,-1,-2,0,-35,-34,0,0,5.37,0.45,2.45,210.96100000000044
0,2,0,-20,31,0,0,-2,0,36,-65,0,-1,-2,0,-35,-42,0,0,5.37,0.45,2.45,211.28600000000043
0,2,0,-17,30,0,0,-2,0,32,-72,0,-1,-2,0,-33,-45,0,0,5.37,0.45,2.45,211.61100000000042
0,2,0,-15,29,0,0,-2,0,28,-83,0,0,-2,0,-31,-44,0,0,5.37,0.45,2.45,211.9360000000004
0,2,0,-14,29,0,0,-2,0,27,-86,0,-1,-2,0,-30,-43,0,0,5.37,0.45,2.45,212.2610000000004
0,2,0,-12,30,0,0,-2,0,25,-97,0,-1,-2,0,-27,-38,0,0,5.36,0.44,2.41,212.5820000000004
0,2,0,-10,30,0,0,-2,0,23,-102,0,-1,-2,0,-25,-33,0,0,5.36,0.44,2.41,212.9030000000004
0,2,0,-8,30,0,0,-2,0,26,-101,0,-1,-2,0,-21,-28,0,0,5.36,0.44,2.41,213.2240000000004
0,2,0,-7,30,0,0,-2,0,28,-98,0,-1,-2,0,-20,-25,0,0,5.36,0.44,2.41,213.54500000000039
0,2,0,-5,30,0,1,-2,0,37,-91,0,-1,-2,0,-16,-17,0,0,5.36,0.44,2.41,213.86600000000038
0,2,0,-3,28,0,1,-2,0,49,-79,0,-1,-2,0,-13,-17,0,0,5.36,0.44,2.41,214.18700000000038
0,2,0,-2,26,0,1,-2,0,58,-65,0,-1,-2,0,-10,-18,0,0,5.36,0.44,2.41,214.50800000000038
0,2,0,-2,26,0,1,-2,0,58,-65,0,-1,-2,0,-9,-17,0,0,5.36,0.44,2.41,214.82900000000038
0,2,0,-1,26,0,1,-2,0,54,-64,0,-1,-2,0,-10,-21,0,0,5.36,0.44,2.41,215.15000000000038
0,2,0,-1,26,0,1,-2,0,47,-62,0,-1,-2,0,-7,-18,0,0,5.36,0.44,2.41,215.47100000000037
0,2,0,-1,26,0,1,-2,0,40,-56,0,-1,-2,0,-4,-16,0,0,5.36,0.44,2.41,215.79200000000037
0,2,0,-2,26,0,0,-2,0,39,-54,0,-1,-2,0,-3,-15,0,0,5.36,0.44,2.41,216.11300000000037
0,2,0,-3,24,0,1,-2,0,34,-47,0,-1,-2,0,-1,-11,0,0,5.36,0.44,2.41,216.43400000000037
0,2,0,-2,25,0,0,-2,0,37,-38,0,-1,-2,0,0,-8,0,0,5.36,0.44,2.41,216.75500000000036
-1,2,0,-1,25,0,0,-2,0,27,-36,0,-1,-2,0,0,-5,0,0,5.36,0.44,2.41,217.07600000000036
0,2,0,-1,25,0,0,-2,0,27,-36,0,-1,-2,0,0,-2,0,0,5.36,0.44,2.41,217.39700000000036
0,2,0,-1,26,0,0,-2,0,29,-30,0,-1,-2,0,2,1,0,0,5.36,0.44,2.41,217.71800000000036
0,2,0,-1,26,0,0,-2,0,24,-22,0,-1,-2,0,4,5,0,0,5.36,0.44,2.41,218.03900000000036
-1,2,0,-1,26,0,0,-2,0,16,-20,0,-1,-2,0,7,8,0,0,5.36,0.44,2.41,218.36000000000035
-1,2,0,-1,27,0,0,-2,0,4,-20,0,-1,-2,0,10,11,0,0,5.36,0.44,2.41,218.68100000000035
-1,2,0,-1,27,0,0,-2,0,1,-20,0,-1,-2,0,12,13,0,0,5.36,0.44,2.41,219.00200000000035
-1,2,0,-1,26,0,0,-2,0,-4,-16,0,-1,-2,0,16,17,0,0,5.36,0.46,2.48,219.33300000000034
-1,2,0,-1,25,0,0,-2,0,-14,-12,0,-1,-2,0,17,15,0,0,5.36,0.46,2.48,219.66400000000033
-1,2,0,-1,24,0,0,-2,0,-20,-12,0,-1,-2,0,14,14,0,0,5.36,0.46,2.48,219.99500000000032
-1,2,0,-2,21,0,1,-2,0,-32,-6,0,-1,-2,0,22,-7,0,0,5.36,0.46,2.48,220.3260000000003
-1,3,0,-4,17,0,1,-2,0,-35,6,0,-1,-2,0,23,-20,0,0,5.36,0.46,2.48,220.6570000000003
-1,3,0,-8,13,0,1,-2,0,-40,24,0,-1,-3,0,30,-26,0,0,5.36,0.46,2.48,220.98800000000028
-1,3,0,-8,13,0,1,-3,0,-40,32,0,0,-3,0,32,-25,0,0,5.36,0.46,2.48,221.31900000000027
-1,3,0,-12,5,0,1,-3,0,-42,47,0,0,-3,0,42,-13,0,0,5.36,0.46,2.48,221.65000000000026
0,3,0,-14,0,0,0,-3,0,-40,45,0,0,-3,0,51,4,0,0,5.36,0.46,2.48,221.98100000000025
0,3,0,-20,0,0,0,-3,0,-38,14,0,0,-3,0,57,18,0,0,5.36,0.46,2.48,222.31200000000024
0,4,0,-25,0,0,0,-4,0,-39,-5,0,0,-3,0,61,25,0,0,5.36,0.46,2.48,222.64300000000023
0,4,0,-27,-17,0,0,-3,-1,-49,-55,0,0,-4,0,63,38,0,0,5.36,0.46,2.48,222.97400000000022
1,4,0,-12,-20,0,2,-3,-1,-39,-64,0,0,-3,0,58,40,0,0,5.36,0.46,2.48,223.3050000000002
1,3,0,-9,-2,0,2,-2,-1,-33,-32,0,0,-2,1,51,38,0,0,5.36,0.46,2.48,223.6360000000002
1,2,0,-8,3,0,2,-2,-1,-37,-12,0,0,-2,1,44,41,0,0,5.36,0.46,2.48,223.96700000000018
0,2,0,-6,9,0,1,-1,-1,-41,36,0,0,-2,1,35,44,0,0,5.36,0.46,2.48,224.29800000000017
0,2,0,1,2,0,1,-1,-1,-47,80,0,0,-2,1,21,49,0,0,5.36,0.46,2.48,224.62900000000016
0,2,0,1,-10,0,0,-1,-1,-42,115,0,0,-1,1,-11,46,0,0,5.36,0.46,2.48,224.96000000000015
0,2,0,1,-13,0,0,-1,-1,-42,113,0,0,-1,1,-16,45,0,0,5.36,0.46,2.48,225.29100000000014
0,2,0,3,-18,0,0,-1,-1,-42,99,0,0,-1,0,-31,39,0,0,5.36,0.46,2.48,225.62200000000013
0,2,0,2,-19,0,0,-1,-1,-43,77,0,0,-1,0,-54,28,0,0,5.36,0.46,2.48,225.95300000000012
0,2,0,-2,-16,0,0,-1,-1,-46,59,0,0,-1,0,-72,9,0,0,5.36,0.45,2.43,226.27700000000013
0,2,0,-3,-15,0,0,-1,-1,-48,51,0,0,-1,0,-73,3,0,0,5.36,0.45,2.43,226.60100000000014
0,2,0,-3,-9,0,1,-1,0,-48,38,0,0,-2,0,-62,-7,0,0,5.36,0.45,2.43,226.92500000000015
0,2,0,-2,-1,0,1,-1,0,-49,33,0,0,-2,0,-45,-19,0,0,5.36,0.45,2.43,227.24900000000017
0,2,0,-2,6,0,0,-1,0,-52,33,0,0,-2,0,-33,-29,0,0,5.36,0.45,2.43,227.57300000000018
0,2,0,-2,8,0,0,-1,0,-53,32,0,0,-2,0,-30,-35,0,0,5.36,0.45,2.43,227.8970000000002
0,2,0,-2,12,0,0,-2,0,-51,32,0,0,-2,0,-30,-50,0,0,5.36,0.45,2.43,228.2210000000002
0,2,0,-2,11,0,0,-2,-1,-45,31,0,0,-2,0,-35,-66,0,0,5.36,0.45,2.43,228.54500000000021
0,2,0,-2,11,0,0,-2,-1,-36,26,0,0,-2,0,-42,-80,0,0,5.36,0.45,2.43,228.86900000000023
0,2,0,-2,10,0,0,-2,-1,-30,25,0,0,-2,0,-44,-83,0,0,5.36,0.45,2.43,229.19300000000024
0,2,0,-1,8,0,0,-2,-1,-19,13,0,0,-2,0,-47,-83,0,0,5.36,0.45,2.43,229.51700000000025
0,2,0,0,6,0,0,-2,-1,-8,4,0,0,-2,0,-49,-70,0,0,5.36,0.45,2.43,229.84100000000026
0,2,0,0,3,0,0,-2,-1,-5,-4,0,0,-2,0,-51,-52,0,0,5.36,0.45,2.43,230.16500000000028
0,2,0,1,1,0,1,-2,-1,-4,-11,0,0,-2,0,-51,-47,0,0,5.36,0.45,2.43,230.4890000000003
0,2,0,2,-1,0,1,-2,-1,-4,-16,0,0,-2,0,-51,-44,0,0,5.36,0.45,2.43,230.8130000000003
0,2,0,3,-1,0,1,-2,-1,-3,-17,0,0,-2,0,-46,-46,0,0,5.36,0.45,2.43,231.1370000000003
0,2,0,5,-2,0,1,-2,-1,-3,-17,0,0,-2,0,-37,-44,0,0,5.36,0.45,2.43,231.46100000000033
0,2,0,7,-2,0,1,-2,-1,-4,-13,0,0,-2,0,-36,-43,0,0,5.36,0.45,2.43,231.78500000000034
0,2,0,7,-2,0,1,-2,0,-3,-5,0,0,-2,0,-33,-40,0,0,5.36,0.45,2.43,232.10900000000035
0,2,0,6,-1,0,1,-2,0,-3,-2,0,0,-2,0,-32,-38,0,0,5.36,0.45,2.43,232.43300000000036
0,2,0,5,0,0,1,-2,0,-2,5,0,0,-2,0,-27,-29,0,0,5.36,0.45,2.43,232.75700000000037
0,2,0,3,4,0,0,-2,0,0,0,0,0,-2,0,-16,-17,0,0,5.35,0.45,2.43,233.0810000000004
0,2,0,2,6,0,0,-2,0,2,-26,0,0,-2,0,-1,0,0,0,5.35,0.45,2.43,233.4050000000004
0,2,0,1,6,0,0,-2,0,4,-39,0,0,-2,0,4,6,0,0,5.35,0.45,2.43,233.7290000000004
0,3,0,-1,6,0,0,-2,0,7,-60,0,0,-2,0,13,19,0,0,5.35,0.45,2.43,234.05300000000042
0,3,0,-3,5,0,1,-2,-1,12,-53,0,0,-2,0,9,27,0,0,5.35,0.45,2.43,234.37700000000044
0,3,0,-3,2,0,1,-2,-1,16,-32,0,0,-2,0,1,33,0,0,5.35,0.45,2.43,234.70100000000045
0,3,0,-2,1,0,1,-2,-1,21,-23,0,0,-2,0,0,37,0,0,5.35,0.45,2.43,235.02500000000046
0,2,0,-4,-15,0,1,-2,-1,18,19,0,-1,-2,0,7,58,0,0,5.35,0.45,2.43,235.34900000000047
0,2,0,-5,-24,0,1,-2,-1,14,30,0,-1,-2,0,6,53,0,0,5.35,0.45,2.43,235.67300000000048
0,2,0,-5,-28,0,1,-2,-1,11,33,0,-1,-2,0,6,50,0,0,5.35,0.45,2.43,235.9970000000005
0,2,0,-6,-35,0,1,-2,0,6,40,0,-1,-2,0,9,44,0,0,5.35,0.45,2.43,236.3210000000005
0,2,0,-5,-37,0,1,-1,0,-1,41,0,0,-2,0,17,46,0,0,5.35,0.45,2.43,236.64500000000052
0,2,0,-4,-36,0,0,-1,0,-7,40,0,0,-2,0,33,46,0,0,5.35,0.45,2.43,236.96900000000053
0,2,0,-4,-35,0,0,-1,0,-9,39,0,0,-2,0,39,46,0,0,5.35,0.45,2.43,237.29300000000055
0,2,0,-3,-31,0,0,-1,0,-14,38,0,0,-2,0,50,42,0,0,5.35,0.45,2.43,237.61700000000056
0,2,0,-2,-27,0,0,-2,0,-21,39,0,0,-2,0,53,33,0,0,5.35,0.45,2.43,237.94100000000057
0,2,0,-3,-25,0,1,-2,0,-25,42,0,0,-2,0,51,24,0,0,5.35,0.45,2.43,238.26500000000058
0,2,0,-1,-22,0,0,-2,0,-20,45,0,0,-2,0,49,23,0,0,5.35,0.45,2.43,238.5890000000006
0,2,0,-1,-23,0,0,-2,0,-36,45,0,0,-2,0,43,26,0,0,5.35,0.45,2.43,238.9130000000006
0,2,0,0,-23,0,0,-2,0,-30,42,0,0,-2,0,36,33,0,0,5.35,0.45,2.43,239.23700000000062
0,2,0,0,-23,0,0,-2,0,-27,35,0,0,-2,0,30,42,0,0,5.35,0.45,2.43,239.56100000000063
0,2,0,0,-22,0,0,-2,0,-28,31,0,0,-2,0,27,44,0,0,5.35,0.45,2.45,239.88800000000063
0,2,0,2,-19,0,1,-2,0,-25,21,0,0,-2,0,23,47,0,0,5.35,0.45,2.45,240.21500000000063
0,2,0,2,-16,0,1,-2,0,-23,12,0,0,-2,0,22,45,0,0,5.35,0.45,2.45,240.54200000000063
0,2,0,3,-14,0,1,-2,-1,-18,7,0,0,-2,0,25,43,0,0,5.35,0.45,2.45,240.86900000000063
0,2,0,2,-14,0,1,-2,-1,-16,6,0,0,-2,0,27,43,0,0,5.35,0.45,2.45,241.19600000000062
0,2,0,2,-14,0,1,-2,-1,-9,6,0,0,-2,0,33,41,0,0,5.35,0.45,2.45,241.52300000000062
0,2,0,3,-14,0,1,-2,-1,-6,9,0,0,-2,0,39,38,0,0,5.35,0.45,2.45,241.85000000000062
0,2,0,3,-13,0,1,-2,-1,-5,11,0,0,-2,0,42,36,0,0,5.35,0.45,2.45,242.17700000000062
0,2,0,3,-12,0,1,-2,-1,-6,15,0,0,-2,0,47,35,0,0,5.35,0.45,2.45,242.50400000000062
0,2,0,3,-10,0,1,-2,-1,-7,17,0,-1,-2,0,49,31,0,0,5.35,0.45,2.45,242.8310000000006
0,2,0,4,-9,0,1,-2,-1,-8,14,0,-1,-2,0,46,21,0,0,5.35,0.45,2.45,243.1580000000006
0,2,0,4,-9,0,1,-2,-1,-7,12,0,-1,-2,0,43,15,0,0,5.35,0.45,2.45,243.4850000000006
0,2,0,4,-8,0,1,-2,-1,-7,6,0,-1,-2,0,35,0,0,0,5.35,0.45,2.45,243.8120000000006
0,2,0,4,-9,0,1,-2,-1,-6,3,0,-1,-2,0,26,-9,0,0,5.35,0.45,2.45,244.1390000000006
0,2,0,4,-10,0,1,-2,-1,-5,5,0,0,-2,0,18,-19,0,0,5.35,0.45,2.45,244.4660000000006
0,2,0,4,-11,0,1,-2,-1,-5,5,0,0,-2,0,15,-22,0,0,5.35,0.45,2.45,244.7930000000006
0,2,0,4,-11,0,1,-2,-1,-3,7,0,0,-2,0,9,-27,0,0,5.35,0.45,2.45,245.1200000000006
0,2,0,4,-11,0,1,-1,-1,-2,9,0,0,-2,0,6,-30,0,0,5.35,0.45,2.45,245.4470000000006
0,2,0,4,-10,0,0,-1,-1,-1,8,0,0,-2,0,3,-33,0,0,5.35,0.45,2.45,245.7740000000006
0,2,0,4,-9,0,0,-1,-1,-1,7,0,0,-2,0,2,-33,0,0,5.35,0.45,2.45,246.1010000000006
0,2,0,3,-8,0,0,-1,-1,0,8,0,0,-2,0,0,-32,0,0,5.35,0.45,2.45,246.4280000000006
0,2,0,2,-7,0,0,-1,-1,1,7,0,0,-2,0,0,-26,0,0,5.35,0.45,2.44,246.7540000000006
0,2,0,1,-6,0,0,-1,-1,2,3,0,0,-2,0,-1,-20,0,0,5.35,0.45,2.44,247.08000000000058
0,2,0,0,-6,0,0,-1,-1,3,1,0,0,-2,0,-2,-19,0,0,5.35,0.45,2.44,247.40600000000057
0,2,0,0,-4,0,0,-1,-1,6,-4,0,0,-2,0,-5,-14,0,0,5.35,0.45,2.44,247.73200000000057
0,2,0,-1,-2,0,0,-1,-1,8,-13,0,0,-2,0,-10,-6,0,0,5.35,0.45,2.44,248.05800000000056
0,2,0,-3,-29,0,0,-2,0,-30,48,0,0,-2,0,-8,-31,0,0,5.34,0.45,2.42,248.38200000000057
0,3,0,-3,-26,0,0,-3,0,-38,40,0,0,-3,0,3,-8,0,0,5.34,0.45,2.42,248.70600000000059
0,3,0,-4,-21,0,0,-3,0,-43,24,0,-1,-3,0,12,14,0,0,5.34,0.45,2.42,249.0300000000006
0,3,0,-6,-8,0,0,-3,0,-41,11,0,-1,-3,0,15,24,0,0,5.34,0.45,2.42,249.3540000000006
0,3,0,-7,-2,0,0,-3,0,-39,8,0,-1,-2,0,15,25,0,0,5.34,0.45,2.42,249.67800000000062
0,2,0,-11,11,0,0,-2,0,-30,9,0,-1,-2,0,10,23,0,0,5.34,0.45,2.42,250.00200000000063
0,2,0,-13,22,0,0,-2,0,-18,17,0,-1,-2,0,2,18,0,0,5.34,0.45,2.42,250.32600000000065
0,2,0,-17,27,0,0,-2,0,17,-12,0,-1,-1,0,-13,10,0,0,5.34,0.45,2.42,250.65000000000066
0,2,0,-17,26,0,0,-2,0,24,-21,0,-1,-1,0,-15,8,0,0,5.34,0.44,2.37,250.96700000000067
0,2,0,-18,23,0,0,-2,0,34,-33,0,-1,-1,0,-21,0,0,0,5.34,0.44,2.37,251.28400000000067
0,2,0,-18,18,0,0,-2,0,35,-40,0,-1,-2,0,-24,-12,0,0,5.34,0.44,2.37,251.60100000000068
0,2,0,-16,15,0,0,-2,0,32,-43,0,-1,-2,0,-27,-26,0,0,5.34,0.44,2.37,251.9180000000007
0,2,0,-15,14,0,0,-2,0,30,-44,0,-1,-2,0,-27,-39,0,0,5.34,0.44,2.37,252.2350000000007
0,2,0,-13,14,0,0,-2,0,29,-44,0,-1,-2,0,-26,-41,0,0,5.34,0.44,2.37,252.5520000000007
0,2,0,-12,15,0,0,-2,0,22,-47,0,-1,-2,0,-23,-42,0,0,5.34,0.44,2.37,252.8690000000007
0,2,0,-11,16,0,0,-2,0,15,-59,0,0,-2,0,-18,-35,0,0,5.34,0.44,2.37,253.18600000000072
0,2,0,-9,17,0,0,-2,0,10,-74,0,-1,-2,0,-11,-21,0,0,5.34,0.44,2.37,253.50300000000072
0,2,0,-8,17,0,0,-2,0,8,-80,0,-1,-2,0,-9,-16,0,0,5.34,0.44,2.37,253.82000000000073
0,2,0,-7,17,0,0,-2,0,7,-92,0,-1,-2,0,-4,-4,0,0,5.34,0.44,2.37,254.13700000000074
0,2,0,-5,16,0,0,-2,0,18,-91,0,-1,-2,0,-1,2,0,0,5.34,0.44,2.37,254.45400000000075
0,2,0,-4,16,0,0,-2,0,32,-84,0,-1,-2,0,0,2,0,0,5.34,0.44,2.37,254.77100000000075
0,2,0,-3,17,0,0,-2,0,39,-79,0,-1,-2,0,0,0,0,0,5.34,0.44,2.37,255.08800000000076
0,2,0,-3,17,0,0,-2,0,54,-61,0,-1,-2,0,-2,-5,0,0,5.34,0.44,2.37,255.40500000000077
0,2,0,-4,17,0,0,-2,0,60,-48,0,-1,-2,0,-4,-10,0,0,5.34,0.44,2.37,255.72200000000078
0,2,0,-5,16,0,0,-2,0,58,-41,0,-1,-2,0,-4,-13,0,0,5.34,0.44,2.37,256.0390000000008
0,2,0,-5,16,0,0,-2,0,55,-41,0,-1,-2,0,-4,-14,0,0,5.34,0.44,2.37,256.3560000000008
0,2,0,-5,15,0,0,-2,0,51,-44,0,-1,-2,0,-4,-12,0,0,5.34,0.44,2.37,256.6730000000008
0,2,0,-5,14,0,0,-2,0,48,-49,0,-1,-2,0,-2,-7,0,0,5.34,0.44,2.37,256.9900000000008
0,2,0,-4,14,0,0,-2,0,44,-49,0,-1,-2,0,-1,-3,0,0,5.34,0.44,2.37,257.3070000000008
0,2,0,-4,15,0,0,-2,0,42,-48,0,-1,-2,0,0,-2,0,0,5.34,0.44,2.39,257.6270000000008
0,2,0,-4,17,0,0,-2,0,39,-42,0,-1,-2,0,1,1,0,0,5.34,0.44,2.39,257.9470000000008
0,2,0,-3,19,0,0,-2,0,35,-33,0,-1,-2,0,2,1,0,0,5.34,0.44,2.39,258.2670000000008
0,2,0,-3,21,0,0,-2,0,32,-24,0,-1,-2,0,2,0,0,0,5.34,0.44,2.39,258.5870000000008
0,2,0,-3,21,0,0,-2,0,31,-22,0,-1,-2,0,2,-1,0,0,5.34,0.44,2.39,258.9070000000008
0,2,0,-2,22,0,0,-2,0,27,-17,0,-1,-2,0,2,-2,0,0,5.34,0.44,2.39,259.22700000000077
0,2,0,-2,23,0,0,-2,0,21,-15,0,-1,-2,0,2,-3,0,0,5.34,0.44,2.39,259.54700000000076
0,2,0,-2,24,0,0,-2,0,10,-13,0,-1,-2,0,2,-4,0,0,5.34,0.44,2.39,259.86700000000076
0,2,0,-2,25,0,0,-2,0,6,-12,0,-1,-2,0,2,-3,0,0,5.34,0.44,2.39,260.18700000000075
0,2,0,-1,26,0,0,-2,0,-2,-8,0,-1,-2,0,4,-4,0,0,5.34,0.44,2.39,260.50700000000074
-1,2,0,0,32,0,0,-2,0,-16,-9,0,-1,-2,0,5,-4,0,0,5.34,0.44,2.39,260.82700000000074
-1,2,0,-1,33,0,0,-2,0,-22,-12,0,-1,-2,0,4,-2,0,0,5.34,0.44,2.39,261.14700000000073
-1,2,0,-1,33,0,0,-2,0,-29,-10,0,-1,-2,0,5,-2,0,0,5.34,0.44,2.39,261.4670000000007
-1,2,0,-2,33,0,0,-2,0,-32,-7,0,-1,-2,0,7,2,0,0,5.34,0.44,2.39,261.7870000000007
-1,3,0,-4,33,0,0,-2,0,-33,10,0,-1,-2,0,2,6,0,0,5.34,0.44,2.39,262.1070000000007
-1,3,0,-6,33,0,0,-2,0,-29,34,0,-1,-3,0,5,4,0,0,5.34,0.44,2.39,262.4270000000007
-1,3,0,-9,30,0,0,-3,0,-22,46,0,-1,-3,0,18,-10,0,0,5.34,0.44,2.39,262.7470000000007
0,3,0,-9,27,0,0,-3,0,-18,45,0,-1,-3,0,24,-10,0,0,5.34,0.44,2.39,263.0670000000007
0,3,0,-10,22,0,0,-3,0,-8,17,0,0,-3,0,35,3,0,0,5.34,0.44,2.39,263.3870000000007
0,3,0,-10,19,0,0,-3,0,-8,-13,0,0,-3,0,42,18,0,0,5.34,0.44,2.39,263.7070000000007
0,3,0,-15,16,0,0,-3,0,-22,-38,0,0,-3,0,51,27,0,0,5.34,0.44,2.39,264.02700000000067
0,4,0,-17,13,0,0,-3,-1,-32,-49,0,0,-3,0,54,29,0,0,5.34,0.44,2.39,264.34700000000066
0,4,0,-14,5,0,1,-3,-1,-43,-61,0,0,-3,0,52,24,0,0,5.34,0.44,2.39,264.66700000000066
1,3,0,-8,13,0,1,-3,-1,-37,-49,0,0,-3,0,41,21,0,0,5.34,0.44,2.39,264.98700000000065
1,2,0,-6,28,0,1,-2,-1,-31,-21,0,0,-2,0,22,25,0,0,5.34,0.44,2.39,265.30700000000064
0,2,0,-5,27,0,1,-2,-1,-30,-9,0,0,-2,1,17,29,0,0,5.34,0.44,2.39,265.62700000000063
0,2,0,0,28,0,0,-1,-1,-37,4,0,0,-1,1,6,40,0,0,5.34,0.44,2.39,265.9470000000006
0,1,0,1,22,0,0,-1,-1,-31,10,0,0,-1,1,-5,51,0,0,5.34,0.44,2.39,266.2670000000006
0,2,0,0,15,0,0,-1,-1,-23,11,0,0,-1,1,-14,45,0,0,5.34,0.44,2.39,266.5870000000006
0,2,0,-1,12,0,0,-1,-1,-21,11,0,0,-1,1,-18,38,0,0,5.34,0.44,2.39,266.9070000000006
0,2,0,-2,4,0,0,-1,-1,-14,11,0,0,-1,1,-25,29,0,0,5.34,0.44,2.39,267.2270000000006
0,2,0,-2,-3,0,0,-1,-1,-11,12,0,0,-1,0,-35,20,0,0,5.34,0.44,2.39,267.5470000000006
0,2,0,-3,-7,0,0,-1,-1,-9,13,0,0,-2,0,-47,20,0,0,5.34,0.44,2.39,267.8670000000006
0,2,0,-3,-8,0,0,-1,-1,-13,11,0,0,-2,0,-53,21,0,0,5.34,0.44,2.39,268.1870000000006
0,2,0,-4,-6,0,0,-1,-1,-15,14,0,0,-2,0,-63,23,0,0,5.34,0.44,2.39,268.5070000000006
0,2,0,-5,-2,0,1,-1,0,-25,15,0,0,-2,0,-66,18,0,0,5.34,0.44,2.39,268.82700000000057
0,2,0,-4,3,0,0,-1,0,-31,15,0,0,-2,0,-60,5,0,0,5.34,0.44,2.39,269.14700000000056
0,2,0,-4,5,0,1,-1,0,-33,17,0,0,-2,0,-55,-1,0,0,5.34,0.44,2.39,269.46700000000055
0,2,0,-2,9,0,1,-1,0,-38,24,0,0,-2,0,-45,-24,0,0,5.34,0.44,2.39,269.78700000000055
0,2,0,0,9,0,1,-2,-1,-43,32,0,0,-2,0,-43,-43,0,0,5.34,0.44,2.39,270.10700000000054
0,2,0,2,6,0,1,-2,-1,-43,42,0,0,-2,0,-41,-60,0,0,5.34,0.44,2.39,270.42700000000053
0,2,0,3,4,0,1,-2,-1,-30,56,0,0,-2,0,-39,-79,0,0,5.34,0.44,2.39,270.7470000000005
0,2,0,3,3,0,1,-2,-1,-28,57,0,0,-2,0,-39,-82,0,0,5.35,0.45,2.43,271.0720000000005
0,2,0,2,2,0,1,-2,0,-23,55,0,0,-2,0,-39,-85,0,0,5.35,0.45,2.43,271.3970000000005
0,2,0,3,0,0,0,-2,-1,-17,47,0,0,-2,0,-36,-80,0,0,5.35,0.45,2.43,271.7220000000005
0,2,0,4,-1,0,0,-2,-1,-10,32,0,0,-2,0,-30,-68,0,0,5.35,0.45,2.43,272.0470000000005
0,2,0,4,-2,0,0,-2,0,-8,25,0,0,-2,0,-28,-62,0,0,5.35,0.45,2.43,272.37200000000047
0,2,0,4,-5,0,0,-2,0,-5,8,0,0,-2,0,-26,-51,0,0,5.35,0.45,2.43,272.69700000000046
0,2,0,4,-7,0,0,-2,0,-5,-7,0,0,-2,0,-25,-45,0,0,5.35,0.45,2.43,273.02200000000045
0,2,0,4,-7,0,1,-2,0,-6,-14,0,0,-2,0,-23,-43,0,0,5.35,0.45,2.43,273.34700000000043
0,2,0,3,-7,0,1,-2,0,-7,-14,0,0,-2,0,-24,-43,0,0,5.35,0.45,2.43,273.6720000000004
0,2,0,3,-7,0,1,-2,0,-8,-11,0,0,-2,0,-17,-40,0,0,5.35,0.45,2.43,273.9970000000004
0,2,0,3,-4,0,1,-2,0,-10,-7,0,0,-2,0,-9,-32,0,0,5.35,0.45,2.43,274.3220000000004
0,2,0,3,-3,0,1,-2,0,-11,-3,0,0,-2,0,-6,-28,0,0,5.35,0.45,2.43,274.6470000000004
0,2,0,1,-1,0,1,-2,0,-13,5,0,0,-2,0,0,-17,0,0,5.35,0.45,2.43,274.9720000000004
0,2,0,-1,-1,0,1,-2,0,-15,15,0,0,-2,0,3,-7,0,0,5.35,0.45,2.43,275.29700000000037
0,3,0,-4,0,0,1,-2,0,-15,24,0,0,-2,0,2,-1,0,0,5.35,0.45,2.43,275.62200000000036
0,3,0,-5,-1,0,1,-2,0,-15,28,0,0,-2,0,1,1,0,0,5.35,0.45,2.43,275.94700000000034
0,3,0,-7,-4,0,1,-2,0,-12,33,0,0,-2,0,0,15,0,0,5.35,0.45,2.43,276.27200000000033
0,2,0,-8,-7,0,0,-2,0,-7,33,0,0,-2,0,2,29,0,0,5.35,0.45,2.43,276.5970000000003
0,2,0,-9,-12,0,0,-2,0,-4,28,0,0,-2,0,5,38,0,0,5.35,0.45,2.43,276.9220000000003
0,2,0,-9,-17,0,0,-2,0,-4,18,0,0,-2,0,9,41,0,0,5.35,0.45,2.43,277.2470000000003
0,2,0,-8,-19,0,0,-2,0,-5,16,0,0,-2,0,10,41,0,0,5.35,0.45,2.43,277.5720000000003
0,2,0,-9,-24,0,0,-2,0,-9,11,0,0,-2,0,15,40,0,0,5.34,0.44,2.38,277.8910000000003
0,2,0,-8,-25,0,0,-2,0,-16,13,0,0,-2,0,21,41,0,0,5.34,0.44,2.38,278.2100000000003
0,2,0,-7,-23,0,0,-2,0,-23,17,0,0,-2,0,28,45,0,0,5.34,0.44,2.38,278.52900000000034
0,2,0,-7,-21,0,0,-2,0,-24,19,0,0,-2,0,30,47,0,0,5.34,0.44,2.38,278.84800000000035
0,2,0,-6,-16,0,0,-2,0,-25,24,0,0,-2,0,35,51,0,0,5.34,0.44,2.38,279.16700000000037
0,2,0,-4,-13,0,0,-2,0,-24,28,0,0,-2,0,38,52,0,0,5.34,0.44,2.38,279.4860000000004
0,2,0,-3,-12,0,0,-2,0,-20,31,0,0,-2,0,38,48,0,0,5.34,0.44,2.38,279.8050000000004
0,2,0,-3,-12,0,0,-2,0,-19,32,0,0,-2,0,37,46,0,0,5.34,0.44,2.38,280.1240000000004
0,2,0,-4,-13,0,0,-2,0,-15,31,0,0,-2,0,34,41,0,0,5.34,0.44,2.38,280.44300000000044
0,2,0,-4,-14,0,0,-2,0,-13,25,0,0,-2,0,32,36,0,0,5.34,0.44,2.38,280.76200000000046
0,2,0,-3,-14,0,0,-2,0,-12,16,0,0,-2,0,30,32,0,0,5.34,0.44,2.38,281.0810000000005
0,2,0,-3,-14,0,0,-2,-1,-12,12,0,0,-2,0,30,31,0,0,5.34,0.44,2.38,281.4000000000005
0,2,0,-1,-12,0,0,-2,-1,-11,3,0,0,-2,0,30,30,0,0,5.34,0.44,2.38,281.7190000000005
0,2,0,-1,-11,0,0,-2,-1,-11,-2,0,0,-2,0,30,29,0,0,5.34,0.44,2.38,282.0380000000005
0,2,0,0,-10,0,1,-2,-1,-10,-4,0,0,-2,0,30,28,0,0,5.34,0.44,2.38,282.35700000000054
0,2,0,0,-10,0,1,-2,-1,-11,-4,0,0,-2,0,32,28,0,0,5.34,0.44,2.38,282.67600000000056
0,2,0,0,-11,0,1,-2,-1,-11,-1,0,0,-2,0,35,27,0,0,5.34,0.44,2.38,282.9950000000006
0,2,0,-1,-12,0,1,-2,-1,-12,1,0,0,-2,0,37,26,0,0,5.34,0.44,2.38,283.3140000000006
0,2,0,0,-13,0,1,-2,-1,-10,1,0,0,-2,0,38,22,0,0,5.34,0.44,2.38,283.6330000000006
0,2,0,0,-14,0,0,-2,-1,-9,1,0,0,-2,0,39,20,0,0,5.34,0.44,2.38,283.9520000000006
0,2,0,0,-14,0,0,-2,-1,-8,-3,0,0,-2,0,41,17,0,0,5.34,0.44,2.38,284.27100000000064
0,2,0,0,-14,0,1,-2,-1,-6,-9,0,0,-2,0,38,10,0,0,5.36,0.46,2.48,284.60400000000067
0,2,0,0,-14,0,1,-2,-1,-4,-14,0,0,-2,0,32,1,0,0,5.36,0.46,2.48,284.9370000000007
0,2,0,-1,-15,0,1,-2,-1,-4,-15,0,0,-2,0,30,-3,0,0,5.36,0.46,2.48,285.2700000000007
0,2,0,-1,-15,0,1,-2,-1,-2,-19,0,0,-2,0,24,-12,0,0,5.36,0.46,2.48,285.60300000000075
0,2,0,-1,-16,0,1,-2,-1,-1,-19,0,0,-2,0,19,-18,0,0,5.36,0.46,2.48,285.9360000000008
0,2,0,-3,-18,0,1,-2,-1,-3,-16,0,0,-2,0,15,-22,0,0,5.36,0.46,2.48,286.2690000000008
0,2,0,-2,-18,0,1,-1,-1,-4,-13,0,0,-2,0,14,-22,0,0,5.36,0.46,2.48,286.6020000000008
0,2,0,-2,-19,0,1,-1,-1,-11,-12,0,0,-2,0,13,-23,0,0,5.36,0.46,2.48,286.93500000000085
0,2,0,-1,-18,0,1,-1,-1,-18,-11,0,0,-2,0,11,-22,0,0,5.36,0.46,2.48,287.2680000000009
0,2,0,-1,-17,0,1,-1,-1,-19,-13,0,0,-2,0,8,-21,0,0,5.36,0.46,2.48,287.6010000000009
0,2,0,-1,-16,0,1,-1,-1,-18,-13,0,0,-2,0,7,-20,0,0,5.36,0.46,2.48,287.93400000000094
0,2,0,-1,-15,0,1,-1,-1,-15,-12,0,0,-2,0,2,-15,0,0,5.36,0.46,2.48,288.26700000000096
0,2,0,0,-14,0,1,-1,-1,-11,-7,0,0,-2,0,-2,-10,0,0,5.36,0.46,2.48,288.600000000001
0,2,0,0,-13,0,1,-1,-1,-7,0,0,0,-1,0,-9,-6,0,0,5.36,0.46,2.48,288.933000000001
0,2,0,0,-13,0,1,-1,-1,-5,1,0,0,-1,0,-11,-6,0,0,5.36,0.46,2.48,289.26600000000104
0,2,0,1,-12,0,1,-1,-1,-2,6,0,0,-2,0,-15,-4,0,0,5.36,0.46,2.48,289.59900000000107
0,2,0,2,-9,0,1,-2,-1,0,8,0,0,-2,0,-18,0,0,0,5.36,0.46,2.48,289.9320000000011
0,2,0,2,-7,0,0,-2,-1,2,7,0,0,-2,0,-22,0,0,0,5.36,0.46,2.48,290.2650000000011
0,2,0,2,-5,0,0,-2,-1,4,6,0,0,-2,0,-23,0,0,0,5.36,0.46,2.48,290.59800000000115
0,3,0,0,-2,0,0,-2,-1,6,3,0,0,-2,0,-27,-1,0,0,5.36,0.46,2.48,290.9310000000012
0,3,0,-1,2,0,0,-2,-1,6,1,0,-1,-3,0,-28,-5,0,0,5.36,0.46,2.48,291.2640000000012
0,4,0,-1,6,0,0,-3,-1,5,-2,0,-1,-3,0,-28,-10,0,0,5.35,0.45,2.41,291.5870000000012
0,4,0,-2,7,0,0,-3,-1,5,-6,0,-1,-3,0,-29,-12,0,0,5.35,0.45,2.41,291.91000000000116
0,3,0,-1,11,0,0,-3,-1,15,-23,0,-1,-3,0,-34,-14,0,0,5.35,0.45,2.41,292.23300000000114
0,3,0,0,10,0,1,-3,-1,26,-25,0,-1,-3,0,-35,-15,0,0,5.35,0.45,2.41,292.5560000000011
0,3,0,0,10,0,1,-3,-1,29,-24,0,-1,-3,0,-35,-19,0,0,5.35,0.45,2.41,292.8790000000011
0,3,0,-2,12,0,1,-3,0,40,-24,0,-1,-3,0,-26,-31,0,0,5.35,0.45,2.41,293.2020000000011
-1,3,0,-10,12,0,1,-3,0,48,-18,0,0,-3,0,-5,-21,0,0,5.35,0.45,2.41,293.52500000000106
-1,3,0,-15,5,0,0,-3,0,56,-9,0,0,-3,0,15,4,0,0,5.35,0.45,2.41,293.84800000000104
-1,3,0,-14,1,0,0,-3,0,61,-7,0,-1,-3,0,17,8,0,0,5.35,0.45,2.41,294.171000000001
-1,2,0,-9,-12,0,0,-3,0,65,-16,0,-1,-2,0,16,4,0,0,5.35,0.45,2.41,294.494000000001
-1,2,0,-5,-19,0,0,-2,0,58,-40,0,-1,-2,0,11,-1,0,0,5.35,0.45,2.41,294.817000000001
0,2,0,-5,-21,0,0,-2,0,48,-54,0,-1,-2,0,9,-10,0,0,5.35,0.45,2.41,295.14000000000095
0,2,0,-1,-16,0,0,-2,0,50,-59,0,-1,-2,0,8,-12,0,0,5.35,0.45,2.41,295.46300000000093
0,1,0,-1,-13,0,0,-2,0,61,-53,0,-1,-2,0,1,-19,0,0,5.35,0.45,2.41,295.7860000000009
0,1,0,2,-6,0,1,-1,0,33,-44,0,-1,-2,0,-2,-23,0,0,5.35,0.45,2.41,296.1090000000009
0,2,0,4,4,0,0,-1,0,12,-30,0,-1,-1,0,-7,-19,0,0,5.35,0.45,2.41,296.43200000000087
0,2,0,4,9,0,0,-2,0,3,-17,0,-1,-1,0,-10,-16,0,0,5.35,0.45,2.41,296.75500000000085
0,2,0,1,13,0,0,-2,0,-8,3,0,0,-1,0,-16,-6,0,0,5.35,0.45,2.41,297.0780000000008
0,2,0,0,9,0,0,-2,0,-20,22,0,0,-1,0,-21,2,0,0,5.35,0.45,2.41,297.4010000000008
-1,2,0,-2,0,0,0,-2,0,-34,37,0,-1,-1,0,-24,4,0,0,5.35,0.45,2.41,297.7240000000008
-1,2,0,-3,-4,0,0,-2,0,-39,38,0,-1,-1,0,-24,2,0,0,5.35,0.45,2.41,298.04700000000076
0,2,0,-6,-16,0,0,-1,0,-53,39,0,-1,-1,0,-25,-1,0,0,5.36,0.45,2.45,298.3760000000008
-1,2,0,-7,-24,0,0,-2,0,-46,48,0,-1,-2,0,-25,-4,0,0,5.36,0.45,2.45,298.7050000000008
-1,2,0,-8,-29,0,0,-2,0,-25,50,0,0,-2,0,-23,-5,0,0,5.36,0.45,2.45,299.0340000000008
-1,2,0,-9,-30,0,0,-2,0,-19,53,0,0,-2,0,-21,-4,0,0,5.36,0.45,2.45,299.3630000000008
0,2,0,-8,-28,0,0,-2,0,-38,54,0,-1,-2,0,-13,1,0,0,5.36,0.45,2.45,299.6920000000008
0,2,0,-10,-24,0,0,-2,0,-53,53,0,-1,-2,0,-7,10,0,0,5.36,0.45,2.45,300.0210000000008
0,3,0,-9,-15,0,0,-2,0,-57,43,0,-1,-2,0,-5,19,0,0,5.36,0.45,2.45,300.3500000000008
0,3,0,-7,-10,0,0,-2,0,-58,40,0,-1,-2,0,-6,21,0,0,5.36,0.45,2.45,300.6790000000008
0,2,0,-4,-1,0,0,-2,0,-68,34,0,-1,-2,0,-15,25,0,0,5.36,0.45,2.45,301.00800000000083
0,2,0,-4,5,0,1,-2,0,-73,36,0,-1,-2,0,-14,30,0,0,5.36,0.45,2.45,301.33700000000084
0,2,0,-3,8,0,1,-2,0,-65,49,0,-1,-2,0,-19,28,0,0,5.36,0.45,2.45,301.66600000000085
0,2,0,-2,6,0,1,-2,0,-75,56,0,-1,-2,0,-24,22,0,0,5.36,0.45,2.45,301.99500000000086
0,2,0,-2,6,0,1,-2,0,-76,55,0,-1,-2,0,-27,18,0,0,5.36,0.45,2.45,302.32400000000086
0,2,0,-2,3,0,0,-2,0,-76,53,0,-1,-2,0,-33,5,0,0,5.36,0.45,2.45,302.6530000000009
0,2,0,-1,1,0,0,-2,0,-75,49,0,-1,-2,0,-36,-8,0,0,5.36,0.45,2.45,302.9820000000009
-1,2,0,-1,10,0,1,-2,0,-43,47,0,-1,-2,0,17,10,0,0,5.35,0.45,2.46,303.3130000000009
-1,2,0,-3,8,0,1,-2,0,-55,52,0,-1,-2,0,19,11,0,0,5.35,0.45,2.46,303.6440000000009
-1,2,0,-5,7,0,0,-2,0,-57,54,0,0,-2,0,23,15,0,0,5.35,0.45,2.46,303.97500000000093
-1,3,0,-7,6,0,1,-2,0,-53,55,0,0,-2,0,26,21,0,0,5.35,0.45,2.46,304.30600000000095
-1,3,0,-8,5,0,0,-2,0,-54,55,0,0,-3,0,27,22,0,0,5.35,0.45,2.46,304.63700000000097
0,3,0,-11,3,0,0,-3,0,-51,58,0,-1,-3,0,31,15,0,0,5.35,0.45,2.46,304.968000000001
0,3,0,-12,-1,0,0,-3,0,-41,59,0,0,-3,0,37,4,0,0,5.35,0.45,2.46,305.299000000001
0,3,0,-14,-6,0,0,-3,0,-30,55,0,0,-3,0,42,12,0,0,5.35,0.45,2.46,305.630000000001
0,3,0,-16,-8,0,0,-3,0,-25,52,0,0,-3,0,44,18,0,0,5.35,0.45,2.46,305.96100000000104
0,4,0,-23,-16,0,0,-3,-1,-42,26,0,0,-3,0,53,35,0,0,5.35,0.45,2.46,306.29200000000105
0,4,0,-22,-30,0,1,-3,-1,-49,-6,0,0,-4,0,62,44,0,0,5.35,0.45,2.46,306.62300000000107
1,4,0,-11,-23,0,2,-3,-1,-47,-14,0,0,-3,1,63,46,0,0,5.35,0.45,2.46,306.9540000000011
1,3,0,-10,-14,0,2,-3,-1,-46,-7,0,0,-3,1,61,47,0,0,5.35,0.45,2.46,307.2850000000011
0,2,0,-10,7,0,1,-2,-1,-35,22,0,0,-2,1,51,45,0,0,5.35,0.45,2.46,307.6160000000011
0,1,0,-6,11,0,1,-2,-1,-30,46,0,0,-1,1,38,40,0,0,5.35,0.45,2.46,307.94700000000114
0,1,0,0,3,0,0,-1,-1,-30,62,0,0,-1,1,16,45,0,0,5.35,0.45,2.46,308.27800000000116
0,1,0,0,-1,0,0,-1,-1,-27,67,0,0,-1,1,3,40,0,0,5.35,0.45,2.46,308.6090000000012
0,1,0,0,-11,0,0,-1,-1,-20,67,0,0,-1,1,-10,43,0,0,5.35,0.45,2.46,308.9400000000012
0,1,0,0,-22,0,0,-1,-1,-18,54,0,0,-1,0,-21,40,0,0,5.35,0.45,2.46,309.2710000000012
0,1,0,0,-30,0,0,-1,-1,-15,37,0,0,-1,0,-24,38,0,0,5.34,0.45,2.42,309.5960000000012
0,2,0,0,-34,0,0,-1,0,-16,24,0,0,-1,0,-29,33,0,0,5.34,0.45,2.42,309.9210000000012
0,2,0,0,-34,0,0,-1,0,-17,20,0,0,-1,0,-33,30,0,0,5.34,0.45,2.42,310.2460000000012
0,2,0,-4,-28,0,0,-1,0,-16,13,0,0,-2,0,-40,27,0,0,5.34,0.45,2.42,310.57100000000116
0,2,0,-4,-17,0,0,-1,-1,-18,10,0,0,-2,0,-39,20,0,0,5.34,0.45,2.42,310.89600000000115
0,2,0,-1,-6,0,0,-1,-1,-22,7,0,0,-2,0,-33,3,0,0,5.34,0.45,2.42,311.22100000000114
0,2,0,0,-3,0,0,-1,-1,-24,7,0,0,-2,0,-31,-3,0,0,5.34,0.45,2.42,311.54600000000113
0,2,0,2,3,0,0,-2,-1,-29,8,0,0,-2,0,-26,-26,0,0,5.34,0.45,2.42,311.8710000000011
0,2,0,4,4,0,1,-2,-1,-32,13,0,0,-2,0,-27,-48,0,0,5.34,0.45,2.42,312.1960000000011
0,2,0,3,0,0,1,-2,-1,-31,19,0,0,-2,0,-32,-66,0,0,5.34,0.45,2.42,312.5210000000011
0,2,0,3,-3,0,1,-2,-1,-31,23,0,0,-2,0,-35,-73,0,0,5.34,0.45,2.42,312.8460000000011
0,2,0,2,-6,0,1,-2,-1,-27,29,0,0,-2,0,-43,-80,0,0,5.34,0.45,2.42,313.1710000000011
0,2,0,1,-8,0,1,-2,-1,-18,35,0,0,-2,0,-47,-79,0,0,5.34,0.45,2.42,313.49600000000106
0,2,0,1,-8,0,1,-2,-1,-15,37,0,0,-2,0,-48,-75,0,0,5.34,0.45,2.42,313.82100000000105
0,2,0,1,-8,0,1,-2,-1,-9,37,0,0,-2,0,-47,-63,0,0,5.34,0.45,2.42,314.14600000000104
0,2,0,1,-9,0,0,-2,-1,-5,32,0,0,-2,0,-45,-48,0,0,5.34,0.45,2.42,314.471000000001
0,2,0,0,-9,0,0,-2,-1,-5,25,0,0,-2,0,-40,-31,0,0,5.34,0.45,2.42,314.796000000001
0,2,0,0,-8,0,0,-2,0,-7,18,0,0,-2,0,-31,-15,0,0,5.34,0.45,2.42,315.121000000001
0,2,0,0,-7,0,1,-2,0,-9,15,0,0,-2,0,-27,-11,0,0,5.34,0.45,2.42,315.446000000001
0,2,0,0,-4,0,1,-2,0,-12,10,0,0,-2,0,-19,-3,0,0,5.34,0.45,2.42,315.771000000001
0,2,0,1,0,0,1,-2,0,-13,8,0,0,-2,0,-16,-1,0,0,5.34,0.45,2.42,316.09600000000097
0,2,0,2,2,0,1,-2,0,-13,8,0,0,-2,0,-13,-4,0,0,5.34,0.44,2.4,316.41900000000095
0,2,0,2,4,0,1,-2,0,-13,9,0,0,-2,0,-12,-5,0,0,5.34,0.44,2.4,316.7420000000009
0,2,0,2,7,0,1,-2,0,-14,10,0,0,-2,0,-13,-7,0,0,5.34,0.44,2.4,317.0650000000009
0,2,0,2,10,0,1,-2,0,-14,10,0,0,-2,0,-15,-4,0,0,5.34,0.44,2.4,317.3880000000009
0,2,0,1,13,0,1,-2,0,-13,9,0,0,-2,0,-16,0,0,0,5.34,0.44,2.4,317.71100000000087
0,2,0,1,14,0,0,-2,0,-13,8,0,0,-2,0,-16,2,0,0,5.34,0.44,2.4,318.03400000000084
0,3,0,-3,16,0,0,-2,-1,-12,3,0,0,-2,0,-15,7,0,0,5.34,0.44,2.4,318.3570000000008
0,3,0,-5,14,0,1,-2,-1,-5,-1,0,0,-2,0,-14,16,0,0,5.34,0.44,2.4,318.6800000000008
0,3,0,-4,10,0,1,-2,-1,-7,-6,0,0,-3,0,-14,28,0,0,5.34,0.44,2.4,319.0030000000008
0,3,0,-4,9,0,1,-2,-1,-7,-7,0,0,-3,0,-13,31,0,0,5.34,0.44,2.4,319.32600000000076
0,2,0,-3,5,0,1,-2,-1,-8,-6,0,0,-3,0,-9,38,0,0,5.34,0.44,2.4,319.64900000000074
0,2,0,-7,-3,0,1,-2,-1,-8,-3,0,-1,-2,0,3,39,0,0,5.34,0.44,2.4,319.9720000000007
0,2,0,-7,-12,0,1,-2,0,-9,0,0,-1,-2,0,13,29,0,0,5.34,0.44,2.4,320.2950000000007
0,2,0,-8,-18,0,1,-2,0,-12,8,0,0,-2,0,22,15,0,0,5.34,0.44,2.4,320.6180000000007
0,2,0,-8,-21,0,1,-2,0,-14,17,0,0,-2,0,31,3,0,0,5.34,0.44,2.4,320.94100000000066
0,2,0,-8,-21,0,0,-2,0,-15,22,0,0,-2,0,34,0,0,0,5.34,0.44,2.4,321.26400000000064
0,2,0,-8,-19,0,0,-2,0,-15,27,0,0,-2,0,38,-7,0,0,5.34,0.44,2.4,321.5870000000006
0,2,0,-8,-17,0,0,-2,0,-16,31,0,0,-2,0,39,-7,0,0,5.34,0.44,2.4,321.9100000000006
0,2,0,-8,-14,0,0,-2,0,-12,31,0,0,-2,0,39,-5,0,0,5.34,0.44,2.4,322.2330000000006
