-1.1764541,-0.6210232,-1.3657608
2.0758317,0.28660727,-1.0462608
-0.24123655,-0.8482764,-2.6951542
-0.23694414,-1.7620432,-3.191712
0.23283115,-2.09467,-3.9867854
-0.48533195,-2.0562954,-5.0417223
-0.5264639,-1.4961903,-2.3015027
-0.47322506,-0.93548393,-2.4085116
-0.007438407,0.1363535,2.2529469
-0.11932328,0.82226944,4.9309893
0.3529727,2.1967034,4.155671
-0.054109264,2.1681027,7.398986
0.008902416,2.4866796,7.9679756
0.4897931,2.5640466,7.8287106
0.42367572,2.1811466,4.757619
0.54695493,1.222147,3.3217154
-0.0767688,0.34715366,1.0512562
-0.118318856,-0.5680461,1.2317677
0.17061648,-1.0185266,-1.4705372
-0.16966987,-2.066024,-3.3375473
0.660884,-2.0507116,-4.579251
-0.008934945,-2.14713,-3.6488028
-1.1196892,-2.6730924,-5.697728
0.16040164,-0.10536432,-4.198374
-0.3332111,-1.9562624,-5.209778
-0.16561851,-1.9886355,-4.8295245
0.4573363,-2.461583,-2.7562828
-0.17925873,-2.7322524,-3.6393676
0.26394874,-2.242429,-3.4635277
-1.0540675,-1.8183627,-3.9326367
-0.09149349,-1.3913531,-0.69687366
-0.04208094,-0.07512236,-1.7355385
0.57531524,0.71971464,3.5611544
-0.08605682,1.7188373,1.9188261
0.24153319,1.597537,5.570861
0.7924554,3.0529718,2.6203823
0.22890167,3.0972729,7.342948
0.98655635,3.9209638,8.413211
-0.24594478,2.8815174,9.689041
0.9289943,2.3035417,6.1785727
0.38573658,1.3917723,3.1761541
0.46683916,0.032769203,3.021223
-0.34748894,-0.9110484,0.58669186
0.1486375,-1.5071981,-0.4034586
0.8827691,-1.8439488,-3.9694166
0.08613491,-2.4627507,-4.083442
-0.21064824,-2.64776,-5.5501018
-0.27070546,-1.9308565,-5.3054748
-1.326533,-0.8691411,-6.0273113
-0.8799103,-0.7621026,-6.0513206
0.42595115,-1.9022331,-5.570462
0.43452525,-2.3749797,-3.5165057
0.24538174,-3.5407972,-5.2767854
-0.2483916,-2.6981037,-4.5372877
0.18188402,-1.9080579,-2.7972927
-0.37616855,-0.8594723,-1.1385846
-0.81910723,-0.047454834,0.87636375
0.12903263,0.7550149,4.049469
-0.3020899,1.3556476,2.5305681
0.75851196,1.7046394,6.2485495
-0.28262678,2.0603323,6.287964
0.6583457,2.6093526,7.4768906
-0.12228173,3.074255,9.771816
-0.046475846,2.4113832,6.798258
-0.105228744,1.6444135,3.4593563
0.7728177,0.8823128,2.2044382
0.43670753,0.4473691,0.8439369
-0.038539175,-0.6592369,-0.6415415
1.2844946,-0.9278369,-2.176437
0.23272616,-1.907397,-3.600894
0.5883095,-2.199752,-5.0315742
-0.44336808,-2.0743861,-5.1215105
-1.309847,-1.3633058,-5.0300207
-1.4599138,-1.0213499,-4.8834743
-1.2100577,-1.6574607,-3.007959
0.26333496,-1.6247237,-2.9278798
-0.5658555,-1.6218162,-3.2245984
0.52230424,-2.1242616,-2.2512884
0.43596557,-2.3383152,-5.080239
1.6661825,-2.0877469,-5.0281773
-1.8210378,-1.2585382,-0.63124037
1.114795,-1.0993657,-1.9565544
0.35171586,-0.41807652,1.2034922
-1.8476679,0.15945005,2.2571592
1.0418575,0.9614701,4.379141
-0.9089063,1.4863825,4.210495
0.30211928,2.1496363,7.812957
-0.4632904,2.6631603,8.489303
1.7792238,2.368977,10.976235
-0.3392383,2.4294014,7.771306
0.7494131,2.2485876,5.933914
0.5239732,1.4395142,2.784152
0.030479312,0.40660954,1.3688116
0.28397396,-1.0823531,0.74688435
0.17441835,-1.9807732,-1.1224499
0.5438633,-2.1821632,-2.8137422
0.5384995,-2.8730817,-4.6495657
0.15923318,-2.9679673,-5.650652
0.015261941,-2.6065266,-5.134885
-0.46209306,-1.8182797,-4.6254816
-0.23744376,-1.708189,-6.36996
-0.6239799,-2.040279,-4.297825
-0.40859184,-1.8714867,-2.7494307
-0.1787566,-2.0914779,-3.6792452
1.0298489,-2.948359,-2.260848
0.57595706,-3.4120533,-4.2408733
0.62174916,-3.2387335,-4.450304
-0.23001814,-2.8589885,-1.2623253
0.6223787,-1.680546,-1.157567
0.3473866,-0.5221925,0.9038601
0.035810173,0.60809326,2.3806047
-0.133084,1.1204605,4.2869606
0.92393225,2.0636806,2.8577814
-0.6801739,1.8368316,5.961687
-1.4013906,1.8550689,9.994738
0.5311382,2.7313774,8.10858
-0.3269625,1.7881134,10.494426
0.33872622,1.7329242,5.2328253
0.15083614,0.72612524,4.054472
0.00192374,-0.13276744,2.0013113
-0.15036625,-1.0207458,0.44142723
0.44316158,-1.7485704,-2.892078
-0.77184296,-2.4567199,-3.2560997
0.9130268,-2.3763168,-3.1363373
-0.6058913,-2.3514967,-4.4246225
0.35583568,-1.8332603,-5.1843615
-0.35341582,-1.3962922,-5.4068923
-4.74E-04,-0.97563696,-5.2223387
0.71781844,-1.4046178,-3.8021526
1.0470064,-1.7313809,-3.4273453
0.4284213,-3.1128685,-3.1477127
0.91351974,-2.9178507,-2.9220304
-0.16324645,-2.4339607,-4.1898193
-0.058700264,-2.1173055,-1.6710558
1.0283864,-1.257772,-2.5727367
-0.6670743,-0.5560508,0.70255995
-0.15796909,0.6466079,0.78669643
-0.9247952,1.2959018,4.142556
-0.24958384,1.9036098,3.7502499
-0.71355766,2.3249345,7.780835
-0.8030452,3.2344532,7.531061
-0.036328614,3.1626763,11.041689
-0.6665145,2.6149263,7.7316513
0.45557302,1.6370459,5.0566034
0.3268244,1.0697122,2.3504238
-0.517374,0.15187311,1.6813984
-0.19269001,-0.6117172,0.84227276
-0.38344717,-1.4787807,-2.4342732
-0.5254853,-2.520124,-2.3076081
0.09955625,-2.9739158,-6.4741874
-0.3738183,-3.1804554,-5.552911
0.3400634,-2.22208,-4.252441
-1.6168514,-1.5586734,-4.2893825
0.25889748,-1.1403513,-4.690888
-0.18253824,-1.89044,-2.8945403
1.1002548,-1.9315372,-2.0736585
0.007603854,-2.9688375,-4.5257015
-0.001447588,-2.8653307,-1.7817817
0.3340561,-1.9644537,-4.3230915
-0.69349134,-1.3765211,1.3514743
0.8841865,-0.30672312,-1.7302575
0.31746203,-0.05372715,2.28477
0.6628934,0.35032034,1.1462526
0.34737742,0.5327463,3.176343
-0.10882956,1.0581436,2.3176966
0.4368831,1.2292056,4.4201784
-0.28129232,1.9060125,5.7892313
-0.43002737,2.0735269,8.443113
-0.3328539,1.9621859,9.300604
-0.12928191,1.5467348,6.317274
-0.019984841,1.0144634,3.4735365
-0.04357776,0.4458089,2.525998
-0.45457476,-0.40139818,1.2730379
0.22811602,-1.2125795,-0.35586548
0.5296084,-1.9303472,-2.4346232
-0.14257315,-2.660265,-3.7717457
1.0195335,-2.6438665,-4.045792
0.0547526,-2.4837396,-5.413828
-0.15060537,-2.3454013,-4.4510593
-0.032775015,-1.5408916,-5.2187195
0.08916959,-1.6662784,-3.9023905
0.5910527,-2.1861768,-2.7321668
0.7000265,-2.0325456,-3.869241
0.5581233,-2.8493009,-3.055019
0.65500116,-3.1824355,-2.4259815
0.7240458,-2.7194753,-5.2451177
-0.27495182,-2.4654715,-1.8175416
-0.08905375,-1.1486397,-0.005069256
-0.5478356,0.07069445,1.3097057
-0.9954678,1.084455,2.2520847
-1.1569519,1.4188828,5.7749825
-0.25152904,2.1080651,2.8675776
-0.7691309,1.9511719,6.4221354
-0.44098878,3.1023326,8.401464
-0.9292664,2.3091593,10.110193
-0.4782741,1.4712248,6.35044
0.71271306,1.4438949,2.9670706
0.10606204,0.59523773,2.8462725
-0.03774956,-0.07649231,1.5194454
-0.31744206,-0.9610307,0.10190296
0.113919795,-1.866785,-2.098853
0.029055834,-2.4881513,-3.697753
-0.28744727,-2.807523,-4.541704
0.06675601,-2.8878407,-3.269906
-0.92319345,-2.4938407,-4.799761
-0.6070856,-1.5808091,-5.654525
-0.058694407,-1.5601025,-3.4054825
0.012182266,-1.8487234,-2.7000737
0.46757776,-2.3172135,-4.102092
0.6842414,-3.6413472,-3.5900905
-0.33181918,-3.9440236,-3.1767282
1.0790746,-2.9778085,-4.2899323
-0.3797443,-2.3955176,-2.4490123
0.42560977,-1.0434666,0.092695236
-0.8078807,0.363101,1.6341596
0.87104386,1.824678,3.644946
-1.4891093,1.5969677,6.7027664
-0.4016484,3.0912719,3.7254047
-0.80907834,3.1761565,8.228464
-1.8283751,3.2977962,7.7970095
0.29525238,2.3274322,9.936886
-0.35603756,1.9341879,3.9714117
0.4046426,1.1879702,1.988986
0.2228448,0.20538616,2.4575443
-1.2850144,-1.0424805,0.6241884
0.13073622,-1.3847799,-1.4956708
-1.3151561,-2.2539277,-2.2590127
0.7408092,-2.9202332,-1.5964761
0.09567273,-3.3635683,-4.8147764
0.8397135,-2.924364,-5.8348846
0.02096285,-2.4900882,-4.8212085
9.81E-04,-1.8691745,-4.566656
0.81465477,-1.5084629,-4.910555
0.7342025,-1.3749409,-2.862648
1.0752678,-1.7268114,-2.4629006
1.1272445,-2.7115374,-3.7737172
-0.2517155,-3.4567273,-2.198945
0.08897996,-2.998351,-3.1195025
-0.9107944,-2.7239044,-1.6342244
1.0285704,-1.3694062,-1.3138399
-0.1104947,-0.5359912,0.41236782
0.5025135,1.5731688,1.9483533
-1.7935653,1.9819708,4.6794186
-1.2800035,3.747643,6.2659636
0.80505866,3.7623143,8.72182
-0.19897738,4.2529187,8.089935
-0.4720968,3.4358306,9.875584
-0.023383424,3.073194,5.218155
0.64883584,1.9431486,2.7212477
0.38991326,0.6258216,1.0942984
-0.29734164,-0.23113346,-0.07092476
-0.3576563,-0.9684019,0.76276875
-0.29660153,-1.6351244,-1.0929675
0.031906426,-2.063238,-3.512052
-0.043786302,-2.828943,-3.3055487
-0.2206446,-2.8261337,-3.6049175
-0.41049463,-2.4469185,-4.585907
-0.6410846,-2.1537213,-3.6526694
0.021602169,-1.7097278,-5.5388517
0.34198782,-1.7279649,-3.6439734
0.5209653,-2.2930706,-3.7936578
-0.001509905,-3.1132452,-3.7715416
0.6735488,-2.691492,-4.1209774
-0.4119216,-2.590361,-4.42583
-0.26550657,-1.5782628,-2.2947927
-0.001929835,-0.45833683,-0.10054588
0.6297583,0.1654644,1.4467268
-0.06079316,0.5898614,2.0359144
-0.2568661,0.677186,2.5699883
0.5335758,1.6223307,2.4510021
-1.3056422,2.4010847,9.49836
1.7742512,4.310837,9.572361
-0.037159562,3.2015584,11.688879
0.47347814,2.1498327,4.350236
0.55746317,1.1221328,2.5631876
-0.22835809,0.38850594,1.5789642
-0.15622853,-0.4008398,0.9415922
-0.5168359,-1.0025859,-0.4755411
-0.5239722,-1.3046794,-2.155178
0.3158958,-1.7773933,-1.6299167
-0.48838952,-1.9772527,-3.9009047
-0.6072546,-2.5281096,-2.4071655
-0.21703741,-2.7143528,-4.1362023
-0.37050906,-2.3413868,-5.7927375
-0.08328083,-2.244991,-5.1887274
0.024627522,-2.4580836,-4.4570827
0.3031091,-2.9333968,-3.580925
0.036019042,-2.7402654,-4.292818
-0.020333618,-2.2835312,-4.6292477
-0.394858,-2.083064,-1.1864109
0.10995094,-1.1748881,-2.2111163
0.7089483,-0.13373852,-1.1341643
-0.07065338,0.33527517,0.95534134
0.9836494,1.0091147,2.030285
-0.5518533,1.3748369,4.070574
1.2090824,2.1239843,5.578967
0.0498652,2.6461344,4.7605896
-0.6116983,2.691954,11.172401
0.19027957,3.0109308,8.518396
-0.72294897,2.0301428,6.956399
1.2131879,1.5069802,1.7178583
-0.6882565,0.3121965,1.691412
0.18168244,-0.22551012,1.1392908
-0.85507584,-0.75401545,-0.53118706
-0.17218645,-0.9617996,-0.9519968
0.2959769,-1.7170594,-2.8378572
0.042681366,-2.0950434,-4.3898716
0.3043303,-1.8265796,-4.066568
-0.12140104,-1.6212289,-4.3642592
0.14195167,-1.0841389,-5.961197
-0.51263535,-1.4088259,-5.282978
0.7569767,-1.8956287,-5.789797
-0.092817545,-2.7621264,-3.9532008
0.28668162,-2.4305263,-6.218647
-0.56717247,-2.399495,-4.3976765
0.48722917,-1.2388725,-1.0477829
-0.32406276,-0.85533524,-1.7549276
0.8847964,-0.039323807,0.012675285
-1.1124293,0.31560802,2.2683744
1.7782308,1.5032768,5.207471
-0.16286673,1.7301912,4.753644
0.14887059,2.4663308,6.47851
0.49606544,3.0014524,6.644329
-0.7538041,2.1471722,10.713584
-0.06252149,2.0223596,6.747738
0.92069983,1.563534,3.0855408
-0.16566196,0.72595525,1.9678593
0.52223635,0.14694834,0.8637142
-0.25120932,-0.50505686,-0.103512764
0.14153028,-1.0603054,-1.0251932
-0.20024768,-1.2267005,-1.2924819
0.93847036,-1.8397193,-2.1263332
-0.28980622,-1.919961,-4.0265455
-0.06420269,-1.9510868,-5.5304785
0.49734795,-1.3112061,-4.7537236
-0.15940659,-1.3184013,-5.9667606
1.1485156,-1.5784736,-5.495369
0.59372544,-1.7319076,-4.7825003
1.4306527,-2.397793,-3.370566
0.88936347,-2.861036,-4.69289
0.23719347,-2.2466636,-1.631702
0.8028652,-1.3037114,-5.6546793
-0.599824,-0.8625274,-0.73132515
0.34313983,0.3984809,-0.33861923
-1.0026253,1.0762749,2.8732338
-1.5794647,1.8330703,3.190774
-0.4243176,2.0648866,3.0863
-1.3524282,2.502533,6.509283
-0.34342325,4.2409205,6.0128098
-0.9716209,3.792464,11.294981
-0.77066594,2.6258574,7.4404163
0.4156799,1.7347355,3.225339
-0.80031925,0.9099531,2.1258364
-0.93627274,0.47650003,1.3375854
0.16428806,0.004243374,0.4132843
-0.23184726,-0.42131758,-0.98639154
0.4804691,-1.048351,-1.7442918
0.09155213,-1.647994,-1.9343176
0.10531236,-2.3292308,-3.5818195
0.95011044,-2.274073,-3.7167234
0.30631155,-1.8565056,-4.2798433
-0.11260249,-1.3621635,-4.246105
0.16717608,-1.774775,-5.1653337
-0.007614389,-2.0794635,-4.7390122
0.46521354,-2.5890384,-3.4776294
0.5054328,-3.252608,-3.9052498
-0.09153153,-3.015594,-2.4025311
-0.63078177,-2.0422616,-4.756613
-0.8873457,-1.3882432,-0.5362134
0.21970843,-0.8855281,0.5961313
0.36340585,0.3399129,-2.849049
-0.46834826,-0.09263277,3.4538736
0.2453297,1.6755657,3.3466015
-0.3434794,1.5959978,6.5148373
0.80037755,3.331377,6.424366
-0.35560504,2.2528663,9.033506
-0.4847294,3.095498,9.390167
-1.0474284,1.6895409,6.8534126
1.5795324,1.9075441,2.7483683
-0.30310833,0.601079,1.9621458
0.42729327,0.22854519,0.7550955
-0.16546641,-0.7351966,-0.73058224
-0.82488346,-1.61517,-1.9531965
0.21126163,-1.8899789,-3.380643
-0.122018576,-2.2209127,-3.5479646
0.14504269,-2.4315007,-2.88021
-0.25460008,-2.5074713,-4.05915
0.21766596,-1.7319465,-4.494051
-0.045975275,-1.8799586,-4.3997335
0.46392664,-2.3652143,-4.6983385
0.24390776,-2.6216311,-3.0855765
-0.060524024,-2.5835836,-2.9826984
-0.21459721,-2.9092977,-3.2440042
0.18138014,-2.2228436,-4.028574
-0.26328647,-2.061213,-2.9716053
0.68583167,-1.072638,-1.6438637
-0.59041274,-0.03434038,0.10104513
-0.6878891,0.23654747,1.1960793
0.05991955,1.2785525,5.9506893
-0.1492618,2.6009464,2.206543
-0.5369114,3.5743704,8.151206
-1.1754512,4.6555977,8.928948
1.0988505,4.1238527,10.635814
-0.30766487,2.9189568,7.420822
-0.08911033,1.3458285,1.1540918
-0.05474764,0.32080317,1.8114071
-0.64943147,0.13019323,0.50227356
-0.01716727,-0.393085,0.29321003
-0.16326721,-1.1241274,-0.8265872
-0.95276237,-1.8804109,-2.190537
0.29553077,-1.992698,-1.9865093
-0.21922758,-2.3208985,-2.4428349
-0.12808074,-2.5005283,-3.0243173
0.3032799,-2.0757642,-4.6570587
-0.100870915,-1.7813387,-3.585513
0.04861632,-1.3484697,-4.7059946
0.28467512,-1.865622,-4.046919
0.7742107,-2.5649958,-3.0903306
0.45591396,-3.3206322,-3.3112826
0.16670956,-3.0327241,-4.1292543
-0.20230982,-2.3172834,-3.6799998
-0.25446543,-1.940604,-0.4361596
0.12084705,-0.91270924,-0.63547087
-0.25806642,0.012827396,-1.6685519
-0.51529974,0.2206049,3.8225565
-0.22883707,1.2777615,2.1942787
0.15328541,1.0687194,7.1422853
0.5202298,3.2681508,7.572755
0.001274377,2.7931461,11.272125
-0.38364184,2.9190412,8.668153
1.0496778,2.2000637,5.523035
-0.07808645,1.0401235,4.311348
0.15413383,0.75523806,1.4244442
-0.21757689,0.27318525,1.0111208
-6.93E-04,-0.63742137,0.61616707
-0.21269895,-1.7965081,-2.916749
-0.24060827,-2.4411168,-1.4289684
-0.4655561,-3.2313116,-4.3891506
0.43339756,-3.4146686,-4.8585835
-0.37014988,-3.0005698,-6.505422
-0.59269875,-2.7984693,-6.176125
-0.1281302,-2.4685183,-5.9565115
0.56272054,-2.5823858,-5.021262
0.8014137,-2.7314703,-3.668347
0.18555093,-3.319959,-4.016261
0.25841358,-3.200915,-3.0415683
0.87490135,-2.7819386,-4.0396934
-0.20886514,-1.7310777,-1.6929975
0.24800643,-1.0063956,-1.9940162
0.34069955,0.7041993,2.437234
-0.54727054,1.2904501,-0.3027897
1.3276244,2.9208884,5.9903364
-0.21942526,3.1085851,7.1432505
-1.0260426,3.1941164,8.817343
0.01419872,3.1020725,8.182317
-0.5065589,2.004847,8.625251
0.89396477,1.8617742,6.631136
-0.38917375,0.621917,5.957326
0.61006814,0.5653651,0.56086636
0.032433897,0.113788605,1.4421959
-0.7594271,-0.1226542,0.120004654
1.0027227,-0.9506273,0.6285658
-0.23266783,-1.9960725,-3.539289
0.7339733,-2.382573,-3.542335
0.5327518,-2.4169378,-5.147191
0.3962283,-1.4674191,-7.120634
-1.1340222,-1.0856214,-4.7493334
-0.9813988,-1.4449344,-5.9597325
-0.21065754,-1.680907,-4.2730303
-0.7506412,-1.4727588,-3.2911005
0.30924958,-2.5516665,-5.640193
-0.13206455,-3.2835565,-3.537714
-0.13453513,-2.570293,-4.1448455
-0.5271073,-2.0282907,-0.922873
0.30634037,-1.4086723,-1.9200883
0.21495706,-0.047231197,-1.227037
-0.28843254,0.86227846,1.9435434
1.0987867,2.058001,5.4016027
0.49099013,1.7209196,4.177726
-0.33865297,2.5285852,4.511935
0.46711344,2.8579972,4.5937233
-0.72757655,3.756669,10.359383
0.633974,3.036133,8.10305
0.27475607,2.6412976,3.4918976
0.14971742,1.3056324,3.532381
0.49820146,0.81266737,1.9453049
-1.023139,-0.002946854,0.03459072
-0.6783538,-0.7028439,0.73833656
0.8425922,-1.5364594,-1.0129714
-0.69726884,-2.312362,-3.016768
0.8910253,-2.4344587,-3.982592
-0.37510085,-2.5816066,-5.0028276
-0.11047113,-2.083852,-4.450519
0.5640048,-1.8926506,-6.2929378
0.14287403,-1.5757518,-5.8630037
0.8876475,-1.8730721,-4.8866124
0.43433172,-2.1792738,-4.7812214
0.18062088,-3.2570462,-4.296483
0.4103896,-2.960204,-4.3026457
-0.13391054,-2.3602514,-5.5564413
-0.10907473,-1.5481591,-1.045783
0.14261626,0.6016183,-0.50367355
0.09755598,0.27197886,1.6245956
0.324895,2.0099936,4.184703
-0.44828966,2.064649,2.4268656
0.9660315,2.773531,4.370331
-1.6533579,3.4775152,6.90967
0.58473986,4.0205793,8.356753
-0.8870928,3.8116856,11.804175
-0.5388864,2.9247196,6.800564
0.12906003,1.9939446,2.051961
0.5235196,1.4585843,1.9983511
-0.048016608,0.73194075,0.7982254
-0.13356048,-0.001518726,-1.173923
0.6641277,-0.065246105,-0.025604248
-0.63956845,-1.3294151,-1.0252995
0.28789735,-2.2838576,-2.9017544
0.23593266,-2.8446205,-4.502782
0.6930404,-2.724589,-4.2419643
-0.48353207,-2.3306084,-5.4889307
-0.95582026,-1.9202099,-4.20923
-0.17026488,-1.9507842,-5.0250826
0.053048626,-1.8451152,-2.7966099
-0.14048108,-1.7854786,-3.803744
0.72568405,-2.544352,-3.8617191
0.31193176,-3.0277357,-3.3548298
0.29802752,-2.2281125,-3.7312074
-1.0893724,-0.9295106,-1.016005
0.22035527,0.11784172,-0.24924421
-0.47362572,1.0741782,-0.017178535
1.2421111,1.8435426,4.273918
-0.55207473,1.8757057,2.1994781
1.9962846,2.3929386,4.373908
-0.0771002,2.2104244,2.1168318
-1.6564444,2.5642486,7.566763
-0.96088445,2.7933474,7.832732
-1.6060568,2.0763292,9.51862
0.7214031,2.175569,4.1441526
-1.0136094,1.0429158,2.0301447
-0.13605696,0.5305557,1.9126024
-0.16464752,-0.31531382,0.6390619
-0.40536368,-0.8171942,-0.38165283
0.6263011,-1.474266,-0.73780584
-0.17564209,-1.8933609,-2.2714376
0.022974417,-2.2856498,-2.7130466
0.63936543,-2.4746428,-4.3882318
-0.50998724,-2.3613386,-5.531521
-0.019579038,-2.3567786,-4.7646503
0.35112044,-2.0671206,-6.475679
-0.16368645,-2.6718738,-5.5863147
0.47453487,-3.5495574,-4.727288
0.15440893,-3.4076948,-2.537202
-0.48202592,-2.8189688,-4.930644
-0.4912864,-2.1334844,-1.7892628
1.0421861,-0.6714802,-4.4148254
-0.9136968,-0.8225851,-0.73404646
1.0751741,0.56007004,-0.689024
-0.85390097,0.35025597,4.5497513
0.8764866,3.2932334,4.166643
-1.3324765,4.479913,9.5903225
1.8895172,5.9200616,12.483969
0.13315159,4.178915,8.40841
-0.002492175,2.6298175,5.218687
1.5778935,2.3660483,2.8012075
-0.5437726,1.6236262,3.8924494
0.050908446,1.5414405,2.1420422
0.4504639,0.5172515,1.0188808
-0.1654135,-0.31685972,-0.29926252
-0.6841982,-1.6690321,-2.5431585
0.42481637,-2.4142878,-3.2329822
-1.0049123,-3.0086002,-3.1675038
-0.1449485,-3.0138342,-3.6822782
-0.033397023,-3.0479343,-4.6274796
-0.37903142,-2.5952754,-5.1712046
-0.007682778,-2.2357707,-6.0786505
0.28874022,-2.2569628,-2.3046546
0.36177504,-2.9210052,-3.8738132
1.0369722,-2.8545046,-3.857329
-0.29871455,-2.5132751,-3.104875
1.2079153,-1.6545811,-2.7474084
-0.9573908,-1.0651331,-2.4632874
0.87198675,-0.137671,-0.14447165
-0.562302,0.17553043,0.8788099
-0.6186825,0.4754567,-0.21817541
-0.11306722,0.9764185,2.5630136
-0.42170945,1.6447015,2.9151583
0.8877899,2.4136095,6.0765886
-0.6933391,2.7866335,7.0067225
0.6038528,2.6144962,10.736502
0.123084486,2.9070497,8.695243
0.6164708,2.3715153,5.969907
0.6035837,1.9546432,2.6299572
0.21310967,1.2485447,2.6439285
0.07981175,0.2194829,1.7386856
-0.2057479,-0.50223064,-0.23066998
-0.4886455,-1.9332104,-2.4860768
-0.15054092,-2.7721665,-3.9327435
-0.6791934,-3.4411964,-4.6705694
0.27896753,-3.3680875,-3.9347122
-0.06770751,-3.3718798,-4.731065
-0.4531178,-2.6961536,-5.144271
-0.098853976,-2.203652,-4.781972
0.040737852,-2.2529316,-4.682788
0.43136647,-2.4633322,-3.9871662
0.49025476,-3.4596965,-3.7134557
-0.2592963,-3.3876884,-4.096937
0.004614689,-2.8158162,-4.254792
-0.5943347,-1.5263066,-1.6457763
0.5316898,-0.38461542,0.81123924
0.547804,1.1373591,1.4331017
-0.97840583,1.4300132,4.2964277
1.2826705,2.7963853,3.285142
-1.1862262,3.3754625,7.4620104
0.8547844,4.2755847,7.899272
-1.8424352,3.6948361,7.3452415
0.97918135,3.4045043,8.284592
-0.9399552,2.5075974,2.9378004
1.1006036,1.8634677,3.144268
-0.7360411,1.0481882,2.4490376
0.2586402,0.33974552,1.0135412
1.3908254,-0.5915551,0.9341335
-0.58336365,-1.8871689,-1.8875613
0.5827621,-2.326889,-2.0359879
-0.25308183,-2.99927,-2.7202258
-0.11673326,-3.3337295,-4.419299
-0.116889104,-3.0261915,-4.3584023
-0.5710713,-2.343021,-4.65105
-0.4442978,-1.7998061,-4.8537474
0.28395292,-1.8510289,-5.094111
0.05553499,-2.8007426,-3.9149306
-0.07121537,-3.365327,-3.3491821
0.21120362,-2.8791683,-4.8209915
-0.7156212,-2.2093976,-3.7478724
-0.5297885,-1.603334,-1.447361
1.2551123,-0.25289726,-2.1820774
-1.250635,-0.20596313,2.159706
0.41910264,1.7308393,2.0911684
-1.0710328,1.3559918,2.4327002
0.6714961,2.3857713,3.4002676
-1.2001256,2.4673982,7.266083
1.4321874,4.089585,6.841366
-1.5069798,3.5734234,10.943492
0.93366385,3.5913792,7.156458
0.020806015,2.4259462,3.3415012
1.3439846,1.7765932,2.9474068
-0.5222791,0.48008537,1.4150019
-0.55180174,-0.058899403,0.41111088
0.27529907,-0.67924166,-0.19304276
-0.5807276,-1.2098827,-2.5813718
-0.34106505,-1.990638,-2.8718543
0.020023167,-2.4790525,-4.040286
-0.30566394,-2.991229,-4.048992
0.40710324,-2.9260662,-5.6385374
-0.41523308,-2.4782467,-4.251683
0.15013883,-2.045527,-5.2847843
0.3048035,-1.7733922,-2.9596844
-0.60826945,-1.802331,-0.9493861
0.48065534,-1.6684532,-4.3732567
-0.045983575,-2.2627344,-3.365254
3.32E-04,-2.4020066,-0.6545768
-0.8569823,-1.4831972,-1.2709551
-0.48602247,-1.1381822,0.74139786
0.21721473,-0.5134182,-2.4253154
0.7527052,-0.23432636,1.1778231
1.225451,0.7875767,-0.476254
-0.13518241,0.16834497,2.4498348
0.5680189,1.2000866,0.46247005
-0.74674153,1.3839321,5.0265627
0.7213159,2.8041172,3.7798338
-0.885605,2.9692945,7.2491055
-0.46138158,3.6476078,8.629615
-0.33536893,2.7673478,7.6069136
0.040957272,1.9213419,4.2519245
0.8029025,1.1818242,3.0348864
-0.32487726,0.3500452,2.0090637
0.06734747,0.13363457,0.18133354
-0.5140826,-0.36711502,1.5004797
-0.20788345,-1.0214987,-0.08873272
0.6775367,-2.0529816,-3.041872
-0.29969627,-2.835336,-4.1483626
0.121803105,-3.3987086,-4.431968
-0.6928081,-3.0041778,-4.998011
-0.08255565,-2.1805825,-4.5149765
-0.93355596,-1.921711,-5.144209
0.34011614,-2.060535,-6.5283566
-0.26232985,-3.023729,-3.9342132
-0.08512568,-3.203951,-4.7472515
-0.068782106,-2.6002805,-3.83656
-0.017768234,-2.2860842,-3.6506968
-1.3433733,-1.6034055,-2.2755322
0.9653523,-0.47622633,0.045626163
-0.49188948,0.29300642,0.86524105
0.5790882,0.80989647,4.119173
0.91291714,1.6986051,1.8791485
-0.24347156,1.1729689,4.231185
0.035476863,2.1438456,4.3569183
-0.5533561,2.588173,8.304251
0.8795482,3.8747785,7.567066
-0.9964757,2.6871495,10.289156
0.78572977,2.6363266,5.060198
-0.43001288,1.3479333,4.317831
0.55637264,1.1359076,1.7618265
-1.3976353,0.14083958,1.5683794
0.4875487,-0.05282688,1.9357567
0.15281934,-1.029242,-2.5931907
-0.30348396,-2.13196,-3.4467378
-1.2988621,-2.840374,-3.5741491
-0.2980643,-2.4812868,-4.307827
1.4455731,-2.6342123,-5.642461
-0.8983773,-2.81912,-4.9170475
0.41936958,-2.1004286,-6.2527275
0.7062507,-2.1459608,-5.4037557
0.88491523,-2.4566047,-4.7009406
0.07832672,-3.2092438,-4.622713
0.7963221,-2.6525273,-3.928659
-0.20168678,-2.5840049,-4.5637145
0.28592828,-1.9591949,-1.4220829
-0.50976455,-1.2713675,-0.7063856
0.95374954,0.28466845,0.30414438
-0.21122177,1.0836062,4.4627905
0.5172172,2.4157786,3.5855074
-1.2562835,3.0378585,4.7155266
1.389135,4.6673784,6.96474
-2.139004,3.9216924,6.628892
1.510133,4.174602,10.340457
-0.6609641,2.9355915,5.7335806
2.0500712,2.4052067,2.5990124
-0.6798278,1.2956696,2.3152084
-0.6234039,0.83634377,-0.028100967
0.67775124,0.07211304,2.3159132
-0.7488352,-0.45059586,-1.2489047
0.30287412,-0.9914918,-2.486834
-0.3981335,-2.023211,-2.8003974
-0.44627327,-2.6225603,-3.463541
0.25128385,-2.478859,-5.5008698
-0.44834986,-2.3836925,-3.8596835
-0.15846638,-2.0132565,-5.0069914
-0.16290545,-1.8512473,-5.428421
-0.023443997,-2.56604,-5.4669337
0.4732548,-3.0053103,-3.2093058
-0.31402546,-3.0405543,-4.4147797
0.06674978,-2.603109,-5.120445
-0.24575937,-1.759695,-2.9793372
-0.6830335,-1.2992234,-0.7219858
0.49359286,-0.002675533,-1.010869
-0.0972268,0.41889763,0.86209965
0.31168276,1.4467468,4.8269234
0.24408013,1.902524,0.770607
0.77235585,2.2842016,7.109397
0.45610017,3.5643005,3.2751179
1.3293298,3.16777,7.6071253
-0.46119383,3.231492,5.4388247
0.90648323,2.8953729,6.60266
0.26630294,2.3969593,4.6940174
0.2415595,1.5773497,2.0525293
0.36082816,1.0985479,1.2766199
-0.6194685,0.39153767,0.3913374
0.53413343,-0.14190865,0.09254742
-0.20749533,-0.9947767,-0.9561238
-0.7268809,-1.7477355,-2.2619529
-0.36313486,-2.1751747,-3.7379222
-0.18552154,-2.4501276,-3.2569838
0.36351788,-2.2518027,-4.0427628
-0.48522812,-1.9202342,-4.917667
0.34432083,-1.4333353,-3.2120266
-0.21320486,-1.6516185,-3.8741574
0.6247641,-1.2595191,-2.5958662
-0.10525645,-1.6465845,-3.6755
-0.13165618,-2.5531344,-2.336741
-0.13673115,-3.1697958,-3.0821457
-0.32754165,-2.90719,-1.744596
-0.46282998,-1.9147339,-4.0342474
-0.029836357,-1.4190645,0.028498173
0.2906105,-0.86129427,1.032556
-0.24002162,-0.2892022,-1.49296
-0.6733542,0.11760378,4.395897
-0.14706382,0.86871004,2.179762
0.91711366,1.3401961,3.9917555
-0.12159759,1.7345986,3.8078403
1.7784238,1.9530382,4.5009155
0.2839278,2.6635656,5.4732866
-0.82657397,2.0865498,8.486073
1.4153279,2.5293884,5.3006372
-0.108477235,1.6838541,3.8634653
0.9957554,1.3749094,2.528098
0.13436776,0.36233044,2.4751892
0.14759034,-0.41353846,-0.30536556
0.2606297,-0.9578662,0.56326675
-0.2829696,-1.7282305,-1.4052362
-0.34691498,-2.2226374,-3.055901
-0.16350079,-2.454817,-3.335566
-1.2149963,-2.689313,-2.9990983
0.3563707,-2.4865108,-3.9206266
-0.75971293,-2.4170775,-3.8431578
-0.081986725,-1.9054523,-4.1833982
-0.2648393,-2.2547193,-5.1015806
-0.26181144,-2.9283304,-3.6534255
-0.29686427,-3.0855086,-2.8836603
-0.26569304,-3.127975,-3.9716268
-0.664821,-2.6818388,-4.6079984
-0.13824531,-1.6670833,-0.5788131
-0.21004838,-0.68067217,-1.3179064
-0.1001527,-0.024355412,2.6008177
0.5397777,1.1362224,0.051709175
-0.3598411,0.9771981,4.1385126
0.28639388,2.457272,3.8387585
0.3680981,2.802638,6.923609
0.56812346,3.1995082,5.6107397
0.16604999,2.9767046,6.0985775
-0.32354823,2.8420954,6.8871717
0.14447808,2.2509851,4.9363813
0.568372,1.7884207,2.6350832
-0.49190122,1.0663214,2.786806
0.039435238,0.6022258,1.8351889
-0.58475566,-0.52247953,0.28409195
0.5127982,-0.9032459,-0.55023193
-0.14516826,-2.0843172,-2.5234132
0.71229374,-2.6538806,-3.4969769
-0.86609435,-3.0201135,-3.0446954
0.5555798,-2.6485586,-5.127427
-1.0365659,-2.4688265,-4.603677
0.26588097,-1.9062796,-4.802771
-0.53338724,-2.0732002,-4.6340113
0.02751261,-2.4923863,-4.480425
-0.4787832,-3.1365795,-4.0790815
-0.4361858,-3.3112762,-3.548203
0.3293111,-2.592215,-2.1024394
-0.98091805,-1.8107104,-1.4684386
-0.27659607,-0.8678975,-1.0742316
-0.015420795,-0.04914379,-1.2060952
-0.015520871,0.42580414,2.3944168
0.7761915,1.5154538,1.3341475
1.0752212,1.7138567,4.86489
-0.28232238,2.0536113,2.7445574
-0.58091545,2.5148783,4.6172256
0.67431587,3.6987514,6.4002028
-0.44456214,3.277988,6.252183
0.4721107,2.9431648,4.702895
0.33286774,2.1008215,3.402608
-0.012507737,1.2285972,2.391306
0.2379475,0.5364132,1.5785398
-0.41944093,-0.19647789,0.27761936
-0.68619144,-0.78337145,0.48067284
-0.1156719,-1.1308503,-1.2464709
-0.2651022,-1.7762609,-1.0427318
-0.23306844,-1.7929335,-2.1984358
0.18216372,-2.1915789,-2.2532048
-0.15132597,-2.2984693,-2.869019
-0.006489396,-2.2461543,-4.593697
0.22572982,-2.2511225,-4.6804705
0.027859509,-2.6447535,-5.0531816
0.09477615,-3.315104,-6.6868906
-0.11745359,-3.8086073,-3.2137234
-0.22894803,-3.5919058,-5.1600246
-0.2138862,-3.362141,-1.6346836
-0.13533822,-1.7654748,-3.9436886
-1.043665,-1.7923574,-1.351974
0.18091887,-0.17328739,-0.5985613
-0.698347,0.3745613,4.867094
1.8696759,2.0338812,1.619359
-1.1891111,2.322157,5.2703104
1.4718785,4.4382896,5.887499
-0.5739531,4.7055387,10.06798
0.46731883,4.4017773,9.72087
0.41594392,3.0208097,5.158309
0.5826288,2.0918431,1.3440418
-0.26739657,1.3153381,2.6689835
-0.20767269,0.4231515,1.3641644
0.33732647,0.00353384,0.5810976
-0.63692164,-0.8112707,0.29116535
0.18592852,-1.4739361,-2.6350546
-0.24926284,-2.0090177,-2.2417765
-0.40917593,-2.2586868,-3.6795425
-0.17243862,-2.4269512,-3.3904452
-0.3393507,-2.6923714,-3.9585278
0.033251107,-2.3228025,-4.98485
-0.35696703,-2.3351412,-3.6483846
-0.09683344,-2.1849098,-4.196398
-0.03470853,-2.2927442,-3.1302392
0.4420949,-2.6332922,-2.9851813
-0.5320758,-3.3576956,-2.0647244
0.62860453,-2.7423677,-3.3059673
-1.2735629,-2.5119934,-2.0452218
0.71228397,-1.6246643,-0.97617245
-0.8380096,-0.9237976,-1.2526407
0.83588284,-0.009784222,1.391026
-0.36148778,0.96827173,1.1293597
1.4475777,1.4424791,4.779919
-0.3919928,1.3833818,1.8247132
0.5101254,2.2371607,5.261113
-0.11752981,3.51691,5.7360563
0.48108244,3.7047544,9.005484
-0.22145897,3.346542,7.4735193
0.5872707,2.6189294,4.8063793
0.41190296,1.9400058,3.646409
0.102638006,0.9139538,2.2122288
0.11640751,0.04283619,1.2706804
-0.11635971,-0.41308594,0.54105854
0.004417539,-1.3229737,-0.9215436
0.4814558,-2.0801382,-0.5303674
-0.18565783,-2.5378184,-3.7884455
-0.7079095,-2.7657423,-3.193325
0.29196113,-2.6849442,-4.073571
-0.58577245,-2.5985253,-5.3679485
-0.1848439,-2.4257784,-3.9140055
-0.31878713,-2.419293,-6.07837
-0.15470994,-2.9434144,-4.115227
-0.32409325,-3.1908848,-4.0645266
-0.6081137,-3.261851,-4.348953
-0.1533033,-2.8585436,-3.9856699
-1.5027919,-2.2364275,-3.7065103
0.7406839,-1.2092566,-1.003509
-0.6095156,-0.45365524,2.3593154
1.0588683,0.9217081,-2.4997673
-0.5353862,1.0536323,3.6239357
0.1817556,1.5318813,1.1244068
1.3654134,2.51062,7.639101
0.39501756,4.0891027,8.376361
0.26825422,3.8696434,11.537621
1.3360499,3.7038832,7.792182
-0.45370215,2.0853937,4.2097635
1.1443528,1.4345577,3.3849354
-0.4624326,0.4811268,2.671258
0.086503685,-0.049831867,1.2727404
-0.44708687,-0.30626535,0.18737125
-0.3016752,-0.6719222,-0.99994946
0.40553343,-1.2990465,-1.4701829
0.07143396,-1.9060533,-2.6931028
-0.3664847,-2.2246094,-2.3588362
-0.1965377,-2.6690364,-3.8265302
0.1283386,-2.7988245,-4.772146
0.1314556,-2.60848,-4.097513
0.033000052,-2.5207877,-5.5025377
-0.22883849,-2.2917666,-4.6071978
-0.19973229,-2.38454,-4.6113596
-0.50118446,-2.967251,-2.672542
-0.24131532,-2.8828914,-3.9173918
0.358387,-2.6265464,-3.4932988
-1.2248037,-2.064497,-2.294877
0.4857445,-1.2620468,-2.8173056
-0.5777453,-0.74402237,0.38400888
-0.04503347,1.1428213,-0.38172197
0.90079236,1.5036016,2.8090434
-1.274939,1.5283875,2.6264281
0.78247446,2.2637205,4.010579
0.77922994,3.1449265,5.521574
0.5771714,3.4729748,4.1196995
-1.1820464,3.3379178,8.099422
-0.2785499,3.0921035,7.5937424
0.16276085,2.6490831,3.0328474
0.00463149,1.8415022,3.4618683
0.36610344,1.3377433,2.7573137
-0.31059307,0.5448017,0.3001547
0.81798357,-0.3864932,2.1394053
-0.13127998,-1.1865139,-1.2868237
-0.3856126,-2.0064383,-2.8976984
-0.51656616,-2.8796346,-2.9796476
-0.3215339,-3.3921094,-5.472356
-0.577857,-3.241545,-4.487879
-0.006333351,-2.9004087,-4.397513
-0.59754276,-2.6453052,-5.292371
-0.017787725,-2.3608265,-4.8490415
-0.5441909,-2.4057646,-2.8375878
-0.21231492,-2.4651947,-4.0577497
-0.24781474,-2.6917295,-2.5588222
-0.3539563,-2.7672105,-1.459774
-0.3601485,-2.05657,-3.1594992
0.64759356,-1.1525536,0.32473183
0.019014597,-0.985868,-0.14981556
0.5451403,0.5724907,0.23701811
-0.36879697,0.6464677,1.6366682
0.56777465,1.6571226,2.0357752
-0.9069229,1.2280469,2.8221436
0.8784928,2.021912,2.8688707
-0.030006051,2.2395506,4.349451
0.37567192,3.11973,6.651387
-0.030501544,3.0952177,8.151186
0.7658952,2.752482,5.8152037
-0.48361257,1.7986879,3.350645
1.0950183,1.5771017,2.3280373
0.023909092,0.8539891,2.785821
0.05872971,0.014529228,-0.62049675
0.29488665,-0.43787384,-0.77849054
-0.39667138,-1.4881289,-1.5217304
-0.15938532,-2.1712434,-3.5592217
-0.09324038,-2.2103987,-2.358356
-0.1576019,-2.747398,-3.6328883
-0.4458826,-2.528099,-3.7191179
-0.69744456,-2.4539309,-4.3075113
-0.5905781,-2.1388865,-3.940624
-0.33390194,-2.1463199,-3.8390367
-0.2826604,-2.4014964,-3.6680744
0.49074727,-2.6987753,-2.2766457
-0.118454725,-2.9149756,-3.1735086
-0.8179202,-2.7569947,-1.6050177
0.39786324,-1.9732385,-1.4879484
-0.85793674,-0.66418886,-4.4458456
0.93715894,0.14878368,2.1024399
-0.7582331,0.3137679,-0.8875475
1.0049286,0.90989065,2.2061486
0.92716026,0.9601269,1.7388558
-2.2064555,0.76486397,3.0542421
1.2445022,2.125867,4.9351063
-0.54112715,2.3470263,5.3164454
0.22888118,2.9657178,4.790571
-0.06522542,3.1445441,7.7112684
0.6703706,2.6923413,5.739541
-0.21773139,2.0182652,4.553996
-0.048340976,1.5913968,3.2408514
0.57456464,0.8153901,3.4270763
0.049188554,0.25185442,1.2842512
-0.16140091,-0.6036172,-0.9979868
-0.066486716,-1.9059539,-1.2781982
-0.07220405,-2.2832558,-3.2561831
-0.7105639,-2.5950012,-3.781332
0.032221258,-2.6707704,-2.9207835
0.48500896,-2.4371061,-4.33657
-0.6416368,-2.393888,-5.2140675
-0.15321621,-1.9650693,-3.4833996
-0.07928148,-2.217558,-3.690856
0.011089414,-2.132433,-3.3187451
0.02972418,-2.4113598,-3.6141222
-0.33838674,-2.899516,-1.724535
0.30201072,-2.8802333,-2.4348235
0.0615454,-2.4721847,-1.5003262
-0.084231734,-1.9134364,-1.8766665
0.32061043,-1.3249493,-1.3265657
0.05825141,-0.6794448,-0.30746174
0.05369523,-0.3732891,1.1012092
-0.30353513,0.15206861,0.87507296
-0.38022047,0.7262268,3.166696
0.33841085,2.1681724,3.5300212
-0.68454933,2.7215104,7.2849064
0.5128112,2.7836266,7.5159016
-0.083803,2.5507116,6.697049
0.35710466,2.3178368,5.849683
0.211285,2.0241747,4.389307
-0.03772968,1.366427,2.94133
0.11984408,0.34523106,2.8134813
0.28587675,0.010317802,0.86621
-0.26059133,-0.9296329,1.2171564
0.066661954,-1.5074837,0.29962254
-0.015342891,-2.5815885,-2.3200216
-0.31866205,-2.8888612,-2.9484487
-0.43021014,-3.3108902,-5.466331
-0.8706152,-3.1635733,-5.3904047
-0.659348,-2.2778707,-4.300461
-0.73825455,-1.9034982,-4.0685825
0.22038725,-1.5739727,-3.1661997
-0.3632806,-2.023642,-4.1075706
0.7979281,-2.8503633,-3.2205083
-0.11471863,-3.4160683,-1.9040241
-0.2046612,-3.174987,-4.351454
-0.41192427,-3.3423448,-1.5849681
-0.002994955,-1.9432192,-1.3156824
-0.6036854,-1.2440634,0.9330473
0.43694606,0.08037186,-0.34554672
-0.36795777,0.7262535,3.3662243
0.88204646,1.901597,2.9272661
-0.112484425,1.7763858,3.6114016
1.0237879,2.5719948,3.5873785
-1.0084008,2.0450015,5.6823835
0.04703945,2.626886,6.536811
-0.38126686,2.714275,6.6364946
1.0701826,2.4006271,6.457901
-0.4220078,1.6766214,3.896573
0.521795,1.0271759,2.4688234
0.29528993,0.5632291,1.887186
0.11900729,-0.41251898,1.5918846
-0.5811726,-1.1953554,-0.26268005
-0.3600024,-1.9639635,-1.9818578
0.1423701,-2.4946187,-3.3864756
-0.38003182,-2.6864173,-3.1870375
-0.024282843,-2.5050678,-3.4504433
-0.4520563,-2.8755896,-5.1510415
-0.08528751,-2.463521,-4.3336515
-0.27598318,-2.2305713,-4.3156796
0.28222287,-2.0801063,-3.810749
-0.1899957,-2.4540358,-3.021236
0.004558034,-2.6242266,-3.9070518
-0.04707242,-3.2058816,-3.21593
-0.10444508,-3.08995,-2.0979614
-0.361912,-2.4332855,-1.8301201
0.005312353,-1.8659728,-0.5473404
-0.4052179,-1.0206623,-1.5911269
1.1784577,-0.10611057,3.317091
-0.19923657,0.5077257,-1.0148373
0.74874663,0.7763128,6.087781
-0.41805446,1.2896194,3.5352135
0.07960063,1.8839321,3.7593508
-0.16439182,2.6801028,5.9695063
0.4493913,2.8598323,8.086233
0.6915579,3.0615683,8.095121
-0.9944023,2.0273643,5.4659634
0.7821639,1.8516521,3.0486946
-0.35511786,1.0383143,3.4383307
-0.46256897,-0.11428356,3.135542
-0.09967904,-0.8751154,-0.4309621
-0.8011308,-1.8175192,-1.7928452
-0.7827305,-2.326366,-4.056731
0.64101934,-2.4744039,-0.20082664
1.0118002,-2.7352557,-4.5075674
-0.12573466,-2.594011,-3.9956517
0.23090869,-1.5262878,-4.1940207
0.20370565,-1.6157486,-4.1566763
-0.014366448,-0.60512066,-2.7048912
0.10912675,-1.0137115,-1.2233319
