0,2,1,-4,-13,0,0,0,2,-72,1,0,0,0,1,-249,122,0,0,4.98,0.39,1.96,4.51999999999999
0,2,1,-7,-10,0,0,0,2,-74,2,0,0,0,1,-250,123,0,0,4.98,0.39,1.96,4.53399999999999
0,2,0,-13,-1,0,0,0,2,-93,7,0,0,0,1,-233,117,0,0,4.98,0.39,1.95,4.54799999999999
0,2,0,-15,-1,0,0,0,2,-94,5,0,0,0,1,-221,112,0,0,4.98,0.39,1.95,4.5619999999999905
0,2,0,-16,0,0,0,0,2,-94,0,0,0,0,1,-212,104,0,0,4.98,0.39,1.95,4.575999999999991
0,2,0,-15,0,0,0,0,2,-98,-5,0,-1,0,1,-204,95,0,0,4.98,0.39,1.95,4.589999999999991
0,2,0,-15,3,0,1,0,2,-100,-7,0,0,0,1,-197,87,0,0,4.98,0.39,1.95,4.603999999999991
0,2,0,-18,10,0,0,0,2,-98,-12,0,0,0,1,-181,79,0,0,4.98,0.39,1.95,4.6179999999999914
0,2,0,-20,12,0,0,0,2,-97,-11,0,0,0,1,-175,80,0,0,4.98,0.39,1.95,4.631999999999992
0,2,0,-22,16,0,0,0,2,-94,-10,0,0,0,1,-168,82,0,0,4.98,0.39,1.95,4.645999999999992
0,2,0,-24,18,0,0,0,2,-91,-9,0,0,0,1,-162,87,0,0,4.98,0.39,1.95,4.659999999999992
0,2,0,-28,18,0,0,0,2,-81,-18,0,0,0,1,-141,93,0,0,4.98,0.39,1.95,4.673999999999992
0,2,0,-26,18,0,0,0,2,-80,-23,0,0,0,1,-132,96,0,0,4.98,0.39,1.95,4.687999999999993
0,2,0,-25,16,0,0,0,2,-78,-25,0,0,0,1,-123,98,0,0,4.98,0.39,1.95,4.701999999999993
0,2,0,-9,12,0,1,-1,2,7,11,0,-1,1,2,112,-112,0,0,4.99,0.44,2.2,4.717999999999993
0,2,0,-11,10,0,1,-1,2,39,29,0,-1,0,3,103,-113,0,0,4.99,0.45,2.25,4.733999999999993
0,2,0,-10,9,0,1,-1,2,50,34,0,-1,0,3,101,-116,0,0,4.99,0.45,2.25,4.749999999999993
0,2,0,-10,7,0,1,-1,2,60,39,0,-1,0,2,99,-117,0,0,4.99,0.45,2.25,4.765999999999993
0,2,0,-11,6,0,1,-1,2,70,44,0,-1,0,3,101,-119,0,0,4.99,0.45,2.25,4.781999999999993
0,2,0,-9,8,0,1,-1,2,78,49,0,-1,0,3,103,-120,0,0,4.99,0.45,2.25,4.797999999999993
0,2,0,-5,2,0,1,-1,2,96,56,0,-1,0,3,102,-120,0,0,4.99,0.45,2.25,4.813999999999993
0,2,0,-7,0,0,1,-1,2,104,58,0,-1,1,3,99,-119,0,0,4.99,0.45,2.25,4.829999999999993
0,2,0,-10,-4,0,1,-1,2,111,58,0,-1,1,3,99,-117,0,0,4.99,0.45,2.25,4.845999999999993
0,2,0,-8,0,0,1,0,1,118,58,0,-1,1,3,98,-119,0,0,4.99,0.45,2.25,4.861999999999993
0,2,0,-9,-5,0,1,0,1,140,56,0,-1,1,3,101,-127,0,0,4.99,0.45,2.25,4.877999999999993
0,2,0,-10,-4,0,1,0,2,151,53,0,-1,1,3,100,-129,0,0,4.99,0.45,2.25,4.893999999999993
0,2,0,-11,-5,0,1,0,2,160,50,0,-1,1,3,98,-134,0,0,4.99,0.45,2.25,4.909999999999993
0,2,0,-10,-5,0,1,0,2,167,48,0,-1,1,2,96,-138,0,0,4.99,0.45,2.25,4.925999999999993
0,2,0,-8,-4,0,1,0,2,184,47,0,-1,1,2,95,-135,0,0,4.99,0.45,2.25,4.941999999999993
0,2,0,-8,-5,0,1,0,2,191,48,0,-1,1,2,94,-131,0,0,4.99,0.45,2.25,4.957999999999993
0,2,0,0,8,0,0,1,2,-65,-11,0,0,0,1,-209,93,0,0,4.99,0.44,2.22,4.973999999999993
0,2,0,1,8,0,0,1,2,-67,-8,0,0,0,1,-206,95,0,0,4.99,0.44,2.22,4.989999999999993
0,2,0,2,7,0,0,1,2,-69,-5,0,0,0,1,-202,91,0,0,4.99,0.44,2.22,5.005999999999993
0,2,0,4,5,0,0,1,2,-70,-2,0,0,0,1,-199,89,0,0,4.99,0.44,2.22,5.021999999999993
0,2,0,6,5,0,0,1,2,-72,11,0,0,0,1,-194,85,0,0,4.99,0.44,2.22,5.037999999999993
0,2,0,7,7,0,1,1,2,-72,16,0,0,0,1,-193,84,0,0,4.99,0.44,2.22,5.053999999999993
0,2,0,7,7,0,1,1,2,-73,19,0,0,0,1,-191,82,0,0,4.99,0.44,2.22,5.069999999999993
0,2,0,8,8,0,1,1,2,-74,21,0,0,0,1,-188,80,0,0,4.99,0.44,2.22,5.085999999999993
0,2,0,7,10,0,1,1,2,-78,26,0,0,0,1,-175,83,0,0,4.99,0.44,2.22,5.101999999999993
0,2,0,8,10,0,1,1,2,-79,25,0,0,0,1,-169,84,0,0,4.99,0.44,2.22,5.117999999999993
0,2,0,8,10,0,0,0,2,-80,24,0,0,0,1,-163,86,0,0,4.99,0.44,2.22,5.133999999999993
0,2,0,8,11,0,0,0,2,-80,20,0,0,0,1,-159,86,0,0,4.99,0.44,2.22,5.149999999999993
0,2,0,9,10,0,0,0,2,-81,2,0,-1,0,1,-144,84,0,0,4.99,0.44,2.22,5.165999999999993
0,2,0,6,8,0,0,0,2,-81,-4,0,-1,0,1,-136,83,0,0,4.99,0.44,2.22,5.181999999999993
0,2,0,4,9,0,0,0,2,-80,-12,0,-1,0,1,-125,85,0,0,4.99,0.44,2.22,5.197999999999993
0,2,0,10,1,0,1,0,2,-32,9,0,-1,0,3,134,-115,0,0,4.99,0.43,2.16,5.213999999999993
0,2,0,11,-1,0,1,0,2,-23,9,0,-1,0,3,132,-116,0,0,4.99,0.43,2.16,5.229999999999993
0,2,0,15,-6,0,1,0,2,-1,31,0,-1,1,3,130,-123,0,0,4.99,0.43,2.16,5.245999999999993
0,2,0,15,-7,0,1,0,2,7,39,0,-1,0,3,111,-113,0,0,4.99,0.43,2.16,5.261999999999993
0,2,0,13,-7,0,1,0,2,16,48,0,-1,1,3,130,-133,0,0,4.99,0.43,2.16,5.277999999999993
0,2,0,11,-9,0,1,0,2,27,56,0,0,1,2,131,-134,0,0,4.99,0.43,2.16,5.293999999999993
0,2,0,13,-10,0,1,0,2,38,63,0,0,1,3,132,-144,0,0,4.99,0.43,2.16,5.309999999999993
0,2,0,14,-10,0,0,0,2,65,76,0,-1,0,3,137,-159,0,0,4.99,0.43,2.16,5.325999999999993
0,2,0,12,-11,0,0,0,2,72,77,0,-1,0,3,136,-163,0,0,4.99,0.43,2.16,5.341999999999993
0,2,0,11,-10,0,0,0,2,79,74,0,-1,1,3,136,-162,0,0,4.99,0.43,2.16,5.357999999999993
0,2,0,10,-9,0,0,0,2,87,70,0,0,1,3,134,-162,0,0,4.99,0.43,2.16,5.3739999999999934
0,2,0,9,-5,0,0,0,2,101,56,0,-1,1,3,123,-164,0,0,4.99,0.43,2.16,5.3899999999999935
0,2,0,9,-3,0,0,0,2,105,50,0,0,0,3,123,-164,0,0,4.99,0.43,2.16,5.4059999999999935
0,2,0,9,-2,0,0,0,2,108,44,0,0,0,3,119,-156,0,0,4.99,0.43,2.16,5.4219999999999935
0,2,0,12,2,0,0,0,2,113,39,0,0,1,3,124,-160,0,0,4.99,0.43,2.16,5.4379999999999935
0,2,0,-8,4,0,0,1,3,-44,13,0,0,0,1,-155,69,0,0,4.99,0.43,2.15,5.4539999999999935
0,2,0,-9,3,0,0,1,3,-44,14,0,0,0,1,-158,62,0,0,4.99,0.43,2.15,5.4699999999999935
0,2,0,-11,0,0,0,1,3,-39,7,0,0,0,1,-149,59,0,0,4.99,0.43,2.15,5.4859999999999935
0,2,0,-10,-1,0,0,1,3,-37,3,0,0,0,1,-141,56,0,0,4.99,0.43,2.15,5.501999999999994
0,2,0,-10,-2,0,0,1,3,-38,-2,0,0,0,1,-131,54,0,0,4.99,0.43,2.15,5.517999999999994
0,2,0,-10,-3,0,0,1,3,-36,-8,0,0,0,1,-119,50,0,0,4.99,0.43,2.15,5.533999999999994
0,2,0,-6,-4,0,0,1,3,-28,-15,0,0,0,1,-87,39,0,0,4.99,0.43,2.15,5.549999999999994
0,2,0,-4,-5,0,0,1,3,-25,-14,0,0,0,1,-70,33,0,0,4.99,0.43,2.15,5.565999999999994
0,2,0,-3,-5,0,0,1,3,-22,-15,0,-1,0,1,-54,25,0,0,4.99,0.43,2.15,5.581999999999994
0,2,0,-2,-5,0,0,1,3,-18,-18,0,-1,0,1,-39,16,0,0,4.99,0.43,2.15,5.597999999999994
0,2,0,-1,-5,0,0,1,3,-8,-26,0,0,0,1,1,1,0,0,4.99,0.43,2.15,5.613999999999994
0,2,0,0,-6,0,0,1,3,-5,-31,0,0,0,1,13,2,0,0,4.99,0.43,2.15,5.629999999999994
0,2,0,0,-5,0,0,1,3,-1,-36,0,0,0,1,24,3,0,0,4.99,0.43,2.15,5.645999999999994
0,2,0,0,-6,0,0,1,3,1,-43,0,0,0,1,34,3,0,0,4.99,0.43,2.15,5.661999999999994
0,2,0,2,-6,0,0,1,3,10,-66,0,0,0,1,50,-3,0,0,4.99,0.43,2.15,5.677999999999994
0,2,0,-7,3,0,0,-2,2,118,23,0,0,1,3,72,-62,0,0,5.0,0.54,2.74,5.698999999999994
0,2,0,-7,3,0,0,-2,2,130,22,0,0,1,3,76,-66,0,0,5.0,0.54,2.74,5.7199999999999935
0,2,0,-6,3,0,0,-1,2,140,20,0,0,1,3,76,-67,0,0,5.0,0.54,2.74,5.740999999999993
0,2,0,-3,0,0,0,-1,2,163,16,0,0,1,3,59,-61,0,0,5.0,0.54,2.74,5.761999999999993
0,2,0,-2,1,0,0,-1,2,173,12,0,0,1,3,50,-60,0,0,5.0,0.54,2.74,5.782999999999993
0,2,0,-3,1,0,1,-1,2,178,9,0,0,1,2,56,-60,0,0,5.0,0.54,2.74,5.803999999999993
0,2,0,-5,2,0,1,-1,2,184,10,0,0,1,2,50,-61,0,0,5.0,0.54,2.74,5.824999999999993
0,2,0,-8,4,0,1,0,2,200,20,0,0,1,2,17,-49,0,0,5.0,0.54,2.74,5.845999999999993
0,2,0,-9,4,0,1,0,2,205,25,0,0,1,2,6,-59,0,0,5.0,0.54,2.74,5.866999999999993
0,2,0,-9,3,0,1,0,2,210,30,0,0,1,2,0,-43,0,0,5.0,0.54,2.74,5.887999999999993
0,2,0,-8,3,0,1,0,2,214,37,0,0,1,2,-6,-97,0,0,5.0,0.54,2.74,5.908999999999993
0,2,0,-2,0,0,1,0,2,212,49,0,0,1,2,-16,-57,0,0,5.0,0.54,2.74,5.929999999999993
0,2,0,0,0,0,1,0,2,208,54,0,0,1,2,-21,-48,0,0,5.0,0.54,2.74,5.9509999999999925
0,2,0,2,0,0,1,0,2,204,55,0,0,1,2,-17,-83,0,0,4.99,0.41,2.09,5.9669999999999925
0,2,0,4,0,0,1,0,2,202,56,0,0,1,2,-14,-72,0,0,4.99,0.41,2.09,5.9829999999999925
0,2,0,3,-8,0,0,1,2,-94,-14,0,0,0,1,-184,131,0,0,4.99,0.42,2.13,5.999999999999993
0,2,0,2,-10,0,0,1,2,-95,-14,0,0,0,1,-177,151,0,0,4.99,0.42,2.13,6.016999999999993
0,2,0,4,-11,0,0,0,2,-95,-16,0,0,0,1,-174,154,0,0,4.99,0.42,2.13,6.033999999999994
0,2,0,6,-11,0,0,0,2,-96,-22,0,0,0,1,-170,157,0,0,4.99,0.42,2.13,6.050999999999994
0,2,0,6,-10,0,0,0,2,-96,-30,0,0,0,1,-166,155,0,0,4.99,0.42,2.13,6.067999999999994
0,2,0,4,-8,0,0,0,2,-95,-38,0,0,0,1,-154,150,0,0,4.99,0.42,2.13,6.084999999999995
0,2,0,2,-7,0,0,0,2,-96,-41,0,-1,0,1,-149,147,0,0,4.99,0.42,2.13,6.101999999999995
0,2,0,0,-7,0,0,0,2,-97,-46,0,-1,0,1,-144,142,0,0,4.99,0.42,2.13,6.118999999999995
0,2,0,0,-6,0,0,0,2,-98,-47,0,-1,0,1,-140,136,0,0,4.99,0.42,2.13,6.135999999999996
0,2,0,0,-8,0,0,0,2,-98,-46,0,-1,0,1,-137,131,0,0,4.99,0.42,2.13,6.152999999999996
0,2,0,0,1,0,0,0,2,-99,-38,0,-1,0,1,-129,122,0,0,4.99,0.42,2.13,6.169999999999996
0,2,0,0,-3,0,0,0,2,-99,-33,0,0,0,1,-124,120,0,0,4.99,0.45,2.25,6.187999999999996
0,2,0,5,0,0,0,0,2,-100,-23,0,-1,0,1,-123,115,0,0,4.99,0.45,2.25,6.205999999999996
0,2,0,3,3,0,0,0,2,-98,-15,0,0,0,1,-119,113,0,0,4.99,0.45,2.25,6.223999999999996
0,2,0,-4,6,0,0,0,3,-95,-7,0,0,-1,1,-107,108,0,0,4.99,0.45,2.25,6.2419999999999956
0,2,0,-4,7,0,0,0,3,-94,-7,0,-1,-1,1,-103,106,0,0,4.99,0.45,2.25,6.259999999999995
0,2,0,-6,-24,0,0,-1,2,50,61,0,0,0,3,126,-147,0,0,4.99,0.43,2.19,6.277999999999995
0,2,0,-3,-17,0,0,-1,2,61,57,0,0,0,3,132,-147,0,0,4.99,0.43,2.19,6.295999999999995
0,2,0,-3,-16,0,0,-1,2,74,55,0,0,0,3,141,-142,0,0,4.99,0.43,2.19,6.313999999999995
0,2,0,-4,-15,0,0,-1,2,103,39,0,0,0,3,156,-121,0,0,4.99,0.43,2.19,6.3319999999999945
0,2,0,-4,-9,0,0,-1,2,112,35,0,0,0,3,162,-114,0,0,4.99,0.43,2.19,6.349999999999994
0,2,0,-4,-11,0,0,0,2,120,31,0,0,0,3,164,-115,0,0,4.99,0.43,2.19,6.367999999999994
0,2,0,-3,-9,0,0,0,2,128,27,0,0,0,3,164,-115,0,0,4.99,0.43,2.19,6.385999999999994
0,2,0,-5,-2,0,0,0,1,154,23,0,0,1,3,163,-129,0,0,4.99,0.43,2.19,6.403999999999994
0,2,0,-5,3,0,0,0,1,161,20,0,0,1,3,159,-130,0,0,4.99,0.43,2.19,6.4219999999999935
0,2,0,-9,4,0,0,0,1,168,18,0,0,1,3,153,-128,0,0,4.99,0.43,2.19,6.439999999999993
0,2,0,-8,7,0,0,0,1,174,17,0,0,1,3,145,-130,0,0,4.99,0.43,2.19,6.457999999999993
0,2,0,-6,9,0,0,0,1,178,15,0,0,1,3,138,-134,0,0,4.99,0.43,2.19,6.475999999999993
0,2,0,-3,10,0,0,0,1,187,13,0,0,1,3,119,-142,0,0,4.99,0.43,2.19,6.493999999999993
0,2,0,-3,10,0,0,0,1,187,10,0,0,1,3,116,-144,0,0,4.99,0.43,2.19,6.5119999999999925
0,2,0,-3,9,0,0,0,1,188,9,0,0,1,3,109,-143,0,0,4.99,0.43,2.19,6.529999999999992
0,2,0,-16,-1,0,1,1,2,-54,-39,0,0,0,1,-222,97,0,0,4.99,0.43,2.19,6.547999999999992
0,2,0,-16,-1,0,1,1,2,-56,-34,0,0,0,1,-220,105,0,0,4.99,0.43,2.19,6.565999999999992
0,2,0,-17,5,0,1,1,2,-68,-22,0,0,0,1,-206,116,0,0,4.99,0.43,2.19,6.583999999999992
0,2,0,-17,7,0,1,1,2,-75,-15,0,0,-1,1,-197,115,0,0,4.99,0.43,2.19,6.601999999999991
0,2,0,-16,9,0,1,0,2,-77,-10,0,0,0,1,-190,114,0,0,4.99,0.43,2.19,6.619999999999991
0,2,0,-16,9,0,1,0,2,-77,-8,0,0,0,1,-186,114,0,0,4.99,0.43,2.19,6.637999999999991
0,2,0,-11,8,0,0,0,3,-79,-12,0,0,0,1,-169,100,0,0,4.99,0.43,2.14,6.655999999999991
0,2,0,-10,8,0,0,0,3,-80,-16,0,0,0,1,-160,98,0,0,4.99,0.43,2.14,6.673999999999991
0,2,0,-8,6,0,0,0,3,-79,-20,0,0,0,1,-148,97,0,0,4.99,0.43,2.14,6.69199999999999
0,2,0,-6,6,0,0,0,3,-79,-22,0,0,0,1,-141,93,0,0,4.99,0.43,2.14,6.70999999999999
0,2,0,-2,2,0,0,0,3,-83,-30,0,0,-1,1,-117,87,0,0,4.99,0.43,2.14,6.72799999999999
0,2,0,-1,0,0,1,0,3,-84,-30,0,0,-1,1,-107,87,0,0,4.99,0.43,2.14,6.74599999999999
0,2,0,0,-1,0,0,0,3,-84,-27,0,0,-1,1,-100,86,0,0,4.99,0.43,2.14,6.76399999999999
0,2,0,1,-2,0,0,0,3,-85,-26,0,0,-1,1,-91,88,0,0,4.99,0.43,2.14,6.781999999999989
0,2,0,6,-7,0,1,0,3,-88,-28,0,0,-1,1,-75,95,0,0,4.99,0.43,2.14,6.799999999999989
0,2,0,6,-8,0,1,0,3,-89,-28,0,0,-1,1,-71,97,0,0,4.99,0.43,2.14,6.817999999999989
0,2,0,-11,-1,0,0,0,2,159,39,0,0,0,3,134,-137,0,0,4.99,0.44,2.22,6.835999999999989
0,2,0,-8,-2,0,0,0,2,162,38,0,0,0,3,136,-136,0,0,4.99,0.44,2.22,6.8539999999999885
0,2,0,-5,-2,0,0,0,2,163,34,0,0,0,3,139,-134,0,0,4.99,0.44,2.22,6.871999999999988
0,2,0,-2,-6,0,0,0,2,162,28,0,0,0,3,140,-134,0,0,4.99,0.44,2.23,6.8909999999999885
0,2,0,0,-3,0,0,0,2,161,20,0,0,1,3,143,-131,0,0,4.99,0.44,2.23,6.909999999999989
0,2,0,-1,-2,0,0,0,2,160,16,0,0,1,3,142,-131,0,0,4.99,0.44,2.23,6.928999999999989
0,2,0,-1,-1,0,0,0,2,160,13,0,0,1,3,139,-133,0,0,4.99,0.44,2.23,6.947999999999989
0,2,0,-2,2,0,0,0,2,159,10,0,0,1,3,136,-137,0,0,4.99,0.44,2.23,6.966999999999989
0,2,0,0,1,0,0,0,1,157,7,0,0,1,3,131,-134,0,0,4.99,0.44,2.23,6.985999999999989
0,2,0,1,3,0,0,0,1,157,8,0,0,1,3,125,-129,0,0,4.99,0.44,2.23,7.004999999999989
0,2,0,2,1,0,0,0,1,158,11,0,0,1,3,118,-125,0,0,4.99,0.44,2.23,7.023999999999989
0,2,0,4,1,0,0,0,1,159,11,0,0,1,3,110,-129,0,0,4.99,0.44,2.23,7.0429999999999895
0,2,0,3,0,0,0,0,1,157,10,0,0,0,5,74,-39,0,0,4.99,0.44,2.23,7.06199999999999
0,2,0,4,0,0,0,1,1,154,6,0,0,1,2,80,-139,0,0,4.99,0.44,2.23,7.08099999999999
0,2,0,3,0,0,0,1,1,156,5,0,0,1,2,71,-138,0,0,4.99,0.44,2.23,7.09999999999999
0,2,0,-11,-7,0,1,1,2,-48,19,0,0,0,1,-148,61,0,0,4.99,0.43,2.17,7.11799999999999
0,2,0,-11,-6,0,1,1,2,-47,25,0,0,0,1,-140,60,0,0,4.99,0.44,2.2,7.13699999999999
0,2,0,-12,-7,0,0,1,2,-46,39,0,0,0,1,-111,60,0,0,4.99,0.44,2.2,7.15599999999999
0,2,0,-12,-5,0,1,1,2,-46,47,0,0,-1,1,-97,62,0,0,4.99,0.44,2.2,7.17499999999999
0,2,0,-10,-4,0,1,1,3,-47,52,0,0,0,1,-86,60,0,0,4.99,0.44,2.2,7.19399999999999
0,2,0,-9,-4,0,1,1,3,-43,55,0,0,0,1,-72,49,0,0,4.99,0.44,2.2,7.21299999999999
0,2,0,-7,-2,0,1,1,3,-35,60,0,0,0,1,-33,20,0,0,4.99,0.44,2.2,7.23199999999999
0,2,0,-7,-1,0,1,1,3,-30,60,0,0,0,1,-18,12,0,0,4.99,0.44,2.2,7.250999999999991
0,2,0,-6,-1,0,1,1,3,-27,58,0,0,0,1,-5,7,0,0,4.99,0.44,2.2,7.269999999999991
0,2,0,-5,-1,0,1,1,3,-25,55,0,0,0,1,7,6,0,0,4.99,0.44,2.2,7.288999999999991
0,2,0,-3,-1,0,1,1,3,-22,51,0,0,0,1,18,7,0,0,4.99,0.44,2.2,7.307999999999991
0,2,0,3,-2,0,1,1,3,-9,29,0,0,0,1,40,15,0,0,4.99,0.44,2.2,7.326999999999991
0,2,0,5,-3,0,1,1,3,-6,22,0,0,0,1,47,21,0,0,4.99,0.44,2.2,7.345999999999991
0,2,0,7,-4,0,1,1,3,-1,11,0,0,0,1,51,28,0,0,4.99,0.44,2.2,7.364999999999991
0,2,0,8,-4,0,1,1,3,1,2,0,0,0,1,55,34,0,0,4.99,0.44,2.2,7.3839999999999915
-1,2,0,-17,4,0,0,-1,2,157,9,0,0,1,2,57,-69,0,0,4.99,0.41,2.09,7.401999999999991
-1,2,0,-11,0,0,0,0,2,181,-9,0,0,1,2,30,-74,0,0,4.99,0.41,2.09,7.419999999999991
-1,2,0,-10,-1,0,0,0,2,187,-14,0,0,1,2,25,-75,0,0,4.99,0.41,2.09,7.437999999999991
0,2,0,-8,-1,0,0,0,2,198,-14,0,0,1,2,22,-77,0,0,4.99,0.41,2.09,7.455999999999991
0,2,0,-8,-2,0,0,0,2,209,-13,0,0,1,3,19,-77,0,0,4.99,0.41,2.09,7.47399999999999
0,2,0,-4,0,0,0,0,2,230,-7,0,0,1,2,12,-38,0,0,4.99,0.41,2.09,7.49199999999999
0,2,0,-4,0,0,0,0,1,236,-12,0,0,1,3,13,-55,0,0,4.99,0.41,2.09,7.50999999999999
0,2,0,-4,2,0,0,0,1,246,-5,0,0,1,3,14,-48,0,0,4.99,0.41,2.09,7.52799999999999
0,2,0,-3,3,0,0,0,1,248,0,0,0,1,3,15,-51,0,0,4.99,0.41,2.09,7.54599999999999
0,2,0,-2,5,0,0,0,1,245,-6,0,0,1,3,20,-35,0,0,4.99,0.41,2.09,7.563999999999989
0,2,0,-2,6,0,0,0,1,240,-8,0,0,1,2,22,-47,0,0,4.99,0.41,2.09,7.581999999999989
0,2,0,-2,8,0,0,0,1,227,-12,0,0,1,2,19,-62,0,0,4.99,0.41,2.09,7.599999999999989
0,2,0,-2,8,0,0,0,1,209,-14,0,0,1,2,23,-49,0,0,4.99,0.41,2.09,7.617999999999989
0,2,0,-1,9,0,0,0,1,199,-19,0,0,2,2,24,-41,0,0,4.99,0.41,2.09,7.635999999999989
0,2,0,0,10,0,0,1,1,179,-26,0,0,2,2,12,-49,0,0,4.99,0.41,2.09,7.653999999999988
0,2,0,-11,-16,0,1,1,2,-66,-43,0,-1,0,1,-94,104,0,0,4.99,0.42,2.13,7.6729999999999885
0,2,0,-13,-14,0,1,1,2,-66,-41,0,-1,0,1,-88,107,0,0,4.99,0.42,2.13,7.691999999999989
0,2,0,-13,-11,0,1,0,2,-62,-34,0,-1,-1,1,-81,108,0,0,4.99,0.42,2.13,7.710999999999989
0,2,0,-13,-11,0,1,0,2,-59,-30,0,-1,-1,1,-78,106,0,0,4.99,0.42,2.13,7.729999999999989
0,2,0,-14,-10,0,1,0,2,-57,-29,0,-1,-1,1,-77,101,0,0,4.99,0.42,2.13,7.748999999999989
0,2,0,-16,-9,0,1,0,2,-57,-30,0,-1,-1,1,-75,97,0,0,4.99,0.42,2.13,7.767999999999989
0,2,0,-18,-4,0,1,0,2,-54,-30,0,-1,-1,1,-63,92,0,0,4.99,0.42,2.13,7.786999999999989
0,2,0,-17,-3,0,1,0,2,-54,-30,0,-1,-1,1,-60,85,0,0,4.99,0.42,2.13,7.805999999999989
0,2,0,-15,-1,0,1,0,2,-54,-30,0,-1,-1,1,-55,81,0,0,4.99,0.42,2.13,7.8249999999999895
0,2,0,-17,-3,0,1,0,2,-55,-29,0,-1,-1,1,-51,82,0,0,4.99,0.42,2.13,7.84399999999999
0,2,0,-7,-5,0,1,0,2,-56,-21,0,-1,-1,1,-44,77,0,0,4.99,0.42,2.13,7.86299999999999
0,2,0,-7,-7,0,1,0,3,-56,-18,0,-1,-1,1,-40,77,0,0,4.99,0.42,2.13,7.88199999999999
0,2,0,-6,-5,0,1,0,3,-57,-15,0,-1,-1,1,-37,78,0,0,4.99,0.42,2.13,7.90099999999999
0,2,0,-6,-7,0,1,0,3,-58,-13,0,-1,-1,1,-33,79,0,0,4.99,0.42,2.13,7.91999999999999
0,2,0,-5,-7,0,1,0,3,-59,-12,0,-1,-1,1,-29,80,0,0,4.99,0.42,2.13,7.93899999999999
0,2,0,-4,-9,0,1,0,3,-60,-16,0,-1,-1,1,-19,81,0,0,4.99,0.42,2.13,7.95799999999999
0,2,0,-32,27,0,1,-1,2,96,25,0,-1,0,3,175,-123,0,0,4.99,0.43,2.19,7.9769999999999905
0,2,0,-33,27,0,1,-1,2,107,27,0,-1,0,3,175,-123,0,0,4.99,0.43,2.19,7.995999999999991
0,2,0,-33,27,0,1,-1,2,118,29,0,-1,0,3,173,-118,0,0,4.99,0.43,2.19,8.01499999999999
0,2,0,-33,29,0,1,-1,2,127,29,0,-1,0,3,169,-120,0,0,4.99,0.43,2.19,8.03399999999999
0,2,0,-33,26,0,1,-1,2,155,31,0,-1,0,3,149,-129,0,0,4.99,0.43,2.19,8.05299999999999
0,2,0,-33,25,0,1,-1,2,162,34,0,-1,0,3,141,-133,0,0,4.99,0.43,2.19,8.07199999999999
0,2,0,-31,22,0,1,-1,2,171,39,0,-1,1,3,136,-141,0,0,4.99,0.43,2.19,8.09099999999999
0,2,0,-28,22,0,1,0,2,180,45,0,-1,1,3,130,-149,0,0,4.99,0.43,2.19,8.10999999999999
0,2,0,-21,16,0,1,0,2,196,51,0,-1,1,3,122,-162,0,0,4.99,0.43,2.19,8.12899999999999
-1,2,0,-19,15,0,1,0,2,199,50,0,0,1,3,121,-163,0,0,4.99,0.43,2.19,8.14799999999999
-1,2,0,-17,12,0,0,0,2,200,48,0,0,1,3,121,-163,0,0,4.99,0.43,2.19,8.166999999999991
-1,2,0,-14,11,0,0,0,2,202,43,0,0,1,3,121,-160,0,0,4.99,0.43,2.19,8.185999999999991
-1,2,0,-9,7,0,0,0,1,199,27,0,0,1,3,124,-147,0,0,4.99,0.43,2.19,8.204999999999991
-1,2,0,-7,6,0,0,0,1,198,20,0,0,1,3,126,-140,0,0,4.99,0.43,2.19,8.223999999999991
0,2,0,-5,4,0,0,0,1,196,9,0,0,1,2,126,-134,0,0,4.99,0.43,2.19,8.242999999999991
0,2,0,-16,-1,0,0,0,2,-97,-40,0,0,0,1,-216,149,0,0,4.99,0.42,2.11,8.261999999999992
0,2,0,-15,-8,0,0,0,2,-96,-45,0,0,0,1,-196,147,0,0,4.99,0.42,2.11,8.280999999999992
0,2,0,-14,-11,0,0,0,2,-97,-47,0,0,0,1,-186,149,0,0,4.99,0.42,2.11,8.299999999999992
0,2,0,-13,-18,0,0,0,2,-97,-49,0,0,0,1,-176,145,0,0,4.99,0.42,2.11,8.318999999999992
0,2,0,-11,-21,0,0,0,2,-96,-48,0,0,0,1,-167,147,0,0,4.99,0.42,2.11,8.337999999999992
0,2,0,-9,-24,0,0,0,3,-94,-47,0,0,0,1,-162,145,0,0,4.99,0.42,2.11,8.356999999999992
0,2,0,-11,-28,0,0,0,3,-91,-44,0,-1,0,1,-135,138,0,0,4.99,0.42,2.11,8.375999999999992
0,2,0,-14,-27,0,0,0,3,-90,-46,0,-1,0,1,-127,135,0,0,4.99,0.42,2.11,8.394999999999992
0,2,0,-15,-27,0,0,0,3,-88,-47,0,-1,-1,1,-121,134,0,0,4.99,0.42,2.11,8.413999999999993
0,2,0,-16,-25,0,0,0,3,-87,-46,0,-1,-1,1,-115,135,0,0,4.99,0.42,2.11,8.432999999999993
0,2,0,-19,-24,0,0,0,3,-82,-41,0,-1,-1,1,-103,139,0,0,4.99,0.42,2.11,8.451999999999993
0,2,0,-18,-22,0,0,0,2,-82,-42,0,-1,-1,1,-100,144,0,0,4.99,0.42,2.11,8.470999999999993
0,2,0,-16,-21,0,0,0,2,-81,-38,0,-1,-1,1,-96,149,0,0,4.99,0.42,2.11,8.489999999999993
0,2,0,-14,-18,0,0,0,2,-83,-36,0,-1,-1,1,-91,149,0,0,4.99,0.43,2.16,8.509999999999993
0,2,0,-12,-12,0,0,0,2,-86,-36,0,-1,-1,1,-74,169,0,0,4.99,0.43,2.16,8.529999999999992
0,2,0,-13,-9,0,1,0,2,-87,-31,0,-1,-1,1,-69,180,0,0,4.99,0.43,2.16,8.549999999999992
0,2,1,-13,-19,0,1,-1,2,148,46,0,-1,0,3,141,-119,0,0,4.99,0.41,2.08,8.568999999999992
0,2,1,-19,-12,0,1,-1,2,156,47,0,-1,0,3,140,-122,0,0,4.99,0.41,2.08,8.587999999999992
0,2,0,-31,1,0,1,0,2,173,43,0,-1,1,3,142,-118,0,0,4.99,0.41,2.08,8.606999999999992
0,2,0,-31,5,0,1,0,2,178,37,0,-1,1,3,138,-125,0,0,4.99,0.41,2.08,8.625999999999992
0,2,0,-30,7,0,1,0,2,183,34,0,-1,1,3,135,-134,0,0,4.99,0.41,2.08,8.644999999999992
0,2,0,-31,7,0,1,0,2,187,26,0,-1,0,2,138,-161,0,0,4.99,0.41,2.08,8.663999999999993
0,2,0,-21,4,0,1,0,2,199,26,0,-1,1,3,132,-166,0,0,4.99,0.41,2.08,8.682999999999993
0,2,0,-18,4,0,1,0,2,200,24,0,-1,1,3,131,-167,0,0,4.99,0.41,2.08,8.701999999999993
0,2,0,-15,2,0,1,0,1,202,24,0,-1,1,3,129,-166,0,0,4.99,0.41,2.08,8.720999999999993
0,2,0,-17,-1,0,1,0,1,202,23,0,-1,1,3,129,-164,0,0,4.99,0.41,2.08,8.739999999999993
-1,2,0,-17,-2,0,0,0,1,190,8,0,0,1,3,124,-137,0,0,4.99,0.43,2.19,8.759999999999993
-1,2,0,-17,-1,0,0,0,1,184,3,0,0,1,2,121,-125,0,0,4.99,0.43,2.19,8.779999999999992
-1,2,0,-17,-2,0,0,0,1,181,2,0,0,1,2,117,-119,0,0,4.99,0.43,2.19,8.799999999999992
-1,2,0,-17,-4,0,0,0,1,176,0,0,0,1,2,115,-111,0,0,4.99,0.43,2.19,8.819999999999991
-1,2,0,-10,-9,0,1,0,1,170,6,0,0,1,2,107,-97,0,0,4.99,0.43,2.19,8.839999999999991
0,2,0,-7,-11,0,1,0,1,167,10,0,0,1,2,99,-93,0,0,4.99,0.43,2.19,8.85999999999999
0,2,0,-4,-16,0,1,0,2,-32,-20,0,-1,-1,1,-14,114,0,0,4.99,0.42,2.14,8.87999999999999
0,2,0,-5,-15,0,0,0,3,-31,-15,0,-1,-1,1,-14,116,0,0,4.99,0.42,2.14,8.89999999999999
0,2,0,-3,-11,0,0,0,2,-33,-23,0,-1,-1,1,-17,115,0,0,4.99,0.42,2.14,8.91999999999999
0,2,0,-6,-9,0,0,1,2,-41,-31,0,-1,-1,1,-19,116,0,0,4.99,0.42,2.14,8.939999999999989
0,2,0,-5,-8,0,0,1,2,-50,-32,0,-1,-1,1,-16,122,0,0,4.99,0.42,2.14,8.959999999999988
0,2,0,-7,-6,0,0,1,2,-59,-32,0,-1,0,1,-18,122,0,0,4.99,0.42,2.14,8.979999999999988
0,2,0,-8,-3,0,0,0,2,-63,-34,0,-1,0,1,-18,126,0,0,4.99,0.42,2.14,8.999999999999988
0,2,0,-8,0,0,0,0,2,-62,-41,0,-1,0,1,-19,129,0,0,4.99,0.42,2.12,9.019999999999987
0,2,0,-8,0,0,0,0,2,-58,-42,0,-1,0,0,-20,128,0,0,4.99,0.42,2.12,9.039999999999987
0,2,0,-7,2,0,1,0,2,-56,-45,0,-1,0,0,-20,128,0,0,4.99,0.42,2.12,9.059999999999986
0,2,0,-7,1,0,1,0,2,-54,-43,0,-1,0,0,-20,126,0,0,4.99,0.42,2.12,9.079999999999986
0,2,0,-6,2,0,1,0,2,-50,-42,0,-1,0,0,-23,119,0,0,4.99,0.42,2.12,9.099999999999985
0,2,0,-5,3,0,1,0,2,-47,-42,0,-1,0,0,-24,119,0,0,4.99,0.42,2.12,9.119999999999985
0,2,0,-4,2,0,1,0,2,-47,-36,0,-1,0,0,-23,120,0,0,4.99,0.42,2.12,9.139999999999985
0,2,0,-3,2,0,1,0,2,-48,-33,0,-1,0,0,-24,120,0,0,4.99,0.42,2.12,9.159999999999984
0,2,0,0,0,0,1,0,2,-47,-28,0,-1,0,0,-21,114,0,0,4.99,0.42,2.12,9.179999999999984
-1,2,0,-12,-1,0,0,1,1,151,-5,0,0,2,2,85,-44,0,0,4.99,0.41,2.09,9.199999999999983
0,2,0,-13,-4,0,0,1,2,148,-9,0,0,2,2,74,-23,0,0,4.99,0.41,2.09,9.219999999999983
0,2,0,-12,0,0,0,1,2,147,-7,0,-1,1,2,56,-40,0,0,4.99,0.41,2.09,9.239999999999982
0,2,0,-12,-2,0,0,1,2,138,-13,0,0,2,2,47,-21,0,0,4.99,0.41,2.09,9.259999999999982
0,2,0,-6,-3,0,0,1,2,132,-19,0,0,2,2,25,-23,0,0,4.99,0.42,2.12,9.279999999999982
0,2,0,-4,-2,0,0,1,2,126,-35,0,0,1,2,12,-34,0,0,4.99,0.42,2.12,9.299999999999981
0,2,0,-1,-1,0,0,1,2,111,-51,0,0,1,2,4,-29,0,0,4.99,0.42,2.12,9.31999999999998
0,2,0,0,0,0,0,1,2,94,-63,0,0,2,2,-1,-36,0,0,4.99,0.42,2.12,9.33999999999998
0,2,0,2,3,0,0,1,2,46,-48,0,0,1,2,-26,-31,0,0,4.99,0.42,2.12,9.35999999999998
0,2,0,0,7,0,0,1,2,33,-29,0,0,1,1,-32,-28,0,0,4.99,0.42,2.12,9.37999999999998
0,2,0,0,9,0,1,1,2,26,-8,0,0,1,2,-35,-14,0,0,4.99,0.42,2.12,9.399999999999979
0,2,0,0,11,0,1,1,2,15,-3,0,0,1,1,-42,-15,0,0,4.99,0.42,2.12,9.419999999999979
0,2,0,3,15,0,0,1,2,-4,-18,0,0,1,1,-62,9,0,0,4.99,0.42,2.12,9.439999999999978
0,2,0,3,18,0,0,1,2,-8,-27,0,0,1,2,-66,18,0,0,4.99,0.42,2.12,9.459999999999978
0,2,0,-15,-6,0,0,0,2,-80,14,0,-1,0,1,-93,169,0,0,5.0,0.52,2.6,9.484999999999978
0,2,0,-23,-1,0,0,0,2,-87,12,0,-1,0,0,-90,156,0,0,5.0,0.52,2.6,9.509999999999978
0,2,0,-27,1,0,0,0,2,-100,11,0,-1,0,1,-91,155,0,0,5.0,0.52,2.6,9.534999999999979
0,2,0,-30,5,0,0,0,2,-110,6,0,0,0,0,-61,58,0,0,4.99,0.41,2.07,9.554999999999978
0,2,0,-31,3,0,0,0,2,-114,3,0,-1,0,1,-84,146,0,0,4.99,0.41,2.07,9.574999999999978
0,2,0,-29,3,0,0,0,2,-116,0,0,-1,0,0,-79,145,0,0,4.99,0.41,2.07,9.594999999999978
0,2,0,-20,-1,0,0,0,2,-115,-6,0,-1,0,1,-65,141,0,0,4.99,0.41,2.07,9.614999999999977
0,2,0,-17,-5,0,1,0,2,-113,-6,0,-1,0,1,-62,139,0,0,4.99,0.41,2.07,9.634999999999977
0,2,0,-14,-6,0,1,0,2,-113,-2,0,-1,0,1,-59,139,0,0,4.99,0.41,2.07,9.654999999999976
0,2,0,-11,-6,0,1,0,2,-110,0,0,-1,0,1,-56,136,0,0,4.99,0.41,2.07,9.674999999999976
0,2,0,-8,-11,0,0,0,3,-105,-3,0,-1,0,1,-50,134,0,0,4.99,0.41,2.07,9.694999999999975
0,2,0,-8,-8,0,0,0,2,-102,-12,0,-1,0,1,-48,134,0,0,4.99,0.41,2.07,9.714999999999975
0,2,0,-8,-7,0,0,0,3,-98,-15,0,-1,0,0,-45,131,0,0,4.99,0.41,2.07,9.734999999999975
0,2,0,-8,-8,0,0,0,3,-95,-19,0,-2,0,1,-40,124,0,0,4.99,0.41,2.07,9.754999999999974
0,2,0,-3,-12,0,0,0,3,-94,-37,0,-2,0,0,-21,82,0,0,4.99,0.41,2.07,9.774999999999974
0,2,0,0,-14,0,0,0,2,-96,-49,0,-2,0,0,-14,58,0,0,4.99,0.41,2.07,9.794999999999973
0,2,0,-3,-2,0,0,0,2,119,-39,0,0,1,3,61,-39,0,0,4.99,0.42,2.13,9.815999999999974
0,2,0,3,-4,0,1,0,1,140,-50,0,0,1,3,64,-31,0,0,4.99,0.42,2.13,9.836999999999975
0,2,0,4,-4,0,1,0,1,145,-50,0,0,1,3,63,-38,0,0,4.99,0.42,2.13,9.857999999999976
0,2,0,6,-4,0,1,0,1,148,-53,0,0,1,3,63,-43,0,0,4.99,0.42,2.13,9.878999999999976
0,2,0,7,-3,0,1,0,1,151,-57,0,0,1,3,63,-43,0,0,4.99,0.42,2.13,9.899999999999977
0,2,0,10,0,0,1,0,1,154,-71,0,0,0,3,67,-32,0,0,4.99,0.42,2.13,9.920999999999978
0,2,0,10,2,0,1,0,1,155,-75,0,0,1,3,61,-35,0,0,4.99,0.42,2.13,9.941999999999979
0,2,0,10,4,0,1,0,1,157,-77,0,0,0,3,78,-39,0,0,4.99,0.42,2.13,9.96299999999998
0,2,0,9,8,0,1,0,1,159,-76,0,0,0,3,70,-40,0,0,4.99,0.42,2.13,9.98399999999998
0,2,0,8,8,0,1,0,1,163,-72,0,0,0,2,59,-36,0,0,4.99,0.42,2.13,10.004999999999981
0,2,0,10,13,0,1,0,1,166,-54,0,0,0,2,33,-27,0,0,4.99,0.42,2.13,10.025999999999982
0,2,0,10,13,0,1,1,1,161,-48,0,0,0,2,24,-28,0,0,4.99,0.42,2.13,10.046999999999983
0,2,0,12,15,0,1,1,1,161,-43,0,0,0,2,20,-34,0,0,4.99,0.42,2.13,10.067999999999984
0,2,0,13,16,0,1,1,1,158,-46,0,0,1,2,20,-44,0,0,4.99,0.42,2.13,10.088999999999984
0,2,0,12,17,0,1,1,1,161,-34,0,0,1,2,6,-45,0,0,4.99,0.42,2.13,10.109999999999985
0,2,0,11,18,0,1,1,1,158,-28,0,0,1,2,3,-45,0,0,4.99,0.42,2.13,10.130999999999986
0,2,0,-2,0,0,0,1,2,-94,58,0,0,0,1,-123,131,0,0,4.99,0.42,2.1,10.151999999999987
0,2,0,0,0,0,0,0,2,-96,60,0,0,0,1,-123,135,0,0,4.99,0.42,2.1,10.172999999999988
0,2,0,1,-4,0,0,0,2,-94,59,0,-1,0,1,-116,135,0,0,4.99,0.42,2.1,10.193999999999988
0,2,0,1,-2,0,0,0,3,-90,57,0,-1,0,1,-110,131,0,0,4.99,0.42,2.1,10.21499999999999
0,2,0,-2,-6,0,0,0,3,-86,55,0,-1,0,1,-104,128,0,0,4.99,0.42,2.1,10.23599999999999
0,2,0,-2,-5,0,0,0,3,-72,62,0,-1,0,1,-97,124,0,0,4.99,0.42,2.1,10.25699999999999
0,2,0,0,-8,0,0,0,3,-64,45,0,-1,0,1,-73,105,0,0,4.99,0.42,2.1,10.277999999999992
0,2,0,1,-8,0,0,0,3,-65,43,0,-1,0,0,-63,101,0,0,4.99,0.42,2.1,10.298999999999992
0,2,0,2,-9,0,0,0,3,-61,42,0,-1,0,1,-52,97,0,0,4.99,0.42,2.1,10.319999999999993
0,2,0,2,-11,0,0,0,3,-57,34,0,-1,0,0,-38,95,0,0,4.99,0.42,2.1,10.340999999999994
0,2,0,6,-17,0,0,0,3,-44,16,0,-1,0,0,-15,95,0,0,4.99,0.42,2.1,10.361999999999995
0,2,0,7,-18,0,0,0,3,-45,-3,0,-1,0,1,-9,94,0,0,4.99,0.42,2.1,10.382999999999996
0,2,0,7,-20,0,0,0,3,-44,-21,0,-1,0,1,-6,94,0,0,4.99,0.42,2.1,10.403999999999996
0,2,0,7,-19,0,0,0,2,-46,-33,0,-1,0,1,-3,95,0,0,4.99,0.42,2.1,10.424999999999997
0,2,0,8,-18,0,0,0,2,-46,-43,0,-1,0,1,1,95,0,0,4.99,0.42,2.1,10.445999999999998
0,2,0,9,-18,0,1,0,2,-44,-54,0,-1,0,1,22,90,0,0,4.99,0.42,2.1,10.466999999999999
0,2,0,-6,-4,0,0,0,1,127,-8,0,0,1,3,106,-37,0,0,4.99,0.43,2.17,10.488999999999999
0,2,0,-4,-2,0,0,0,1,125,-5,0,0,1,2,112,-68,0,0,4.99,0.43,2.17,10.511
0,2,0,-2,-2,0,0,0,1,122,-5,0,0,1,2,111,-63,0,0,4.99,0.43,2.17,10.533
0,2,0,1,1,0,0,1,1,118,-8,0,0,1,2,105,-36,0,0,4.99,0.43,2.17,10.555
0,2,0,2,2,0,0,1,1,113,-11,0,0,1,2,98,-36,0,0,4.99,0.43,2.17,10.577
0,2,0,2,4,0,0,1,1,108,-12,0,0,1,2,92,-27,0,0,4.99,0.43,2.17,10.599
0,2,0,1,7,0,0,1,1,106,-6,0,0,1,2,82,-27,0,0,4.99,0.43,2.17,10.621
0,2,0,0,12,0,0,1,1,101,8,0,0,1,2,58,-6,0,0,4.99,0.43,2.17,10.643
0,2,0,1,14,0,0,1,1,99,10,0,0,1,2,46,-3,0,0,4.99,0.43,2.17,10.665000000000001
0,2,0,2,15,0,0,1,1,89,18,0,0,1,2,37,11,0,0,4.99,0.43,2.17,10.687000000000001
0,2,0,2,14,0,0,1,1,87,23,0,0,2,2,28,22,0,0,4.99,0.43,2.17,10.709000000000001
0,2,0,2,15,0,0,2,2,47,27,0,0,1,2,4,28,0,0,4.99,0.43,2.17,10.731000000000002
0,2,0,2,15,0,0,2,2,33,25,0,0,1,1,-3,29,0,0,4.99,0.43,2.17,10.753000000000002
0,2,0,3,14,0,0,2,1,20,21,0,0,1,1,-11,38,0,0,4.99,0.43,2.17,10.775000000000002
0,2,0,3,14,0,0,1,2,4,20,0,0,1,1,-11,40,0,0,4.99,0.43,2.17,10.797000000000002
0,2,0,-17,0,0,0,0,2,-139,-16,0,-1,0,1,-18,93,0,0,4.99,0.43,2.16,10.819000000000003
0,2,0,-16,2,0,1,0,2,-151,0,0,-1,0,1,2,64,0,0,4.99,0.43,2.16,10.841000000000003
0,2,0,-14,3,0,1,0,3,-151,7,0,-1,0,1,16,52,0,0,4.99,0.43,2.16,10.863000000000003
0,2,0,-13,3,0,1,0,3,-148,13,0,-1,0,1,24,32,0,0,4.99,0.43,2.16,10.885000000000003
0,2,0,-13,4,0,1,0,3,-144,22,0,-1,0,1,35,14,0,0,4.99,0.43,2.16,10.907000000000004
0,2,0,-11,0,0,1,0,3,-136,46,0,-2,0,1,48,-51,0,0,4.99,0.43,2.16,10.929000000000004
0,2,0,-11,-3,0,1,0,3,-135,56,0,-2,0,1,51,-71,0,0,4.99,0.43,2.16,10.951000000000004
0,2,0,-8,0,0,1,0,3,-132,66,0,-2,0,1,48,-93,0,0,4.99,0.43,2.16,10.973000000000004
0,2,0,-1,1,0,1,0,3,-132,81,0,-1,0,1,45,-111,0,0,4.99,0.43,2.16,10.995000000000005
0,2,0,1,-7,0,1,0,3,-128,88,0,-1,0,1,45,-122,0,0,4.99,0.43,2.16,11.017000000000005
0,2,0,8,-12,0,0,0,3,-130,78,0,-1,0,2,46,-129,0,0,4.99,0.43,2.16,11.039000000000005
0,2,0,8,-18,0,0,0,3,-135,66,0,-1,0,2,46,-121,0,0,4.99,0.43,2.16,11.061000000000005
0,2,0,10,-21,0,0,0,3,-135,56,0,0,0,2,46,-108,0,0,4.99,0.43,2.16,11.083000000000006
0,2,0,13,-22,0,0,0,3,-137,45,0,0,0,2,52,-80,0,0,4.99,0.42,2.11,11.105000000000006
0,2,0,13,-23,0,0,0,2,-143,19,0,-1,0,2,47,-75,0,0,4.99,0.42,2.11,11.127000000000006
0,2,0,12,-25,0,0,0,2,-143,12,0,-1,0,2,48,-58,0,0,4.99,0.42,2.11,11.149000000000006
0,2,0,1,10,0,1,1,2,94,15,0,0,1,2,12,-18,0,0,4.99,0.42,2.1,11.171000000000006
0,2,0,1,12,0,1,1,2,88,14,0,0,1,2,5,-22,0,0,4.99,0.42,2.1,11.193000000000007
0,2,0,1,13,0,1,1,2,81,10,0,0,1,2,-2,-27,0,0,4.99,0.42,2.1,11.215000000000007
0,2,0,1,15,0,1,1,2,71,19,0,0,1,2,-20,-25,0,0,4.99,0.42,2.1,11.237000000000007
0,2,0,2,16,0,0,1,2,66,21,0,0,1,2,-26,-26,0,0,4.99,0.42,2.1,11.259000000000007
0,2,0,3,13,0,0,1,2,66,26,0,0,1,2,-33,-28,0,0,4.99,0.42,2.1,11.281000000000008
0,2,0,5,13,0,0,1,2,63,34,0,0,1,2,-38,-26,0,0,4.99,0.42,2.1,11.303000000000008
0,2,0,12,8,0,0,1,2,55,38,0,0,1,1,-55,-18,0,0,4.99,0.42,2.1,11.325000000000008
0,2,0,13,8,0,0,1,1,50,32,0,0,1,1,-61,-11,0,0,4.99,0.42,2.1,11.347000000000008
0,2,0,16,6,0,0,1,2,46,36,0,0,1,1,-67,-2,0,0,4.99,0.42,2.1,11.369000000000009
0,2,0,14,5,0,0,1,2,39,33,0,0,1,1,-73,2,0,0,4.99,0.44,2.19,11.392000000000008
0,2,0,13,5,0,0,1,2,35,32,0,0,1,1,-76,0,0,0,4.99,0.44,2.19,11.415000000000008
0,2,0,13,2,0,0,1,2,11,31,0,0,1,1,-91,11,0,0,4.99,0.44,2.19,11.438000000000008
0,2,0,14,0,0,0,1,2,0,37,0,0,1,1,-95,10,0,0,4.99,0.44,2.19,11.461000000000007
0,2,0,14,-1,0,0,1,2,-9,46,0,0,1,1,-97,14,0,0,4.99,0.44,2.19,11.484000000000007
0,2,0,1,-9,0,1,0,2,-131,47,0,-1,0,1,-16,83,0,0,4.99,0.43,2.15,11.507000000000007
0,2,0,2,-10,0,1,1,2,-138,46,0,-1,0,1,-12,73,0,0,4.99,0.43,2.15,11.530000000000006
0,2,0,4,-12,0,1,1,2,-144,48,0,-1,0,1,-9,58,0,0,4.99,0.43,2.15,11.553000000000006
0,2,0,6,-15,0,1,1,2,-148,49,0,-1,0,0,-7,44,0,0,4.99,0.43,2.15,11.576000000000006
0,2,0,10,-20,0,1,0,2,-153,58,0,0,0,1,12,5,0,0,4.99,0.43,2.15,11.599000000000006
0,2,0,11,-21,0,1,0,2,-156,56,0,-1,0,1,26,3,0,0,4.99,0.43,2.15,11.622000000000005
0,2,0,11,-22,0,1,0,2,-152,56,0,-1,0,1,30,-10,0,0,4.99,0.43,2.15,11.645000000000005
0,2,0,10,-23,0,1,0,2,-147,52,0,-1,0,1,37,-23,0,0,4.99,0.43,2.15,11.668000000000005
0,2,0,8,-23,0,0,0,2,-139,32,0,-1,0,1,54,-49,0,0,5.0,0.52,2.62,11.696000000000005
0,2,0,7,-23,0,0,0,2,-134,24,0,-1,0,1,59,-59,0,0,5.0,0.52,2.62,11.724000000000006
0,2,1,4,-19,0,0,0,2,-132,15,0,-1,0,1,62,-70,0,0,5.0,0.52,2.62,11.752000000000006
0,2,1,0,-18,0,0,0,2,-131,6,0,-1,0,1,65,-73,0,0,5.0,0.52,2.62,11.780000000000006
0,2,0,0,-11,0,0,0,2,-128,0,0,-1,0,1,69,-77,0,0,5.0,0.52,2.62,11.808000000000007
0,2,0,-5,-5,0,0,0,2,-124,-16,0,-1,0,2,83,-81,0,0,5.0,0.52,2.62,11.836000000000007
0,2,0,-6,-2,0,0,0,2,-123,-20,0,-1,0,2,88,-80,0,0,5.0,0.52,2.62,11.864000000000008
0,2,0,14,10,0,1,1,1,101,42,0,0,1,2,28,0,0,0,4.99,0.42,2.13,11.887000000000008
0,2,0,13,9,0,0,1,1,95,35,0,0,1,2,22,9,0,0,4.99,0.42,2.13,11.910000000000007
0,2,0,14,6,0,0,2,2,83,21,0,0,2,2,20,21,0,0,4.99,0.42,2.13,11.933000000000007
0,2,0,13,10,0,0,1,2,56,-8,0,0,1,1,-4,21,0,0,4.99,0.42,2.13,11.956000000000007
0,2,0,11,10,0,0,1,2,45,-14,0,0,1,1,-16,23,0,0,4.99,0.42,2.13,11.979000000000006
0,2,0,11,11,0,0,1,2,35,-25,0,0,1,1,-31,6,0,0,4.99,0.42,2.13,12.002000000000006
0,2,0,11,10,0,0,1,2,29,-26,0,0,1,1,-43,8,0,0,4.99,0.43,2.14,12.025000000000006
0,2,0,11,9,0,1,1,2,2,-8,0,0,1,1,-60,11,0,0,4.99,0.43,2.14,12.048000000000005
0,2,0,13,10,0,1,1,2,-5,5,0,0,1,1,-68,12,0,0,4.99,0.43,2.14,12.071000000000005
0,2,0,13,9,0,1,1,2,-16,17,0,0,1,2,-74,1,0,0,4.99,0.43,2.14,12.094000000000005
0,2,0,14,8,0,1,1,2,-25,28,0,0,1,1,-88,-10,0,0,4.99,0.43,2.14,12.117000000000004
0,2,0,13,7,0,0,1,2,-47,32,0,0,1,1,-117,6,0,0,4.99,0.43,2.14,12.140000000000004
0,2,0,14,6,0,0,1,2,-53,27,0,0,0,1,-124,19,0,0,4.99,0.43,2.14,12.163000000000004
0,2,0,14,6,0,0,1,2,-58,19,0,0,0,1,-133,18,0,0,4.99,0.43,2.14,12.186000000000003
0,2,0,14,5,0,0,1,2,-65,12,0,0,0,1,-141,13,0,0,4.99,0.43,2.14,12.209000000000003
0,2,0,7,-18,0,0,0,2,-140,15,0,0,0,1,-22,94,0,0,4.99,0.43,2.15,12.232000000000003
0,2,0,10,-22,0,0,0,2,-135,-24,0,0,0,1,-11,95,0,0,4.99,0.43,2.15,12.255000000000003
0,2,0,10,-23,0,0,0,2,-133,-38,0,-1,0,1,-5,95,0,0,4.99,0.43,2.15,12.278000000000002
0,2,0,11,-23,0,0,0,2,-132,-54,0,-1,0,1,-2,89,0,0,4.99,0.43,2.15,12.301000000000002
0,2,0,12,-24,0,0,0,2,-132,-62,0,-1,0,1,3,84,0,0,4.99,0.43,2.18,12.325000000000001
0,2,0,12,-24,0,0,0,2,-133,-67,0,-1,0,1,6,75,0,0,4.99,0.43,2.18,12.349
0,2,0,10,-20,0,0,0,2,-129,-81,0,-1,0,1,22,54,0,0,4.99,0.43,2.18,12.373
0,2,0,8,-19,0,0,0,2,-128,-83,0,-1,0,1,26,45,0,0,4.99,0.43,2.18,12.396999999999998
0,2,0,6,-16,0,0,0,2,-126,-83,0,-1,0,1,33,36,0,0,4.99,0.43,2.18,12.420999999999998
0,2,0,3,-12,0,0,0,2,-122,-82,0,-1,0,1,39,22,0,0,4.99,0.43,2.18,12.444999999999997
0,2,0,-3,-3,0,0,0,2,-111,-70,0,-1,0,1,55,-21,0,0,4.99,0.43,2.18,12.468999999999996
0,2,0,-5,-1,0,0,0,2,-107,-64,0,-1,0,1,63,-34,0,0,4.99,0.43,2.18,12.492999999999995
0,2,0,-5,0,0,1,0,2,-103,-56,0,-1,0,1,68,-44,0,0,4.99,0.43,2.18,12.516999999999994
0,2,0,-4,3,0,0,0,2,-97,-48,0,-1,0,1,70,-52,0,0,4.99,0.43,2.18,12.540999999999993
0,2,0,-6,7,0,0,0,2,-78,-31,0,-1,0,2,86,-50,0,0,4.99,0.43,2.18,12.564999999999992
0,2,0,-7,8,0,0,0,2,-71,-27,0,-1,0,2,89,-50,0,0,4.99,0.43,2.18,12.588999999999992
0,2,0,4,19,0,1,1,2,89,31,0,0,1,2,-17,-17,0,0,4.99,0.43,2.17,12.61299999999999
0,2,0,3,16,0,1,1,2,83,27,0,0,1,2,-22,-17,0,0,4.99,0.43,2.19,12.63699999999999
0,2,0,4,17,0,0,2,2,76,26,0,0,1,2,-28,-15,0,0,4.99,0.43,2.19,12.660999999999989
0,2,0,5,12,0,0,1,2,48,16,0,0,1,2,-37,0,0,0,4.99,0.43,2.19,12.684999999999988
0,2,0,6,11,0,0,1,2,37,20,0,0,1,2,-35,14,0,0,4.99,0.43,2.19,12.708999999999987
0,2,0,8,9,0,1,1,2,24,33,0,0,1,2,-34,27,0,0,4.99,0.43,2.19,12.732999999999986
0,2,0,9,7,0,1,1,2,12,51,0,0,1,2,-33,44,0,0,4.99,0.43,2.19,12.756999999999985
0,2,0,11,4,0,0,1,2,-7,76,0,0,1,2,-28,62,0,0,4.99,0.43,2.19,12.780999999999985
0,2,0,12,1,0,0,1,2,-16,67,0,0,1,2,-24,53,0,0,4.99,0.43,2.19,12.804999999999984
0,2,0,15,1,0,0,1,2,-25,53,0,0,1,2,-22,51,0,0,4.99,0.43,2.19,12.828999999999983
0,2,0,16,0,0,0,1,2,-32,42,0,0,1,2,-22,44,0,0,4.99,0.43,2.19,12.852999999999982
0,2,0,16,-2,0,0,1,2,-37,31,0,0,1,2,-37,80,0,0,4.99,0.43,2.19,12.876999999999981
0,2,0,18,-7,0,0,1,2,-48,-9,0,0,1,1,-83,70,0,0,4.99,0.43,2.19,12.90099999999998
0,2,0,18,-7,0,0,1,2,-50,-20,0,0,1,1,-96,59,0,0,4.99,0.43,2.19,12.92499999999998
0,2,0,18,-6,0,0,1,2,-51,-26,0,0,1,1,-102,57,0,0,4.99,0.43,2.19,12.948999999999979
0,2,0,1,-16,0,1,0,2,-134,60,0,-1,0,1,27,-126,0,0,4.99,0.42,2.12,12.972999999999978
0,2,0,2,-17,0,1,0,2,-133,57,0,-1,0,1,30,-136,0,0,4.99,0.42,2.12,12.996999999999977
0,2,0,2,-17,0,0,0,2,-127,47,0,-1,0,1,42,-131,0,0,4.99,0.42,2.12,13.020999999999976
0,2,0,3,-18,0,0,0,2,-129,39,0,-1,0,1,46,-126,0,0,4.99,0.42,2.12,13.044999999999975
0,2,0,3,-18,0,0,0,2,-135,34,0,-1,0,2,50,-118,0,0,4.99,0.42,2.12,13.068999999999974
0,2,0,3,-17,0,1,0,2,-136,33,0,-1,0,2,51,-112,0,0,4.99,0.42,2.12,13.092999999999973
0,2,0,5,-17,0,1,0,2,-138,35,0,-1,0,2,45,-89,0,0,4.99,0.42,2.12,13.116999999999972
0,2,0,6,-19,0,1,0,2,-138,38,0,-1,-4,2,29,76,0,0,4.99,0.42,2.12,13.140999999999972
0,2,0,6,-18,0,1,0,2,-141,40,0,-1,0,3,51,-104,0,0,4.99,0.42,2.12,13.16499999999997
0,2,0,6,-18,0,1,0,2,-141,43,0,-1,0,2,45,-57,0,0,4.99,0.42,2.12,13.18899999999997
0,2,0,6,-15,0,1,0,2,-142,47,0,-1,0,2,57,-52,0,0,4.99,0.42,2.12,13.212999999999969
0,2,0,4,-13,0,1,0,2,-139,47,0,-1,0,2,60,-44,0,0,4.99,0.42,2.12,13.236999999999968
0,2,0,3,-12,0,0,0,2,-136,45,0,-1,1,2,68,-80,0,0,4.99,0.42,2.12,13.260999999999967
0,2,0,4,-10,0,0,0,2,-131,42,0,0,0,2,68,-53,0,0,4.99,0.42,2.12,13.284999999999966
0,2,0,9,-9,0,0,0,2,-122,34,0,-1,0,2,68,-48,0,0,4.99,0.42,2.12,13.308999999999966
0,2,0,9,-8,0,0,0,2,-119,33,0,-1,0,2,67,-48,0,0,4.99,0.42,2.12,13.332999999999965
0,2,0,6,13,0,0,0,1,188,-36,0,0,1,2,33,0,0,0,4.99,0.44,2.19,13.357999999999965
0,2,0,7,12,0,0,0,1,191,-40,0,0,1,2,29,-15,0,0,4.99,0.44,2.19,13.382999999999965
0,2,0,9,11,0,0,0,1,192,-42,0,0,1,2,23,-22,0,0,4.99,0.44,2.19,13.407999999999966
0,2,0,9,10,0,0,1,1,190,-48,0,0,1,2,-7,-38,0,0,4.99,0.44,2.19,13.432999999999966
0,2,0,9,10,0,0,1,1,188,-55,0,0,1,1,-15,-34,0,0,4.99,0.44,2.19,13.457999999999966
0,2,0,10,8,0,0,1,1,187,-50,0,0,1,1,-25,-46,0,0,4.99,0.44,2.19,13.482999999999967
0,2,0,10,7,0,0,1,1,185,-55,0,0,1,1,-35,-42,0,0,4.99,0.44,2.19,13.507999999999967
0,2,0,12,4,0,0,1,1,185,-55,0,0,1,1,-52,-17,0,0,4.99,0.44,2.19,13.532999999999967
0,2,0,12,2,0,0,1,1,187,-55,0,0,1,1,-58,-10,0,0,4.99,0.44,2.19,13.557999999999968
0,2,0,13,1,0,0,1,1,188,-64,0,0,1,1,-59,1,0,0,4.99,0.44,2.19,13.582999999999968
0,2,0,13,1,0,0,1,1,194,-61,0,0,1,1,-64,0,0,0,4.99,0.44,2.19,13.607999999999969
0,2,0,14,0,0,0,1,1,170,-56,0,0,1,1,-72,-2,0,0,4.99,0.44,2.19,13.632999999999969
0,2,0,15,-1,0,0,1,1,164,-49,0,0,1,1,-68,4,0,0,4.99,0.44,2.19,13.65799999999997
0,2,0,16,-1,0,0,1,2,166,-42,0,0,1,1,-61,-9,0,0,4.99,0.44,2.19,13.68299999999997
0,2,0,16,-1,0,0,1,2,168,-39,0,0,1,1,-52,-38,0,0,4.99,0.44,2.19,13.70799999999997
0,2,0,-1,-6,0,1,0,2,-70,8,0,-1,-1,1,-74,104,0,0,4.99,0.43,2.17,13.73299999999997
0,2,0,0,-8,0,1,0,3,-64,11,0,-1,-1,1,-73,102,0,0,4.99,0.43,2.17,13.75799999999997
0,2,0,0,-9,0,1,0,3,-61,8,0,-1,-1,1,-74,103,0,0,4.99,0.43,2.17,13.782999999999971
0,2,0,2,-10,0,0,0,2,-60,1,0,-1,-1,1,-77,107,0,0,4.99,0.43,2.17,13.807999999999971
0,2,0,3,-12,0,1,0,3,-58,-4,0,-1,-1,0,-80,111,0,0,4.99,0.43,2.17,13.832999999999972
0,2,0,4,-13,0,1,0,3,-56,-12,0,-1,0,0,-81,116,0,0,4.99,0.43,2.17,13.857999999999972
0,2,0,6,-15,0,1,0,3,-56,-8,0,0,0,0,-79,128,0,0,4.99,0.43,2.17,13.882999999999972
0,2,0,7,-16,0,1,0,3,-53,-7,0,0,0,0,-78,130,0,0,4.99,0.43,2.17,13.907999999999973
0,2,0,7,-15,0,1,0,2,-51,-9,0,0,0,0,-74,127,0,0,4.99,0.43,2.17,13.932999999999973
0,2,0,6,-15,0,1,0,3,-51,-12,0,-1,0,0,-69,123,0,0,4.99,0.43,2.17,13.957999999999974
0,2,0,7,-15,0,1,1,3,-49,-19,0,-1,0,0,-52,107,0,0,4.99,0.43,2.17,13.982999999999974
0,2,0,7,-14,0,1,1,2,-53,-18,0,-1,0,0,-42,92,0,0,4.99,0.43,2.17,14.007999999999974
0,2,0,7,-14,0,1,1,3,-55,-25,0,-2,0,0,-38,70,0,0,4.99,0.43,2.17,14.032999999999975
0,2,0,8,-14,0,1,1,3,-61,-26,0,-1,0,0,-29,40,0,0,4.99,0.43,2.17,14.057999999999975
0,2,0,10,-12,0,1,1,2,-77,-9,0,-1,0,0,-2,-17,0,0,4.99,0.43,2.17,14.082999999999975
0,2,0,8,0,0,1,0,1,119,-85,0,0,1,3,80,-2,0,0,4.99,0.42,2.11,14.106999999999974
0,2,0,9,0,0,1,0,1,120,-71,0,0,1,2,70,1,0,0,4.99,0.42,2.11,14.130999999999974
0,2,0,9,0,0,1,1,1,115,-45,0,0,0,2,46,-2,0,0,4.99,0.42,2.11,14.154999999999973
0,2,0,9,0,0,1,1,1,113,-39,0,-2,0,3,31,-36,0,0,4.99,0.42,2.11,14.178999999999972
0,2,0,8,0,0,1,1,1,111,-37,0,0,1,3,36,-14,0,0,4.99,0.42,2.11,14.202999999999971
0,2,0,9,0,0,1,1,1,105,-35,0,0,2,2,30,-4,0,0,4.99,0.42,2.11,14.22699999999997
0,2,0,8,-3,0,1,1,1,101,-32,0,0,1,2,21,5,0,0,4.99,0.42,2.11,14.25099999999997
0,2,0,13,-5,0,1,1,1,90,-33,0,0,1,2,3,27,0,0,4.99,0.42,2.11,14.274999999999968
0,2,0,15,-6,0,1,1,1,87,-23,0,0,1,2,-1,37,0,0,4.99,0.42,2.11,14.298999999999968
0,2,0,16,-7,0,1,1,1,84,-6,0,0,1,2,-6,39,0,0,4.99,0.42,2.11,14.322999999999967
0,2,0,17,-8,0,1,1,1,82,13,0,0,1,2,-11,56,0,0,4.99,0.42,2.11,14.346999999999966
0,2,0,18,-10,0,1,1,1,67,61,0,0,1,2,-32,64,0,0,4.99,0.42,2.11,14.370999999999965
0,2,0,19,-11,0,1,1,1,56,69,0,0,1,2,-39,80,0,0,4.99,0.42,2.11,14.394999999999964
0,2,0,18,-12,0,0,1,1,44,72,0,0,1,1,-53,75,0,0,4.99,0.43,2.19,14.419999999999964
0,2,0,18,-13,0,0,1,1,33,72,0,0,1,2,-69,79,0,0,4.99,0.43,2.19,14.444999999999965
0,2,0,6,-10,0,1,0,2,-12,-73,0,0,0,0,31,97,0,0,4.99,0.43,2.18,14.470999999999965
0,2,0,5,-11,0,1,1,2,-30,-76,0,-1,0,0,35,117,0,0,4.99,0.43,2.18,14.496999999999964
0,2,0,6,-11,0,1,1,2,-35,-74,0,-1,0,0,19,111,0,0,4.99,0.43,2.18,14.522999999999964
0,2,0,6,-11,0,1,1,2,-41,-70,0,-1,0,0,14,106,0,0,4.99,0.43,2.18,14.548999999999964
0,2,0,5,-11,0,1,1,2,-45,-64,0,-1,0,0,15,96,0,0,4.99,0.43,2.18,14.574999999999964
0,2,0,4,-7,0,1,1,2,-53,-55,0,-1,0,0,15,80,0,0,4.99,0.43,2.18,14.600999999999964
0,2,0,4,-8,0,1,1,2,-58,-51,0,-1,0,0,16,68,0,0,4.99,0.43,2.18,14.626999999999963
0,2,0,5,-6,0,1,1,2,-62,-52,0,-1,0,0,20,54,0,0,4.99,0.43,2.18,14.652999999999963
0,2,0,6,-8,0,1,1,2,-68,-49,0,-1,0,0,23,41,0,0,4.99,0.43,2.18,14.678999999999963
0,2,0,9,-7,0,1,1,2,-76,-47,0,-1,0,0,29,29,0,0,4.99,0.43,2.18,14.704999999999963
0,2,0,12,-7,0,1,1,2,-99,-22,0,-1,0,0,47,-9,0,0,4.99,0.43,2.18,14.730999999999963
0,2,0,12,-7,0,1,1,2,-110,-9,0,-1,0,0,61,-16,0,0,4.99,0.43,2.17,14.756999999999962
0,2,0,11,-7,0,2,1,2,-118,10,0,-1,0,0,73,-23,0,0,4.99,0.43,2.17,14.782999999999962
0,2,0,10,-6,0,2,1,2,-128,29,0,-1,0,0,78,-35,0,0,4.99,0.43,2.17,14.808999999999962
0,2,0,12,-7,0,2,1,2,-149,76,0,-2,0,1,94,-62,0,0,4.99,0.43,2.17,14.834999999999962
0,2,0,14,-5,0,2,0,2,-157,87,0,-1,0,1,69,-94,0,0,4.99,0.43,2.17,14.860999999999962
0,2,0,0,10,0,0,1,2,121,-21,0,0,1,2,64,-6,0,0,4.99,0.44,2.22,14.886999999999961
0,2,0,0,12,0,0,1,2,109,-21,0,0,1,2,61,-24,0,0,4.99,0.44,2.22,14.912999999999961
0,2,0,0,13,0,1,1,2,102,-20,0,0,1,2,57,-26,0,0,4.99,0.44,2.22,14.938999999999961
0,2,0,0,15,0,1,1,2,85,12,0,0,2,2,27,-18,0,0,4.99,0.44,2.22,14.96499999999996
0,2,0,0,15,0,1,1,2,80,29,0,0,1,1,17,-10,0,0,4.99,0.44,2.22,14.99099999999996
0,2,0,1,14,0,1,1,2,72,37,0,0,1,2,14,0,0,0,4.99,0.44,2.22,15.01699999999996
0,2,0,2,14,0,1,1,2,64,56,0,0,2,2,2,8,0,0,4.99,0.44,2.22,15.04299999999996
0,2,0,6,13,0,0,1,2,37,64,0,0,2,1,-16,0,0,0,4.99,0.44,2.22,15.06899999999996
0,2,0,7,12,0,0,1,2,31,56,0,0,2,1,-24,4,0,0,4.99,0.43,2.18,15.09499999999996
0,2,0,9,10,0,0,1,2,29,52,0,0,1,1,-37,10,0,0,4.99,0.43,2.18,15.12099999999996
0,2,0,11,9,0,0,1,2,30,55,0,0,1,1,-49,14,0,0,4.99,0.43,2.18,15.14699999999996
0,2,0,15,4,0,0,1,2,26,65,0,0,1,1,-82,26,0,0,4.99,0.43,2.18,15.17299999999996
0,2,0,16,2,0,0,1,2,23,59,0,0,1,1,-89,28,0,0,4.99,0.43,2.18,15.198999999999959
0,2,0,17,1,0,0,1,2,17,51,0,0,2,1,-97,5,0,0,4.99,0.43,2.18,15.224999999999959
0,2,0,18,0,0,0,1,2,12,47,0,0,1,1,-104,31,0,0,4.99,0.43,2.18,15.250999999999959
0,2,0,-12,8,0,1,0,2,-127,-21,0,-1,0,0,-52,141,0,0,4.99,0.42,2.14,15.276999999999958
0,2,0,-10,6,0,1,0,2,-139,-24,0,-1,0,0,-46,137,0,0,4.99,0.42,2.14,15.302999999999958
0,2,0,-7,6,0,2,0,2,-166,-23,0,-2,0,0,-34,113,0,0,4.99,0.42,2.14,15.328999999999958
0,2,0,-6,6,0,2,0,2,-169,-15,0,-2,0,0,-28,98,0,0,4.99,0.42,2.14,15.354999999999958
0,2,0,-4,5,0,2,0,2,-171,-4,0,-2,0,0,-12,89,0,0,4.99,0.42,2.14,15.380999999999958
0,2,0,-3,5,0,2,0,2,-170,10,0,-2,0,0,-6,67,0,0,4.99,0.42,2.14,15.406999999999957
0,2,0,0,4,0,2,0,2,-161,34,0,-2,0,0,30,22,0,0,4.99,0.43,2.17,15.432999999999957
0,2,0,0,3,0,1,0,2,-159,32,0,-2,0,1,41,12,0,0,4.99,0.43,2.17,15.458999999999957
0,2,0,1,3,0,1,0,2,-158,28,0,-2,0,1,53,7,0,0,4.99,0.43,2.17,15.484999999999957
0,2,0,3,2,0,1,0,2,-151,25,0,-2,0,1,65,5,0,0,4.99,0.43,2.17,15.510999999999957
0,2,0,6,2,0,1,0,2,-130,20,0,-2,0,1,88,2,0,0,4.99,0.43,2.17,15.536999999999956
0,2,0,7,3,0,1,0,2,-124,19,0,-2,0,1,94,-2,0,0,4.99,0.43,2.17,15.562999999999956
0,2,0,8,3,0,1,0,2,-117,20,0,-2,0,1,99,-6,0,0,4.99,0.43,2.17,15.588999999999956
0,2,0,9,3,0,1,0,2,-113,19,0,-2,0,1,104,-15,0,0,4.99,0.43,2.17,15.614999999999956
0,2,0,11,2,0,1,0,2,-94,31,0,-2,0,1,109,-52,0,0,4.99,0.43,2.17,15.640999999999956
0,2,0,12,2,0,1,0,2,-88,34,0,-2,0,1,108,-69,0,0,4.99,0.43,2.17,15.666999999999955
0,2,0,7,-5,0,0,1,2,77,-43,0,0,2,1,-33,-71,0,0,4.99,0.43,2.17,15.692999999999955
0,2,0,5,-5,0,0,1,1,71,-31,0,0,2,2,-39,-59,0,0,4.99,0.43,2.17,15.718999999999955
0,2,0,4,0,0,0,1,2,67,-32,0,0,1,2,-49,-42,0,0,4.99,0.43,2.17,15.744999999999955
0,2,0,3,5,0,0,1,2,48,-37,0,0,1,1,-42,-32,0,0,4.99,0.43,2.16,15.770999999999955
0,2,0,2,6,0,0,1,2,39,-39,0,0,1,1,-38,-41,0,0,4.99,0.43,2.16,15.796999999999954
0,2,0,4,8,0,0,1,2,33,-38,0,0,1,1,-38,-36,0,0,4.99,0.43,2.16,15.822999999999954
0,2,0,4,7,0,1,1,2,30,-33,0,0,0,3,-21,-31,0,0,4.99,0.43,2.16,15.848999999999954
0,2,0,5,7,0,1,1,2,24,-30,0,0,2,1,-60,-34,0,0,4.99,0.43,2.16,15.874999999999954
0,2,0,5,6,0,1,1,2,7,-8,0,0,1,1,-62,-6,0,0,4.99,0.43,2.16,15.900999999999954
0,2,0,4,6,0,1,1,2,0,1,0,0,1,2,-62,20,0,0,4.99,0.43,2.16,15.926999999999953
0,2,0,4,7,0,1,1,2,-3,12,0,0,1,1,-69,16,0,0,4.99,0.43,2.16,15.952999999999953
0,2,0,4,6,0,1,1,2,-9,25,0,0,1,1,-62,50,0,0,4.99,0.43,2.16,15.978999999999953
0,2,0,6,4,0,1,1,1,-26,68,0,1,1,1,-49,116,0,0,4.99,0.43,2.16,16.004999999999953
0,2,0,8,3,0,1,1,1,-28,79,0,0,1,1,-53,142,0,0,4.99,0.43,2.16,16.030999999999953
0,2,0,9,3,0,1,1,1,-31,78,0,0,1,1,-64,143,0,0,4.99,0.43,2.16,16.056999999999952
0,2,0,0,-5,0,0,0,2,-99,-52,0,-2,0,0,81,-14,0,0,4.99,0.42,2.14,16.082999999999952
0,2,0,1,-7,0,0,0,2,-98,-52,0,-1,0,0,89,-37,0,0,4.99,0.42,2.12,16.108999999999952
0,2,0,0,-10,0,0,0,2,-85,-53,0,-2,0,0,114,-83,0,0,4.99,0.42,2.12,16.134999999999952
0,2,0,-1,-10,0,0,0,2,-80,-53,0,-2,0,0,133,-96,0,0,4.99,0.42,2.12,16.16099999999995
0,2,0,-2,-9,0,1,0,2,-76,-50,0,-2,0,0,144,-104,0,0,4.99,0.42,2.12,16.18699999999995
0,2,0,-4,-10,0,1,0,3,-73,-51,0,-1,0,0,156,-120,0,0,4.99,0.42,2.12,16.21299999999995
0,2,0,-4,-7,0,1,0,3,-65,-61,0,-1,0,1,171,-143,0,0,4.99,0.42,2.12,16.23899999999995
0,2,0,-4,-5,0,1,0,3,-64,-65,0,-1,0,1,167,-147,0,0,4.99,0.42,2.12,16.26499999999995
0,2,0,-4,-4,0,1,0,3,-66,-68,0,-1,0,1,172,-138,0,0,4.99,0.42,2.12,16.29099999999995
0,2,0,-4,-4,0,1,0,3,-69,-69,0,-1,0,1,170,-135,0,0,4.99,0.42,2.12,16.31699999999995
0,2,0,-3,-1,0,1,0,3,-86,-64,0,-1,0,1,168,-121,0,0,4.99,0.42,2.12,16.34299999999995
0,2,0,-1,0,0,1,0,2,-94,-65,0,-2,0,2,157,-111,0,0,4.99,0.42,2.12,16.36899999999995
0,2,0,0,0,0,1,0,2,-100,-57,0,-1,1,2,165,-137,0,0,4.99,0.42,2.12,16.39499999999995
0,2,0,2,1,0,1,0,2,-104,-46,0,-2,0,2,166,-115,0,0,4.99,0.42,2.12,16.42099999999995
0,2,0,2,0,0,1,0,2,-104,-35,0,-2,0,2,163,-120,0,0,4.99,0.42,2.12,16.44699999999995
0,2,0,0,15,0,1,1,2,-26,49,0,0,2,2,33,3,0,0,5.0,0.5,2.5,16.47799999999995
0,2,0,-1,15,0,1,1,2,-34,52,0,0,2,1,19,-2,0,0,5.0,0.5,2.5,16.508999999999947
0,2,0,-2,15,0,0,0,2,-39,57,0,0,2,2,2,9,0,0,5.0,0.5,2.5,16.539999999999946
0,2,0,-1,15,0,1,0,2,-44,65,0,0,2,1,-38,29,0,0,5.0,0.5,2.5,16.570999999999945
0,2,0,0,15,0,0,0,2,-43,72,0,0,2,1,-55,30,0,0,5.0,0.5,2.5,16.601999999999943
0,2,0,1,14,0,0,0,2,-46,73,0,0,2,1,-76,24,0,0,5.0,0.5,2.5,16.632999999999942
0,2,0,2,13,0,0,1,2,-48,71,0,0,2,1,-91,25,0,0,5.0,0.5,2.5,16.66399999999994
0,2,0,4,12,0,0,0,2,-50,61,0,0,2,1,-130,29,0,0,5.0,0.5,2.5,16.69499999999994
0,2,0,4,10,0,0,0,2,-50,61,0,0,2,0,-147,27,0,0,5.0,0.5,2.5,16.72599999999994
0,2,0,4,9,0,0,0,2,-51,59,0,0,2,0,-159,25,0,0,5.0,0.5,2.5,16.756999999999938
0,2,0,4,7,0,0,0,2,-53,53,0,0,2,0,-182,19,0,0,5.0,0.5,2.5,16.787999999999936
0,2,0,7,4,0,0,0,2,-59,44,0,0,1,0,-225,3,0,0,5.0,0.5,2.5,16.818999999999935
0,2,0,8,2,0,0,0,2,-59,39,0,0,1,0,-240,1,0,0,5.0,0.5,2.5,16.849999999999934
0,2,0,9,2,0,0,0,2,-58,36,0,0,1,0,-250,3,0,0,5.0,0.5,2.5,16.880999999999933
0,2,0,10,0,0,0,0,2,-57,33,0,0,1,0,-250,5,0,0,5.0,0.5,2.5,16.91199999999993
0,2,0,-32,18,0,0,0,3,-102,-19,0,-2,-1,1,16,-21,0,0,4.99,0.43,2.16,16.938999999999933
0,2,0,-24,18,0,0,0,3,-117,-27,0,-1,-1,1,37,-48,0,0,4.99,0.43,2.16,16.965999999999934
0,2,0,-18,17,0,0,0,3,-121,-32,0,-1,-1,1,45,-54,0,0,4.99,0.43,2.16,16.992999999999935
0,2,0,-13,12,0,0,0,3,-124,-35,0,-1,-1,1,51,-60,0,0,4.99,0.43,2.16,17.019999999999936
0,2,0,-9,9,0,0,0,3,-128,-39,0,-1,-1,1,60,-59,0,0,4.99,0.43,2.16,17.046999999999937
0,2,0,-7,7,0,1,0,3,-129,-39,0,-1,-1,1,66,-57,0,0,4.99,0.43,2.16,17.073999999999938
0,2,0,-6,1,0,1,0,3,-130,-41,0,-1,-1,1,90,-31,0,0,4.99,0.43,2.16,17.10099999999994
0,2,0,-6,0,0,1,0,3,-125,-45,0,-1,-1,1,103,-27,0,0,4.99,0.43,2.16,17.12799999999994
0,2,0,-4,-3,0,1,0,3,-122,-42,0,-1,-1,1,109,-21,0,0,4.99,0.43,2.16,17.15499999999994
0,2,0,-2,-6,0,1,0,3,-120,-43,0,-1,-1,1,113,-18,0,0,4.99,0.43,2.16,17.18199999999994
0,2,0,0,-13,0,0,0,3,-113,-45,0,-1,0,2,133,-32,0,0,4.99,0.43,2.16,17.208999999999943
0,2,0,2,-15,0,0,0,3,-110,-45,0,-1,0,2,136,-43,0,0,4.99,0.43,2.16,17.235999999999944
0,2,0,3,-15,0,0,0,3,-106,-44,0,-2,0,2,138,-56,0,0,4.99,0.43,2.16,17.262999999999945
0,2,0,2,-17,0,0,0,3,-102,-42,0,-2,0,2,137,-70,0,0,4.99,0.43,2.16,17.289999999999946
0,2,1,6,-16,0,0,0,3,-86,-39,0,-2,0,2,133,-90,0,0,4.99,0.43,2.16,17.316999999999947
0,2,1,4,-15,0,0,0,3,-80,-38,0,-1,0,2,125,-92,0,0,4.99,0.43,2.16,17.343999999999948
0,2,0,9,1,0,1,1,2,78,-39,0,0,1,1,-14,-45,0,0,4.99,0.41,2.08,17.37099999999995
0,2,0,8,0,0,1,1,2,75,-35,0,0,1,1,-22,-43,0,0,4.99,0.41,2.08,17.39799999999995
0,2,0,9,2,0,1,1,2,75,-23,0,0,1,1,-29,-43,0,0,4.99,0.41,2.08,17.42499999999995
0,2,0,10,2,0,1,1,2,69,1,0,0,1,1,-50,-42,0,0,4.99,0.41,2.08,17.451999999999952
0,2,0,11,2,0,1,1,2,72,7,0,0,1,1,-55,-42,0,0,4.99,0.41,2.08,17.478999999999953
0,2,0,12,2,0,1,1,2,70,20,0,0,1,1,-57,-33,0,0,4.99,0.41,2.08,17.505999999999954
0,2,0,14,2,0,1,1,2,70,17,0,0,1,1,-63,-30,0,0,4.99,0.41,2.08,17.532999999999955
0,2,0,13,2,0,0,1,2,50,25,0,0,1,1,-79,-12,0,0,4.99,0.41,2.08,17.559999999999956
0,2,0,12,2,0,0,1,2,40,26,0,0,1,1,-83,-8,0,0,4.99,0.41,2.08,17.586999999999957
0,2,0,12,2,0,0,1,2,39,28,0,0,1,1,-90,-3,0,0,4.99,0.41,2.08,17.613999999999958
0,2,0,13,1,0,0,1,2,33,28,0,0,1,1,-97,-5,0,0,4.99,0.41,2.08,17.64099999999996
0,2,0,16,-1,0,0,1,2,18,27,0,0,1,1,-113,13,0,0,4.99,0.41,2.08,17.66799999999996
0,2,0,17,-3,0,0,1,2,16,27,0,0,1,1,-119,8,0,0,4.99,0.41,2.08,17.69499999999996
0,2,0,18,-3,0,0,1,2,11,26,0,0,1,1,-122,14,0,0,4.99,0.41,2.08,17.721999999999962
0,2,0,18,-4,0,0,1,2,8,25,0,0,1,1,-128,14,0,0,4.99,0.41,2.08,17.748999999999963
0,2,0,-7,-2,0,1,0,3,-85,-27,0,-1,-1,1,-7,36,0,0,4.99,0.44,2.22,17.777999999999963
0,2,0,-6,-2,0,1,0,3,-81,-47,0,-1,-1,1,6,19,0,0,4.99,0.44,2.22,17.806999999999963
0,2,0,-5,-2,0,1,0,3,-78,-51,0,-1,-1,1,10,8,0,0,4.99,0.44,2.22,17.835999999999963
0,2,0,-3,-2,0,1,0,3,-75,-51,0,-1,-1,1,13,-2,0,0,4.99,0.44,2.22,17.864999999999963
0,2,0,-1,-3,0,1,0,3,-73,-51,0,-1,0,1,14,-18,0,0,4.99,0.44,2.22,17.893999999999963
0,2,0,2,-5,0,1,0,3,-76,-36,0,-1,0,1,15,-49,0,0,4.99,0.44,2.22,17.922999999999963
0,2,0,3,-5,0,1,0,3,-77,-29,0,-1,0,1,14,-53,0,0,4.99,0.44,2.22,17.951999999999963
0,2,0,3,-5,0,1,0,3,-78,-20,0,-1,0,1,17,-63,0,0,4.99,0.44,2.22,17.980999999999963
0,2,0,3,-5,0,1,0,3,-79,-9,0,-1,0,1,16,-65,0,0,4.99,0.44,2.22,18.009999999999962
0,2,0,1,-2,0,1,0,3,-83,19,0,-1,0,1,25,-62,0,0,4.99,0.44,2.22,18.038999999999962
0,2,0,1,-1,0,1,0,3,-86,31,0,-1,0,1,32,-50,0,0,4.99,0.44,2.22,18.067999999999962
0,2,0,1,0,0,1,0,3,-86,40,0,-1,0,1,39,-50,0,0,4.99,0.44,2.22,18.096999999999962
0,2,0,0,2,0,1,0,3,-89,46,0,-1,0,1,47,-52,0,0,4.99,0.44,2.22,18.125999999999962
0,2,0,0,4,0,1,0,2,-89,52,0,-1,0,1,57,-49,0,0,4.99,0.43,2.19,18.15399999999996
-1,2,0,0,-6,0,0,1,2,-50,53,0,0,1,2,114,-1,0,0,4.98,0.39,1.95,2.8719999999999817
0,2,0,3,-9,0,0,1,2,-53,56,0,0,1,2,110,9,0,0,4.98,0.39,1.95,2.882999999999982
0,2,0,5,-11,0,0,1,2,-56,59,0,0,1,1,107,7,0,0,4.98,0.39,1.95,2.893999999999982
0,2,0,9,-12,0,0,1,2,-64,60,0,0,1,2,108,34,0,0,4.98,0.39,1.95,2.904999999999982
0,2,0,8,-11,0,0,1,3,-67,61,0,0,1,2,104,35,0,0,4.98,0.39,1.95,2.915999999999982
0,2,0,8,-8,0,0,1,3,-70,62,0,0,1,2,108,40,0,0,4.98,0.39,1.95,2.9269999999999823
0,2,0,-16,-5,0,1,-1,1,-90,-56,0,-1,1,2,88,9,0,0,4.98,0.4,2.0,2.9389999999999823
0,2,0,-16,-8,0,1,-1,1,-83,-48,0,-1,1,2,94,9,0,0,4.98,0.4,2.0,2.9509999999999823
0,2,0,-16,-10,0,1,-1,1,-74,-42,0,-1,1,2,101,13,0,0,4.98,0.4,2.0,2.9629999999999823
0,2,0,-11,-15,0,1,-1,1,-52,-38,0,-1,1,2,119,26,0,0,4.98,0.4,2.0,2.9749999999999823
0,2,0,-11,-13,0,1,-1,1,-38,-36,0,-1,1,2,129,36,0,0,4.98,0.4,2.0,2.9869999999999823
0,2,0,-12,-13,0,1,-1,1,-26,-34,0,-1,1,2,136,15,0,0,4.98,0.4,2.0,2.9989999999999823
0,2,0,-14,-12,0,1,-1,1,-14,-38,0,-1,1,2,149,45,0,0,4.98,0.4,2.0,3.0109999999999824
0,2,0,-13,-7,0,2,-1,1,18,-31,0,-1,1,2,172,86,0,0,4.98,0.4,2.0,3.0229999999999824
0,2,0,-14,-5,0,2,-1,1,33,-24,0,-1,1,2,172,92,0,0,4.98,0.4,2.0,3.0349999999999824
0,2,0,-15,-4,0,2,-1,1,49,-15,0,-1,1,2,173,81,0,0,4.98,0.4,2.0,3.0469999999999824
0,2,0,-16,-4,0,2,-1,1,64,-4,0,-1,1,2,178,84,0,0,4.98,0.4,2.0,3.0589999999999824
0,2,0,-20,-5,0,2,-1,1,98,10,0,-2,1,2,166,77,0,0,4.98,0.4,2.0,3.0709999999999824
0,2,0,-18,-7,0,1,-1,1,107,13,0,-1,2,2,165,88,0,0,4.98,0.4,2.0,3.0829999999999824
0,2,0,-15,-9,0,2,-1,1,115,17,0,-1,2,2,158,80,0,0,4.98,0.4,2.0,3.0949999999999824
0,2,0,-11,-12,0,2,-1,1,124,26,0,-1,2,2,149,78,0,0,4.98,0.38,1.94,3.1059999999999826
0,3,1,-14,28,0,1,0,2,80,46,0,-1,-1,1,-38,-120,0,0,4.98,0.39,1.96,3.1179999999999826
0,3,1,-21,30,0,1,0,2,79,49,0,-1,-1,1,-27,-128,0,0,4.98,0.39,1.96,3.1299999999999826
-1,3,0,-26,24,0,1,0,2,78,50,0,-1,-1,1,2,-152,0,0,4.98,0.39,1.96,3.1419999999999826
-1,3,0,-29,21,0,1,0,3,76,50,0,-1,0,1,12,-158,0,0,4.98,0.39,1.96,3.1539999999999826
-1,2,0,-26,21,0,1,0,3,75,52,0,-1,0,1,21,-164,0,0,4.98,0.39,1.96,3.1659999999999826
0,2,0,-22,18,0,1,0,3,75,51,0,-1,0,1,28,-169,0,0,4.98,0.39,1.96,3.1779999999999826
0,2,0,-17,15,0,1,0,3,75,47,0,-1,0,1,37,-173,0,0,4.98,0.39,1.96,3.1899999999999826
0,2,0,-7,10,0,1,0,3,74,38,0,-1,0,1,58,-187,0,0,4.98,0.39,1.96,3.2019999999999826
0,2,0,-9,7,0,1,0,3,75,35,0,-1,0,1,64,-191,0,0,4.98,0.39,1.96,3.2139999999999826
0,2,0,-9,8,0,1,0,3,75,33,0,-1,0,1,69,-196,0,0,4.98,0.39,1.96,3.2259999999999827
0,2,0,-7,12,0,1,0,3,76,34,0,-1,0,1,74,-203,0,0,4.98,0.39,1.96,3.2379999999999827
0,2,0,-20,19,0,1,0,3,76,41,0,0,-1,1,89,-217,0,0,4.98,0.39,1.96,3.2499999999999827
0,2,0,-26,24,0,1,0,3,77,44,0,0,-1,1,96,-219,0,0,4.98,0.4,2.0,3.2619999999999827
0,2,0,-30,24,0,1,0,3,79,44,0,0,-1,1,105,-215,0,0,4.98,0.4,2.0,3.2739999999999827
0,2,0,-32,27,0,1,0,3,82,44,0,0,0,1,114,-205,0,0,4.98,0.4,2.0,3.2859999999999827
0,3,0,9,-12,0,0,0,2,-79,-63,0,0,1,2,38,19,0,0,4.98,0.39,1.97,3.2979999999999827
0,3,1,5,-11,0,0,0,2,-76,-65,0,0,1,2,44,22,0,0,4.98,0.39,1.97,3.3099999999999827
0,3,1,-11,-6,0,0,0,2,-66,-70,0,-1,1,2,58,34,0,0,4.98,0.39,1.97,3.3219999999999827
0,3,1,-19,-5,0,0,0,2,-62,-73,0,-1,1,2,58,43,0,0,4.98,0.39,1.97,3.3339999999999828
0,3,0,-25,-2,0,0,0,2,-58,-73,0,-1,1,2,58,36,0,0,4.98,0.39,1.97,3.3459999999999828
0,3,0,-26,-4,0,1,0,2,-54,-69,0,-1,1,3,72,54,0,0,4.98,0.39,1.97,3.3579999999999828
0,3,0,-28,-3,0,1,0,2,-49,-68,0,-1,1,3,80,60,0,0,4.98,0.39,1.97,3.369999999999983
0,2,0,-24,-7,0,1,0,2,-36,-60,0,-1,2,3,93,76,0,0,4.98,0.39,1.97,3.381999999999983
0,2,0,-23,-7,0,1,0,2,-25,-52,0,-1,2,3,88,77,0,0,4.98,0.39,1.97,3.393999999999983
0,2,0,-23,-10,0,1,0,2,-13,-44,0,-1,2,3,89,82,0,0,4.98,0.39,1.97,3.405999999999983
0,2,0,-25,-11,0,1,0,2,-3,-39,0,-1,2,3,86,86,0,0,4.98,0.39,1.97,3.417999999999983
0,2,0,-28,-15,0,1,0,2,11,-27,0,-1,2,3,73,84,0,0,4.98,0.39,1.97,3.429999999999983
0,2,0,-25,-13,0,1,0,2,21,-29,0,-1,2,3,67,79,0,0,4.98,0.39,1.97,3.441999999999983
0,2,0,-24,-16,0,2,0,2,23,-23,0,-1,2,3,61,73,0,0,4.98,0.39,1.97,3.453999999999983
0,2,0,-21,-17,0,1,0,2,30,-20,0,-1,2,3,53,70,0,0,4.98,0.39,1.97,3.465999999999983
0,2,0,3,-17,0,0,0,3,55,27,0,-1,-1,0,17,-74,0,0,4.98,0.4,2.01,3.4789999999999828
0,2,0,4,-17,0,0,0,2,52,29,0,-1,-1,0,24,-73,0,0,4.98,0.4,2.01,3.4919999999999827
0,2,1,-3,-11,0,0,0,3,50,13,0,-1,-1,0,44,-74,0,0,4.98,0.4,2.01,3.5049999999999826
0,2,1,-6,-7,0,0,0,3,46,11,0,-1,-1,0,49,-75,0,0,4.98,0.4,2.01,3.5179999999999825
0,2,1,-9,-5,0,0,0,3,41,8,0,-1,-1,0,55,-75,0,0,4.98,0.4,2.01,3.5309999999999824
0,2,0,-10,-3,0,0,0,3,39,8,0,-1,-1,0,60,-74,0,0,4.98,0.4,2.01,3.5439999999999823
0,2,0,-11,2,0,1,0,3,36,14,0,-1,-1,0,74,-78,0,0,4.98,0.4,2.01,3.556999999999982
0,2,0,-14,5,0,1,0,3,36,16,0,-1,-1,0,79,-79,0,0,4.98,0.4,2.01,3.569999999999982
0,2,1,-17,9,0,1,0,3,35,17,0,-1,-1,0,83,-80,0,0,4.98,0.39,1.97,3.581999999999982
0,2,1,-22,11,0,1,0,3,36,21,0,-1,-1,1,90,-79,0,0,4.98,0.39,1.97,3.593999999999982
0,2,0,-27,14,0,1,0,3,36,22,0,-1,-1,1,95,-76,0,0,4.98,0.39,1.97,3.605999999999982
0,2,0,-28,17,0,1,0,3,33,19,0,-1,-1,1,116,-80,0,0,4.98,0.39,1.97,3.617999999999982
0,2,0,-28,16,0,1,0,3,30,17,0,-1,-1,1,122,-84,0,0,4.98,0.39,1.97,3.629999999999982
0,2,0,-29,16,0,1,0,3,28,13,0,-1,-1,1,130,-91,0,0,4.98,0.39,1.97,3.641999999999982
0,2,0,-28,15,0,1,0,3,26,10,0,-1,0,1,137,-99,0,0,4.98,0.39,1.97,3.653999999999982
0,2,0,8,-2,0,0,0,1,-175,-76,0,-1,1,2,15,37,0,0,4.98,0.39,1.98,3.666999999999982
0,2,0,8,-4,0,0,0,1,-176,-81,0,0,1,2,10,40,0,0,4.98,0.39,1.98,3.679999999999982
0,2,0,8,-7,0,0,0,1,-174,-91,0,0,0,2,9,50,0,0,4.98,0.39,1.98,3.692999999999982
0,2,0,9,-9,0,0,0,1,-173,-94,0,0,0,2,10,53,0,0,4.98,0.39,1.98,3.7059999999999818
0,2,0,9,-10,0,0,0,1,-168,-93,0,0,0,2,12,58,0,0,4.98,0.39,1.98,3.7189999999999817
0,2,0,9,-10,0,0,0,1,-162,-92,0,0,0,2,13,56,0,0,4.98,0.39,1.98,3.7319999999999816
0,2,0,9,-14,0,0,0,1,-138,-83,0,0,0,2,11,39,0,0,4.98,0.39,1.94,3.7449999999999815
0,2,0,10,-11,0,0,0,1,-127,-77,0,-1,0,2,12,38,0,0,4.98,0.39,1.94,3.7579999999999814
0,2,0,9,-13,0,0,0,1,-116,-71,0,-1,0,2,11,29,0,0,4.98,0.39,1.94,3.7709999999999813
0,2,0,7,-12,0,0,-1,1,-105,-65,0,-1,0,2,11,27,0,0,4.98,0.39,1.94,3.783999999999981
0,2,1,-2,-9,0,0,-1,1,-84,-55,0,-1,0,2,10,20,0,0,4.98,0.39,1.94,3.796999999999981
0,2,1,-6,-7,0,0,-1,1,-78,-54,0,-1,0,2,9,18,0,0,4.98,0.39,1.94,3.809999999999981
0,2,1,-11,-4,0,0,-1,1,-72,-54,0,-1,0,2,10,21,0,0,4.98,0.39,1.94,3.822999999999981
0,2,0,2,-2,0,1,0,3,97,15,0,-1,2,3,-27,-49,0,0,5.0,0.51,2.59,3.8399999999999808
0,2,0,5,-4,0,1,0,3,102,5,0,-1,2,2,-36,-37,0,0,5.0,0.51,2.59,3.8569999999999807
0,2,0,6,-3,0,1,0,3,101,-1,0,-1,2,2,-36,-37,0,0,5.0,0.51,2.59,3.8739999999999806
0,2,0,7,-4,0,1,0,3,98,-5,0,-1,1,2,-44,-17,0,0,5.0,0.51,2.59,3.8909999999999805
0,2,0,8,-4,0,1,0,3,95,-13,0,-1,1,2,-45,-21,0,0,5.0,0.51,2.59,3.9079999999999804
0,2,0,9,-3,0,1,0,3,93,-18,0,-1,2,1,-42,-29,0,0,5.0,0.51,2.59,3.9249999999999803
0,2,0,9,-2,0,1,0,3,89,-23,0,-1,1,1,-52,-17,0,0,5.0,0.5,2.53,3.94199999999998
0,2,0,8,-1,0,1,0,3,90,-20,0,-1,1,1,-54,-16,0,0,5.0,0.5,2.53,3.95899999999998
0,2,0,8,0,0,1,0,3,91,-12,0,-1,1,1,-58,-18,0,0,5.0,0.5,2.53,3.97599999999998
0,2,0,8,0,0,1,0,3,90,-3,0,-1,1,1,-61,-18,0,0,5.0,0.5,2.53,3.99299999999998
0,2,0,8,0,0,1,0,3,94,5,0,-1,1,1,-65,-16,0,0,5.0,0.5,2.53,4.00999999999998
0,2,0,9,0,0,1,0,3,98,15,0,0,1,1,-70,-7,0,0,5.0,0.5,2.53,4.026999999999981
0,2,0,11,0,0,1,0,3,103,30,0,0,1,1,-81,-5,0,0,5.0,0.5,2.53,4.043999999999981
0,2,0,-17,7,0,0,0,3,12,1,0,0,0,1,-41,13,0,0,5.0,0.5,2.54,4.060999999999981
0,2,0,-16,7,0,0,0,3,11,3,0,0,0,1,-37,15,0,0,5.0,0.5,2.54,4.077999999999982
0,2,0,-15,7,0,0,0,3,8,4,0,0,0,1,-34,17,0,0,5.0,0.5,2.54,4.094999999999982
0,2,0,-14,5,0,0,0,3,5,4,0,0,0,1,-30,19,0,0,5.0,0.5,2.54,4.111999999999982
0,2,0,-10,4,0,0,0,3,-4,3,0,-1,0,1,-20,19,0,0,5.0,0.5,2.54,4.128999999999983
0,2,0,-8,4,0,0,0,3,-7,3,0,-1,0,1,-13,18,0,0,5.0,0.5,2.54,4.145999999999983
0,2,0,-5,4,0,0,0,3,-9,4,0,0,0,1,-5,19,0,0,5.0,0.51,2.56,4.162999999999983
0,2,0,-2,4,0,0,0,3,-9,7,0,0,0,1,3,20,0,0,5.0,0.51,2.56,4.179999999999984
0,2,0,0,4,0,0,0,3,-13,8,0,0,0,1,9,21,0,0,5.0,0.51,2.56,4.196999999999984
0,2,0,1,6,0,0,0,3,-12,16,0,0,0,1,21,28,0,0,5.0,0.51,2.56,4.213999999999984
0,2,0,1,8,0,0,0,3,-7,22,0,0,0,1,27,30,0,0,5.0,0.51,2.56,4.230999999999985
0,2,0,0,9,0,0,0,3,-4,23,0,0,0,1,31,30,0,0,5.0,0.51,2.56,4.247999999999985
0,2,0,0,10,0,1,0,3,-2,36,0,-1,0,1,32,28,0,0,5.0,0.51,2.56,4.2649999999999855
0,2,0,0,12,0,0,0,3,-6,31,0,0,0,1,36,28,0,0,5.0,0.51,2.56,4.281999999999986
0,2,0,-13,-15,0,1,-1,2,20,28,0,-1,1,3,146,-89,0,0,4.99,0.4,2.03,4.295999999999986
0,2,0,-15,-16,0,1,-1,2,30,35,0,-1,1,3,142,-94,0,0,4.99,0.4,2.03,4.309999999999986
0,2,0,-17,-16,0,1,-1,2,39,42,0,-1,1,3,143,-101,0,0,4.99,0.4,2.03,4.3239999999999865
0,2,0,-15,-15,0,1,-1,2,59,53,0,-1,0,3,147,-82,0,0,4.99,0.4,2.03,4.337999999999987
0,2,0,-15,-13,0,1,-1,2,69,56,0,-1,0,3,148,-75,0,0,4.99,0.4,2.03,4.351999999999987
0,2,0,-15,-11,0,1,-1,2,80,61,0,-1,1,3,150,-76,0,0,4.98,0.4,1.99,4.365999999999987
0,2,0,-16,-12,0,1,-1,2,89,66,0,-1,1,3,152,-70,0,0,4.98,0.4,1.99,4.3799999999999875
0,2,0,-17,-11,0,1,-1,2,101,72,0,-1,0,3,156,-73,0,0,4.98,0.4,1.99,4.393999999999988
0,2,0,-13,-12,0,1,-1,2,132,83,0,-1,1,3,155,-91,0,0,4.98,0.4,1.99,4.407999999999988
0,2,0,-12,-12,0,1,-1,1,145,89,0,-1,1,3,152,-98,0,0,4.98,0.4,1.99,4.421999999999988
0,2,0,-13,-13,0,1,-1,1,156,93,0,-1,1,3,134,-86,0,0,4.98,0.4,1.99,4.435999999999988
0,2,0,-13,-14,0,1,-1,1,167,98,0,-1,2,2,160,-135,0,0,4.98,0.4,1.99,4.449999999999989
0,2,0,-11,-13,0,1,0,1,195,111,0,-1,1,2,133,-129,0,0,4.98,0.4,1.99,4.463999999999989
0,2,0,-11,-13,0,1,0,2,202,115,0,-1,1,2,114,-140,0,0,4.98,0.4,1.99,4.477999999999989
0,2,0,-12,-11,0,1,0,2,208,115,0,-1,1,3,99,-145,0,0,4.98,0.4,1.99,4.491999999999989
0,2,0,-1,-15,0,0,0,2,-71,0,0,0,0,1,-248,123,0,0,4.98,0.39,1.96,4.50599999999999
