0,2,0,-29,33,0,1,0,1,15,60,0,0,0,1,43,-2,0,0,4.98,0.39,1.98,4.432999999999988
0,2,0,-29,38,0,1,0,1,16,62,0,0,0,1,43,-7,0,0,4.98,0.39,1.98,4.4469999999999885
0,2,0,-25,40,0,1,0,1,19,81,0,0,1,1,42,-23,0,0,4.98,0.39,1.97,4.460999999999989
0,2,0,-26,40,0,1,0,1,20,91,0,0,1,1,41,-31,0,0,4.98,0.39,1.97,4.474999999999989
0,2,0,-26,42,0,1,0,1,20,98,0,0,1,1,38,-36,0,0,4.98,0.39,1.97,4.488999999999989
0,2,0,-26,43,0,1,0,1,21,100,0,0,1,1,37,-40,0,0,4.98,0.39,1.97,4.5029999999999895
0,2,0,-26,41,0,1,0,1,25,104,0,0,1,1,24,-39,0,0,4.98,0.39,1.97,4.51699999999999
0,2,0,-24,41,0,1,0,1,26,106,0,0,1,1,17,-31,0,0,4.98,0.39,1.97,4.53099999999999
0,2,0,-23,40,0,1,0,1,25,104,0,0,1,1,10,-22,0,0,4.98,0.39,1.97,4.54499999999999
0,2,0,-37,126,0,2,0,1,126,-69,0,-2,1,1,-79,67,0,0,4.99,0.45,2.25,4.56099999999999
0,2,0,-37,127,0,2,0,1,132,-66,0,-2,1,1,-80,67,0,0,4.99,0.45,2.25,4.57699999999999
0,2,0,-37,127,0,2,0,1,138,-62,0,-1,1,0,-81,67,0,0,4.99,0.45,2.25,4.59299999999999
0,2,0,-38,131,0,2,0,1,149,-49,0,-1,1,0,-89,69,0,0,4.99,0.45,2.25,4.60899999999999
0,2,0,-40,134,0,2,0,1,153,-47,0,-1,1,0,-91,73,0,0,4.99,0.45,2.25,4.62499999999999
0,2,0,-42,136,0,2,0,1,157,-45,0,-1,1,0,-95,75,0,0,4.99,0.45,2.25,4.64099999999999
0,2,0,-45,138,0,2,0,1,162,-44,0,-1,1,0,-99,76,0,0,4.99,0.44,2.22,4.65699999999999
0,2,0,-40,142,0,2,0,1,162,-28,0,-1,1,0,-106,78,0,0,4.99,0.44,2.22,4.67299999999999
0,2,0,-37,144,0,2,0,1,165,-20,0,-1,1,0,-107,76,0,0,4.99,0.44,2.22,4.68899999999999
0,2,0,-34,147,0,2,0,1,170,-15,0,-1,1,0,-107,74,0,0,4.99,0.44,2.22,4.70499999999999
0,2,0,-35,147,0,2,0,1,175,-11,0,-1,1,0,-108,72,0,0,4.99,0.44,2.22,4.72099999999999
0,2,0,-37,157,0,2,0,0,188,-6,0,-1,1,0,-112,71,0,0,4.99,0.44,2.22,4.73699999999999
0,2,0,-39,161,0,2,0,0,189,-5,0,-2,1,0,-114,74,0,0,4.99,0.44,2.22,4.75299999999999
0,2,0,-39,166,0,2,0,0,193,-4,0,-2,1,0,-117,77,0,0,4.99,0.44,2.22,4.76899999999999
0,2,0,-41,171,0,2,0,0,198,-1,0,-2,1,0,-119,81,0,0,4.99,0.44,2.22,4.78499999999999
-1,2,0,-59,233,0,2,0,0,206,75,0,-2,0,1,-80,74,0,0,4.99,0.47,2.38,4.801999999999991
-1,2,0,-55,221,0,2,1,0,201,72,0,-2,0,1,-69,72,0,0,4.99,0.47,2.38,4.818999999999991
-1,2,0,-40,192,0,2,0,0,190,76,0,-2,0,1,-58,73,0,0,4.99,0.47,2.38,4.835999999999991
0,1,0,-33,187,0,2,0,0,188,79,0,-1,1,1,-51,75,0,0,4.99,0.47,2.38,4.852999999999992
-1,2,0,-30,177,0,2,0,0,186,79,0,-1,1,1,-38,78,0,0,4.99,0.44,2.19,4.868999999999992
0,2,1,-29,177,0,2,0,0,187,81,0,-1,1,1,-33,84,0,0,4.99,0.44,2.19,4.884999999999992
0,2,1,-47,177,0,2,0,0,176,86,0,-1,1,1,-20,90,0,0,4.99,0.44,2.19,4.900999999999992
0,2,1,-57,175,0,2,0,0,171,92,0,-1,1,1,-9,93,0,0,4.99,0.44,2.19,4.916999999999992
0,2,0,-64,174,0,2,0,0,165,92,0,-1,1,1,-7,98,0,0,4.99,0.44,2.19,4.932999999999992
0,2,0,-64,174,0,2,0,0,160,92,0,-1,1,1,-11,106,0,0,4.99,0.44,2.19,4.948999999999992
0,2,0,-62,159,0,2,0,0,152,94,0,-1,0,1,-42,107,0,0,4.99,0.44,2.19,4.964999999999992
0,2,0,-59,152,0,2,0,0,156,93,0,-1,2,3,-147,127,0,0,4.99,0.44,2.19,4.980999999999992
0,2,0,-54,147,0,2,0,0,156,87,0,-1,2,1,-123,92,0,0,4.99,0.44,2.19,4.996999999999992
0,2,0,-50,138,0,2,0,0,154,84,0,-1,1,1,-93,94,0,0,4.99,0.44,2.19,5.012999999999992
0,2,0,-39,130,0,2,0,0,137,83,0,-1,1,0,-43,97,0,0,4.99,0.44,2.19,5.028999999999992
0,2,0,-52,218,0,2,1,0,124,108,0,-1,1,1,-80,73,0,0,4.99,0.42,2.14,5.044999999999992
0,2,0,-46,220,0,2,1,1,122,109,0,-1,1,1,-69,82,0,0,4.99,0.42,2.14,5.060999999999992
0,2,0,-39,219,0,2,1,1,121,110,0,-1,1,1,-63,86,0,0,4.99,0.43,2.16,5.076999999999992
0,2,0,-34,217,0,2,1,1,120,110,0,-1,1,1,-59,92,0,0,4.99,0.43,2.16,5.092999999999992
0,2,0,-31,215,0,2,1,1,119,109,0,-1,1,1,-57,97,0,0,4.99,0.43,2.16,5.108999999999992
0,2,0,-24,209,0,2,1,1,119,110,0,-2,1,1,-51,104,0,0,4.99,0.43,2.16,5.124999999999992
0,2,0,-28,206,0,2,1,1,118,110,0,-2,1,1,-49,105,0,0,4.99,0.43,2.16,5.140999999999992
0,2,0,-29,202,0,2,1,1,119,113,0,-2,1,1,-48,105,0,0,4.99,0.43,2.16,5.156999999999992
0,2,0,-25,200,0,2,1,1,120,116,0,-2,1,1,-53,109,0,0,4.99,0.43,2.16,5.172999999999992
0,2,0,-12,187,0,2,1,1,125,123,0,-2,1,1,-37,107,0,0,4.99,0.43,2.16,5.188999999999992
-1,2,0,-11,179,0,2,1,1,127,125,0,-2,1,1,-38,109,0,0,4.99,0.43,2.16,5.204999999999992
0,2,0,-10,172,0,2,1,1,128,125,0,-2,1,1,-40,109,0,0,4.99,0.43,2.16,5.220999999999992
0,2,0,-6,172,0,2,1,1,129,125,0,-2,1,1,-40,107,0,0,4.99,0.43,2.16,5.236999999999992
0,2,0,-10,166,0,2,1,1,131,128,0,-2,2,1,-29,103,0,0,4.99,0.43,2.16,5.252999999999992
0,2,0,-15,170,0,2,1,1,132,127,0,-2,2,1,-25,101,0,0,4.99,0.43,2.16,5.268999999999992
0,2,0,-13,55,0,1,2,0,21,52,0,0,1,1,-16,87,0,0,4.99,0.45,2.29,5.2859999999999925
0,2,0,-14,55,0,1,2,0,19,51,0,0,1,1,-17,89,0,0,4.99,0.45,2.29,5.302999999999993
0,2,0,-16,57,0,1,1,0,13,44,0,0,1,1,-8,95,0,0,4.99,0.45,2.29,5.319999999999993
0,2,0,-17,59,0,1,1,0,12,41,0,0,1,1,-3,97,0,0,4.99,0.45,2.29,5.3369999999999935
0,2,0,-18,62,0,1,1,0,8,37,0,0,1,1,0,95,0,0,4.99,0.45,2.29,5.353999999999994
0,2,0,-20,62,0,1,1,0,5,33,0,0,1,1,2,93,0,0,4.99,0.45,2.29,5.370999999999994
0,2,0,-19,68,0,1,1,0,0,20,0,0,1,1,3,92,0,0,4.99,0.45,2.29,5.387999999999995
0,2,0,-19,68,0,1,1,0,0,18,0,0,1,1,0,93,0,0,4.99,0.45,2.29,5.404999999999995
0,2,0,-18,69,0,1,2,0,-1,15,0,0,1,1,0,95,0,0,4.99,0.45,2.29,5.421999999999995
0,2,0,-17,70,0,1,2,0,-3,12,0,0,1,1,-2,96,0,0,4.99,0.45,2.29,5.438999999999996
0,2,0,-17,68,0,1,2,0,-1,10,0,0,1,1,-2,99,0,0,4.99,0.45,2.29,5.455999999999996
0,2,0,-14,64,0,1,1,0,0,2,0,0,1,1,3,107,0,0,4.99,0.45,2.29,5.472999999999996
0,2,0,-12,61,0,1,1,0,-1,0,0,0,1,1,7,109,0,0,4.99,0.45,2.29,5.489999999999997
0,2,0,-9,58,0,1,1,0,-4,-4,0,0,1,1,14,111,0,0,4.99,0.45,2.29,5.506999999999997
0,2,0,-7,56,0,1,1,0,-10,-8,0,0,2,1,19,111,0,0,4.99,0.45,2.29,5.523999999999997
0,2,0,-20,43,0,1,0,1,7,16,0,0,1,1,-56,26,0,0,4.99,0.44,2.22,5.540999999999998
0,2,0,-19,46,0,1,0,1,7,17,0,0,1,1,-49,43,0,0,4.99,0.44,2.22,5.557999999999998
0,2,0,-19,43,0,1,0,1,9,16,0,0,1,1,-47,57,0,0,4.99,0.44,2.22,5.574999999999998
0,2,0,-16,44,0,1,0,1,9,13,0,0,1,1,-45,68,0,0,4.99,0.44,2.22,5.591999999999999
0,2,0,-14,46,0,1,0,1,9,12,0,0,1,1,-44,77,0,0,4.99,0.44,2.22,5.608999999999999
0,2,0,-17,47,0,1,0,1,9,7,0,0,1,1,-35,85,0,0,4.99,0.44,2.22,5.6259999999999994
0,2,0,-19,52,0,1,0,1,11,5,0,0,1,1,-30,80,0,0,4.99,0.44,2.22,5.643
0,2,0,-21,53,0,1,0,1,13,6,0,0,1,1,-29,74,0,0,4.99,0.44,2.22,5.66
0,2,0,-23,53,0,1,0,1,15,10,0,0,1,1,-30,65,0,0,4.99,0.44,2.22,5.6770000000000005
0,2,0,-22,55,0,1,0,1,15,9,0,0,1,1,-27,54,0,0,4.99,0.44,2.22,5.694000000000001
0,2,0,-27,62,0,1,0,1,20,31,0,0,1,1,-20,30,0,0,4.99,0.44,2.22,5.711000000000001
0,2,0,-32,63,0,1,0,1,24,33,0,0,1,1,-20,26,0,0,4.99,0.44,2.22,5.7280000000000015
0,2,0,-32,65,0,1,0,1,29,40,0,0,1,1,-21,27,0,0,4.99,0.44,2.22,5.745000000000002
0,2,0,-30,63,0,2,0,1,30,45,0,0,1,1,-24,32,0,0,4.99,0.44,2.22,5.762000000000002
0,2,0,-28,59,0,2,0,1,31,52,0,0,1,1,-23,50,0,0,4.99,0.44,2.22,5.779000000000003
0,2,0,-29,55,0,2,0,1,32,46,0,0,1,1,-20,57,0,0,4.99,0.44,2.22,5.796000000000003
0,3,1,-55,118,0,2,0,1,58,-4,0,-1,1,1,-45,48,0,0,4.99,0.43,2.15,5.813000000000003
0,3,1,-65,119,0,2,0,1,57,0,0,-1,1,1,-44,52,0,0,4.99,0.43,2.15,5.830000000000004
0,3,1,-71,122,0,2,0,1,56,4,0,-1,1,1,-42,56,0,0,4.99,0.43,2.15,5.847000000000004
0,3,0,-79,124,0,2,0,1,55,11,0,-1,1,1,-40,69,0,0,4.99,0.43,2.15,5.864000000000004
0,3,0,-80,123,0,2,0,1,55,13,0,-1,1,1,-41,76,0,0,4.99,0.43,2.15,5.881000000000005
0,2,0,-81,123,0,2,0,1,55,16,0,-1,1,1,-43,81,0,0,4.99,0.43,2.15,5.898000000000005
0,2,0,-83,124,0,2,0,1,56,19,0,-1,1,1,-45,87,0,0,4.99,0.43,2.15,5.915000000000005
0,2,0,-86,124,0,2,0,1,56,22,0,-1,1,1,-45,90,0,0,4.99,0.43,2.15,5.932000000000006
0,2,0,-77,120,0,2,0,1,59,33,0,-1,1,1,-50,94,0,0,4.99,0.43,2.15,5.949000000000006
0,2,0,-73,117,0,2,0,1,62,37,0,-1,1,1,-52,95,0,0,4.99,0.43,2.15,5.966000000000006
0,2,0,-72,117,0,2,0,1,67,40,0,-1,1,1,-54,96,0,0,4.99,0.43,2.15,5.983000000000007
0,2,0,-72,121,0,2,0,1,72,42,0,-1,1,1,-59,98,0,0,4.99,0.43,2.15,6.000000000000007
0,2,0,-74,121,0,2,0,1,85,36,0,-1,1,1,-69,100,0,0,4.99,0.43,2.15,6.0170000000000075
0,2,0,-70,122,0,2,0,1,90,31,0,-1,1,1,-73,100,0,0,4.99,0.43,2.15,6.034000000000008
0,2,0,-66,124,0,2,0,1,94,26,0,-1,1,1,-77,102,0,0,4.99,0.43,2.15,6.051000000000008
0,2,0,-51,239,0,2,0,0,226,84,0,-2,1,0,-173,77,0,0,4.99,0.42,2.13,6.0680000000000085
0,2,0,-53,241,0,2,0,0,227,82,0,-2,1,0,-168,79,0,0,4.99,0.42,2.13,6.085000000000009
0,2,0,-55,242,0,2,0,0,228,80,0,-2,1,0,-165,82,0,0,4.99,0.42,2.13,6.102000000000009
0,3,0,-62,246,0,2,0,0,228,74,0,-2,1,0,-155,89,0,0,4.99,0.42,2.13,6.1190000000000095
0,3,0,-63,249,0,2,0,0,228,72,0,-2,1,0,-153,91,0,0,4.99,0.42,2.13,6.13600000000001
0,3,0,-64,248,0,2,0,0,228,70,0,-2,1,0,-152,92,0,0,4.99,0.42,2.13,6.15300000000001
0,3,0,-66,250,0,2,0,0,228,68,0,-2,1,0,-152,93,0,0,4.99,0.42,2.13,6.170000000000011
0,3,0,-67,250,0,2,0,0,225,69,0,-2,1,0,-146,96,0,0,4.99,0.42,2.13,6.187000000000011
0,2,0,-68,250,0,3,0,0,223,71,0,-2,1,0,-144,97,0,0,4.99,0.42,2.13,6.204000000000011
0,2,0,-69,250,0,3,0,0,221,74,0,-2,1,0,-144,98,0,0,4.99,0.42,2.13,6.221000000000012
0,2,0,-69,250,0,3,0,0,219,76,0,-2,1,0,-143,98,0,0,4.99,0.42,2.13,6.238000000000012
0,2,0,-70,250,0,3,0,0,215,79,0,-2,1,0,-139,98,0,0,4.99,0.42,2.13,6.255000000000012
0,2,0,-69,249,0,2,0,0,213,77,0,-2,1,0,-139,99,0,0,4.99,0.42,2.13,6.272000000000013
0,2,0,-69,246,0,2,0,0,211,77,0,-2,1,0,-139,100,0,0,4.99,0.42,2.13,6.289000000000013
0,2,0,-68,246,0,2,0,0,210,75,0,-2,1,0,-137,101,0,0,4.99,0.43,2.17,6.306000000000013
0,2,0,-52,140,0,2,1,0,129,61,0,-1,0,0,-85,72,0,0,4.99,0.43,2.17,6.324000000000013
0,2,0,-53,137,0,2,1,0,124,62,0,-2,0,1,-87,71,0,0,4.99,0.43,2.17,6.342000000000013
0,2,0,-53,131,0,2,1,0,117,66,0,-1,0,0,-75,66,0,0,4.99,0.43,2.17,6.360000000000013
0,2,0,-52,130,0,2,1,0,116,68,0,-1,1,0,-69,66,0,0,4.99,0.43,2.17,6.3780000000000125
0,2,0,-48,126,0,2,1,0,117,69,0,-1,1,0,-75,73,0,0,4.99,0.43,2.17,6.396000000000012
0,2,0,-42,125,0,2,1,0,119,70,0,-1,1,1,-76,73,0,0,4.99,0.43,2.17,6.414000000000012
0,2,0,-29,116,0,2,1,0,119,71,0,-1,2,2,-110,102,0,0,4.99,0.43,2.17,6.432000000000012
0,2,0,-27,112,0,2,1,0,119,72,0,-1,1,0,-108,96,0,0,4.99,0.43,2.17,6.450000000000012
0,3,0,-29,109,0,2,1,0,118,73,0,-1,1,1,-94,111,0,0,4.99,0.43,2.17,6.4680000000000115
0,3,0,-30,107,0,2,1,0,119,73,0,-1,1,1,-95,115,0,0,4.99,0.43,2.17,6.486000000000011
0,3,1,-39,115,0,2,0,0,124,71,0,-2,1,1,-96,117,0,0,4.99,0.43,2.17,6.504000000000011
0,2,1,-45,119,0,2,0,0,126,70,0,-2,1,1,-99,117,0,0,4.99,0.43,2.17,6.522000000000011
0,2,0,-50,126,0,2,0,0,126,69,0,-2,1,1,-105,118,0,0,4.99,0.44,2.22,6.540000000000011
0,2,0,-52,133,0,2,0,0,126,67,0,-2,1,1,-110,118,0,0,4.99,0.44,2.22,6.5580000000000105
0,2,0,-56,134,0,2,0,0,127,65,0,-2,1,1,-107,114,0,0,4.99,0.44,2.22,6.57600000000001
0,2,0,0,34,0,1,1,1,56,72,0,-1,1,1,18,-25,0,0,4.99,0.43,2.17,6.59400000000001
0,2,0,-2,37,0,1,1,1,47,69,0,0,1,0,19,-8,0,0,4.99,0.43,2.17,6.61200000000001
0,2,0,-4,38,0,1,1,1,41,70,0,0,1,0,18,2,0,0,4.99,0.43,2.17,6.63000000000001
0,2,0,-8,43,0,1,1,1,37,70,0,0,1,0,19,9,0,0,4.99,0.43,2.17,6.6480000000000095
0,2,0,-19,49,0,1,1,1,33,72,0,0,1,0,17,19,0,0,4.99,0.43,2.17,6.666000000000009
0,2,0,-30,53,0,1,1,0,31,71,0,0,1,0,19,39,0,0,4.99,0.43,2.17,6.684000000000009
0,2,0,-33,55,0,1,1,0,32,69,0,0,1,0,20,35,0,0,4.99,0.43,2.17,6.702000000000009
0,2,0,-35,50,0,1,1,0,33,65,0,0,1,0,23,43,0,0,4.99,0.43,2.17,6.720000000000009
0,2,0,-31,49,0,1,1,0,36,60,0,0,1,0,21,47,0,0,4.99,0.43,2.17,6.738000000000008
0,2,0,-9,38,0,1,1,0,32,37,0,0,1,0,27,49,0,0,4.99,0.43,2.17,6.756000000000008
0,2,0,-4,38,0,1,1,1,30,31,0,0,1,0,26,53,0,0,4.99,0.44,2.22,6.774000000000008
0,2,0,0,32,0,1,1,1,28,25,0,0,1,0,24,59,0,0,4.99,0.44,2.22,6.792000000000008
0,2,0,4,32,0,1,1,1,24,20,0,0,1,0,20,65,0,0,4.99,0.44,2.22,6.810000000000008
0,2,0,3,32,0,1,1,1,22,15,0,0,1,0,22,78,0,0,4.99,0.44,2.22,6.828000000000007
0,2,1,-8,33,0,1,1,1,14,4,0,0,1,0,40,103,0,0,4.99,0.44,2.22,6.846000000000007
0,2,0,-16,30,0,1,1,1,12,1,0,0,1,0,70,117,0,0,4.99,0.44,2.22,6.864000000000007
0,2,0,-73,164,0,2,0,1,81,60,0,0,2,0,-101,111,0,0,4.99,0.43,2.18,6.882000000000007
0,2,0,-76,166,0,2,0,1,83,59,0,0,2,0,-105,112,0,0,4.99,0.43,2.18,6.900000000000007
0,2,0,-77,168,0,2,0,1,86,52,0,0,2,0,-110,114,0,0,4.99,0.43,2.18,6.918000000000006
0,2,0,-78,172,0,2,0,1,92,40,0,0,2,0,-116,121,0,0,4.99,0.43,2.18,6.936000000000006
0,2,0,-77,171,0,2,0,1,94,35,0,0,2,0,-120,127,0,0,4.99,0.43,2.18,6.954000000000006
0,2,0,-77,171,0,2,0,0,96,39,0,0,2,0,-124,133,0,0,4.99,0.43,2.18,6.972000000000006
0,2,0,-75,169,0,2,0,0,94,28,0,0,2,0,-122,141,0,0,4.99,0.43,2.18,6.9900000000000055
0,2,0,-72,169,0,2,0,0,94,23,0,0,2,0,-131,150,0,0,4.99,0.46,2.31,7.010000000000005
0,2,0,-70,167,0,3,0,0,102,19,0,-1,2,0,-133,155,0,0,4.99,0.46,2.31,7.030000000000005
0,2,0,-70,169,0,3,0,0,111,17,0,-1,2,0,-133,155,0,0,4.99,0.46,2.31,7.050000000000004
0,3,0,-71,172,0,3,0,0,114,12,0,-1,2,0,-134,156,0,0,4.99,0.46,2.31,7.070000000000004
0,3,0,-72,173,0,3,0,0,112,7,0,-1,2,0,-132,152,0,0,4.99,0.46,2.31,7.090000000000003
0,3,0,-74,177,0,3,0,0,118,13,0,-1,2,0,-135,151,0,0,4.99,0.46,2.31,7.110000000000003
0,3,0,-75,183,0,3,0,0,129,15,0,-1,2,0,-145,147,0,0,4.99,0.46,2.31,7.130000000000003
0,2,0,-75,218,0,2,0,0,177,103,0,-2,1,0,-130,103,0,0,4.99,0.43,2.16,7.148000000000002
0,2,0,-76,221,0,2,0,0,174,102,0,-2,1,0,-133,101,0,0,4.99,0.43,2.16,7.166000000000002
0,2,0,-76,220,0,2,0,0,174,102,0,-2,1,0,-134,100,0,0,4.99,0.43,2.16,7.184000000000002
0,2,0,-73,218,0,2,0,0,173,103,0,-2,1,0,-135,100,0,0,4.99,0.43,2.16,7.202000000000002
0,2,0,-69,218,0,2,0,0,172,103,0,-2,1,0,-138,100,0,0,4.99,0.43,2.16,7.2200000000000015
0,2,0,-63,212,0,2,0,0,174,106,0,-2,1,0,-145,96,0,0,4.99,0.43,2.16,7.238000000000001
0,2,0,-62,210,0,2,0,0,174,106,0,-2,1,0,-145,96,0,0,4.99,0.44,2.24,7.2570000000000014
0,2,0,-61,211,0,2,0,0,176,106,0,-2,1,0,-145,96,0,0,4.99,0.44,2.24,7.276000000000002
0,2,0,-59,211,0,2,0,0,177,106,0,-2,1,0,-144,96,0,0,4.99,0.44,2.24,7.295000000000002
0,2,0,-60,213,0,2,0,0,179,107,0,-2,1,0,-145,98,0,0,4.99,0.44,2.24,7.314000000000002
0,2,0,-64,221,0,2,0,0,180,112,0,-1,1,0,-144,103,0,0,4.99,0.44,2.24,7.333000000000002
0,2,0,-64,225,0,2,0,0,180,114,0,-1,1,0,-143,104,0,0,4.99,0.44,2.24,7.352000000000002
0,3,0,-64,228,0,2,0,0,180,116,0,-1,1,0,-144,106,0,0,4.99,0.44,2.24,7.371000000000002
0,3,0,-67,229,0,2,0,0,180,117,0,-1,1,0,-144,107,0,0,4.99,0.44,2.24,7.390000000000002
0,3,0,-73,235,0,2,0,0,179,118,0,-1,1,0,-146,107,0,0,4.99,0.44,2.24,7.4090000000000025
0,3,0,-77,235,0,2,0,0,180,117,0,-1,1,0,-148,106,0,0,4.99,0.44,2.24,7.428000000000003
0,2,0,-33,137,0,2,1,1,159,66,0,-1,1,1,-73,50,0,0,4.99,0.43,2.17,7.447000000000003
0,2,0,-32,137,0,2,1,1,159,71,0,-1,1,1,-72,49,0,0,4.99,0.43,2.17,7.466000000000003
0,2,0,-32,135,0,2,1,1,159,77,0,-1,1,1,-71,46,0,0,4.99,0.43,2.17,7.485000000000003
-1,2,0,-30,130,0,2,1,1,158,94,0,-1,1,1,-69,37,0,0,4.99,0.44,2.2,7.504000000000003
0,2,0,-28,129,0,2,1,1,157,98,0,-1,1,1,-69,38,0,0,4.99,0.44,2.2,7.523000000000003
0,2,0,-28,127,0,2,1,1,156,100,0,-1,2,1,-69,31,0,0,4.99,0.44,2.2,7.542000000000003
-1,2,0,-27,124,0,2,1,1,154,102,0,-1,2,1,-71,29,0,0,4.99,0.44,2.2,7.5610000000000035
-1,2,0,-25,118,0,2,1,1,152,102,0,-1,2,1,-70,30,0,0,4.99,0.44,2.2,7.580000000000004
0,2,0,-24,116,0,2,1,1,152,99,0,-1,2,1,-72,31,0,0,4.99,0.44,2.2,7.599000000000004
0,2,0,-24,115,0,2,1,1,153,95,0,-1,2,1,-71,31,0,0,4.99,0.44,2.2,7.618000000000004
0,2,0,-24,113,0,2,1,1,154,91,0,-1,2,1,-70,36,0,0,4.99,0.44,2.2,7.637000000000004
0,2,0,-24,113,0,2,1,1,155,88,0,-1,2,1,-70,33,0,0,4.99,0.44,2.2,7.656000000000004
0,2,0,-22,109,0,2,1,1,155,82,0,-1,2,1,-67,31,0,0,4.99,0.44,2.2,7.675000000000004
0,2,0,-21,108,0,2,1,1,154,83,0,-1,2,1,-65,29,0,0,4.99,0.44,2.2,7.694000000000004
0,2,0,-21,106,0,2,1,1,152,81,0,-1,2,0,-62,26,0,0,4.99,0.44,2.2,7.7130000000000045
0,2,0,-4,39,0,1,2,0,-3,-41,0,0,1,0,11,158,0,0,4.99,0.42,2.12,7.732000000000005
0,2,0,-4,38,0,1,2,0,-10,-51,0,0,2,0,5,167,0,0,4.99,0.42,2.14,7.751000000000005
0,2,0,-3,42,0,1,2,0,-40,-68,0,0,2,0,-17,196,0,0,4.99,0.42,2.14,7.770000000000005
0,2,1,-2,44,0,1,2,0,-52,-66,0,0,2,0,-28,210,0,0,4.99,0.42,2.14,7.789000000000005
0,2,1,-3,46,0,1,1,0,-64,-59,0,0,2,0,-41,227,0,0,4.99,0.42,2.14,7.808000000000005
0,2,1,-6,48,0,1,1,0,-75,-48,0,0,2,0,-54,246,0,0,4.99,0.42,2.14,7.827000000000005
0,2,0,-7,52,0,1,1,0,-84,-35,0,0,1,0,-68,250,0,0,4.99,0.42,2.14,7.846000000000005
0,2,0,-10,61,0,1,1,0,-106,0,0,0,1,0,-108,250,0,0,4.99,0.42,2.14,7.8650000000000055
0,2,0,-10,63,0,1,1,0,-108,6,0,0,1,0,-123,250,0,0,4.99,0.42,2.14,7.884000000000006
0,2,0,-10,66,0,1,1,0,-113,14,0,0,1,0,-138,250,0,0,4.99,0.42,2.14,7.903000000000006
0,2,0,-10,69,0,1,1,0,-119,18,0,0,1,0,-143,250,0,0,4.99,0.42,2.14,7.922000000000006
0,2,0,-9,75,0,1,-1,1,-48,133,0,-5,-5,5,58,-59,0,0,4.99,0.42,2.14,7.941000000000006
0,2,0,-7,78,0,3,-5,5,250,167,0,-5,-5,5,69,118,0,0,4.99,0.42,2.14,7.960000000000006
0,2,0,-9,77,0,-1,-5,5,171,133,0,-2,2,5,84,250,0,0,4.99,0.42,2.14,7.979000000000006
0,2,0,-10,80,0,0,2,3,2,-1,0,-1,5,5,58,138,0,0,4.99,0.42,2.14,7.998000000000006
0,2,0,-6,19,0,1,0,1,34,32,0,0,1,1,24,29,0,0,4.99,0.44,2.2,8.018000000000006
0,2,0,-9,19,0,1,0,1,39,35,0,0,1,1,24,33,0,0,4.99,0.44,2.2,8.038000000000006
0,2,0,-8,20,0,1,0,1,40,36,0,0,1,1,24,36,0,0,4.99,0.44,2.2,8.058000000000005
0,2,0,-9,19,0,1,0,1,41,41,0,0,1,1,23,38,0,0,4.99,0.44,2.2,8.078000000000005
0,2,0,-10,19,0,1,0,1,44,43,0,0,1,1,21,38,0,0,4.99,0.44,2.2,8.098000000000004
0,2,0,-11,19,0,1,0,1,45,45,0,0,1,1,20,37,0,0,4.99,0.44,2.2,8.118000000000004
0,2,0,-13,21,0,1,0,1,48,43,0,0,1,1,15,31,0,0,4.99,0.44,2.2,8.138000000000003
0,2,0,-14,22,0,1,0,1,50,38,0,0,1,1,12,28,0,0,4.99,0.44,2.2,8.158000000000003
0,2,0,-15,24,0,1,0,1,51,37,0,0,1,1,8,26,0,0,4.99,0.44,2.2,8.178000000000003
0,2,0,-16,25,0,1,0,1,53,33,0,0,2,1,5,24,0,0,4.99,0.44,2.2,8.198000000000002
0,2,0,-21,29,0,2,0,1,59,37,0,0,2,1,-4,26,0,0,4.99,0.44,2.2,8.218000000000002
0,2,0,-23,31,0,2,0,1,62,38,0,0,2,1,-7,28,0,0,4.99,0.44,2.2,8.238000000000001
0,2,0,-24,35,0,2,0,1,62,41,0,0,2,1,-11,30,0,0,4.99,0.44,2.2,8.258000000000001
0,2,0,-25,36,0,2,0,1,63,45,0,0,2,1,-15,32,0,0,4.99,0.44,2.2,8.278
0,2,0,-25,43,0,2,1,1,62,48,0,0,2,1,-24,41,0,0,4.99,0.44,2.2,8.298
0,3,0,-25,45,0,2,1,1,61,49,0,0,2,1,-28,43,0,0,4.99,0.44,2.2,8.318
0,3,0,-53,211,0,3,0,1,173,44,0,-1,2,0,-121,118,0,0,4.99,0.45,2.26,8.339
0,3,0,-57,211,0,2,0,0,175,47,0,-1,1,0,-124,117,0,0,4.99,0.45,2.26,8.360000000000001
0,3,0,-60,217,0,2,0,1,177,50,0,-1,1,0,-127,116,0,0,4.99,0.45,2.26,8.381000000000002
0,3,0,-68,232,0,3,0,0,183,50,0,-1,1,0,-133,113,0,0,4.99,0.45,2.26,8.402000000000003
0,2,0,-72,237,0,3,0,0,185,49,0,-1,1,0,-136,114,0,0,4.99,0.45,2.26,8.423000000000004
0,2,0,-74,242,0,3,0,0,188,49,0,-1,1,0,-138,116,0,0,4.99,0.45,2.26,8.444000000000004
0,2,0,-75,244,0,3,0,0,191,48,0,-1,1,0,-139,118,0,0,4.99,0.45,2.26,8.465000000000005
0,2,0,-75,246,0,3,0,0,194,47,0,-1,1,0,-139,121,0,0,4.99,0.45,2.26,8.486000000000006
0,2,0,-73,250,0,3,0,0,200,46,0,-1,1,0,-142,127,0,0,4.99,0.45,2.26,8.507000000000007
0,2,0,-74,248,0,3,0,0,202,45,0,-1,1,0,-143,129,0,0,4.99,0.45,2.26,8.528000000000008
0,2,0,-75,249,0,3,0,0,203,43,0,-1,1,0,-142,130,0,0,4.99,0.45,2.26,8.549000000000008
0,2,0,-75,249,0,3,0,0,205,43,0,-1,1,0,-141,133,0,0,4.99,0.45,2.26,8.57000000000001
0,2,0,-75,246,0,3,0,0,210,44,0,-1,1,0,-142,134,0,0,4.99,0.45,2.26,8.59100000000001
0,2,0,-75,246,0,3,0,0,212,45,0,-2,1,0,-142,134,0,0,4.99,0.45,2.26,8.61200000000001
0,2,0,-75,245,0,2,0,0,213,45,0,-2,1,0,-141,132,0,0,4.99,0.45,2.26,8.633000000000012
0,2,0,-45,165,0,2,0,0,105,57,0,-2,1,1,-116,105,0,0,4.99,0.43,2.18,8.653000000000011
0,2,0,-43,161,0,2,0,0,106,58,0,-2,1,1,-120,105,0,0,4.99,0.43,2.18,8.67300000000001
0,2,0,-38,154,0,2,0,0,107,59,0,-1,1,1,-131,102,0,0,4.99,0.43,2.18,8.69300000000001
0,2,0,-38,153,0,2,0,0,107,59,0,-2,1,1,-134,101,0,0,4.99,0.43,2.18,8.71300000000001
0,2,0,-38,151,0,2,0,0,107,60,0,-2,1,1,-137,100,0,0,4.99,0.43,2.18,8.73300000000001
0,2,0,-38,152,0,2,0,0,108,62,0,-1,1,0,-140,98,0,0,4.99,0.43,2.18,8.753000000000009
0,2,0,-39,152,0,2,0,0,109,64,0,-1,1,0,-142,96,0,0,4.99,0.43,2.18,8.773000000000009
0,2,0,-36,155,0,2,0,0,113,69,0,-1,1,0,-143,91,0,0,4.99,0.43,2.18,8.793000000000008
0,3,0,-34,154,0,2,0,0,114,71,0,-1,1,1,-144,88,0,0,4.99,0.43,2.18,8.813000000000008
0,3,0,-32,151,0,2,0,0,116,73,0,-1,1,1,-143,88,0,0,4.99,0.43,2.18,8.833000000000007
0,3,0,-32,151,0,2,0,0,117,76,0,-2,1,1,-142,90,0,0,4.99,0.43,2.18,8.853000000000007
0,3,0,-38,150,0,2,0,0,120,87,0,-2,2,1,-144,97,0,0,4.99,0.43,2.18,8.873000000000006
0,3,0,-41,155,0,3,0,0,121,93,0,-2,2,1,-146,100,0,0,4.99,0.43,2.18,8.893000000000006
0,3,1,-45,158,0,3,0,0,122,99,0,-2,1,1,-149,103,0,0,4.99,0.43,2.18,8.913000000000006
0,2,0,-23,153,0,1,1,0,116,103,0,-1,1,1,-61,79,0,0,5.0,0.53,2.67,8.938000000000006
0,2,0,-23,139,0,1,1,0,113,94,0,-1,1,1,-58,80,0,0,5.0,0.53,2.67,8.963000000000006
0,2,0,-24,134,0,1,1,0,112,93,0,-1,1,1,-58,81,0,0,5.0,0.53,2.67,8.988000000000007
0,2,0,-25,130,0,1,1,0,111,92,0,-1,1,1,-59,81,0,0,5.0,0.53,2.67,9.013000000000007
0,2,0,-28,127,0,1,1,0,108,88,0,-1,1,1,-59,79,0,0,5.0,0.53,2.67,9.038000000000007
0,2,0,-27,122,0,1,1,0,107,86,0,-1,1,1,-55,72,0,0,5.0,0.53,2.67,9.063000000000008
0,2,0,-25,119,0,1,1,0,104,83,0,-1,1,1,-54,70,0,0,5.0,0.53,2.67,9.088000000000008
0,2,0,-26,115,0,1,1,0,102,80,0,-1,1,1,-52,67,0,0,5.0,0.53,2.67,9.113000000000008
0,2,0,-26,116,0,1,1,0,101,77,0,-1,1,1,-51,66,0,0,5.0,0.53,2.67,9.138000000000009
0,2,0,-24,110,0,1,1,0,94,73,0,-1,1,1,-50,64,0,0,5.0,0.53,2.67,9.16300000000001
0,2,0,-23,107,0,1,1,0,92,72,0,-1,1,1,-49,64,0,0,5.0,0.53,2.67,9.18800000000001
0,2,0,-22,106,0,1,1,0,89,70,0,-1,1,1,-47,65,0,0,5.0,0.53,2.67,9.21300000000001
0,2,0,-22,104,0,1,1,0,87,67,0,-1,1,1,-45,66,0,0,5.0,0.53,2.67,9.23800000000001
0,2,0,-21,97,0,1,1,0,82,57,0,-1,1,1,-40,72,0,0,5.0,0.53,2.67,9.26300000000001
0,2,0,-18,94,0,1,1,1,80,52,0,-1,1,1,-40,74,0,0,4.99,0.42,2.14,9.28300000000001
0,2,0,-17,91,0,1,1,1,78,50,0,-1,1,1,-39,75,0,0,4.99,0.42,2.14,9.30300000000001
0,2,0,-9,95,0,1,1,1,82,116,0,0,2,1,16,-13,0,0,4.99,0.45,2.25,9.32500000000001
0,2,0,-8,95,0,1,1,1,80,109,0,0,2,1,17,-9,0,0,4.99,0.45,2.25,9.34700000000001
0,2,0,-7,95,0,1,1,1,78,104,0,0,2,1,17,-3,0,0,4.99,0.45,2.25,9.36900000000001
0,2,0,-6,94,0,1,1,0,73,88,0,0,2,1,13,5,0,0,4.99,0.45,2.25,9.39100000000001
0,2,0,-5,93,0,1,2,0,70,82,0,0,2,1,12,6,0,0,4.99,0.45,2.25,9.413000000000011
0,2,0,-3,94,0,1,1,0,70,86,0,0,2,1,12,8,0,0,4.99,0.45,2.25,9.435000000000011
0,2,0,-1,92,0,1,1,0,67,81,0,0,2,1,9,10,0,0,4.99,0.45,2.25,9.457000000000011
0,2,0,-4,86,0,1,1,0,60,83,0,0,2,0,37,12,0,0,4.99,0.45,2.25,9.479000000000012
0,2,0,-5,85,0,1,1,0,57,82,0,0,2,1,42,11,0,0,4.99,0.45,2.25,9.501000000000012
0,2,0,-5,84,0,1,1,0,54,82,0,0,2,1,36,13,0,0,4.99,0.45,2.25,9.523000000000012
0,2,0,-5,82,0,1,2,1,48,80,0,0,2,0,28,17,0,0,4.99,0.45,2.25,9.545000000000012
0,2,0,-7,81,0,1,1,0,52,88,0,0,2,0,21,23,0,0,4.99,0.43,2.18,9.566000000000013
0,2,0,-12,80,0,1,1,0,45,83,0,0,2,0,16,31,0,0,4.99,0.43,2.18,9.587000000000014
0,2,0,-13,78,0,1,2,0,45,83,0,0,2,0,14,31,0,0,4.99,0.43,2.18,9.608000000000015
0,2,0,-17,79,0,1,2,0,41,81,0,0,2,0,12,32,0,0,4.99,0.43,2.18,9.629000000000016
0,2,0,-11,43,0,1,2,1,1,28,0,0,1,1,-6,18,0,0,4.99,0.43,2.15,9.650000000000016
0,2,0,-13,44,0,1,1,1,3,39,0,0,1,1,4,26,0,0,4.99,0.43,2.15,9.671000000000017
0,2,0,-18,47,0,1,1,1,11,54,0,0,2,1,1,39,0,0,4.99,0.43,2.15,9.692000000000018
0,2,0,-20,48,0,1,2,1,11,55,0,0,2,1,-1,45,0,0,4.99,0.43,2.15,9.713000000000019
0,2,0,-20,48,0,1,2,1,10,55,0,0,2,1,-4,50,0,0,4.99,0.43,2.15,9.73400000000002
0,2,0,-18,48,0,1,2,1,8,53,0,0,2,1,-8,54,0,0,4.99,0.43,2.15,9.75500000000002
0,2,0,-12,46,0,1,1,1,9,46,0,0,2,1,-14,47,0,0,4.99,0.43,2.15,9.776000000000021
0,2,0,-12,47,0,1,1,1,9,43,0,0,2,1,-14,43,0,0,4.99,0.43,2.15,9.797000000000022
0,2,0,-12,46,0,1,1,1,9,39,0,0,2,1,-14,40,0,0,4.99,0.43,2.15,9.818000000000023
0,2,0,-12,49,0,1,1,1,10,36,0,0,2,1,-13,39,0,0,4.99,0.43,2.18,9.839000000000024
0,2,0,-13,50,0,1,1,1,10,35,0,0,2,1,-11,36,0,0,4.99,0.43,2.18,9.860000000000024
0,2,0,-14,53,0,1,1,1,13,33,0,0,2,1,-12,31,0,0,4.99,0.43,2.18,9.881000000000025
0,2,0,-15,53,0,1,1,1,14,33,0,0,2,1,-14,29,0,0,4.99,0.43,2.18,9.902000000000026
0,2,0,-15,53,0,1,1,1,15,33,0,0,2,1,-17,27,0,0,4.99,0.43,2.18,9.923000000000027
0,2,0,-16,53,0,1,1,1,16,33,0,0,2,1,-20,25,0,0,4.99,0.43,2.18,9.944000000000027
0,2,0,-45,31,0,4,0,1,5,-24,0,-2,1,0,-83,0,0,0,4.99,0.43,2.19,9.966000000000028
0,2,0,-43,33,0,3,0,1,8,-25,0,-3,1,1,-80,65,0,0,4.99,0.43,2.19,9.988000000000028
0,2,0,-43,34,0,3,0,1,11,-24,0,-3,1,1,-77,59,0,0,4.99,0.43,2.19,10.010000000000028
0,2,0,-42,37,0,3,0,1,13,-23,0,-3,1,1,-74,56,0,0,4.99,0.43,2.19,10.032000000000028
0,2,0,-41,39,0,3,0,1,15,-22,0,-3,1,1,-72,54,0,0,4.99,0.43,2.19,10.054000000000029
0,2,0,-43,47,0,3,0,1,19,-26,0,-3,1,1,-65,58,0,0,4.99,0.43,2.19,10.076000000000029
0,2,0,-43,51,0,3,0,1,19,-27,0,-2,1,1,-67,61,0,0,4.99,0.43,2.19,10.09800000000003
0,2,0,-43,55,0,3,0,1,19,-26,0,-2,1,1,-63,66,0,0,4.99,0.43,2.15,10.11900000000003
0,2,0,-43,57,0,2,0,1,19,-26,0,-2,1,1,-61,69,0,0,4.99,0.43,2.15,10.14000000000003
0,2,0,-43,60,0,2,0,1,18,-25,0,-2,1,1,-60,71,0,0,4.99,0.43,2.15,10.161000000000032
0,2,0,-45,70,0,2,0,1,17,-20,0,-2,1,1,-53,69,0,0,4.99,0.43,2.15,10.182000000000032
0,2,0,-47,71,0,2,0,1,17,-17,0,-2,1,1,-51,67,0,0,4.99,0.43,2.15,10.203000000000033
0,2,0,-45,75,0,2,0,1,18,-15,0,-2,1,1,-49,63,0,0,4.99,0.43,2.15,10.224000000000034
0,2,0,-45,76,0,2,0,1,19,-13,0,-2,1,1,-47,58,0,0,4.99,0.43,2.15,10.245000000000035
0,2,0,-42,80,0,2,0,1,25,-7,0,-2,1,1,-44,46,0,0,4.99,0.43,2.15,10.266000000000036
0,2,0,-42,80,0,2,0,1,29,-5,0,-2,1,1,-44,41,0,0,4.99,0.43,2.15,10.287000000000036
0,2,0,-47,145,0,2,0,0,157,55,0,-2,1,0,-128,75,0,0,4.99,0.44,2.23,10.309000000000037
0,2,0,-45,149,0,2,0,0,156,59,0,-2,1,0,-129,76,0,0,4.99,0.44,2.23,10.331000000000037
0,2,1,-44,152,0,2,0,0,157,64,0,-2,1,0,-132,78,0,0,4.99,0.44,2.23,10.353000000000037
0,2,1,-46,159,0,2,0,0,157,73,0,-2,1,0,-137,78,0,0,4.99,0.44,2.23,10.375000000000037
0,2,1,-49,161,0,2,0,0,157,76,0,-2,1,0,-137,78,0,0,4.99,0.45,2.28,10.398000000000037
0,2,0,-49,164,0,2,0,0,157,78,0,-2,1,0,-138,78,0,0,4.99,0.45,2.28,10.421000000000037
0,2,0,-50,166,0,2,0,0,157,80,0,-2,1,0,-139,79,0,0,4.99,0.45,2.28,10.444000000000036
0,2,0,-50,168,0,2,0,0,156,82,0,-2,1,0,-141,79,0,0,4.99,0.45,2.28,10.467000000000036
0,2,0,-50,173,0,2,0,0,155,82,0,-2,1,0,-145,80,0,0,4.99,0.45,2.28,10.490000000000036
0,2,0,-49,174,0,2,0,0,155,82,0,-2,1,0,-147,82,0,0,4.99,0.45,2.28,10.513000000000035
0,2,0,-48,176,0,2,0,0,155,81,0,-2,1,0,-148,85,0,0,4.99,0.45,2.28,10.536000000000035
0,2,0,-47,177,0,2,0,0,155,80,0,-2,1,0,-151,87,0,0,4.99,0.45,2.28,10.559000000000035
0,2,0,-45,180,0,2,0,0,156,78,0,-2,1,0,-156,92,0,0,4.99,0.45,2.28,10.582000000000034
0,2,0,-45,181,0,2,0,0,158,77,0,-2,1,0,-159,93,0,0,4.99,0.45,2.28,10.605000000000034
0,2,0,-44,181,0,2,0,0,158,77,0,-2,1,0,-163,93,0,0,4.99,0.45,2.28,10.628000000000034
0,2,0,-65,233,0,2,0,0,213,56,0,-2,1,0,-175,131,0,0,4.99,0.45,2.26,10.651000000000034
0,2,0,-65,232,0,2,0,0,215,60,0,-2,1,0,-175,132,0,0,4.99,0.45,2.26,10.674000000000033
0,2,0,-64,232,0,2,0,0,216,61,0,-2,1,0,-174,132,0,0,4.99,0.42,2.14,10.696000000000033
0,2,0,-67,234,0,2,0,0,219,60,0,-2,1,0,-172,133,0,0,4.99,0.42,2.14,10.718000000000034
0,2,0,-67,234,0,2,0,0,221,57,0,-2,1,0,-172,132,0,0,4.99,0.42,2.14,10.740000000000034
0,2,0,-67,234,0,2,0,0,221,53,0,-2,1,0,-173,129,0,0,4.99,0.42,2.14,10.762000000000034
0,2,0,-66,233,0,2,0,0,221,49,0,-2,1,0,-169,128,0,0,4.99,0.42,2.14,10.784000000000034
0,2,0,-61,232,0,2,0,0,223,43,0,-2,1,0,-166,125,0,0,4.99,0.42,2.14,10.806000000000035
0,2,0,-58,231,0,2,0,0,224,41,0,-2,1,0,-165,124,0,0,4.99,0.42,2.14,10.828000000000035
0,2,0,-58,232,0,2,0,0,225,39,0,-1,1,0,-164,123,0,0,4.99,0.42,2.14,10.850000000000035
0,2,0,-57,233,0,2,0,0,226,38,0,-1,1,0,-164,122,0,0,4.99,0.42,2.14,10.872000000000035
0,2,0,-52,232,0,2,0,0,229,41,0,-1,1,0,-162,121,0,0,4.99,0.42,2.14,10.894000000000036
0,2,0,-50,233,0,2,0,0,229,44,0,-1,1,0,-159,122,0,0,4.99,0.42,2.14,10.916000000000036
0,2,0,-48,233,0,2,0,0,229,47,0,-1,1,0,-160,124,0,0,4.99,0.42,2.14,10.938000000000036
0,2,0,-48,235,0,2,0,0,228,48,0,-1,1,0,-163,126,0,0,4.99,0.42,2.14,10.960000000000036
0,2,0,-47,159,0,3,1,0,152,92,0,-2,1,1,-35,38,0,0,4.99,0.43,2.19,10.983000000000036
0,2,0,-44,162,0,3,1,0,152,94,0,-2,1,1,-34,44,0,0,4.99,0.43,2.19,11.006000000000036
0,2,0,-37,161,0,2,1,0,146,91,0,-2,1,1,-26,56,0,0,4.99,0.43,2.19,11.029000000000035
0,2,0,-32,157,0,2,1,0,143,89,0,-2,1,1,-25,56,0,0,4.99,0.43,2.19,11.052000000000035
0,2,0,-30,151,0,2,1,0,138,90,0,-2,1,1,-23,55,0,0,4.99,0.43,2.19,11.075000000000035
0,2,0,-27,141,0,2,1,0,135,90,0,-2,1,1,-21,54,0,0,4.99,0.43,2.19,11.098000000000035
0,2,0,-18,117,0,2,1,0,130,84,0,-2,1,1,-13,55,0,0,4.99,0.43,2.19,11.121000000000034
0,2,0,-14,111,0,2,1,0,129,82,0,-2,1,1,-11,55,0,0,4.99,0.43,2.19,11.144000000000034
0,2,0,-10,105,0,2,1,0,128,81,0,-2,1,1,-11,55,0,0,4.99,0.43,2.19,11.167000000000034
0,2,0,-7,100,0,2,1,1,128,80,0,-2,1,1,-12,54,0,0,4.99,0.43,2.19,11.190000000000033
0,2,0,-5,102,0,2,1,1,120,81,0,-1,1,1,-12,46,0,0,4.99,0.43,2.19,11.213000000000033
0,2,1,-8,104,0,2,1,0,116,83,0,-1,1,1,-10,45,0,0,4.99,0.43,2.19,11.236000000000033
0,2,0,-7,104,0,2,1,0,111,86,0,-1,1,1,-12,41,0,0,4.99,0.43,2.19,11.259000000000032
0,2,0,-13,101,0,2,1,0,108,89,0,-1,1,1,-15,38,0,0,4.99,0.43,2.19,11.282000000000032
0,2,0,-15,109,0,2,1,0,103,91,0,-1,1,1,-21,35,0,0,4.99,0.43,2.19,11.305000000000032
0,2,0,7,46,0,1,1,1,23,75,0,0,1,1,47,30,0,0,4.99,0.43,2.17,11.328000000000031
0,2,0,3,44,0,1,1,1,22,71,0,0,1,1,55,26,0,0,4.99,0.43,2.17,11.351000000000031
0,2,0,3,43,0,1,1,1,23,65,0,0,1,1,57,25,0,0,4.99,0.43,2.17,11.37400000000003
0,2,0,5,42,0,1,1,1,23,58,0,0,1,1,60,26,0,0,4.99,0.43,2.17,11.39700000000003
0,2,0,6,41,0,0,1,0,21,52,0,0,1,1,64,25,0,0,4.99,0.43,2.17,11.42000000000003
0,2,0,7,42,0,0,1,0,20,34,0,0,1,1,71,30,0,0,4.99,0.43,2.17,11.44300000000003
0,2,0,5,42,0,0,1,0,19,25,0,0,1,1,72,36,0,0,4.99,0.43,2.17,11.46600000000003
0,2,0,3,44,0,0,1,0,19,16,0,0,1,1,74,41,0,0,4.99,0.43,2.17,11.48900000000003
0,2,0,0,47,0,0,1,0,19,8,0,0,1,0,73,48,0,0,4.99,0.43,2.17,11.512000000000029
0,2,0,-5,51,0,1,1,0,19,-5,0,0,1,0,67,65,0,0,4.99,0.43,2.17,11.535000000000029
0,2,0,-5,52,0,0,1,0,17,-5,0,0,1,0,65,70,0,0,4.99,0.43,2.17,11.558000000000028
0,2,0,-4,52,0,1,2,0,15,-4,0,0,1,0,63,75,0,0,4.99,0.43,2.17,11.581000000000028
0,2,0,-3,53,0,1,2,0,13,-3,0,0,1,0,60,80,0,0,4.99,0.43,2.17,11.604000000000028
0,2,0,-3,53,0,1,2,0,8,-3,0,0,2,0,56,85,0,0,4.99,0.43,2.17,11.627000000000027
0,2,0,-3,54,0,1,2,0,-2,-13,0,0,2,0,39,105,0,0,4.99,0.43,2.17,11.650000000000027
0,2,0,-4,55,0,1,2,0,-11,-22,0,0,1,0,33,235,0,0,4.99,0.43,2.17,11.673000000000027
0,2,0,-29,40,0,0,0,1,28,70,0,0,1,1,2,30,0,0,4.99,0.43,2.15,11.696000000000026
0,2,0,-28,38,0,0,0,1,28,63,0,0,1,1,0,33,0,0,4.99,0.43,2.15,11.719000000000026
0,2,0,-28,37,0,0,0,1,28,54,0,0,1,1,0,34,0,0,4.99,0.43,2.15,11.742000000000026
0,2,0,-30,37,0,0,1,0,22,25,0,0,0,1,-10,33,0,0,4.99,0.43,2.15,11.765000000000025
0,2,0,-30,37,0,0,1,0,20,13,0,0,0,1,-12,29,0,0,4.99,0.43,2.15,11.788000000000025
0,2,0,-29,39,0,0,1,0,19,-1,0,0,0,1,-14,24,0,0,4.99,0.43,2.15,11.811000000000025
0,2,0,-27,41,0,0,1,0,17,-15,0,0,0,1,-15,22,0,0,4.99,0.43,2.15,11.834000000000024
0,2,0,-25,42,0,1,1,0,8,-50,0,0,0,1,-20,14,0,0,4.99,0.43,2.15,11.857000000000024
0,2,0,-23,41,0,1,1,0,8,-54,0,0,0,1,-22,15,0,0,4.99,0.43,2.15,11.880000000000024
0,2,0,-21,42,0,1,1,0,10,-50,0,0,0,1,-22,20,0,0,4.99,0.43,2.15,11.903000000000024
0,2,0,-20,42,0,1,1,1,10,-46,0,0,0,1,-22,26,0,0,4.99,0.43,2.15,11.926000000000023
0,2,0,-21,41,0,2,1,1,14,-29,0,0,0,1,-21,34,0,0,4.99,0.43,2.15,11.949000000000023
0,2,0,-37,45,0,2,0,1,33,-22,0,0,1,1,-25,60,0,0,4.99,0.43,2.15,11.972000000000023
0,3,0,-39,46,0,2,0,0,33,-15,0,0,1,1,-27,65,0,0,4.99,0.43,2.15,11.995000000000022
0,3,0,-40,47,0,2,0,0,31,-7,0,0,1,1,-31,68,0,0,4.99,0.43,2.15,12.018000000000022
0,2,1,-62,145,0,3,0,0,148,27,0,-2,2,0,-118,67,0,0,4.99,0.44,2.19,12.042000000000021
0,2,1,-68,146,0,3,0,0,149,29,0,-2,2,0,-120,67,0,0,4.99,0.44,2.19,12.06600000000002
0,2,0,-68,165,0,3,0,0,152,29,0,-2,2,0,-131,68,0,0,4.99,0.44,2.19,12.09000000000002
0,2,0,-63,168,0,3,0,0,154,29,0,-2,2,0,-136,70,0,0,4.99,0.44,2.19,12.114000000000019
0,2,0,-59,169,0,3,0,0,156,28,0,-2,2,0,-141,72,0,0,4.99,0.44,2.19,12.138000000000018
0,2,0,-54,171,0,3,0,0,157,27,0,-2,2,0,-144,75,0,0,4.99,0.44,2.19,12.162000000000017
0,2,0,-34,174,0,3,0,0,161,27,0,-2,1,0,-155,88,0,0,4.99,0.44,2.19,12.186000000000016
0,2,0,-72,162,0,3,-1,0,195,-83,0,-3,1,0,-194,24,0,0,4.98,0.39,1.96,0.5230000000000004
0,2,0,-72,167,0,3,-1,0,201,-74,0,-3,0,0,-200,23,0,0,4.98,0.39,1.96,0.5300000000000004
0,2,0,-69,168,0,3,-1,0,203,-70,0,-3,0,0,-204,21,0,0,4.98,0.39,1.96,0.5370000000000004
0,2,0,-65,170,0,3,-1,0,205,-65,0,-3,0,0,-204,17,0,0,4.98,0.39,1.96,0.5440000000000004
0,2,0,-59,170,0,3,-1,0,206,-60,0,-3,0,0,-203,13,0,0,4.98,0.39,1.96,0.5510000000000004
0,2,0,-55,170,0,3,-1,0,207,-54,0,-3,0,0,-205,11,0,0,4.98,0.39,1.96,0.5580000000000004
0,2,0,-58,176,0,2,-1,0,213,-43,0,-3,0,0,-210,6,0,0,4.98,0.39,1.96,0.5650000000000004
0,2,0,-61,178,0,2,-1,0,215,-40,0,-3,0,0,-212,6,0,0,4.98,0.39,1.96,0.5720000000000004
0,2,0,-63,182,0,2,-1,0,217,-39,0,-3,0,0,-214,7,0,0,4.98,0.39,1.96,0.5790000000000004
0,2,0,-66,187,0,2,-1,0,220,-38,0,-2,0,0,-215,8,0,0,4.98,0.39,1.96,0.5860000000000004
0,2,0,-70,196,0,3,-1,0,230,-35,0,-3,0,0,-216,14,0,0,4.98,0.39,1.96,0.5930000000000004
0,2,0,-70,199,0,3,-1,0,234,-33,0,-3,0,0,-218,16,0,0,4.98,0.39,1.96,0.6000000000000004
0,2,0,-70,203,0,3,-1,0,239,-31,0,-3,0,0,-219,17,0,0,4.98,0.39,1.96,0.6070000000000004
0,2,0,-70,206,0,3,-1,0,244,-29,0,-3,0,0,-220,20,0,0,4.98,0.39,1.96,0.6140000000000004
0,2,0,-66,224,0,2,0,0,205,51,0,-2,1,0,-127,80,0,0,4.99,0.42,2.1,0.6220000000000004
0,2,0,-65,222,0,2,0,0,203,48,0,-2,1,0,-128,85,0,0,4.98,0.39,1.97,0.6290000000000004
0,2,0,-62,215,0,2,0,0,201,45,0,-2,1,0,-131,92,0,0,4.98,0.39,1.97,0.6360000000000005
0,2,0,-60,214,0,2,0,0,200,44,0,-2,1,0,-131,93,0,0,4.98,0.39,1.97,0.6430000000000005
0,2,0,-57,213,0,2,0,0,202,45,0,-2,1,0,-132,94,0,0,4.98,0.39,1.97,0.6500000000000005
0,2,0,-55,212,0,2,0,0,199,43,0,-2,1,0,-132,92,0,0,4.98,0.39,1.97,0.6570000000000005
0,2,0,-53,208,0,2,0,0,194,47,0,-2,1,0,-125,85,0,0,4.98,0.39,1.97,0.6640000000000005
0,2,0,-54,204,0,2,0,0,191,50,0,-2,1,0,-122,86,0,0,4.98,0.39,1.97,0.6710000000000005
0,2,0,-55,204,0,2,0,0,188,54,0,-2,1,0,-120,88,0,0,4.98,0.39,1.97,0.6780000000000005
0,2,0,-58,200,0,2,0,0,184,58,0,-2,1,0,-122,90,0,0,4.98,0.39,1.97,0.6850000000000005
0,3,0,-54,195,0,3,0,0,177,74,0,-2,1,0,-133,96,0,0,4.98,0.39,1.97,0.6920000000000005
0,2,0,-50,195,0,3,0,0,175,79,0,-2,1,0,-140,105,0,0,4.98,0.39,1.97,0.6990000000000005
0,3,0,-46,194,0,3,0,0,177,82,0,-2,1,0,-146,110,0,0,4.98,0.39,1.97,0.7060000000000005
0,2,0,-45,193,0,3,0,0,180,84,0,-2,1,0,-151,115,0,0,4.98,0.39,1.97,0.7130000000000005
0,2,0,-46,193,0,3,0,0,181,83,0,-2,1,0,-154,120,0,0,4.98,0.39,1.97,0.7200000000000005
0,2,0,-38,180,0,2,1,0,151,119,0,-1,1,1,-61,92,0,0,4.98,0.39,1.98,0.7280000000000005
0,2,0,-41,175,0,2,1,0,156,128,0,-1,1,1,-60,89,0,0,4.98,0.39,1.98,0.7360000000000005
-1,2,0,-43,165,0,1,1,0,151,120,0,-1,1,1,-54,81,0,0,4.98,0.39,1.98,0.7440000000000005
0,2,0,-45,161,0,2,1,0,149,115,0,-1,1,1,-52,79,0,0,4.98,0.39,1.98,0.7520000000000006
0,2,0,-46,159,0,1,1,0,148,111,0,-1,1,1,-50,77,0,0,4.98,0.39,1.98,0.7600000000000006
0,2,0,-47,155,0,1,1,0,147,105,0,-1,1,1,-48,76,0,0,4.98,0.39,1.98,0.7680000000000006
0,2,0,-43,148,0,1,1,0,142,89,0,-1,1,1,-43,77,0,0,4.98,0.39,1.98,0.7760000000000006
0,2,0,-45,146,0,1,1,0,141,83,0,-1,1,1,-39,80,0,0,4.98,0.39,1.98,0.7840000000000006
0,2,0,-46,146,0,1,1,0,138,78,0,-1,1,1,-37,82,0,0,4.98,0.39,1.98,0.7920000000000006
0,2,0,-45,145,0,1,1,0,135,74,0,-1,1,1,-35,83,0,0,4.98,0.39,1.98,0.8000000000000006
0,2,0,-44,142,0,2,1,0,127,69,0,-1,1,1,-30,85,0,0,4.98,0.39,1.98,0.8080000000000006
0,2,0,-42,145,0,2,1,1,124,68,0,-1,1,1,-28,87,0,0,4.98,0.39,1.98,0.8160000000000006
0,2,0,-42,143,0,2,1,1,122,68,0,-1,1,1,-27,88,0,0,4.98,0.39,1.98,0.8240000000000006
0,2,0,-44,138,0,1,1,0,119,68,0,-1,1,1,-27,91,0,0,4.98,0.39,1.98,0.8320000000000006
0,2,0,-38,130,0,1,1,0,113,66,0,-1,1,1,-26,93,0,0,4.98,0.39,1.98,0.8400000000000006
0,2,0,-1,18,0,1,2,0,7,-19,0,0,2,0,-3,63,0,0,4.98,0.39,1.98,0.8480000000000006
0,2,0,-1,17,0,1,2,0,1,-29,0,0,2,0,-2,62,0,0,4.98,0.39,1.98,0.8560000000000006
0,2,0,-3,12,0,1,2,0,-22,-61,0,0,2,0,4,80,0,0,4.98,0.39,1.98,0.8640000000000007
0,2,0,-3,11,0,1,2,0,-34,-74,0,0,2,0,4,93,0,0,4.98,0.39,1.98,0.8720000000000007
0,2,0,-4,10,0,1,2,0,-50,-85,0,0,2,0,2,108,0,0,4.98,0.39,1.98,0.8800000000000007
0,2,0,-5,11,0,1,2,0,-87,-95,0,0,2,0,-24,145,0,0,4.98,0.39,1.98,0.8880000000000007
0,2,0,-5,10,0,1,2,-1,-100,-91,0,0,2,0,-41,165,0,0,4.98,0.39,1.98,0.8960000000000007
0,2,0,-6,9,0,1,2,-1,-114,-84,0,0,2,0,-59,186,0,0,4.98,0.39,1.98,0.9040000000000007
0,2,0,-5,10,0,1,2,-1,-127,-75,0,0,2,0,-81,205,0,0,4.98,0.39,1.98,0.9120000000000007
0,2,0,-6,10,0,1,1,-1,-125,-48,0,0,2,0,-103,222,0,0,4.98,0.39,1.98,0.9200000000000007
0,2,0,-2,11,0,1,1,0,-212,-40,0,0,2,0,-154,241,0,0,4.98,0.39,1.98,0.9280000000000007
0,2,0,-2,12,0,1,1,0,-221,-26,0,0,2,0,-167,244,0,0,4.98,0.39,1.98,0.9360000000000007
0,2,0,-3,13,0,1,1,0,-239,-16,0,0,2,0,-179,242,0,0,4.98,0.39,1.98,0.9440000000000007
0,2,0,-4,14,0,1,1,0,-250,-5,0,0,2,0,-186,235,0,0,4.98,0.39,1.98,0.9520000000000007
0,2,0,-2,13,0,5,-5,5,28,250,0,-5,-5,5,210,-250,0,0,4.98,0.39,1.98,0.9600000000000007
0,2,0,-9,30,0,1,0,1,-9,4,0,0,1,1,4,34,0,0,5.0,0.51,2.55,0.9710000000000008
0,2,0,-10,31,0,1,0,1,-11,5,0,0,1,1,5,33,0,0,5.0,0.51,2.55,0.9820000000000008
0,2,0,-10,34,0,1,0,1,-10,7,0,0,1,1,6,32,0,0,5.0,0.51,2.55,0.9930000000000008
0,2,0,-15,41,0,1,0,1,1,25,0,0,1,1,5,24,0,0,5.0,0.51,2.55,1.0040000000000007
0,2,0,-17,44,0,1,0,1,4,16,0,0,1,1,3,21,0,0,5.0,0.51,2.55,1.0150000000000006
0,2,0,-17,45,0,1,0,1,12,18,0,0,1,1,2,19,0,0,5.0,0.51,2.55,1.0260000000000005
0,2,0,-17,47,0,1,0,1,13,26,0,0,1,1,2,17,0,0,5.0,0.51,2.55,1.0370000000000004
0,2,0,-16,49,0,1,0,1,19,24,0,0,1,1,2,16,0,0,5.0,0.51,2.55,1.0480000000000003
0,2,0,-19,56,0,1,0,1,33,24,0,0,1,1,3,17,0,0,5.0,0.51,2.55,1.0590000000000002
0,2,0,-20,60,0,1,0,1,34,23,0,0,1,1,0,18,0,0,5.0,0.51,2.55,1.07
0,2,0,-22,61,0,2,0,1,32,19,0,0,1,1,-1,18,0,0,5.0,0.51,2.55,1.081
0,2,0,-22,63,0,2,0,1,31,18,0,0,1,1,-2,16,0,0,5.0,0.51,2.55,1.0919999999999999
0,2,0,-26,66,0,2,0,1,37,12,0,0,1,1,-5,5,0,0,5.0,0.51,2.55,1.1029999999999998
0,2,0,-27,66,0,2,0,1,36,-6,0,0,1,1,-7,0,0,0,5.0,0.51,2.55,1.1139999999999997
0,2,0,-28,68,0,2,0,1,37,-16,0,0,1,1,-11,-2,0,0,5.0,0.51,2.55,1.1249999999999996
0,2,1,-70,73,0,2,0,1,8,32,0,-2,1,1,-105,82,0,0,4.98,0.4,2.0,1.1339999999999995
0,2,1,-68,71,0,2,0,1,10,34,0,-2,1,1,-111,79,0,0,4.98,0.4,2.0,1.1429999999999993
0,2,1,-64,71,0,2,-1,1,13,32,0,-2,1,0,-118,77,0,0,4.98,0.4,2.0,1.1519999999999992
0,2,1,-63,79,0,2,-1,1,20,17,0,-1,1,0,-128,71,0,0,4.98,0.4,2.0,1.1609999999999991
0,2,1,-65,84,0,2,-1,1,25,10,0,-2,1,0,-131,71,0,0,4.98,0.4,2.0,1.169999999999999
0,2,1,-64,93,0,2,-1,1,31,4,0,-1,1,0,-134,71,0,0,4.98,0.4,2.0,1.178999999999999
0,2,1,-64,99,0,2,-1,1,35,-1,0,-2,1,0,-138,71,0,0,4.98,0.4,2.0,1.1879999999999988
0,2,1,-65,112,0,2,-1,1,40,9,0,-1,2,0,-196,60,0,0,4.98,0.4,2.0,1.1969999999999987
0,2,1,-67,115,0,2,-1,1,44,16,0,-2,0,0,-185,66,0,0,4.98,0.4,2.0,1.2059999999999986
0,2,1,-68,122,0,2,-1,1,49,22,0,-2,0,0,-185,80,0,0,4.98,0.4,2.0,1.2149999999999985
0,2,1,-67,123,0,2,-1,1,55,25,0,-2,1,0,-187,79,0,0,4.98,0.4,2.0,1.2239999999999984
0,2,0,-63,126,0,2,-1,1,65,29,0,-2,1,0,-180,77,0,0,4.98,0.4,2.0,1.2329999999999983
0,2,0,-47,133,0,3,-1,1,85,35,0,-2,1,0,-201,84,0,0,4.98,0.4,2.0,1.2419999999999982
0,2,1,-44,136,0,3,-1,1,92,36,0,-2,1,0,-204,82,0,0,4.98,0.4,2.0,1.2509999999999981
0,2,1,-42,140,0,2,-1,1,98,34,0,-2,1,0,-206,83,0,0,4.98,0.39,1.97,1.259999999999998
0,2,0,-76,250,0,2,1,0,236,110,0,-2,0,0,-142,3,0,0,4.98,0.4,1.99,1.268999999999998
0,2,0,-74,250,0,2,1,0,230,107,0,-2,0,0,-136,4,0,0,4.98,0.4,1.99,1.2779999999999978
0,2,0,-66,249,0,2,1,0,217,103,0,-2,0,0,-117,15,0,0,4.98,0.4,1.99,1.2869999999999977
0,2,0,-66,247,0,2,1,0,213,100,0,-2,0,0,-106,22,0,0,4.98,0.4,1.99,1.2959999999999976
0,2,0,-66,248,0,2,1,0,209,99,0,-1,0,0,-96,30,0,0,4.98,0.4,1.99,1.3049999999999975
0,2,0,-69,246,0,2,1,0,205,98,0,-1,0,0,-93,40,0,0,4.98,0.4,1.99,1.3139999999999974
0,2,0,-70,241,0,2,1,0,201,95,0,-1,0,0,-93,50,0,0,4.98,0.4,1.99,1.3229999999999973
0,2,0,-62,240,0,2,1,0,191,93,0,-1,0,0,-85,75,0,0,4.98,0.4,1.99,1.3319999999999972
0,2,0,-64,234,0,2,1,0,187,89,0,-1,0,0,-82,81,0,0,4.98,0.4,1.99,1.340999999999997
0,2,0,-63,230,0,2,1,0,180,89,0,-1,0,0,-78,87,0,0,4.98,0.4,1.99,1.349999999999997
0,2,0,-61,229,0,2,1,0,177,93,0,-1,0,0,-75,91,0,0,4.98,0.4,1.99,1.3589999999999969
0,2,0,-54,219,0,2,1,0,165,89,0,-2,0,0,-65,92,0,0,4.98,0.4,1.99,1.3679999999999968
0,2,0,-50,215,0,2,1,0,161,87,0,-2,0,0,-65,93,0,0,4.98,0.39,1.96,1.3769999999999967
0,2,0,-48,209,0,2,1,0,161,85,0,-2,0,0,-64,91,0,0,4.98,0.39,1.96,1.3859999999999966
0,2,0,-44,205,0,2,1,0,157,81,0,-2,0,0,-59,86,0,0,4.98,0.39,1.96,1.3949999999999965
0,2,0,-58,165,0,2,0,1,111,93,0,-2,1,1,-134,52,0,0,4.98,0.4,1.99,1.4039999999999964
0,2,0,-54,164,0,2,0,1,112,92,0,-2,2,1,-141,60,0,0,4.98,0.4,1.99,1.4129999999999963
0,3,0,-39,167,0,2,1,1,116,99,0,-2,2,1,-152,66,0,0,4.98,0.4,1.99,1.4219999999999962
0,3,0,-36,167,0,3,1,1,119,101,0,-2,2,1,-153,71,0,0,4.98,0.4,1.99,1.430999999999996
0,3,1,-37,166,0,3,1,1,121,101,0,-2,2,1,-149,68,0,0,4.98,0.4,1.99,1.439999999999996
0,3,1,-37,171,0,3,1,1,125,104,0,-2,2,1,-152,73,0,0,4.98,0.4,1.99,1.4489999999999958
0,2,1,-40,176,0,3,1,1,130,108,0,-2,2,1,-157,78,0,0,4.98,0.4,1.99,1.4579999999999957
0,2,1,-59,193,0,3,0,1,141,126,0,-3,1,1,-161,88,0,0,4.98,0.4,1.99,1.4669999999999956
0,2,1,-66,195,0,3,0,1,146,134,0,-2,1,1,-157,64,0,0,4.98,0.4,1.99,1.4759999999999955
0,2,0,-67,197,0,3,0,1,151,141,0,-3,1,1,-159,65,0,0,4.98,0.4,1.99,1.4849999999999954
0,2,0,-66,199,0,3,0,1,155,146,0,-2,1,1,-152,67,0,0,4.99,0.42,2.12,1.4949999999999954
0,2,0,-58,196,0,3,0,1,166,156,0,-2,1,1,-147,57,0,0,4.99,0.42,2.12,1.5049999999999955
0,2,0,-57,187,0,3,0,1,171,157,0,-2,1,0,-144,62,0,0,4.99,0.42,2.12,1.5149999999999955
0,1,0,-52,185,0,3,0,1,174,157,0,-2,1,1,-138,40,0,0,4.99,0.42,2.12,1.5249999999999955
0,1,0,-47,179,0,3,0,1,178,158,0,-2,1,1,-134,35,0,0,4.99,0.42,2.12,1.5349999999999955
0,2,0,-10,95,0,1,2,0,11,50,0,0,2,0,51,175,0,0,4.98,0.39,1.98,1.5439999999999954
0,2,0,-10,93,0,1,2,0,8,44,0,0,1,0,44,175,0,0,4.98,0.39,1.98,1.5529999999999953
0,2,0,-7,91,0,1,2,0,0,22,0,0,2,0,26,177,0,0,4.98,0.39,1.98,1.5619999999999952
0,2,0,-7,92,0,1,2,0,1,16,0,0,2,0,19,179,0,0,4.98,0.39,1.98,1.570999999999995
0,2,0,-9,88,0,1,2,0,1,11,0,0,2,0,12,181,0,0,4.98,0.39,1.98,1.579999999999995
0,2,0,-9,87,0,1,2,0,-2,5,0,0,2,0,5,185,0,0,4.98,0.39,1.98,1.5889999999999949
0,2,0,-10,85,0,1,2,0,-6,1,0,0,2,0,-1,187,0,0,4.98,0.39,1.98,1.5979999999999948
0,2,0,-5,75,0,1,2,0,-21,-10,0,0,2,0,-22,188,0,0,4.98,0.39,1.98,1.6069999999999947
-1,2,0,-5,70,0,1,2,0,-32,-19,0,0,2,0,-38,188,0,0,4.98,0.39,1.95,1.6159999999999946
0,2,0,-2,67,0,1,2,0,-46,-31,0,0,2,0,-45,195,0,0,4.98,0.39,1.95,1.6249999999999944
0,2,0,-1,65,0,1,2,0,-64,-42,0,0,2,0,-57,206,0,0,4.98,0.39,1.95,1.6339999999999943
0,2,0,0,57,0,1,2,0,-103,-51,0,0,2,0,-96,244,0,0,4.98,0.39,1.95,1.6429999999999942
0,2,0,0,56,0,1,2,0,-117,-59,0,0,2,0,-115,250,0,0,4.98,0.39,1.95,1.6519999999999941
0,2,0,0,53,0,1,2,0,-126,-62,0,0,2,0,-135,250,0,0,4.98,0.39,1.95,1.660999999999994
0,2,0,-1,49,0,1,2,0,-132,-61,0,0,2,0,-152,250,0,0,4.98,0.39,1.95,1.669999999999994
0,2,0,-39,24,0,0,0,1,-5,4,0,0,1,1,20,15,0,0,4.99,0.4,2.02,1.679999999999994
0,2,0,-40,27,0,1,0,1,-4,6,0,0,1,1,16,20,0,0,4.99,0.4,2.02,1.689999999999994
0,3,0,-47,36,0,1,0,1,1,7,0,0,1,1,9,36,0,0,4.99,0.4,2.02,1.699999999999994
0,3,0,-51,38,0,1,0,1,1,5,0,0,1,1,3,41,0,0,4.99,0.4,2.02,1.709999999999994
0,3,0,-56,40,0,1,0,1,1,4,0,0,1,1,1,45,0,0,4.99,0.4,2.02,1.719999999999994
0,3,0,-61,43,0,1,0,1,0,-2,0,0,1,1,-3,49,0,0,4.99,0.4,2.02,1.729999999999994
0,3,0,-66,46,0,1,0,1,-5,-7,0,0,1,0,-8,56,0,0,4.98,0.39,1.98,1.739999999999994
0,3,1,-78,49,0,1,0,0,-14,-19,0,0,2,0,-22,63,0,0,4.98,0.39,1.98,1.749999999999994
0,3,1,-83,54,0,1,0,0,-15,-24,0,0,2,0,-27,66,0,0,4.98,0.39,1.98,1.759999999999994
0,3,1,-89,60,0,1,-1,0,-11,-27,0,0,2,0,-32,67,0,0,4.98,0.39,1.98,1.769999999999994
0,2,0,-94,62,0,2,-1,0,-8,-28,0,0,2,0,-32,72,0,0,4.98,0.39,1.98,1.779999999999994
0,2,0,-97,72,0,2,-1,0,-7,-32,0,0,2,0,-33,82,0,0,4.98,0.39,1.98,1.789999999999994
0,2,0,-95,73,0,2,-1,0,3,-35,0,0,2,0,-33,84,0,0,4.98,0.39,1.98,1.799999999999994
0,2,0,-88,70,0,2,-1,1,12,-40,0,0,2,0,-33,85,0,0,4.98,0.39,1.98,1.809999999999994
0,2,0,-79,73,0,2,-1,1,14,-41,0,0,2,0,-34,89,0,0,4.98,0.39,1.98,1.819999999999994
0,3,0,-86,250,0,3,0,0,250,67,0,-3,0,0,-211,70,0,0,4.98,0.39,1.97,1.829999999999994
0,3,0,-87,250,0,3,0,0,250,68,0,-3,0,0,-208,72,0,0,4.98,0.39,1.97,1.839999999999994
0,3,0,-92,250,0,3,0,0,250,70,0,-2,0,0,-195,72,0,0,4.98,0.39,1.97,1.849999999999994
0,3,0,-93,250,0,3,0,0,250,70,0,-2,0,0,-189,74,0,0,4.98,0.39,1.97,1.859999999999994
0,3,0,-95,250,0,3,0,0,250,70,0,-2,0,0,-186,75,0,0,4.98,0.38,1.94,1.8699999999999941
0,3,0,-94,250,0,3,0,0,250,71,0,-2,0,0,-182,75,0,0,4.98,0.38,1.94,1.8799999999999941
0,3,0,-96,250,0,3,0,0,250,78,0,-2,0,0,-175,78,0,0,4.98,0.38,1.94,1.8899999999999941
0,3,0,-96,250,0,3,0,0,250,83,0,-2,0,0,-171,78,0,0,4.98,0.38,1.94,1.8999999999999941
0,3,0,-100,250,0,2,0,0,250,86,0,-2,0,0,-169,77,0,0,4.98,0.38,1.94,1.9099999999999941
0,3,0,-96,250,0,2,0,0,250,88,0,-2,0,0,-167,77,0,0,4.98,0.38,1.94,1.9199999999999942
0,3,0,-91,250,0,2,0,0,249,93,0,-2,0,0,-160,75,0,0,4.98,0.38,1.94,1.9299999999999942
0,3,0,-91,250,0,2,0,0,248,94,0,-2,0,0,-156,73,0,0,4.98,0.38,1.94,1.9399999999999942
0,3,0,-93,250,0,2,0,0,245,94,0,-2,0,0,-150,73,0,0,4.98,0.38,1.94,1.9499999999999942
0,3,1,-75,198,0,3,0,0,129,83,0,-2,1,0,-127,103,0,0,5.0,0.51,2.59,1.962999999999994
0,3,0,-74,214,0,3,0,0,129,83,0,-2,1,0,-130,109,0,0,5.0,0.51,2.59,1.975999999999994
0,2,0,-85,211,0,3,0,0,131,84,0,-2,1,0,-136,116,0,0,5.0,0.51,2.59,1.9889999999999939
0,2,0,-85,212,0,3,0,0,132,85,0,-2,1,0,-139,118,0,0,5.0,0.51,2.59,2.001999999999994
0,2,0,-80,212,0,3,0,0,135,84,0,-2,1,0,-144,121,0,0,5.0,0.51,2.56,2.014999999999994
0,2,0,-73,209,0,3,0,0,136,83,0,-2,1,0,-148,121,0,0,5.0,0.51,2.56,2.027999999999994
0,2,0,-66,204,0,3,0,0,138,81,0,-2,1,0,-152,120,0,0,5.0,0.51,2.56,2.0409999999999937
0,2,0,-56,201,0,3,0,0,138,74,0,-2,1,0,-159,116,0,0,5.0,0.51,2.56,2.0539999999999936
0,2,0,-56,198,0,3,0,0,137,70,0,-2,1,0,-162,114,0,0,5.0,0.51,2.56,2.0669999999999935
0,2,0,-56,200,0,3,0,0,136,63,0,-2,1,0,-166,112,0,0,5.0,0.51,2.56,2.0799999999999934
0,2,0,-57,200,0,2,0,0,138,63,0,-2,1,0,-171,110,0,0,5.0,0.51,2.56,2.0929999999999933
0,2,0,-58,202,0,2,0,0,138,60,0,-2,1,0,-176,108,0,0,5.0,0.51,2.56,2.105999999999993
0,2,0,-45,206,0,2,1,0,143,106,0,-2,1,1,-110,100,0,0,5.0,0.52,2.6,2.119999999999993
0,2,0,-45,206,0,2,1,0,141,116,0,-2,1,1,-101,100,0,0,5.0,0.52,2.6,2.133999999999993
0,2,0,-45,203,0,2,1,0,141,121,0,-2,1,1,-97,101,0,0,5.0,0.52,2.6,2.1479999999999926
0,2,0,-46,202,0,2,1,0,140,125,0,-2,1,1,-92,100,0,0,5.0,0.52,2.6,2.1619999999999924
0,2,0,-46,201,0,2,1,0,140,124,0,-2,1,1,-87,101,0,0,5.0,0.52,2.6,2.175999999999992
0,2,0,-45,198,0,2,1,0,140,123,0,-1,1,1,-82,104,0,0,5.0,0.5,2.54,2.189999999999992
0,2,0,-42,194,0,2,1,0,141,118,0,-1,1,1,-77,108,0,0,5.0,0.5,2.54,2.2039999999999917
0,2,0,-41,190,0,2,1,0,141,114,0,-1,1,1,-75,110,0,0,5.0,0.5,2.54,2.2179999999999915
0,2,0,-39,187,0,2,1,0,142,109,0,-1,1,1,-73,112,0,0,5.0,0.5,2.54,2.2319999999999913
0,2,0,-36,183,0,2,1,0,142,103,0,-1,1,1,-71,114,0,0,5.0,0.5,2.54,2.245999999999991
0,2,0,-35,180,0,2,1,0,141,99,0,-1,1,1,-72,114,0,0,5.0,0.5,2.54,2.259999999999991
0,2,0,-32,173,0,2,1,0,140,99,0,-1,1,1,-72,113,0,0,5.0,0.5,2.54,2.2739999999999907
0,2,0,-30,172,0,2,1,0,140,100,0,-1,1,1,-72,111,0,0,5.0,0.5,2.54,2.2879999999999905
-1,2,0,-5,71,0,1,2,1,52,43,0,-1,1,1,0,35,0,0,5.0,0.52,2.64,2.3019999999999903
-1,2,0,-5,67,0,1,2,1,53,43,0,-1,1,1,0,33,0,0,5.0,0.52,2.64,2.31599999999999
-1,2,0,-4,62,0,1,2,1,53,41,0,0,1,1,0,28,0,0,5.0,0.52,2.64,2.32999999999999
-1,2,0,-2,56,0,1,2,1,53,39,0,0,1,1,3,20,0,0,5.0,0.52,2.64,2.3439999999999896
0,2,0,-2,53,0,1,2,1,52,37,0,0,1,1,5,13,0,0,5.0,0.52,2.64,2.3579999999999894
0,2,0,0,52,0,1,2,1,50,33,0,0,1,1,8,8,0,0,5.0,0.5,2.5,2.3719999999999892
0,2,0,3,48,0,1,2,1,48,31,0,0,1,1,11,3,0,0,5.0,0.5,2.5,2.385999999999989
0,2,0,4,46,0,1,2,1,46,27,0,0,1,1,14,0,0,0,5.0,0.5,2.5,2.399999999999989
0,2,0,2,44,0,1,2,1,41,19,0,0,1,1,20,-6,0,0,5.0,0.5,2.5,2.4139999999999886
0,2,0,1,44,0,1,2,1,39,17,0,0,2,1,24,-8,0,0,5.0,0.5,2.5,2.4279999999999884
0,2,0,0,44,0,1,2,0,39,18,0,0,1,1,27,-7,0,0,5.0,0.5,2.5,2.441999999999988
0,2,0,0,41,0,1,2,0,37,17,0,0,1,1,29,-6,0,0,5.0,0.5,2.5,2.455999999999988
0,2,0,-7,22,0,1,2,1,-8,-13,0,0,0,1,-6,17,0,0,5.0,0.51,2.56,2.4699999999999878
0,2,0,-9,22,0,1,1,1,-8,0,0,0,1,1,-10,25,0,0,5.0,0.51,2.56,2.4839999999999876
0,2,0,-8,18,0,1,1,1,-1,9,0,0,1,1,-14,23,0,0,5.0,0.51,2.56,2.4979999999999873
0,2,0,-4,26,0,1,1,1,6,19,0,0,1,1,-15,25,0,0,5.0,0.51,2.56,2.511999999999987
0,2,1,-7,26,0,1,1,1,11,29,0,0,1,2,-9,29,0,0,5.0,0.51,2.56,2.525999999999987
0,2,1,-16,23,0,1,1,1,11,37,0,0,1,1,-4,32,0,0,5.0,0.51,2.56,2.5399999999999867
0,2,0,-20,24,0,1,1,1,8,44,0,0,1,1,-1,32,0,0,5.0,0.51,2.59,2.5539999999999865
0,2,0,-19,24,0,1,1,1,4,51,0,0,1,1,12,34,0,0,5.0,0.51,2.59,2.5679999999999863
0,2,0,-18,22,0,1,1,1,3,51,0,0,2,1,14,35,0,0,5.0,0.51,2.59,2.581999999999986
0,2,0,-17,23,0,1,1,1,1,49,0,0,2,1,12,35,0,0,5.0,0.51,2.59,2.595999999999986
0,2,0,-17,24,0,1,1,1,0,46,0,0,2,1,7,35,0,0,5.0,0.51,2.59,2.6099999999999857
0,2,0,-16,23,0,1,1,1,0,43,0,0,2,1,1,36,0,0,5.0,0.51,2.59,2.6239999999999855
0,2,0,-10,25,0,1,1,1,2,36,0,0,2,1,-9,36,0,0,5.0,0.51,2.59,2.6379999999999852
0,2,0,-9,27,0,1,1,1,4,32,0,0,2,1,-14,34,0,0,5.0,0.51,2.59,2.651999999999985
0,3,0,-53,98,0,3,0,1,13,-16,0,-2,1,1,-45,44,0,0,4.99,0.48,2.4,2.665999999999985
0,3,0,-57,100,0,3,0,1,11,-27,0,-2,1,1,-43,52,0,0,4.99,0.48,2.4,2.6799999999999846
0,3,0,-61,103,0,3,0,1,21,-27,0,-2,1,1,-44,56,0,0,4.99,0.48,2.4,2.6939999999999844
0,3,0,-69,108,0,4,0,1,31,-35,0,-2,1,1,-46,76,0,0,4.99,0.48,2.4,2.707999999999984
0,3,0,-71,110,0,4,0,1,33,-33,0,-2,1,1,-42,80,0,0,4.99,0.48,2.4,2.721999999999984
0,3,0,-73,108,0,4,0,1,40,-27,0,-3,1,2,-41,94,0,0,4.98,0.39,1.98,2.732999999999984
0,2,0,-73,106,0,4,0,1,40,-32,0,-3,1,2,-41,95,0,0,4.98,0.39,1.98,2.7439999999999842
0,2,0,-70,101,0,4,0,1,48,-31,0,-3,2,2,-45,88,0,0,4.98,0.39,1.98,2.7549999999999844
0,2,0,-67,101,0,4,0,1,49,-23,0,-3,2,2,-47,87,0,0,4.98,0.39,1.98,2.7659999999999845
0,2,0,-66,97,0,3,0,1,49,-23,0,-3,2,2,-50,87,0,0,4.98,0.39,1.98,2.7769999999999846
0,2,0,-65,94,0,3,0,1,52,-25,0,-3,2,2,-53,85,0,0,4.98,0.39,1.98,2.7879999999999847
0,2,0,-58,93,0,3,0,1,54,-29,0,-3,2,2,-57,85,0,0,4.98,0.39,1.98,2.798999999999985
0,2,0,-55,90,0,3,0,1,62,-39,0,-3,2,2,-69,80,0,0,4.98,0.39,1.98,2.809999999999985
0,2,0,-55,92,0,3,0,1,66,-44,0,-3,2,1,-77,78,0,0,4.98,0.39,1.98,2.820999999999985
0,2,0,-57,92,0,3,0,1,69,-49,0,-3,2,1,-83,74,0,0,4.98,0.39,1.98,2.831999999999985
0,2,1,-46,159,0,2,-1,0,247,10,0,-3,1,0,-153,8,0,0,4.98,0.39,1.97,2.8429999999999853
0,2,1,-51,162,0,2,0,0,249,11,0,-3,1,0,-150,12,0,0,4.98,0.39,1.97,2.8539999999999854
0,2,1,-61,161,0,2,0,0,250,13,0,-3,1,0,-146,15,0,0,4.98,0.39,1.97,2.8649999999999856
0,2,1,-68,168,0,2,0,0,250,26,0,-3,1,0,-137,23,0,0,4.98,0.39,1.98,2.8759999999999857
0,2,0,-71,164,0,2,0,0,250,30,0,-3,1,0,-134,26,0,0,4.98,0.39,1.98,2.886999999999986
0,2,0,-69,170,0,2,0,0,250,34,0,-3,1,0,-133,29,0,0,4.98,0.39,1.98,2.897999999999986
0,2,0,-70,167,0,2,0,0,250,39,0,-3,1,0,-132,31,0,0,4.98,0.39,1.98,2.908999999999986
0,2,0,-62,173,0,3,0,0,250,49,0,-3,1,0,-130,33,0,0,4.98,0.39,1.98,2.919999999999986
0,2,0,-58,176,0,3,0,0,250,52,0,-3,1,0,-130,32,0,0,4.98,0.39,1.98,2.9309999999999863
0,2,0,-55,182,0,3,0,0,250,56,0,-3,1,0,-131,31,0,0,4.98,0.39,1.98,2.9419999999999864
0,2,0,-52,188,0,3,0,0,250,59,0,-3,1,0,-130,31,0,0,4.98,0.39,1.98,2.9529999999999865
0,2,0,-55,199,0,3,0,0,250,66,0,-3,1,0,-132,33,0,0,4.98,0.39,1.98,2.9639999999999866
0,2,0,-54,205,0,3,0,0,250,67,0,-3,1,0,-132,35,0,0,4.98,0.39,1.98,2.9749999999999868
0,2,0,-51,209,0,3,0,0,250,69,0,-3,1,0,-133,37,0,0,4.98,0.39,1.98,2.985999999999987
0,2,0,-53,209,0,3,0,0,250,70,0,-3,1,0,-134,38,0,0,4.98,0.39,1.98,2.996999999999987
-1,2,0,-63,210,0,2,1,0,185,96,0,-2,0,1,-23,150,0,0,4.98,0.4,2.01,3.008999999999987
-1,2,0,-61,206,0,2,1,0,183,87,0,-2,0,1,-20,151,0,0,4.98,0.39,1.97,3.020999999999987
-1,2,0,-60,201,0,2,1,0,181,82,0,-2,0,1,-17,153,0,0,4.98,0.39,1.97,3.032999999999987
-1,2,0,-57,189,0,1,1,0,178,75,0,-2,0,1,-7,155,0,0,4.98,0.39,1.97,3.044999999999987
-1,2,0,-57,186,0,1,1,0,175,72,0,-2,0,1,-4,157,0,0,4.98,0.39,1.97,3.056999999999987
-1,2,0,-55,183,0,1,1,0,173,73,0,-1,0,1,-3,160,0,0,4.98,0.39,1.97,3.068999999999987
0,2,0,-55,176,0,1,1,0,171,72,0,-1,0,1,-2,162,0,0,4.98,0.39,1.97,3.080999999999987
0,1,0,-44,168,0,1,1,0,164,72,0,-1,1,1,1,163,0,0,4.98,0.39,1.97,3.092999999999987
0,1,0,-43,171,0,1,1,0,158,71,0,-1,1,1,5,161,0,0,4.98,0.39,1.97,3.104999999999987
0,1,0,-45,170,0,1,1,0,155,71,0,-1,1,1,9,159,0,0,4.98,0.39,1.97,3.116999999999987
0,1,0,-47,173,0,2,1,0,151,72,0,-1,1,1,10,157,0,0,4.98,0.39,1.97,3.128999999999987
0,1,0,-59,178,0,1,1,0,141,74,0,-1,1,1,16,150,0,0,4.98,0.39,1.97,3.140999999999987
0,1,0,-63,178,0,2,1,0,138,73,0,-1,1,1,14,148,0,0,4.98,0.39,1.97,3.152999999999987
0,2,0,-65,179,0,2,1,0,132,71,0,-1,1,1,14,148,0,0,4.98,0.39,1.97,3.164999999999987
0,2,0,-62,179,0,2,1,0,129,72,0,-1,1,1,11,149,0,0,4.98,0.39,1.97,3.176999999999987
0,2,0,-19,152,0,1,1,1,78,105,0,0,1,1,-59,58,0,0,4.98,0.41,2.04,3.188999999999987
0,2,0,-23,151,0,1,1,1,77,102,0,0,1,1,-56,63,0,0,4.98,0.41,2.04,3.200999999999987
0,2,0,-28,146,0,1,1,0,78,96,0,0,1,1,-42,63,0,0,4.98,0.41,2.04,3.212999999999987
0,2,0,-26,142,0,1,1,0,75,94,0,0,1,1,-37,66,0,0,4.98,0.41,2.04,3.224999999999987
0,2,0,-25,132,0,1,2,0,73,89,0,0,1,1,-31,69,0,0,4.98,0.41,2.04,3.236999999999987
0,2,0,-22,123,0,1,1,0,69,88,0,0,1,1,-25,72,0,0,4.98,0.41,2.04,3.2489999999999872
0,2,0,-15,125,0,1,2,0,65,84,0,0,2,1,-20,75,0,0,4.98,0.41,2.04,3.2609999999999872
0,2,0,-13,105,0,1,2,0,56,75,0,0,2,1,-10,80,0,0,4.98,0.41,2.04,3.2729999999999873
-1,2,0,-13,99,0,1,2,0,51,69,0,0,2,1,-7,83,0,0,4.98,0.41,2.04,3.2849999999999873
-1,2,0,-14,91,0,1,2,0,52,65,0,0,2,1,-4,87,0,0,4.98,0.41,2.04,3.2969999999999873
-1,2,0,-11,87,0,1,2,0,49,60,0,0,2,1,-1,85,0,0,4.98,0.41,2.04,3.3089999999999873
-1,2,0,-12,74,0,1,2,0,50,47,0,0,2,1,5,87,0,0,4.98,0.41,2.04,3.3209999999999873
-1,2,0,-10,73,0,1,2,0,48,35,0,0,2,1,8,87,0,0,4.98,0.41,2.04,3.3329999999999873
-1,2,0,-7,67,0,1,2,0,47,27,0,0,1,1,14,88,0,0,4.98,0.41,2.04,3.3449999999999873
-1,2,0,-7,63,0,1,2,0,46,21,0,0,1,1,19,91,0,0,4.98,0.41,2.04,3.3569999999999873
0,2,0,-12,14,0,1,1,1,-18,11,0,0,1,1,-13,-19,0,0,4.98,0.39,1.99,3.3689999999999873
0,2,0,-14,15,0,1,1,1,-17,15,0,0,1,1,-20,-22,0,0,4.98,0.39,1.99,3.3809999999999873
0,2,0,-13,17,0,1,1,2,-17,26,0,0,1,2,-33,-29,0,0,4.98,0.39,1.99,3.3929999999999874
0,2,0,-12,18,0,1,1,2,-17,31,0,0,1,2,-36,-32,0,0,4.98,0.39,1.99,3.4049999999999874
0,2,0,-10,16,0,1,1,2,-16,35,0,0,1,2,-38,-35,0,0,4.98,0.39,1.99,3.4169999999999874
0,2,0,-7,16,0,1,1,2,-16,39,0,0,1,2,-40,-19,0,0,4.98,0.39,1.99,3.4289999999999874
0,2,0,-4,15,0,1,1,2,-14,40,0,0,1,2,-36,-35,0,0,4.98,0.39,1.99,3.4409999999999874
0,2,0,-1,15,0,1,1,2,-11,40,0,0,1,2,-29,-48,0,0,4.98,0.39,1.99,3.4529999999999874
0,2,0,-1,12,0,0,1,2,-9,40,0,0,1,2,-28,-50,0,0,4.98,0.39,1.99,3.4649999999999874
0,2,0,-2,13,0,0,1,1,-9,40,0,0,1,2,-28,-50,0,0,4.98,0.39,1.99,3.4769999999999874
0,2,0,-1,14,0,0,1,1,-7,42,0,0,1,2,-29,-54,0,0,4.98,0.39,1.99,3.4889999999999874
0,2,0,-1,11,0,0,1,1,-2,53,0,0,0,1,-26,-58,0,0,4.98,0.39,1.99,3.5009999999999875
0,2,0,0,11,0,0,1,1,0,58,0,0,0,1,-22,-59,0,0,4.98,0.39,1.99,3.5129999999999875
0,2,0,-1,14,0,0,0,1,2,59,0,0,0,1,-18,-58,0,0,4.98,0.39,1.99,3.5249999999999875
0,2,0,-4,10,0,0,0,1,3,56,0,0,0,1,-15,-57,0,0,4.98,0.39,1.99,3.5369999999999875
0,2,0,-63,107,0,2,0,2,124,7,0,-2,2,0,-96,96,0,0,4.98,0.39,1.98,3.5499999999999874
-1,2,0,-61,102,0,2,0,2,127,5,0,-2,2,1,-95,99,0,0,4.98,0.39,1.98,3.5629999999999873
0,2,0,-50,97,0,2,0,2,131,5,0,-2,2,0,-98,111,0,0,4.98,0.39,1.98,3.575999999999987
0,2,0,-48,95,0,2,0,2,133,7,0,-2,2,0,-96,107,0,0,4.98,0.39,1.98,3.588999999999987
0,2,0,-44,98,0,2,0,2,134,9,0,-2,2,0,-92,110,0,0,4.98,0.39,1.98,3.601999999999987
0,2,0,-45,103,0,2,0,2,136,13,0,-2,2,0,-88,109,0,0,4.98,0.39,1.98,3.614999999999987
0,2,0,-53,118,0,2,0,1,147,20,0,-2,1,0,-92,114,0,0,4.98,0.39,1.98,3.627999999999987
0,2,0,-55,123,0,2,0,1,152,21,0,-2,1,0,-95,116,0,0,4.98,0.39,1.98,3.6409999999999867
0,2,0,-54,128,0,2,0,1,168,28,0,-2,1,0,-96,117,0,0,4.98,0.39,1.98,3.6539999999999866
0,2,0,-53,128,0,2,0,1,168,30,0,-2,1,0,-98,117,0,0,4.98,0.39,1.98,3.6669999999999865
0,2,0,-51,131,0,2,0,1,164,34,0,-2,1,0,-97,115,0,0,4.98,0.39,1.98,3.6799999999999864
0,2,0,-40,134,0,2,0,1,163,48,0,-2,1,0,-94,101,0,0,4.98,0.39,1.98,3.6929999999999863
0,2,0,-39,135,0,2,0,1,158,51,0,-2,1,0,-90,95,0,0,4.98,0.39,1.98,3.705999999999986
0,2,0,-38,136,0,2,0,1,159,56,0,-1,1,0,-84,91,0,0,4.98,0.39,1.98,3.718999999999986
0,2,0,-39,136,0,2,0,1,159,61,0,-1,1,0,-81,89,0,0,4.98,0.39,1.98,3.731999999999986
-1,2,0,-70,242,0,2,0,0,154,68,0,-2,0,0,-89,149,0,0,4.98,0.39,1.99,3.744999999999986
-1,2,0,-70,236,0,2,0,0,152,70,0,-2,0,0,-87,149,0,0,4.98,0.39,1.99,3.757999999999986
-1,2,0,-67,224,0,2,1,0,147,65,0,-2,0,0,-82,153,0,0,4.98,0.39,1.99,3.7709999999999857
-1,2,0,-66,221,0,2,1,0,147,63,0,-2,0,0,-80,151,0,0,4.98,0.39,1.99,3.7839999999999856
-1,2,0,-67,217,0,2,1,0,145,61,0,-2,0,0,-74,147,0,0,4.98,0.39,1.99,3.7969999999999855
0,2,0,-70,214,0,2,1,0,143,57,0,-2,0,0,-69,146,0,0,4.98,0.39,1.99,3.8099999999999854
-1,2,0,-70,212,0,2,1,0,142,52,0,-2,0,0,-66,144,0,0,4.98,0.39,1.99,3.8229999999999853
0,2,0,-60,207,0,2,1,0,141,48,0,-2,0,1,-63,143,0,0,4.98,0.39,1.99,3.835999999999985
0,2,0,-60,205,0,2,1,0,140,45,0,-2,0,0,-61,143,0,0,4.98,0.39,1.99,3.848999999999985
0,2,0,-60,205,0,2,1,0,139,44,0,-2,0,1,-58,147,0,0,4.98,0.39,1.99,3.861999999999985
0,2,0,-61,207,0,2,2,0,135,41,0,-2,0,1,-55,151,0,0,4.98,0.39,1.99,3.874999999999985
0,2,0,-60,206,0,2,1,0,134,47,0,-2,0,1,-51,156,0,0,4.98,0.39,1.99,3.887999999999985
0,2,0,-62,215,0,2,2,0,129,50,0,-1,1,1,-48,166,0,0,4.98,0.39,1.99,3.9009999999999847
0,2,0,-69,216,0,2,1,0,127,51,0,-1,1,0,-44,175,0,0,4.98,0.39,1.99,3.9139999999999846
0,2,0,-78,218,0,2,1,0,128,55,0,-1,1,0,-43,181,0,0,4.99,0.5,2.5,3.9299999999999846
0,2,0,-55,206,0,2,0,0,153,109,0,-2,1,1,-142,60,0,0,4.98,0.4,2.0,3.9429999999999845
0,2,0,-55,210,0,2,0,0,155,108,0,-1,1,1,-139,59,0,0,4.98,0.4,2.0,3.9559999999999844
0,2,0,-57,208,0,2,1,0,156,108,0,-1,1,1,-137,58,0,0,4.98,0.4,2.0,3.9689999999999843
0,2,0,-58,210,0,2,0,0,157,109,0,-1,1,1,-134,57,0,0,4.98,0.4,2.0,3.981999999999984
0,2,0,-59,208,0,2,1,0,161,110,0,-1,1,1,-127,55,0,0,4.98,0.4,2.0,3.994999999999984
0,2,0,-61,207,0,2,1,0,162,112,0,-1,1,1,-124,54,0,0,4.98,0.4,2.0,4.007999999999984
0,2,0,-61,204,0,2,1,0,163,114,0,-1,1,1,-121,53,0,0,4.98,0.4,2.0,4.020999999999984
0,2,0,-60,202,0,2,1,0,164,115,0,-1,1,1,-119,53,0,0,4.98,0.4,2.0,4.033999999999984
0,2,0,-59,194,0,2,1,0,165,117,0,-1,1,1,-111,54,0,0,4.98,0.4,2.0,4.046999999999984
0,2,0,-57,191,0,2,1,0,165,119,0,-1,1,1,-107,54,0,0,4.98,0.4,2.0,4.059999999999984
0,2,0,-54,187,0,2,1,0,164,118,0,-1,1,1,-103,55,0,0,4.98,0.4,2.0,4.0729999999999835
0,2,0,-50,185,0,2,1,0,162,118,0,-1,1,1,-99,56,0,0,4.98,0.4,2.0,4.085999999999983
0,2,0,-48,182,0,2,1,0,162,116,0,-1,1,1,-85,58,0,0,4.98,0.4,2.0,4.098999999999983
0,2,0,-49,182,0,2,1,0,162,115,0,-1,1,1,-81,57,0,0,4.98,0.4,2.0,4.111999999999983
0,2,0,-49,182,0,2,1,0,162,114,0,-1,1,1,-76,55,0,0,4.98,0.4,2.0,4.124999999999983
0,2,0,7,27,0,1,1,1,6,-5,0,0,1,1,45,147,0,0,4.98,0.4,2.0,4.138999999999983
0,2,0,7,26,0,1,2,1,13,21,0,0,1,1,37,147,0,0,4.98,0.4,2.0,4.152999999999984
0,2,0,5,25,0,1,1,1,12,26,0,0,1,1,33,145,0,0,4.98,0.4,2.0,4.166999999999984
0,2,0,5,27,0,1,1,1,10,32,0,0,1,1,32,140,0,0,4.98,0.4,2.0,4.180999999999984
0,2,0,1,28,0,1,1,1,10,45,0,0,1,1,34,126,0,0,4.98,0.4,2.0,4.194999999999984
0,2,0,0,29,0,1,1,1,9,47,0,0,1,1,34,119,0,0,4.98,0.4,2.0,4.2089999999999845
0,2,0,-1,30,0,1,1,1,8,48,0,0,1,1,28,112,0,0,4.98,0.4,2.0,4.222999999999985
0,2,0,-2,32,0,1,1,1,7,50,0,0,1,1,21,107,0,0,4.98,0.4,2.0,4.236999999999985
0,2,0,-3,38,0,1,1,1,6,55,0,0,1,1,10,98,0,0,4.98,0.4,2.0,4.250999999999985
0,2,0,-3,39,0,1,1,1,5,55,0,0,1,1,5,95,0,0,4.98,0.4,2.0,4.2649999999999855
0,2,0,-2,40,0,1,1,1,5,54,0,0,1,1,4,94,0,0,4.99,0.4,2.03,4.278999999999986
0,2,0,-3,41,0,1,1,1,5,51,0,0,1,1,5,92,0,0,4.99,0.4,2.03,4.292999999999986
0,2,0,-3,43,0,1,1,1,7,43,0,0,1,1,10,81,0,0,4.99,0.4,2.03,4.306999999999986
0,2,0,-3,45,0,1,1,1,8,39,0,0,1,1,13,77,0,0,4.99,0.4,2.03,4.320999999999986
0,2,0,-4,45,0,1,1,1,10,37,0,0,1,1,13,74,0,0,4.99,0.4,2.03,4.334999999999987
0,2,0,-11,14,0,1,1,1,1,38,0,0,1,1,27,-25,0,0,4.98,0.39,1.98,4.348999999999987
0,2,0,-15,17,0,1,1,1,2,35,0,0,1,1,28,-25,0,0,4.98,0.39,1.98,4.362999999999987
0,2,0,-19,20,0,1,1,1,3,33,0,0,0,1,30,-22,0,0,4.98,0.39,1.98,4.376999999999987
0,2,0,-27,29,0,1,0,1,10,41,0,0,0,1,38,-8,0,0,4.98,0.39,1.98,4.390999999999988
0,2,0,-28,34,0,1,0,1,15,43,0,0,0,1,40,-5,0,0,4.98,0.39,1.98,4.404999999999988
0,2,0,-29,33,0,1,0,1,17,48,0,0,0,1,42,-2,0,0,4.98,0.39,1.98,4.418999999999988
