2,0,0,-8,0,0,1,-2,0,-10,4,0,-1,-2,0,-3,4,3,0,5.0,0.44,2.22,1.057
2,0,0,-8,0,0,1,-2,0,-11,4,0,-1,-2,-1,-3,3,3,0,5.0,0.44,2.22,1.057
2,0,0,-8,0,0,1,-2,0,-11,4,0,-1,-2,-1,-3,0,2,0,5.0,0.44,2.22,1.057
2,0,0,-7,0,0,1,-2,0,-12,6,-1,-1,-2,-1,-4,0,2,0,5.0,0.44,2.22,1.057
2,0,0,-7,0,0,1,-2,0,-13,7,-1,-1,-2,0,-4,0,2,0,5.0,0.44,2.22,1.057
2,0,0,-6,0,0,1,-2,0,-13,9,-2,-1,-2,0,-5,-2,1,0,5.0,0.44,2.22,1.057
2,0,0,-6,0,0,1,-2,0,-12,9,-2,-1,-2,0,-5,-2,2,0,5.0,0.44,2.22,1.057
2,0,0,-6,0,0,1,-2,0,-12,8,-2,-1,-2,0,-5,-2,2,0,5.0,0.44,2.22,1.057
2,0,0,-6,0,0,1,-2,0,-12,8,-2,-1,-2,0,-6,-1,2,0,4.99,0.39,1.96,0.945
2,0,0,-5,0,0,1,-2,0,-12,7,-2,-1,-2,0,-6,0,2,0,4.99,0.39,1.96,0.945
2,0,0,-5,0,0,1,-2,0,-12,6,-2,-1,-2,0,-5,0,3,0,4.99,0.39,1.96,0.945
2,0,0,-5,0,0,1,-2,0,-11,6,-2,-1,-2,0,-5,0,3,0,4.99,0.39,1.96,0.945
2,0,0,-5,0,0,1,-2,0,-11,6,-2,-1,-2,0,-4,0,3,0,4.99,0.39,1.96,0.945
2,0,0,-5,0,0,1,-2,0,-11,6,-1,-1,-2,0,-3,0,3,0,4.99,0.39,1.96,0.945
2,0,0,-5,0,0,1,-2,0,-9,5,-2,-1,-2,0,-3,1,3,0,4.99,0.39,1.96,0.945
2,0,0,-5,0,0,1,-2,0,-9,5,-2,-1,-2,0,-3,1,3,0,4.99,0.39,1.96,0.945
2,0,0,-5,0,0,1,-2,0,-7,4,-2,-1,-2,0,-2,1,3,0,4.99,0.39,1.96,0.945
2,0,0,-5,0,0,1,-2,0,-6,3,-2,-1,-2,0,-2,1,3,0,4.99,0.39,1.96,0.945
2,0,0,-5,0,0,1,-2,0,-5,2,-1,-1,-2,0,-1,1,4,0,4.99,0.39,1.96,0.945
2,0,0,-4,0,0,1,-2,0,-4,3,-1,-1,-2,0,-1,-1,2,0,5.0,0.42,2.14,1.032
2,0,0,-4,0,0,1,-2,0,-4,3,-1,-1,-2,0,-1,0,3,0,5.0,0.42,2.14,1.032
2,0,0,-4,0,0,1,-2,0,-5,2,0,-1,-2,0,-1,0,2,0,5.0,0.42,2.14,1.032
2,0,0,-4,0,0,1,-2,0,-6,1,0,-1,-2,0,-1,0,2,0,5.0,0.42,2.14,1.032
2,0,0,-4,0,0,1,-2,0,-5,1,-1,-1,-2,0,-1,-1,3,0,5.0,0.42,2.14,1.032
2,0,0,-5,0,0,1,-2,0,-5,1,-1,-1,-2,0,-1,-2,3,0,5.0,0.42,2.14,1.032
2,0,0,-5,0,0,1,-2,0,-5,1,-1,-1,-2,0,-1,-3,3,0,5.0,0.42,2.14,1.032
2,0,0,-5,0,0,1,-2,0,-5,2,-1,-1,-2,0,-1,-3,4,0,5.0,0.43,2.16,1.042
2,0,0,-5,0,0,1,-2,0,-6,2,-1,-1,-2,0,-1,-3,5,0,5.0,0.43,2.16,1.042
2,0,0,-4,0,0,1,-2,0,-6,3,-1,-1,-2,0,-1,-2,6,0,5.0,0.43,2.16,1.042
2,0,0,-4,0,0,1,-2,0,-7,4,-1,-1,-2,0,-1,-3,6,0,5.0,0.43,2.16,1.042
2,0,0,-3,0,0,1,-2,0,-7,4,0,-1,-2,0,-1,-3,6,0,5.0,0.43,2.16,1.042
2,0,0,-4,0,0,1,-2,0,-7,5,-1,-1,-2,-1,-1,-4,7,0,5.0,0.43,2.16,1.042
2,0,0,-4,0,0,1,-2,0,-7,5,-1,-1,-2,-1,-2,-4,7,0,5.0,0.43,2.16,1.042
2,0,0,-3,0,0,1,-2,0,-8,6,-1,-1,-2,-1,-3,-4,8,0,5.0,0.43,2.16,1.042
2,0,0,-3,0,0,1,-2,0,-8,6,-1,-1,-2,0,-4,-4,8,0,5.0,0.43,2.16,1.042
2,0,0,-3,0,0,1,-2,0,-7,6,-1,-1,-2,-1,-4,-4,9,0,5.0,0.43,2.16,1.042
2,0,0,-3,0,0,1,-2,0,-7,5,-1,-1,-2,0,-4,-4,9,0,5.0,0.43,2.16,1.042
2,0,0,-3,0,0,1,-2,0,-5,4,-1,-1,-2,-1,-5,-4,9,0,5.0,0.43,2.15,1.038
2,0,0,-3,0,0,1,-2,0,-4,4,-1,-1,-2,0,-4,-5,9,0,5.0,0.43,2.15,1.038
2,0,0,-3,0,0,1,-2,0,-3,3,-1,-1,-2,0,-4,-5,8,0,5.0,0.43,2.15,1.038
2,0,0,-4,0,0,1,-2,0,-3,3,0,-1,-2,0,-4,-5,9,0,5.0,0.43,2.15,1.038
2,0,0,-4,0,0,1,-2,0,-3,3,0,-1,-2,-1,-4,-5,9,0,5.0,0.43,2.15,1.038
2,0,0,-4,0,0,1,-2,0,-3,3,0,-1,-2,-1,-3,-4,9,0,5.0,0.43,2.15,1.038
2,0,0,-4,0,0,1,-2,0,-3,4,0,-1,-2,0,-3,-4,9,0,5.0,0.43,2.15,1.038
2,0,0,-4,0,0,1,-2,0,-4,4,0,-1,-2,0,-2,-4,8,0,5.0,0.43,2.15,1.038
2,0,0,-4,0,0,1,-2,0,-5,5,0,-1,-2,0,-2,-3,8,0,5.0,0.43,2.15,1.038
2,0,0,-4,0,0,1,-2,0,-5,5,0,-1,-2,-1,-2,-2,7,0,5.0,0.43,2.15,1.038
2,0,0,-4,0,0,1,-2,0,-6,5,0,-1,-2,-1,-2,-1,8,0,5.0,0.43,2.15,1.038
2,0,0,-4,0,0,1,-2,0,-7,4,0,-1,-2,-1,-1,0,8,0,5.0,0.43,2.16,1.041
2,0,0,-3,0,0,1,-2,0,-7,4,0,-1,-2,-1,-1,0,8,0,5.0,0.43,2.16,1.041
2,0,0,-4,0,0,1,-2,0,-9,3,0,-1,-2,-1,-2,0,8,0,5.0,0.43,2.16,1.041
2,0,0,-3,-1,0,1,-2,0,-4,0,-1,-1,-2,-1,0,1,9,0,5.0,0.43,2.17,1.046
2,0,0,-3,-1,0,1,-2,0,-3,0,-2,-1,-2,-1,-1,1,10,0,5.0,0.43,2.17,1.046
2,0,0,-3,-1,0,1,-2,0,-3,1,-2,-1,-2,-1,-1,0,10,0,5.0,0.43,2.16,1.043
2,0,0,-4,-1,0,1,-2,0,-4,1,-3,-1,-2,-1,-2,0,11,0,5.0,0.43,2.16,1.043
2,0,0,-4,-1,0,1,-2,0,-4,2,-3,-1,-2,-1,-2,-1,11,0,5.0,0.43,2.16,1.043
2,0,0,-4,-1,0,1,-2,0,-6,2,-4,-1,-2,-1,-4,-2,12,0,5.0,0.43,2.16,1.043
2,0,0,-4,-1,0,1,-2,0,-7,2,-4,-1,-2,-1,-4,-2,12,0,5.0,0.43,2.16,1.043
2,0,0,-4,-1,0,1,-2,0,-7,3,-5,-1,-2,-1,-4,-3,12,0,5.0,0.43,2.16,1.043
2,0,0,-4,-1,0,1,-2,0,-8,3,-4,-1,-2,-1,-5,-2,12,0,5.0,0.43,2.16,1.043
2,0,0,-4,-1,0,1,-2,0,-7,2,-5,-1,-2,0,-5,-2,12,0,5.0,0.43,2.16,1.043
2,0,0,-4,-1,0,1,-2,0,-7,2,-4,-1,-2,-1,-5,-2,12,0,5.0,0.43,2.16,1.043
2,0,0,-4,-1,0,1,-2,0,-6,2,-4,0,-2,0,0,8,8,0,5.0,0.43,2.16,1.043
2,0,0,-4,-1,0,1,-2,0,-6,2,-4,-1,-2,0,-3,0,11,0,5.0,0.43,2.16,1.043
2,0,0,-4,-1,0,1,-2,0,-5,3,-3,-1,-2,0,-4,-1,10,0,5.0,0.43,2.15,1.038
2,0,0,-4,-1,0,1,-2,0,-5,4,-3,-1,-2,0,-4,-2,9,0,5.0,0.43,2.15,1.038
2,0,0,-4,-1,0,1,-2,0,-6,4,-3,-1,-2,0,-3,-2,8,0,5.0,0.43,2.15,1.038
2,0,0,-4,-1,0,1,-2,0,-6,4,-3,-1,-2,0,-3,-2,7,0,5.0,0.43,2.15,1.038
2,0,0,-4,-1,0,1,-2,0,-6,3,-3,-1,-2,-1,-2,-1,7,0,5.0,0.43,2.15,1.038
2,0,0,-4,-1,0,1,-2,0,-7,3,-3,-1,-2,-1,-1,-1,6,0,5.0,0.43,2.15,1.038
2,0,0,-4,-1,0,1,-2,0,-7,3,-3,-1,-2,0,0,-1,6,0,5.0,0.43,2.15,1.038
2,0,0,-4,-1,0,1,-2,0,-8,3,-3,-1,-2,-1,-1,-1,6,0,5.0,0.43,2.15,1.038
2,0,0,-3,-1,0,1,-2,0,-8,3,-3,-1,-2,0,-1,0,5,0,5.0,0.43,2.15,1.038
2,0,0,-3,-1,0,1,-2,0,-9,4,-3,-1,-2,-1,-1,0,5,0,5.0,0.43,2.15,1.038
2,0,0,-3,0,0,1,-2,0,-10,4,-3,-1,-2,-1,-1,-1,5,0,5.0,0.43,2.15,1.038
2,0,0,-3,0,0,1,-2,0,-10,5,-3,-1,-2,-1,-1,-2,4,0,5.0,0.43,2.15,1.04
2,0,0,-3,0,0,1,-2,0,-11,6,-3,-1,-2,-1,-2,-2,3,0,5.0,0.43,2.15,1.04
2,0,0,-3,-1,0,1,-2,0,-12,7,-3,-1,-2,-1,-2,-3,3,0,5.0,0.43,2.15,1.04
2,0,0,-3,-1,0,1,-2,0,-12,8,-3,-1,-2,-1,-2,-3,3,0,5.0,0.43,2.15,1.04
2,0,0,-2,-1,0,1,-2,0,-12,9,-3,-1,-2,-1,-3,-3,2,0,5.0,0.43,2.15,1.04
2,0,0,-3,0,0,1,-2,0,-11,9,-3,-1,-2,-1,-3,-3,3,0,5.0,0.43,2.15,1.04
2,0,0,-2,0,0,1,-2,0,-9,9,-3,-1,-2,-1,-3,-3,3,0,5.0,0.43,2.15,1.04
2,0,0,-2,0,0,1,-2,0,-7,8,-2,-1,-2,-1,-3,-2,3,0,5.0,0.43,2.15,1.04
2,0,0,-3,0,0,1,-2,0,-4,7,-2,-1,-2,-1,-4,-2,3,0,5.0,0.43,2.15,1.04
2,0,0,-3,0,0,1,-2,0,-4,6,-2,-1,-2,-1,-4,-2,4,0,5.0,0.43,2.15,1.04
2,0,0,-3,0,0,1,-2,0,-3,5,-2,-1,-2,-1,-4,-2,4,0,5.0,0.43,2.15,1.04
2,0,0,-3,0,0,1,-2,0,-2,5,-2,-1,-2,-1,-5,-2,4,0,5.0,0.43,2.17,1.047
2,0,0,-3,0,0,1,-2,0,-3,4,-2,-1,-2,-1,-5,-2,4,0,5.0,0.43,2.17,1.047
2,0,0,-3,0,0,1,-2,0,-3,4,-3,-1,-2,-1,-6,-3,4,0,5.0,0.43,2.17,1.047
2,0,0,-4,0,0,1,-2,0,-4,3,-3,-1,-2,-1,-7,-3,4,0,5.0,0.43,2.17,1.047
2,0,0,-3,0,0,1,-2,0,-4,3,-3,-1,-2,-1,-7,-3,4,0,5.0,0.43,2.17,1.047
2,0,0,-3,0,0,1,-2,0,-4,3,-2,-1,-2,-1,-7,-2,4,0,5.0,0.43,2.17,1.047
2,0,0,-3,0,0,1,-2,0,-5,3,-2,-1,-2,-1,-8,-2,4,0,5.0,0.43,2.17,1.047
2,0,0,-3,0,0,1,-2,0,-5,3,-1,-1,-2,-1,-8,-2,5,0,5.0,0.43,2.17,1.047
2,0,0,-4,0,0,1,-2,0,-6,4,-1,-1,-2,-1,-8,-2,5,0,5.0,0.43,2.17,1.047
2,0,0,-3,0,0,1,-2,0,-6,5,-1,-1,-2,-1,-8,-2,6,0,5.0,0.43,2.17,1.047
2,0,0,-3,0,0,1,-2,0,-7,6,0,-1,-2,-1,-7,-3,6,0,5.0,0.43,2.17,1.047
2,0,0,-3,0,0,1,-2,0,-7,6,0,-1,-2,-1,-7,-3,5,0,5.0,0.43,2.15,1.039
2,0,0,-4,0,0,1,-2,0,-7,6,0,-1,-2,-1,-8,-3,5,0,5.0,0.43,2.15,1.039
2,0,0,-4,0,0,1,-2,0,-8,6,0,-1,-2,-1,-8,-3,5,0,5.0,0.43,2.15,1.039
2,0,0,-3,0,0,1,-2,0,-7,6,0,-1,-2,0,-6,0,3,0,5.0,0.43,2.15,1.039
2,0,0,-4,0,0,1,-2,0,-7,6,0,-1,-2,-1,-7,-2,3,0,5.0,0.43,2.15,1.039
2,0,0,-3,0,0,1,-2,0,-7,5,0,-1,-2,-1,-7,-2,3,0,5.0,0.43,2.15,1.039
2,0,0,-3,0,0,1,-2,0,-6,5,0,-1,-2,-1,-7,-1,4,0,5.0,0.43,2.15,1.039
2,0,0,-3,0,0,1,-2,0,-5,4,0,-1,-2,-1,-7,-1,4,0,5.0,0.43,2.15,1.039
2,0,0,-4,-1,0,1,-2,0,-7,2,-4,-1,-2,-1,-3,1,3,0,5.0,0.44,2.2,1.062
2,0,0,-4,-1,0,1,-2,0,-6,3,-4,-1,-2,-1,-4,1,2,0,5.0,0.44,2.2,1.062
2,0,0,-4,-1,0,1,-2,0,-6,3,-4,-1,-2,-1,-4,1,2,0,5.0,0.44,2.2,1.062
2,0,0,-4,-1,0,1,-2,0,-6,3,-3,-1,-2,-1,-5,1,1,0,5.0,0.44,2.2,1.062
2,0,0,-5,-1,0,1,-2,0,-6,3,-3,-1,-2,-1,-4,0,1,0,5.0,0.44,2.2,1.062
2,0,0,-4,-1,0,1,-2,0,-5,2,-3,-1,-2,-1,-3,-1,2,0,5.0,0.44,2.2,1.062
2,0,0,-4,-1,0,1,-2,0,-5,2,-2,-1,-2,-1,-2,-1,2,0,5.0,0.44,2.2,1.062
2,0,0,-5,-1,0,1,-2,0,-4,2,-2,-1,-2,-1,-2,-2,2,0,5.0,0.44,2.2,1.062
2,0,0,-5,0,0,1,-2,0,-4,3,-2,-1,-2,-1,-2,-2,2,0,5.0,0.44,2.2,1.063
2,0,0,-5,0,0,1,-2,0,-5,3,-1,-1,-2,-1,-3,-1,2,0,5.0,0.44,2.2,1.063
2,0,0,-4,0,0,1,-2,0,-5,3,-1,-1,-2,-1,-3,-1,1,0,5.0,0.44,2.2,1.063
2,0,0,-4,0,0,1,-2,0,-6,4,0,-1,-2,-1,-3,0,1,0,5.0,0.44,2.2,1.063
2,0,0,-4,0,0,1,-2,0,-6,4,0,-1,-2,-1,-3,0,2,0,5.0,0.44,2.2,1.063
2,0,0,-4,0,0,1,-2,0,-7,4,0,-1,-2,-1,-4,0,1,0,5.0,0.44,2.2,1.063
2,0,0,-4,0,0,1,-2,0,-7,4,0,-1,-2,-1,-4,0,1,0,5.0,0.44,2.2,1.063
2,0,0,-3,0,0,1,-2,0,-7,3,0,-1,-2,-1,-4,-1,1,0,5.0,0.44,2.2,1.063
2,0,0,-4,0,0,1,-2,0,-5,3,1,-1,-2,-1,-2,-3,1,0,5.0,0.44,2.2,1.063
2,0,0,-4,0,0,1,-2,0,-3,3,2,-1,-2,-1,-1,-4,1,0,5.0,0.44,2.2,1.063
2,0,0,-4,0,0,1,-2,0,-1,4,2,-1,-2,-1,-1,-5,1,0,5.0,0.44,2.2,1.063
2,0,0,-4,0,0,1,-2,0,-1,5,2,-1,-2,0,-1,-4,2,0,5.0,0.43,2.2,1.061
2,0,0,-4,0,0,1,-2,0,-2,5,3,-1,-2,0,-2,-3,2,0,5.0,0.43,2.2,1.061
2,0,0,-5,0,0,1,-2,0,-3,4,3,-1,-2,0,-2,-1,2,0,5.0,0.43,2.2,1.061
2,0,0,-5,0,0,1,-2,0,-4,3,3,-1,-2,0,-3,0,2,0,5.0,0.43,2.2,1.061
2,0,0,-5,0,0,1,-2,0,-5,2,3,-1,-2,0,-4,0,2,0,5.0,0.43,2.2,1.061
2,0,0,-5,0,0,1,-2,0,-7,1,3,-1,-2,-1,-4,0,1,0,5.0,0.43,2.2,1.061
2,0,0,-5,0,0,1,-2,0,-8,1,3,-1,-2,-1,-3,0,2,0,5.0,0.43,2.2,1.061
2,0,0,-4,0,0,1,-2,0,-9,1,3,-1,-2,-1,-2,-2,2,0,5.0,0.43,2.2,1.061
2,0,0,-4,0,0,1,-2,0,-9,1,2,-1,-2,-1,-1,-2,2,0,5.0,0.43,2.2,1.061
2,0,0,-4,0,0,1,-2,0,-9,3,2,-1,-2,0,0,-3,1,0,5.0,0.43,2.2,1.061
2,0,0,-4,0,0,1,-2,0,-9,4,1,-1,-2,0,0,-4,1,0,5.0,0.43,2.2,1.061
2,0,0,-4,0,0,1,-2,0,-8,5,0,-1,-2,0,0,-4,0,0,5.0,0.43,2.18,1.051
2,0,0,-4,0,0,1,-2,0,-7,6,0,-1,-2,0,0,-3,0,0,5.0,0.43,2.18,1.051
2,0,0,-4,0,0,1,-2,0,-7,6,0,-1,-2,0,-1,-1,0,0,5.0,0.43,2.18,1.051
2,0,0,-4,0,0,1,-2,0,-7,6,0,-1,-2,0,-2,-1,0,0,5.0,0.43,2.18,1.051
2,0,0,-4,0,0,1,-2,0,-7,6,0,-1,-2,0,-2,0,0,0,5.0,0.43,2.18,1.051
2,0,0,-4,0,0,1,-2,0,-7,5,0,-1,-2,-1,-2,0,0,0,5.0,0.43,2.18,1.051
2,0,0,-4,0,0,1,-2,0,-7,5,0,-1,-2,-1,-1,0,0,0,5.0,0.43,2.18,1.051
2,0,0,-4,0,0,1,-2,0,-8,4,1,-1,-2,0,-1,-1,0,0,5.0,0.43,2.18,1.051
2,0,0,-4,0,0,1,-2,0,-8,4,1,-1,-2,-1,0,-2,0,0,5.0,0.43,2.18,1.051
2,0,0,-4,0,0,1,-2,0,-9,4,2,-1,-2,-1,0,-3,0,0,5.0,0.43,2.18,1.051
2,0,0,-4,0,0,1,-2,0,-9,3,2,-1,-2,0,0,-3,0,0,5.0,0.43,2.18,1.051
2,0,0,-4,0,0,1,-2,0,-8,3,2,-1,-2,0,0,-3,0,0,5.0,0.43,2.18,1.051
2,0,0,-4,0,0,1,-2,0,-8,2,3,-1,-2,-1,0,-2,0,0,5.0,0.43,2.18,1.051
2,0,0,-5,0,0,1,-2,0,-8,2,3,-1,-2,0,-1,-1,0,0,5.0,0.43,2.18,1.051
2,0,0,-5,0,0,1,-2,0,-8,2,2,-1,-2,-1,0,-1,0,0,5.0,0.43,2.18,1.051
2,0,0,-5,0,0,1,-2,0,-8,1,2,-1,-2,-1,0,-1,0,0,5.0,0.43,2.18,1.051
2,0,0,-5,0,0,1,-2,0,-8,2,2,-1,-2,-1,0,-1,0,0,5.0,0.43,2.18,1.051
2,0,0,-4,0,0,1,-2,0,-8,3,2,-1,-2,-1,0,-1,0,0,5.0,0.43,2.18,1.051
2,0,0,-4,0,0,1,-2,0,-8,4,2,-1,-2,-1,0,-1,1,0,5.0,0.43,2.18,1.051
2,0,0,-4,0,0,1,-2,0,-8,4,1,-1,-2,-1,1,-1,2,0,5.0,0.43,2.18,1.051
2,0,0,-4,0,0,1,-2,0,-8,4,1,-1,-2,-1,1,-1,3,0,5.0,0.43,2.18,1.051
2,0,0,-4,0,0,1,-2,0,-7,3,1,-1,-2,-1,2,-1,4,0,5.0,0.43,2.18,1.051
2,0,0,-4,0,0,1,-2,0,-6,3,1,-1,-2,0,2,-1,4,0,5.0,0.43,2.16,1.044
2,0,0,-4,0,0,1,-2,0,-6,2,1,-1,-2,0,1,0,3,0,5.0,0.43,2.16,1.044
2,0,0,-3,0,0,1,-2,0,-5,3,-2,-1,-2,0,-2,0,3,0,5.0,0.43,2.18,1.052
2,0,0,-3,0,0,1,-2,0,-4,2,-1,-1,-2,-1,-1,0,3,0,5.0,0.43,2.18,1.052
2,0,0,-3,0,0,1,-2,0,-3,2,-1,-1,-2,0,-1,-1,3,0,5.0,0.43,2.18,1.052
2,0,0,-3,0,0,1,-2,0,-3,1,-1,-1,-2,0,-1,-1,3,0,5.0,0.43,2.17,1.049
2,0,0,-3,0,0,1,-2,0,-3,1,-1,-1,-2,0,0,-1,2,0,5.0,0.43,2.17,1.049
2,0,0,-3,0,0,1,-2,0,-3,1,0,-1,-2,0,0,-1,2,0,5.0,0.43,2.17,1.049
2,0,0,-4,0,0,1,-2,0,-4,1,0,-1,-2,0,0,-1,2,0,5.0,0.43,2.17,1.049
2,0,0,-4,0,0,1,-2,0,-5,2,0,-1,-2,-1,0,0,1,0,5.0,0.43,2.17,1.049
2,0,0,-3,0,0,1,-2,0,-6,3,0,-1,-2,-1,0,-1,2,0,5.0,0.43,2.17,1.049
2,0,0,-3,0,0,1,-2,0,-6,3,0,-1,-2,-1,0,-1,2,0,5.0,0.43,2.17,1.049
2,0,0,-4,0,0,1,-2,0,-7,4,0,-1,-2,-1,0,-1,2,0,5.0,0.43,2.17,1.049
2,0,0,-4,0,0,1,-2,0,-7,5,0,-1,-2,-1,0,-2,2,0,5.0,0.43,2.17,1.049
2,0,0,-4,0,0,1,-2,0,-7,5,-1,-1,-2,-1,-1,-2,3,0,5.0,0.43,2.17,1.049
2,0,0,-4,0,0,1,-2,0,-7,5,-1,-1,-2,0,-1,-2,3,0,5.0,0.43,2.17,1.049
2,0,0,-4,0,0,1,-2,0,-7,5,-1,-1,-2,-1,-2,-1,3,0,5.0,0.43,2.16,1.045
2,0,0,-4,0,0,1,-2,0,-6,5,-1,-1,-2,0,-2,-1,3,0,5.0,0.43,2.16,1.045
2,0,0,-4,0,0,1,-2,0,-6,4,-2,-1,-2,-1,-2,-1,3,0,5.0,0.43,2.16,1.045
2,0,0,-4,0,0,1,-2,0,-6,4,-2,-1,-2,-1,-2,-1,3,0,5.0,0.43,2.16,1.045
2,0,0,-4,0,0,1,-2,0,-6,4,-2,-1,-2,-1,-2,0,3,0,5.0,0.43,2.16,1.045
2,0,0,-3,0,0,1,-2,0,-6,4,-2,-1,-2,-1,-2,0,3,0,5.0,0.43,2.16,1.045
2,0,0,-4,0,0,1,-2,0,-6,4,-1,-1,-2,-1,-2,0,3,0,5.0,0.43,2.16,1.045
2,0,0,-4,0,0,1,-2,0,-5,4,-1,-1,-2,-1,-1,0,4,0,5.0,0.43,2.16,1.045
2,0,0,-3,0,0,1,-2,0,-5,3,-1,-1,-2,-1,-2,0,4,0,5.0,0.43,2.16,1.045
2,0,0,-4,0,0,1,-2,0,-4,3,-1,-1,-2,-1,-2,0,4,0,5.0,0.43,2.16,1.045
2,0,0,-3,0,0,1,-2,0,-4,2,0,-1,-2,-1,-1,0,4,0,5.0,0.43,2.16,1.045
2,0,0,-3,0,0,1,-2,0,-4,2,0,-1,-2,-1,-2,0,3,0,5.0,0.43,2.18,1.052
2,0,0,-3,0,0,1,-2,0,-4,2,0,-1,-2,-1,-2,0,3,0,5.0,0.43,2.18,1.052
2,0,0,-3,0,0,1,-2,0,-4,2,0,-1,-2,-1,-2,0,3,0,5.0,0.43,2.18,1.052
2,0,0,-2,0,0,1,-2,0,-4,2,-1,-1,-2,0,-3,0,2,0,5.0,0.43,2.18,1.052
2,0,0,-3,0,0,1,-2,0,-4,1,-1,-1,-2,-1,-4,0,2,0,5.0,0.43,2.18,1.052
2,0,0,-2,0,0,1,-2,0,-4,0,-1,-1,-2,-1,-4,0,2,0,5.0,0.43,2.18,1.052
2,0,0,-2,0,0,1,-2,0,-4,0,-1,-1,-2,0,-4,0,2,0,5.0,0.43,2.18,1.052
2,0,0,-2,0,0,1,-2,0,-4,0,-2,-1,-2,-1,-5,0,2,0,5.0,0.43,2.18,1.052
2,0,0,-2,0,0,1,-2,0,-3,0,-1,-1,-2,-1,-4,0,2,0,5.0,0.43,2.18,1.052
2,0,0,-2,0,0,1,-2,0,-3,0,-1,-1,-2,-1,-4,0,3,0,5.0,0.43,2.18,1.052
2,0,0,-2,0,0,1,-2,0,-2,0,-1,-1,-2,-1,-3,0,3,0,5.0,0.43,2.18,1.052
2,0,0,-2,0,0,1,-2,0,-2,0,-1,-1,-2,-1,-3,0,2,0,5.0,0.43,2.16,1.045
2,0,0,-2,0,0,1,-2,0,-2,0,0,-1,-2,-1,-3,0,2,0,5.0,0.43,2.16,1.045
2,0,0,-2,0,0,1,-2,0,-3,0,0,-1,-2,-1,-3,1,2,0,5.0,0.43,2.16,1.045
2,0,0,-2,0,0,1,-2,0,-3,0,0,-1,-2,-1,-3,1,2,0,5.0,0.43,2.16,1.045
2,0,0,-2,0,0,1,-2,0,-4,0,1,-1,-2,-1,-3,1,1,0,5.0,0.43,2.16,1.045
2,0,0,-2,0,0,1,-2,0,-5,0,1,-1,-2,0,-4,0,1,0,5.0,0.43,2.16,1.045
2,0,0,-1,1,0,1,-2,0,-5,0,1,-1,-2,0,-5,0,1,0,5.0,0.43,2.16,1.045
2,0,0,-1,0,0,1,-2,0,-4,0,1,-1,-2,0,-5,0,2,0,5.0,0.43,2.16,1.045
2,0,0,-1,0,0,1,-2,0,-2,-1,0,-1,-2,-1,-4,0,3,0,5.0,0.43,2.16,1.045
2,0,0,-1,0,0,1,-2,0,0,-3,0,-1,-2,-1,-3,0,4,0,5.0,0.43,2.16,1.045
2,0,0,-1,0,0,1,-2,0,2,-5,0,-1,-2,-1,-3,0,4,0,5.0,0.43,2.16,1.045
2,0,0,-1,0,-1,1,-2,0,3,-6,0,-1,-2,-1,-2,1,4,0,5.0,0.43,2.17,1.048
2,0,0,-2,0,-1,1,-2,0,3,-6,0,-1,-2,-1,-2,2,3,0,5.0,0.43,2.17,1.048
2,0,0,-2,0,-1,1,-2,0,0,-5,1,-1,-2,-1,-2,2,1,0,5.0,0.43,2.17,1.048
2,0,0,-1,0,-1,1,-2,0,-1,-5,2,-1,-2,-1,-3,3,0,0,5.0,0.43,2.17,1.048
2,0,0,-1,0,-1,1,-2,0,-4,-4,2,-1,-2,-1,-4,4,0,0,5.0,0.43,2.17,1.048
2,0,0,-2,0,-1,1,-2,0,-5,-4,2,-1,-2,-1,-5,4,-1,0,5.0,0.43,2.17,1.048
2,0,0,-2,0,-1,1,-2,0,-6,-5,1,-1,-2,-1,-6,3,0,0,5.0,0.43,2.17,1.048
2,0,0,-3,-2,0,1,-2,0,-8,3,0,-1,-2,-1,-5,-2,5,0,5.0,0.43,2.17,1.049
2,0,0,-3,-2,0,1,-2,0,-8,4,1,-1,-2,-1,-5,-1,5,0,5.0,0.43,2.17,1.049
2,0,0,-2,-2,0,1,-2,0,-8,5,0,-1,-2,-1,-5,-1,6,0,5.0,0.43,2.17,1.049
2,0,0,-2,-2,0,1,-2,0,-8,5,0,-1,-2,-1,-6,0,6,0,5.0,0.43,2.17,1.049
2,0,0,-1,-2,0,1,-2,0,-8,5,0,-1,-2,-1,-6,0,6,0,5.0,0.43,2.17,1.049
2,0,0,-1,-2,0,1,-2,0,-7,4,0,-1,-2,-1,-6,0,7,0,5.0,0.43,2.17,1.049
2,0,0,-2,-2,0,1,-2,0,-6,3,0,-1,-2,-1,-7,-1,6,0,5.0,0.43,2.17,1.049
2,0,0,-2,-2,0,1,-2,0,-5,2,0,-1,-2,-1,-7,-2,5,0,5.0,0.43,2.17,1.049
2,0,0,-2,-2,0,1,-2,0,-4,2,0,-1,-2,-1,-8,-3,5,0,5.0,0.43,2.17,1.049
2,0,0,-2,-2,0,1,-2,0,-4,2,-1,-1,-2,-1,-8,-4,5,0,5.0,0.43,2.16,1.047
2,0,0,-3,-1,0,1,-2,0,-4,3,-1,-1,-2,-1,-7,-5,5,0,5.0,0.43,2.16,1.047
2,0,0,-2,-1,0,1,-2,0,-5,3,-2,-1,-2,-1,-7,-6,5,0,5.0,0.43,2.16,1.047
2,0,0,-2,-1,0,1,-2,0,-5,4,-3,-1,-2,0,-8,-6,4,0,5.0,0.43,2.16,1.047
2,0,0,-3,-1,0,1,-2,0,-5,4,-4,-1,-2,-1,-8,-6,4,0,5.0,0.43,2.16,1.047
2,0,0,-3,-1,0,1,-2,0,-6,3,-5,-1,-2,0,-7,-6,5,0,5.0,0.43,2.16,1.047
2,0,0,-3,-2,0,1,-2,0,-6,3,-5,-1,-2,0,-8,-6,5,0,5.0,0.43,2.16,1.047
2,0,0,-3,-2,0,1,-2,0,-5,3,-6,-1,-2,0,-7,-5,5,0,5.0,0.43,2.16,1.047
2,0,0,-3,-2,0,1,-2,0,-5,3,-6,-1,-2,0,-7,-5,6,0,5.0,0.43,2.16,1.047
2,0,0,-3,-2,0,1,-2,0,-6,4,-7,-1,-2,0,-6,-4,6,0,5.0,0.43,2.16,1.047
2,0,0,-3,-2,0,1,-2,0,-5,4,-7,-1,-2,0,-6,-3,7,0,5.0,0.43,2.16,1.047
2,0,0,-4,-1,0,1,-2,0,-6,5,-7,-1,-2,0,-5,-3,7,0,5.0,0.43,2.18,1.052
2,0,0,-4,-1,0,1,-2,0,-5,5,-7,-1,-2,0,-5,-2,7,0,5.0,0.43,2.18,1.052
2,0,0,-4,-1,0,1,-2,0,-5,5,-7,-1,-2,-1,-4,-2,8,0,5.0,0.43,2.18,1.052
2,0,0,-4,-1,0,1,-2,0,-5,5,-6,-1,-2,-1,-3,-2,8,0,5.0,0.43,2.18,1.052
2,0,0,-4,-1,0,1,-2,0,-6,5,-6,-1,-2,-1,-3,-1,8,0,5.0,0.43,2.18,1.052
2,0,0,-3,-1,0,1,-2,0,-6,5,-6,-1,-2,-1,-3,-1,8,0,5.0,0.43,2.18,1.052
2,0,0,-3,-1,1,1,-2,0,-6,5,-6,-1,-2,-1,-3,-1,8,0,5.0,0.43,2.18,1.052
2,0,0,-3,-1,1,1,-2,0,-6,5,-7,-1,-2,-1,-3,-1,7,0,5.0,0.43,2.18,1.052
2,0,0,-3,-1,0,1,-2,0,-6,4,-7,-1,-2,-1,-4,-2,6,0,5.0,0.43,2.18,1.052
2,0,0,-3,-1,0,1,-2,0,-5,4,-7,-1,-2,-1,-4,-2,5,0,5.0,0.43,2.18,1.052
2,0,0,-3,-1,0,1,-2,0,-4,4,-8,-1,-2,-1,-4,-2,5,0,5.0,0.43,2.18,1.052
2,0,0,-3,0,0,1,-2,0,-4,4,-7,-1,-2,-1,-5,-2,5,0,4.99,0.44,2.2,1.064
2,0,0,-3,0,0,1,-2,0,-4,4,-7,-1,-2,-1,-5,-2,5,0,4.99,0.44,2.2,1.064
2,0,0,-3,0,0,1,-2,0,-3,4,-7,-1,-2,-1,-4,-2,4,0,4.99,0.44,2.2,1.064
2,0,0,-3,0,0,1,-2,0,-3,4,-7,-1,-2,0,-4,-3,4,0,4.99,0.44,2.2,1.064
2,0,0,-4,0,0,1,-2,0,-4,4,-6,-1,-2,0,-4,-3,3,0,4.99,0.44,2.2,1.064
2,0,0,-4,0,0,1,-2,0,-4,4,-6,-1,-2,0,-4,-4,3,0,4.99,0.44,2.2,1.064
2,0,0,-4,0,0,1,-2,0,-5,4,-5,-1,-2,0,-3,-4,3,0,4.99,0.44,2.2,1.064
2,0,0,-4,0,0,1,-2,0,-6,4,-4,-1,-2,0,-3,-4,3,0,4.99,0.44,2.2,1.064
2,0,0,-4,0,0,1,-2,0,-6,4,-3,-1,-2,0,-2,-3,2,0,4.99,0.44,2.2,1.064
2,0,0,-3,0,0,1,-2,0,-6,4,-2,-1,-2,0,-2,-3,2,0,4.99,0.44,2.2,1.064
2,0,0,-3,0,0,1,-2,0,-7,3,-1,-1,-2,0,-1,-2,2,0,4.99,0.44,2.2,1.064
2,0,0,-3,0,0,1,-2,0,-6,3,0,-1,-2,0,-1,-1,3,0,5.0,0.43,2.18,1.054
2,0,0,-3,0,0,1,-2,0,-6,3,0,-1,-2,0,0,-1,2,0,5.0,0.43,2.18,1.054
2,0,0,-3,0,0,1,-2,0,-6,3,0,-1,-2,0,0,0,2,0,5.0,0.43,2.18,1.054
2,0,0,-3,0,0,1,-2,0,-5,3,0,-1,-2,0,0,0,2,0,5.0,0.43,2.18,1.054
2,0,0,-4,0,0,1,-2,0,-5,3,0,-1,-2,-1,0,0,1,0,5.0,0.43,2.18,1.054
2,0,0,-4,0,0,1,-2,0,-6,3,0,-1,-2,0,-1,0,1,0,5.0,0.43,2.18,1.054
2,0,0,-4,0,0,1,-2,0,-5,2,0,-1,-2,-1,-1,0,1,0,5.0,0.43,2.18,1.054
2,0,0,-4,0,0,1,-2,0,-6,2,0,-1,-2,-1,-1,-1,1,0,5.0,0.43,2.18,1.054
2,0,0,-4,0,0,1,-2,0,-6,1,0,-1,-2,-1,-1,-1,0,0,5.0,0.43,2.18,1.054
2,0,0,-4,0,0,1,-2,0,-7,1,0,-1,-2,-1,-1,-1,0,0,5.0,0.43,2.18,1.054
2,0,0,-4,0,0,1,-2,0,-7,2,0,-1,-2,-1,-1,-2,0,0,5.0,0.43,2.18,1.054
2,0,0,-3,0,0,1,-2,0,-8,2,0,-1,-2,-1,-1,-2,0,0,5.0,0.43,2.17,1.05
2,0,0,-3,0,0,1,-2,0,-8,2,0,-1,-2,-1,-1,-2,0,0,5.0,0.43,2.17,1.05
2,0,0,-2,0,0,1,-2,0,-8,2,-2,-1,-2,0,-4,-4,0,0,5.0,0.43,2.18,1.054
2,0,0,-2,0,0,1,-2,0,-8,2,-2,-1,-2,0,-4,-3,0,0,5.0,0.43,2.18,1.054
2,0,0,-2,0,0,1,-2,0,-8,1,-2,-1,-2,-1,-3,-2,0,0,5.0,0.43,2.18,1.054
2,0,0,-2,0,0,1,-2,0,-6,1,-3,-1,-2,-1,-3,-2,0,0,5.0,0.43,2.17,1.051
2,0,0,-2,0,0,1,-2,0,-6,1,-2,-1,-2,-1,-2,-1,0,0,5.0,0.43,2.17,1.051
2,0,0,-2,0,0,1,-2,0,-5,1,-2,-1,-2,0,-2,-1,0,0,5.0,0.43,2.17,1.051
2,0,0,-2,0,0,1,-2,0,-5,1,-2,-1,-2,-1,-2,-1,0,0,5.0,0.43,2.17,1.051
2,0,0,-2,0,0,1,-2,0,-4,1,-2,-1,-2,-1,-2,-1,1,0,5.0,0.43,2.17,1.051
2,0,0,-2,0,0,1,-2,0,-4,2,-1,-1,-2,-1,-2,-2,0,0,5.0,0.43,2.17,1.051
2,0,0,-2,0,0,1,-2,0,-4,2,-1,-1,-2,-1,-2,-2,0,0,5.0,0.43,2.17,1.051
2,0,0,-3,0,0,1,-2,0,-4,2,0,-1,-2,0,-2,-3,0,0,5.0,0.43,2.17,1.051
2,0,0,-3,0,0,1,-2,0,-5,2,0,-1,-2,-1,-2,-2,0,0,5.0,0.43,2.17,1.051
2,0,0,-3,0,0,1,-2,0,-5,2,0,-1,-2,0,-3,-2,1,0,5.0,0.43,2.17,1.051
2,0,0,-3,0,0,1,-2,0,-5,1,0,-1,-2,-1,-2,-1,1,0,5.0,0.43,2.17,1.051
2,0,0,-3,0,0,1,-2,0,-6,1,1,-1,-2,0,-2,-1,1,0,5.0,0.43,2.17,1.052
2,0,0,-3,0,0,1,-2,0,-6,1,1,-1,-2,0,-1,-1,1,0,5.0,0.43,2.17,1.052
2,0,0,-3,0,0,1,-2,0,-6,2,1,-1,-2,-1,-1,-1,2,0,5.0,0.43,2.17,1.052
2,0,0,-3,0,0,1,-2,0,-6,2,0,-1,-2,-1,-1,-1,2,0,5.0,0.43,2.17,1.052
2,0,0,-4,0,0,1,-2,0,-7,3,0,-1,-2,-1,0,-2,2,0,5.0,0.43,2.17,1.052
2,0,0,-4,0,0,1,-2,0,-7,3,0,-1,-2,-1,0,-2,2,0,5.0,0.43,2.17,1.052
2,0,0,-4,0,0,1,-2,0,-7,4,0,-1,-2,-1,0,-1,2,0,5.0,0.43,2.17,1.052
2,0,0,-4,0,0,1,-2,0,-7,4,0,-1,-2,-1,0,0,3,0,5.0,0.43,2.17,1.052
2,0,0,-4,0,0,1,-2,0,-7,4,0,-1,-2,-1,0,0,3,0,5.0,0.43,2.17,1.052
2,0,0,-4,0,0,1,-2,0,-7,3,0,-1,-2,-1,0,0,4,0,5.0,0.43,2.17,1.052
2,0,0,-4,0,0,1,-2,0,-7,3,0,-1,-2,-1,0,1,4,0,5.0,0.43,2.17,1.052
2,0,0,-4,0,0,1,-2,0,-7,3,0,-1,-2,-1,-1,0,3,0,5.0,0.43,2.2,1.062
2,0,0,-4,0,0,1,-2,0,-7,3,0,-1,-2,-1,-1,0,3,0,5.0,0.43,2.2,1.062
2,0,0,-4,0,0,1,-2,0,-7,2,0,-1,-2,-1,-1,0,3,0,5.0,0.43,2.2,1.062
2,0,0,-4,0,0,1,-2,0,-7,2,0,-1,-2,-1,-1,0,2,0,5.0,0.43,2.2,1.062
2,0,0,-4,0,0,1,-2,0,-7,2,0,-1,-2,-1,-1,0,2,0,5.0,0.43,2.2,1.062
2,0,0,-4,0,0,1,-2,0,-7,2,0,-1,-2,-1,-1,0,2,0,5.0,0.43,2.2,1.062
2,0,0,-4,0,0,1,-2,0,-7,3,0,-1,-2,-1,-1,0,2,0,5.0,0.43,2.2,1.062
2,0,0,-4,0,0,1,-2,0,-8,3,0,-1,-2,-1,-1,0,2,0,5.0,0.43,2.2,1.062
2,0,0,-4,0,0,1,-2,0,-8,3,0,-1,-2,-1,-1,0,2,0,5.0,0.43,2.2,1.062
2,0,0,-4,0,0,1,-2,0,-8,2,0,-1,-2,-1,-2,-1,2,0,5.0,0.43,2.2,1.062
2,0,0,-4,0,0,1,-2,0,-8,2,0,-1,-2,-1,-2,0,2,0,5.0,0.43,2.2,1.062
2,0,0,-4,0,0,1,-2,0,-8,2,0,-1,-2,-1,-2,0,2,0,5.0,0.43,2.19,1.058
2,0,0,-4,0,0,1,-2,0,-8,2,0,-1,-2,-1,-3,-1,2,0,5.0,0.43,2.19,1.058
2,0,0,-4,0,0,1,-2,0,-8,2,-1,-1,-2,-1,-3,-1,2,0,5.0,0.43,2.19,1.058
2,0,0,-4,0,0,1,-2,0,-7,2,-1,-1,-2,-1,-4,-1,2,0,5.0,0.43,2.19,1.058
2,0,0,-4,0,0,1,-2,0,-7,2,-1,-1,-2,-1,-5,-2,1,0,5.0,0.43,2.19,1.058
2,0,0,-4,0,0,1,-2,0,-7,2,-1,-1,-2,-1,-5,-2,1,0,5.0,0.43,2.19,1.058
2,0,0,-4,0,0,1,-2,0,-6,2,-1,-1,-2,-1,-5,-3,1,0,5.0,0.43,2.19,1.058
2,0,0,-4,0,0,1,-2,0,-7,2,-1,-1,-2,-1,-5,-3,1,0,5.0,0.43,2.19,1.058
2,0,0,-4,0,0,1,-2,0,-6,2,-1,-1,-2,-1,-4,-3,1,0,5.0,0.43,2.19,1.058
2,0,0,-4,0,0,1,-2,0,-6,2,-1,-1,-2,-1,-4,-3,1,0,5.0,0.43,2.19,1.058
2,0,0,-4,0,0,1,-2,0,-6,2,-1,-1,-2,-1,-4,-3,1,0,5.0,0.43,2.19,1.058
2,0,0,-4,0,0,1,-2,0,-6,2,-1,-1,-2,-1,-4,-3,1,0,5.0,0.43,2.18,1.055
2,0,0,-3,0,0,1,-2,0,-6,2,-1,-1,-2,-1,-4,-3,1,0,5.0,0.43,2.18,1.055
2,0,0,-3,0,0,1,-2,0,-5,1,-1,-1,-2,-1,-4,-3,1,0,5.0,0.43,2.18,1.055
2,0,0,-3,0,0,1,-2,0,-6,2,-1,-1,-2,-1,-4,-2,1,0,5.0,0.43,2.18,1.055
2,0,0,-3,0,0,1,-2,0,-6,1,-1,-1,-2,-1,-4,-2,1,0,5.0,0.43,2.18,1.055
2,0,0,-3,0,0,1,-2,0,-5,1,-1,-1,-2,0,-4,-2,1,0,5.0,0.43,2.18,1.055
2,0,0,-3,0,0,1,-2,0,-5,1,-1,-1,-2,-1,-4,-1,1,0,5.0,0.43,2.18,1.055
2,0,0,-5,0,0,1,-2,0,-8,1,-1,-1,-2,-1,0,2,1,0,5.0,0.43,2.18,1.054
2,0,0,-5,0,0,1,-2,0,-9,1,0,-1,-2,-1,0,2,1,0,5.0,0.43,2.18,1.054
2,0,0,-5,0,0,1,-2,0,-9,2,0,-1,-2,-1,0,1,1,0,5.0,0.43,2.18,1.054
2,0,0,-5,0,0,1,-2,0,-9,2,0,-1,-2,-1,0,0,0,0,5.0,0.43,2.18,1.054
2,0,0,-5,0,0,1,-2,0,-9,1,0,-1,-2,-1,0,0,0,0,5.0,0.43,2.18,1.054
2,0,0,-5,0,0,1,-2,0,-9,1,0,-1,-2,-1,0,1,1,0,5.0,0.43,2.18,1.054
2,0,0,-5,0,0,1,-2,0,-9,1,0,-1,-2,-1,-1,1,1,0,5.0,0.43,2.18,1.054
2,0,0,-5,0,0,1,-2,0,-8,1,0,-1,-2,-1,-1,2,1,0,5.0,0.43,2.18,1.054
2,0,0,-5,0,1,1,-2,0,-8,1,0,-1,-2,-1,-1,1,1,0,5.0,0.43,2.18,1.054
2,0,0,-5,0,0,1,-2,0,-8,2,0,-1,-2,-1,-2,1,2,0,5.0,0.43,2.18,1.057
2,0,0,-5,0,1,1,-2,0,-8,2,-1,-1,-2,-1,-2,1,2,0,5.0,0.43,2.18,1.057
2,0,0,-5,0,0,1,-2,0,-9,2,-1,-1,-2,-1,-2,1,3,0,5.0,0.43,2.18,1.057
2,0,0,-5,0,0,1,-2,0,-9,2,-1,-1,-2,-1,-2,1,3,0,5.0,0.43,2.18,1.057
2,0,0,-5,0,0,1,-2,0,-9,2,-1,-1,-2,-1,-1,1,4,0,5.0,0.43,2.18,1.057
2,0,0,-5,0,0,1,-2,0,-9,2,-1,-1,-2,-1,-1,1,4,0,5.0,0.43,2.18,1.057
2,0,0,-5,0,0,1,-2,0,-9,2,-1,-1,-2,0,-1,1,5,0,5.0,0.43,2.18,1.057
2,0,0,-5,0,0,1,-2,0,-9,2,-1,-1,-2,-1,-1,1,5,0,5.0,0.43,2.18,1.057
2,0,0,-5,0,0,1,-2,0,-9,2,-1,-1,-2,0,-1,1,5,0,5.0,0.43,2.18,1.057
2,0,0,-5,0,0,1,-2,0,-8,2,-1,-1,-2,-1,-2,2,5,0,5.0,0.43,2.18,1.057
2,0,0,-5,0,0,1,-2,0,-8,2,-1,-1,-2,0,-2,2,4,0,5.0,0.43,2.18,1.057
2,0,0,-5,0,0,1,-2,0,-8,2,0,-1,-2,-1,-2,2,4,0,5.0,0.43,2.18,1.054
2,0,0,-5,0,0,1,-2,0,-8,2,0,-1,-2,-1,-2,2,4,0,5.0,0.43,2.18,1.054
2,0,0,-5,0,0,1,-2,0,-8,2,0,-1,-2,-1,-2,1,4,0,5.0,0.43,2.18,1.054
2,0,0,-5,0,0,1,-2,0,-8,2,0,-1,-2,-1,-2,0,3,0,5.0,0.43,2.18,1.054
2,0,0,-5,0,0,1,-2,0,-8,2,0,-1,-2,-1,-2,0,3,0,5.0,0.43,2.18,1.054
2,0,0,-5,0,0,1,-2,0,-8,2,0,-1,-2,-1,-2,0,3,0,5.0,0.43,2.18,1.054
2,0,0,-5,0,0,1,-2,0,-8,3,0,-1,-2,-1,-2,1,3,0,5.0,0.43,2.18,1.054
2,0,0,-5,0,0,1,-2,0,-8,3,0,-1,-2,-1,-2,1,3,0,5.0,0.43,2.18,1.054
2,0,0,-5,0,0,1,-2,0,-8,4,0,-1,-2,-1,-2,2,3,0,5.0,0.43,2.18,1.054
2,0,0,-5,0,0,1,-2,0,-9,4,0,-1,-2,-1,-2,2,3,0,5.0,0.43,2.18,1.054
2,0,0,-5,0,0,1,-2,0,-9,5,0,-1,-2,-1,-2,3,3,0,5.0,0.43,2.18,1.054
2,0,0,-5,0,0,1,-2,0,-10,5,0,-1,-2,-1,-2,3,3,0,5.0,0.43,2.18,1.055
2,0,0,-5,0,0,1,-2,0,-11,5,0,-1,-2,-1,-3,2,2,0,5.0,0.43,2.18,1.055
2,0,0,-5,0,0,1,-2,0,-11,5,0,-1,-2,-1,-3,2,2,0,5.0,0.43,2.18,1.055
2,0,0,-5,0,0,1,-2,0,-11,5,0,-1,-2,0,-3,0,1,0,5.0,0.43,2.18,1.055
2,0,0,-5,0,0,1,-2,0,-11,6,-1,-1,-2,-1,-3,0,1,0,5.0,0.43,2.18,1.055
2,0,0,-4,0,0,1,-2,0,-11,6,-1,-1,-2,0,-4,-1,0,0,5.0,0.43,2.18,1.055
2,0,0,-4,0,0,1,-2,0,-11,6,-1,-1,-2,-1,-3,-1,0,0,5.0,0.43,2.18,1.055
2,0,0,-4,0,0,1,-2,0,-11,6,-1,-1,-2,0,-3,-1,1,0,5.0,0.43,2.18,1.055
2,0,0,-4,0,0,1,-2,0,-10,5,-1,-1,-2,0,-3,-1,1,0,5.0,0.43,2.18,1.055
2,0,0,-4,0,0,1,-2,0,-9,5,-1,-1,-2,0,-3,-1,1,0,5.0,0.43,2.18,1.055
2,0,0,-4,0,0,1,-2,0,-9,5,-1,-1,-2,0,-3,-1,1,0,5.0,0.43,2.18,1.055
2,0,0,-4,0,0,1,-2,0,-8,5,-1,-1,-2,0,-2,-1,2,0,5.0,0.44,2.2,1.064
2,0,0,-4,0,0,1,-2,0,-7,4,0,-1,-2,0,-2,0,2,0,5.0,0.44,2.2,1.064
2,0,0,-4,0,0,1,-2,0,-6,4,0,-1,-2,0,-2,0,2,0,5.0,0.44,2.2,1.064
2,0,0,-5,0,0,1,-2,0,-5,4,0,-1,-2,0,-2,0,1,0,5.0,0.44,2.2,1.064
2,0,0,-5,0,0,1,-2,0,-5,4,0,-1,-2,0,-2,0,1,0,5.0,0.44,2.2,1.064
2,0,0,-5,0,0,1,-2,0,-4,3,1,-1,-2,0,-2,0,2,0,5.0,0.44,2.2,1.064
2,0,0,-5,0,0,1,-2,0,-4,3,1,-1,-2,0,-1,0,2,0,5.0,0.44,2.2,1.064
2,0,0,-5,0,0,1,-2,0,-5,4,1,-1,-2,-1,-1,-1,2,0,5.0,0.44,2.2,1.064
2,0,0,-4,0,0,1,-2,0,-6,5,1,-1,-2,-1,0,-1,2,0,5.0,0.44,2.2,1.064
2,0,0,-4,-1,0,1,-2,0,-7,6,1,-1,-2,0,-1,-2,2,0,5.0,0.44,2.2,1.064
2,0,0,-3,-1,0,1,-2,0,-8,6,0,-1,-2,-1,-1,-2,2,0,5.0,0.44,2.2,1.064
2,0,0,-3,-1,0,1,-2,0,-8,5,0,-1,-2,-1,-1,-2,2,0,5.0,0.43,2.19,1.06
2,0,0,-3,0,0,1,-2,0,-3,0,-1,-1,-2,0,-3,0,3,0,5.0,0.43,2.18,1.057
2,0,0,-3,0,0,1,-2,0,-3,0,-1,-1,-2,-1,-3,0,3,0,5.0,0.43,2.18,1.057
2,0,0,-3,0,0,1,-2,0,-3,0,-1,-1,-2,0,-2,0,3,0,5.0,0.43,2.18,1.057
2,0,0,-3,0,0,1,-2,0,-4,0,-1,-1,-2,0,-2,0,2,0,5.0,0.43,2.18,1.057
2,0,0,-3,0,0,1,-2,0,-4,-1,-1,-1,-2,-1,-3,0,2,0,5.0,0.43,2.18,1.055
2,0,0,-3,0,0,1,-2,0,-5,0,-1,-1,-2,0,-3,0,2,0,5.0,0.43,2.18,1.055
2,0,0,-3,0,0,1,-2,0,-6,-1,-1,-1,-2,0,-2,0,2,0,5.0,0.43,2.18,1.055
2,0,0,-3,0,0,1,-2,0,-6,0,-1,-1,-2,-1,-2,0,1,0,5.0,0.43,2.18,1.055
2,0,0,-3,0,0,1,-2,0,-6,0,-2,-1,-2,0,-2,0,1,0,5.0,0.43,2.18,1.055
2,0,0,-3,0,0,1,-2,0,-6,0,-2,-1,-2,-1,-2,0,1,0,5.0,0.43,2.18,1.055
2,0,0,-3,0,0,1,-2,0,-6,0,-2,-1,-2,0,-3,0,1,0,5.0,0.43,2.18,1.055
2,0,0,-3,0,0,1,-2,0,-6,0,-2,-1,-2,0,-3,0,1,0,5.0,0.43,2.18,1.055
2,0,0,-3,0,0,1,-2,0,-6,0,-2,-1,-2,-1,-3,0,0,0,5.0,0.43,2.18,1.055
2,0,0,-3,0,0,1,-2,0,-6,0,-1,-1,-2,0,-3,1,0,0,5.0,0.43,2.18,1.055
2,0,0,-3,0,0,1,-2,0,-6,0,-1,-1,-2,-1,-3,1,0,0,5.0,0.43,2.18,1.055
2,0,0,-3,0,0,1,-2,0,-6,0,-1,-1,-2,0,-3,0,0,0,5.0,0.44,2.24,1.086
2,0,0,-3,0,0,1,-2,0,-6,-1,-1,-1,-2,0,-3,0,0,0,5.0,0.44,2.24,1.086
2,0,0,-3,0,0,1,-2,0,-6,-1,-1,-1,-2,0,-3,0,0,0,5.0,0.44,2.24,1.086
2,0,0,-4,0,0,1,-2,0,-6,-1,0,-1,-2,0,-2,0,0,0,5.0,0.44,2.24,1.086
2,0,0,-4,0,0,1,-2,0,-6,-1,0,-1,-2,0,-3,0,0,0,5.0,0.44,2.24,1.086
2,0,0,-4,1,0,1,-2,0,-7,0,0,-1,-2,-1,-3,0,0,0,5.0,0.44,2.24,1.086
2,0,0,-4,0,0,1,-2,0,-8,0,0,-1,-2,0,-2,0,0,0,5.0,0.44,2.24,1.086
2,0,0,-3,0,0,1,-2,0,-9,0,0,-1,-2,-1,-2,1,0,0,5.0,0.44,2.24,1.086
2,0,0,-3,0,0,1,-2,0,-9,0,0,-1,-2,-1,-2,1,0,0,5.0,0.44,2.24,1.086
2,0,0,-3,0,0,1,-2,0,-9,0,0,-1,-2,-1,-2,1,0,0,5.0,0.44,2.24,1.086
2,0,0,-3,0,0,1,-2,0,-9,0,0,-1,-2,0,-2,1,-1,0,5.0,0.44,2.24,1.086
2,0,0,-3,1,0,1,-2,0,-8,0,-1,-1,-2,0,-3,1,-1,0,5.0,0.43,2.17,1.053
2,0,0,-3,0,0,1,-2,0,-8,0,0,-1,-2,-1,-3,1,-1,0,5.0,0.43,2.17,1.053
2,0,0,-3,0,0,1,-2,0,-7,0,0,-1,-2,0,-3,2,0,0,5.0,0.43,2.17,1.053
2,0,0,-3,0,0,1,-2,0,-7,0,0,-1,-2,0,-4,2,0,0,5.0,0.43,2.17,1.053
2,0,0,-3,0,0,1,-2,0,-6,0,0,-1,-2,-1,-4,2,0,0,5.0,0.43,2.17,1.053
2,0,0,-3,0,0,1,-2,0,-6,0,0,-1,-2,0,-5,3,0,0,5.0,0.43,2.17,1.053
2,0,0,-3,0,0,1,-2,0,-6,0,1,-1,-2,-1,-5,1,0,0,5.0,0.43,2.17,1.053
2,0,0,-3,0,0,1,-2,0,-6,0,1,-1,-2,0,-4,1,0,0,5.0,0.43,2.17,1.053
2,0,0,-3,0,0,1,-2,0,-6,0,2,-1,-2,0,-4,0,0,0,5.0,0.43,2.17,1.053
2,0,0,-3,0,0,1,-2,0,-6,0,2,-1,-2,0,-3,0,0,0,5.0,0.43,2.17,1.053
2,0,0,-3,0,0,1,-2,0,-6,0,2,-1,-2,0,-3,-1,0,0,5.0,0.43,2.17,1.053
2,0,0,-3,0,0,1,-2,0,-6,0,2,-1,-2,0,-2,-1,0,0,5.0,0.43,2.18,1.054
2,0,0,-3,0,0,1,-2,0,-6,0,2,-1,-2,0,-2,0,0,0,5.0,0.43,2.18,1.054
2,0,0,-3,0,0,1,-2,0,-7,1,2,-1,-2,0,-2,0,0,0,5.0,0.43,2.18,1.054
2,0,0,-3,0,0,1,-2,0,-7,1,2,-1,-2,0,-1,0,0,0,5.0,0.43,2.18,1.054
2,0,0,-3,0,0,1,-2,0,-8,2,1,-1,-2,-1,-1,0,0,0,5.0,0.43,2.18,1.054
2,0,0,-3,0,0,1,-2,0,-8,2,1,-1,-2,0,-1,-1,0,0,5.0,0.43,2.18,1.054
2,0,0,-3,0,0,1,-2,0,-8,2,0,-1,-2,-1,0,-1,0,0,5.0,0.43,2.18,1.054
2,0,0,-3,0,0,1,-2,0,-7,2,0,-1,-2,-1,0,-1,0,0,5.0,0.43,2.18,1.054
2,0,0,-3,0,0,1,-2,0,-7,1,0,-1,-2,-1,0,-1,1,0,5.0,0.43,2.18,1.054
2,0,0,-3,0,0,1,-2,0,-7,1,0,-1,-2,-1,0,0,1,0,5.0,0.43,2.18,1.054
2,0,0,-3,0,0,1,-2,0,-6,1,0,-1,-2,-1,-1,0,1,0,5.0,0.43,2.18,1.054
2,0,0,-3,0,0,1,-2,0,-6,1,0,-1,-2,-1,-1,0,1,0,5.0,0.44,2.22,1.073
2,0,0,-2,0,0,1,-2,0,-6,1,0,-1,-2,-1,-1,0,1,0,5.0,0.44,2.22,1.073
2,0,0,-3,0,0,1,-2,0,-6,1,0,-1,-2,-1,-2,0,1,0,5.0,0.44,2.22,1.073
2,0,0,-2,0,0,1,-2,0,-6,0,0,-1,-2,-1,-2,0,0,0,5.0,0.44,2.22,1.073
2,0,0,-3,0,0,1,-2,0,-6,0,0,-1,-2,-1,-2,0,0,0,5.0,0.44,2.22,1.073
2,0,0,-3,0,0,1,-2,0,-5,0,0,-1,-2,-1,-2,0,0,0,5.0,0.44,2.22,1.073
2,0,0,-6,0,0,1,-2,0,-8,4,0,-1,-2,0,-3,2,4,0,5.0,0.43,2.18,1.057
2,0,0,-6,0,0,1,-2,0,-7,4,0,-1,-2,0,-3,2,4,0,5.0,0.43,2.18,1.057
2,0,0,-6,0,0,1,-2,0,-6,4,0,-1,-2,0,-2,1,5,0,5.0,0.43,2.18,1.057
2,0,0,-6,0,0,1,-2,0,-6,4,1,-1,-2,0,0,0,6,0,5.0,0.43,2.18,1.057
2,0,0,-7,0,0,1,-2,0,-6,4,1,-1,-2,0,0,0,6,0,5.0,0.43,2.18,1.057
2,0,0,-7,0,0,1,-2,0,-5,3,2,-1,-2,0,0,0,6,0,5.0,0.43,2.18,1.057
2,0,0,-6,0,0,1,-2,0,-5,3,3,-1,-2,0,0,0,6,0,5.0,0.43,2.18,1.057
2,0,0,-7,-1,0,1,-2,0,-5,2,3,-1,-2,0,0,1,6,0,5.0,0.43,2.18,1.057
2,0,0,-6,-1,0,1,-2,0,-5,2,3,-1,-2,0,0,2,6,0,5.0,0.43,2.18,1.057
2,0,0,-6,-1,0,1,-2,0,-6,2,4,-1,-2,0,0,2,5,0,5.0,0.43,2.18,1.057
2,0,0,-6,-1,0,1,-2,0,-7,2,4,-1,-2,-1,0,2,4,0,5.0,0.43,2.17,1.052
2,0,0,-6,-1,0,1,-2,0,-8,3,4,-1,-2,-1,0,2,4,0,5.0,0.43,2.17,1.052
2,0,0,-5,-1,0,1,-2,0,-9,4,4,-1,-2,-1,1,1,4,0,5.0,0.43,2.17,1.052
2,0,0,-5,-1,0,1,-2,0,-9,4,4,-1,-2,-1,1,0,3,0,5.0,0.43,2.17,1.052
2,0,0,-5,-1,0,1,-2,0,-9,5,4,-1,-2,-1,1,0,2,0,5.0,0.43,2.17,1.052
2,0,0,-5,-1,0,1,-2,0,-9,5,4,-1,-2,-1,1,0,2,0,5.0,0.43,2.17,1.052
2,0,0,-4,-1,0,1,-2,0,-9,5,4,-1,-2,-1,1,-1,2,0,5.0,0.43,2.17,1.052
2,0,0,-4,-1,0,1,-2,0,-9,4,4,-1,-2,-1,1,0,2,0,5.0,0.43,2.17,1.052
2,0,0,-4,-1,0,1,-2,0,-9,4,4,-1,-2,-1,1,0,2,0,5.0,0.43,2.17,1.052
2,0,0,-3,-1,0,1,-2,0,-9,4,3,-1,-2,-1,1,0,2,0,5.0,0.43,2.17,1.052
2,0,0,-3,-1,0,1,-2,0,-9,3,3,-1,-2,-1,1,0,1,0,5.0,0.43,2.17,1.052
2,0,0,-3,0,0,1,-2,0,-9,3,3,-1,-2,-1,0,0,1,0,5.0,0.43,2.19,1.063
2,0,0,-3,-1,0,1,-2,0,-8,3,3,-1,-2,-1,0,-1,0,0,5.0,0.43,2.19,1.063
2,0,0,-3,-1,0,1,-2,0,-8,2,2,-1,-2,-1,0,-1,0,0,5.0,0.43,2.19,1.063
2,0,0,-3,0,0,1,-2,0,-7,1,2,-1,-2,-1,0,-2,0,0,5.0,0.43,2.19,1.063
2,0,0,-2,0,0,1,-2,0,-7,0,2,-1,-2,-1,0,-2,0,0,5.0,0.43,2.19,1.063
2,0,0,-2,0,0,1,-2,0,-7,0,2,-1,-2,-1,0,-1,0,0,5.0,0.43,2.19,1.063
2,0,0,-2,0,0,1,-2,0,-6,0,1,-1,-2,-1,-1,-1,0,0,5.0,0.43,2.19,1.063
2,0,0,-2,0,0,1,-2,0,-7,0,1,-1,-2,-1,-1,-1,0,0,5.0,0.43,2.19,1.063
2,0,0,-2,0,0,1,-2,0,-7,0,1,-1,-2,-1,-1,-1,1,0,5.0,0.43,2.19,1.063
2,0,0,-2,0,0,1,-2,0,-7,0,1,-1,-2,-1,-2,-2,1,0,5.0,0.43,2.19,1.063
2,0,0,-2,0,0,1,-2,0,-7,0,0,-1,-2,-1,-1,-2,1,0,5.0,0.43,2.19,1.063
2,0,0,-2,0,0,1,-2,0,-7,0,0,-1,-2,-1,-2,-2,1,0,5.0,0.43,2.18,1.054
2,0,0,-2,0,0,1,-2,0,-7,0,0,-1,-2,-1,-2,-3,1,0,5.0,0.43,2.18,1.054
2,0,0,-2,0,0,1,-2,0,-7,0,0,-1,-2,-1,-2,-3,1,0,5.0,0.43,2.18,1.054
2,0,0,-2,0,0,1,-2,0,-7,0,0,-1,-2,-1,-2,-3,2,0,5.0,0.43,2.18,1.054
2,0,0,-1,0,0,1,-2,0,-7,0,0,-1,-2,-1,-3,-3,1,0,5.0,0.43,2.18,1.054
2,0,0,-2,0,0,1,-2,0,-7,0,0,-1,-2,-1,-4,-1,2,0,5.0,0.43,2.18,1.054
2,0,0,-2,0,0,1,-2,0,-7,0,0,-1,-2,-1,-4,0,2,0,5.0,0.43,2.18,1.054
2,0,0,-2,0,0,1,-2,0,-7,0,0,-1,-2,-1,-5,0,4,0,5.0,0.43,2.18,1.054
2,0,0,-2,0,0,1,-2,0,-7,0,0,-1,-2,-1,-6,0,4,0,5.0,0.43,2.18,1.054
2,0,0,-2,0,0,1,-2,0,-7,0,0,-1,-2,-1,-6,-1,3,0,5.0,0.43,2.18,1.054
2,0,0,-2,0,0,1,-2,0,-7,0,0,-1,-2,-1,-6,-2,3,0,5.0,0.43,2.18,1.054
2,0,0,-2,0,0,1,-2,0,-6,-1,-1,-1,-2,-1,-5,-2,4,0,5.0,0.44,2.24,1.084
2,0,0,-2,0,0,1,-2,0,-6,-1,-1,-1,-2,-1,-4,-2,5,0,5.0,0.44,2.24,1.084
2,0,0,-2,0,0,1,-2,0,-6,-1,-1,-1,-2,-1,-4,-2,5,0,5.0,0.44,2.24,1.084
2,0,0,-2,0,0,1,-2,0,-6,-1,-1,-1,-2,-1,-4,-2,6,0,5.0,0.44,2.24,1.084
2,0,0,-2,0,0,1,-2,0,-6,-1,-1,-1,-2,-1,-4,-2,6,0,5.0,0.44,2.24,1.084
2,0,0,-2,0,0,1,-2,0,-6,0,-1,-1,-2,-1,-3,-1,6,0,5.0,0.44,2.24,1.084
2,0,0,-2,0,0,1,-2,0,-6,0,-2,-1,-2,-1,-3,-1,6,0,5.0,0.44,2.24,1.084
2,0,0,-2,0,0,1,-2,0,-6,0,-2,-1,-2,-1,-4,0,6,0,5.0,0.44,2.24,1.084
2,0,0,-2,0,0,1,-2,0,-7,0,-2,-1,-2,-1,-4,0,5,0,5.0,0.44,2.24,1.084
2,0,0,-2,0,0,1,-2,0,-7,0,-2,-1,-2,-1,-4,0,5,0,5.0,0.44,2.24,1.084
2,0,0,-2,0,0,1,-2,0,-7,0,-2,-1,-2,-1,-4,0,4,0,5.0,0.44,2.24,1.084
2,0,0,-6,0,0,1,-2,0,-11,6,0,-1,-2,-1,0,0,3,0,5.0,0.43,2.17,1.054
2,0,0,-6,0,0,1,-2,0,-11,5,0,-1,-2,0,0,0,3,0,5.0,0.43,2.17,1.054
2,0,0,-6,0,0,1,-2,0,-11,5,0,-1,-2,0,0,0,3,0,5.0,0.43,2.17,1.054
2,0,0,-6,0,0,1,-2,0,-11,5,0,-1,-2,0,0,0,2,0,5.0,0.43,2.17,1.054
2,0,0,-6,0,0,1,-2,0,-10,5,0,-1,-2,-1,0,0,2,0,5.0,0.43,2.17,1.054
2,0,0,-6,0,0,1,-2,0,-10,5,0,-1,-2,-1,-1,1,2,0,5.0,0.43,2.17,1.054
2,0,0,-6,0,0,1,-2,0,-10,5,-1,-1,-2,-1,-1,1,3,0,5.0,0.43,2.17,1.054
2,0,0,-6,0,0,1,-2,0,-10,5,-1,-1,-2,0,-1,1,3,0,5.0,0.43,2.17,1.054
2,0,0,-6,0,0,1,-2,0,-10,5,-1,-1,-2,-1,-1,1,3,0,5.0,0.43,2.17,1.054
2,0,0,-6,0,0,1,-2,0,-10,5,-1,-1,-2,-1,-1,1,3,0,5.0,0.43,2.17,1.054
2,0,0,-5,0,0,1,-2,0,-10,5,-1,-1,-2,-1,-1,0,3,0,5.0,0.43,2.17,1.054
2,0,0,-5,0,0,1,-2,0,-10,5,-1,-1,-2,-1,-1,0,3,0,5.0,0.43,2.17,1.054
2,0,0,-5,0,0,1,-2,0,-9,4,-2,-1,-2,-1,-2,0,3,0,5.0,0.43,2.17,1.054
2,0,0,-5,0,0,1,-2,0,-8,4,-2,-1,-2,-1,-2,0,3,0,5.0,0.43,2.17,1.054
2,0,0,-5,0,0,1,-2,0,-7,3,-2,-1,-2,-1,-2,0,3,0,5.0,0.43,2.17,1.054
2,0,0,-5,0,0,1,-2,0,-8,3,-2,-1,-2,0,-2,0,3,0,5.0,0.43,2.17,1.054
2,0,0,-5,0,0,1,-2,0,-7,3,-3,-1,-2,0,-2,0,3,0,5.0,0.43,2.17,1.053
2,0,0,-5,0,0,1,-2,0,-7,3,-3,-1,-2,0,-2,0,3,0,5.0,0.43,2.17,1.053
2,0,0,-5,0,0,1,-2,0,-7,3,-2,-1,-2,0,-2,0,3,0,5.0,0.43,2.17,1.053
2,0,0,-5,0,0,1,-2,0,-7,3,-2,-1,-2,0,-2,0,3,0,5.0,0.43,2.17,1.053
2,0,0,-5,0,0,1,-2,0,-8,3,-2,-1,-2,0,-2,0,2,0,5.0,0.43,2.17,1.053
2,0,0,-5,0,0,1,-2,0,-8,3,-2,-1,-2,-1,-2,0,2,0,5.0,0.43,2.17,1.053
2,0,0,-5,0,0,1,-2,0,-8,3,-1,-1,-2,0,-1,0,3,0,5.0,0.43,2.17,1.053
2,0,0,-4,0,0,1,-2,0,-8,3,-1,-1,-2,0,-1,0,3,0,5.0,0.43,2.17,1.053
2,0,0,-4,0,0,1,-2,0,-8,4,0,-1,-2,0,-2,0,2,0,5.0,0.43,2.17,1.053
2,0,0,-4,0,0,1,-2,0,-8,4,0,-1,-2,-1,-2,0,2,0,5.0,0.43,2.17,1.053
2,0,0,-4,0,0,1,-2,0,-8,4,0,-1,-2,0,-2,0,3,0,5.0,0.43,2.17,1.053
2,0,0,-4,0,0,1,-2,0,-8,4,0,-1,-2,0,-2,0,3,0,5.0,0.43,2.19,1.06
2,0,0,-4,0,0,1,-2,0,-8,4,0,-1,-2,0,-2,0,3,0,5.0,0.43,2.19,1.06
2,0,0,-4,0,0,1,-2,0,-8,3,0,-1,-2,0,-2,0,3,0,5.0,0.43,2.19,1.06
2,0,0,-4,0,0,1,-2,0,-7,3,0,-1,-2,0,-2,-1,3,0,5.0,0.43,2.19,1.06
2,0,0,-4,0,0,1,-2,0,-6,3,0,-1,-2,0,-2,-1,3,0,5.0,0.43,2.19,1.06
2,0,0,-4,0,0,1,-2,0,-6,3,0,-1,-2,0,-2,-1,3,0,5.0,0.43,2.19,1.06
2,0,0,-4,0,0,1,-2,0,-6,3,0,-1,-2,0,-2,-1,3,0,5.0,0.43,2.19,1.06
2,0,0,-4,0,0,1,-2,0,-6,3,0,-1,-2,0,-2,-1,2,0,5.0,0.43,2.19,1.06
2,0,0,-4,0,0,1,-2,0,-6,3,0,-1,-2,0,-3,-1,2,0,5.0,0.43,2.19,1.06
2,0,0,-4,0,0,1,-2,0,-5,2,0,-1,-2,0,-2,-1,2,0,5.0,0.43,2.19,1.06
2,0,0,-4,0,0,1,-2,0,-5,2,0,-1,-2,0,-2,-1,3,0,5.0,0.43,2.19,1.06
2,0,0,-4,0,0,1,-2,0,-5,1,0,-1,-2,0,-2,-1,3,0,5.0,0.44,2.24,1.088
2,0,0,-4,0,0,1,-2,0,-6,2,0,-1,-2,0,-1,-1,2,0,5.0,0.44,2.24,1.088
2,0,0,-4,0,0,1,-2,0,-6,2,0,-1,-2,0,-1,-1,2,0,5.0,0.44,2.24,1.088
2,0,0,-4,0,0,1,-2,0,-7,2,0,-1,-2,0,-1,-1,2,0,5.0,0.44,2.24,1.088
2,0,0,-4,0,0,1,-2,0,-7,3,0,-1,-2,-1,-1,-1,2,0,5.0,0.44,2.24,1.088
2,0,0,-4,0,0,1,-2,0,-7,2,-1,-1,-2,0,-1,-1,1,0,5.0,0.44,2.24,1.088
2,0,0,-4,0,0,1,-2,0,-7,2,-1,-1,-2,0,-1,-1,1,0,5.0,0.44,2.24,1.088
2,0,0,-4,0,0,1,-2,0,-7,2,-1,-1,-2,0,-1,-1,1,0,5.0,0.44,2.24,1.088
2,0,0,-3,0,0,1,-2,0,-7,3,-1,-1,-2,0,-1,0,1,0,5.0,0.44,2.24,1.088
2,0,0,-3,0,0,1,-2,0,-6,3,0,-1,-2,0,-2,-1,2,0,5.0,0.44,2.24,1.088
2,0,0,-3,0,0,1,-2,0,-6,3,0,-1,-2,0,-2,-1,2,0,5.0,0.44,2.24,1.088
2,0,0,-3,0,0,1,-2,0,-6,3,0,-1,-2,0,-2,-2,2,0,5.0,0.43,2.17,1.055
2,0,0,-3,0,0,1,-2,0,-6,3,0,-1,-2,0,-2,-2,2,0,5.0,0.43,2.17,1.055
2,0,0,-3,0,0,1,-2,0,-5,3,0,-1,-2,0,-2,-2,1,0,5.0,0.43,2.17,1.055
2,0,0,-3,0,0,1,-2,0,-5,2,1,-1,-2,0,-2,-2,1,0,5.0,0.43,2.17,1.055
2,0,0,-3,0,0,1,-2,0,-5,1,1,-1,-2,0,-2,-2,1,0,5.0,0.43,2.17,1.055
2,0,0,-3,0,0,1,-2,0,-5,1,1,-1,-2,0,-1,-1,1,0,5.0,0.43,2.17,1.055
2,0,0,-4,0,1,1,-2,0,-9,1,-2,-1,-2,0,0,0,4,0,5.0,0.43,2.19,1.06
2,0,0,-5,0,1,1,-2,0,-9,1,-2,-1,-2,0,0,0,5,0,5.0,0.43,2.19,1.06
2,0,0,-5,0,1,1,-2,0,-9,0,-2,-1,-2,0,0,0,4,0,5.0,0.43,2.19,1.06
2,0,0,-5,0,1,1,-2,0,-8,0,-2,-1,-2,0,0,0,4,0,5.0,0.43,2.19,1.06
2,0,0,-5,0,1,1,-2,0,-8,0,-2,-1,-2,0,0,0,5,0,5.0,0.43,2.19,1.06
2,0,0,-5,0,1,1,-2,0,-8,1,-2,-1,-2,0,0,0,5,0,5.0,0.43,2.19,1.06
2,0,0,-6,0,1,1,-2,0,-8,1,-2,-1,-2,0,0,0,5,0,5.0,0.43,2.19,1.06
2,0,0,-5,0,1,1,-2,0,-9,2,-2,-1,-2,0,0,-1,5,0,5.0,0.43,2.19,1.06
2,0,0,-5,0,1,1,-2,0,-9,3,-2,-1,-2,0,0,-1,5,0,5.0,0.43,2.19,1.06
2,0,0,-4,0,1,1,-2,0,-9,3,-2,-1,-2,0,0,-1,4,0,5.0,0.43,2.19,1.06
2,0,0,-4,0,1,1,-2,0,-9,3,-2,-1,-2,0,0,-1,4,0,5.0,0.44,2.21,1.071
2,0,0,-4,0,1,1,-2,0,-8,3,-3,-1,-2,0,0,-1,3,0,5.0,0.44,2.21,1.071
2,0,0,-4,0,1,1,-2,0,-7,3,-3,-1,-2,0,0,-1,3,0,5.0,0.44,2.21,1.071
2,0,0,-4,0,1,1,-2,0,-6,3,-3,-1,-2,0,0,-1,3,0,5.0,0.44,2.21,1.071
2,0,0,-4,-1,1,1,-2,0,-5,3,-2,-1,-2,0,0,-1,4,0,5.0,0.44,2.21,1.071
2,0,0,-4,0,1,1,-2,0,-5,3,-2,-1,-2,0,0,-1,4,0,5.0,0.44,2.21,1.071
2,0,0,-3,-1,1,1,-2,0,-4,4,-1,-1,-2,0,0,-1,5,0,5.0,0.44,2.21,1.071
2,0,0,-3,0,1,1,-2,0,-4,4,-1,-1,-2,0,0,-2,4,0,5.0,0.44,2.21,1.071
2,0,0,-3,-1,1,1,-2,0,-3,4,0,-1,-2,0,0,-2,4,0,5.0,0.44,2.21,1.071
2,0,0,-3,0,1,1,-2,0,-3,3,0,-1,-2,0,1,-2,4,0,5.0,0.44,2.21,1.071
2,0,0,-3,-1,1,1,-2,0,-3,3,0,-1,-2,0,0,-2,4,0,5.0,0.44,2.21,1.071
2,0,0,-3,0,1,1,-2,0,-3,2,0,-1,-2,0,0,-2,4,0,5.0,0.44,2.23,1.08
2,0,0,-3,0,1,1,-2,0,-3,1,0,-1,-2,0,0,-1,3,0,5.0,0.44,2.23,1.08
2,0,0,-4,-1,1,1,-2,0,-3,2,0,-1,-2,0,0,0,3,0,5.0,0.44,2.23,1.08
2,0,0,-4,-1,1,1,-2,0,-3,2,0,-1,-2,0,0,0,3,0,5.0,0.44,2.23,1.08
2,0,0,-4,-1,1,1,-2,0,-3,3,0,-1,-2,0,0,-1,3,0,5.0,0.44,2.23,1.08
2,0,0,-3,-1,1,1,-2,0,-4,4,0,-1,-2,0,1,-1,3,0,5.0,0.44,2.23,1.08
2,0,0,-4,-1,1,1,-2,0,-4,5,0,-1,-2,0,1,-1,3,0,5.0,0.44,2.23,1.08
2,0,0,-4,-1,1,1,-2,0,-4,5,0,-1,-2,0,0,-1,3,0,5.0,0.44,2.23,1.08
2,0,0,-4,-1,0,1,-2,0,-4,4,0,-1,-2,0,0,-1,2,0,5.0,0.44,2.23,1.08
2,0,0,-4,-1,1,1,-2,0,-4,3,0,-1,-2,0,0,-1,2,0,5.0,0.44,2.23,1.08
2,0,0,-4,-1,0,1,-2,0,-4,3,0,-1,-2,0,0,-1,3,0,5.0,0.44,2.23,1.08
2,0,0,-4,-1,0,1,-2,0,-4,2,0,-1,-2,0,0,-1,2,0,5.0,0.44,2.2,1.067
2,0,0,-4,-1,0,1,-2,0,-4,2,0,-1,-2,0,0,-1,2,0,5.0,0.44,2.2,1.067
2,0,0,-4,0,0,1,-2,0,-4,3,0,-1,-2,0,0,-1,2,0,5.0,0.44,2.2,1.067
2,0,0,-4,0,0,1,-2,0,-4,3,0,-1,-2,0,-1,0,2,0,5.0,0.44,2.2,1.067
2,0,0,-4,0,0,1,-2,0,-4,3,0,-1,-2,0,-1,-1,2,0,5.0,0.44,2.2,1.067
2,0,0,-4,0,0,1,-2,0,-4,3,0,-1,-2,0,-1,-1,1,0,5.0,0.44,2.2,1.067
2,0,0,-4,0,0,1,-2,0,-4,2,0,-1,-2,0,-1,-1,2,0,5.0,0.44,2.2,1.067
2,0,0,-5,0,0,1,-2,0,-5,2,0,-1,-2,0,-2,-1,2,0,5.0,0.44,2.2,1.067
2,0,0,-5,0,0,1,-2,0,-5,2,0,-1,-2,0,-2,-1,2,0,5.0,0.44,2.2,1.067
2,0,0,-5,0,0,1,-2,0,-6,2,0,-1,-2,0,-2,0,2,0,5.0,0.44,2.2,1.067
2,0,0,-5,0,0,1,-2,0,-6,2,0,-1,-2,0,-2,0,3,0,5.0,0.44,2.2,1.067
2,0,0,-5,0,0,1,-2,0,-7,2,0,-1,-2,0,-3,0,3,0,5.0,0.44,2.2,1.067
2,0,0,-5,0,0,1,-2,0,-8,2,0,-1,-2,0,-3,0,3,0,5.0,0.44,2.2,1.067
2,0,0,-5,0,0,1,-2,0,-8,3,0,-1,-2,0,-3,0,3,0,5.0,0.44,2.2,1.067
2,0,0,-5,0,0,1,-2,0,-8,3,0,-1,-2,0,-3,0,3,0,5.0,0.44,2.2,1.067
2,0,0,-5,0,0,1,-2,0,-8,3,0,-1,-2,0,-3,0,4,0,5.0,0.44,2.2,1.067
2,0,0,-5,0,0,1,-2,0,-8,3,0,-1,-2,0,-3,0,4,0,5.0,0.44,2.2,1.067
2,0,0,-5,0,0,1,-2,0,-8,2,0,-1,-2,0,-3,1,3,0,5.0,0.44,2.2,1.067
2,0,0,-5,0,0,1,-2,0,-8,3,0,-1,-2,0,-3,1,4,0,5.0,0.44,2.2,1.067
2,0,0,-5,0,0,1,-2,0,-8,3,0,-1,-2,0,-3,1,4,0,5.0,0.44,2.2,1.067
2,0,0,-5,0,0,1,-2,0,-8,2,0,-1,-2,0,-3,1,3,0,5.0,0.44,2.2,1.067
2,0,0,-5,0,0,1,-2,0,-8,2,0,-1,-2,0,-4,1,3,0,5.0,0.44,2.2,1.067
2,0,0,-5,0,0,1,-2,0,-7,4,1,-1,-2,0,0,0,2,0,5.0,0.43,2.18,1.056
2,0,0,-4,0,0,1,-2,0,-7,4,1,-1,-2,0,0,0,2,0,5.0,0.43,2.18,1.056
2,0,0,-4,0,0,1,-2,0,-7,4,1,-1,-2,0,0,0,2,0,5.0,0.43,2.18,1.056
2,0,0,-4,0,0,1,-2,0,-7,3,1,-1,-2,-1,0,0,1,0,5.0,0.43,2.18,1.056
2,0,0,-3,0,0,1,-2,0,-7,3,1,-1,-2,-1,0,0,1,0,5.0,0.43,2.18,1.056
2,0,0,-3,0,0,1,-2,0,-7,3,0,-1,-2,-1,0,0,0,0,5.0,0.43,2.19,1.065
2,0,0,-3,0,0,1,-2,0,-6,2,0,-1,-2,0,0,0,0,0,5.0,0.43,2.19,1.065
2,0,0,-2,0,0,1,-2,0,-6,2,0,-1,-2,-1,0,0,0,0,5.0,0.43,2.19,1.065
2,0,0,-2,0,0,1,-2,0,-6,2,0,-1,-2,-1,0,0,0,0,5.0,0.43,2.19,1.065
2,0,0,-2,0,0,1,-2,0,-6,2,0,-1,-2,-1,0,0,0,0,5.0,0.43,2.19,1.065
2,0,0,-2,1,0,1,-2,0,-6,1,0,-1,-2,-1,-1,0,0,0,5.0,0.43,2.19,1.065
2,0,0,-2,0,0,1,-2,0,-5,1,0,-1,-2,-1,-2,0,0,0,5.0,0.43,2.19,1.065
2,0,0,-1,0,0,1,-2,0,-5,1,0,-1,-2,0,-2,0,0,0,5.0,0.43,2.19,1.065
2,0,0,-1,1,0,1,-2,0,-5,0,0,-1,-2,0,-3,-1,0,0,5.0,0.43,2.19,1.065
2,0,0,-1,0,0,1,-2,0,-5,0,0,-1,-2,-1,-3,-1,-1,0,5.0,0.43,2.19,1.065
2,0,0,-1,1,0,1,-2,0,-5,0,0,-1,-2,0,-3,-1,-1,0,5.0,0.43,2.19,1.065
2,0,0,-1,0,0,1,-2,0,-5,0,-1,-1,-2,-1,-4,-2,-1,0,5.0,0.44,2.23,1.083
2,0,0,-1,0,0,1,-2,0,-4,0,0,-1,-2,0,-4,-2,-1,0,5.0,0.44,2.23,1.083
2,0,0,-1,1,0,1,-2,0,-4,0,0,-1,-2,-1,-4,-2,-1,0,5.0,0.44,2.23,1.083
2,0,0,-1,1,0,1,-2,0,-5,0,-1,-1,-2,0,-4,-2,-1,0,5.0,0.44,2.23,1.083
2,0,0,-1,1,0,1,-2,0,-5,0,-1,-1,-2,0,-4,-2,-1,0,5.0,0.44,2.23,1.083
2,0,0,-1,1,0,1,-2,0,-5,0,-1,-1,-2,0,-4,-2,-1,0,5.0,0.44,2.23,1.083
2,0,0,-1,1,0,1,-2,0,-6,-1,-1,-1,-2,-1,-4,-2,0,0,5.0,0.44,2.23,1.083
2,0,0,-1,1,0,1,-2,0,-6,-1,-1,-1,-2,0,-4,-2,0,0,5.0,0.44,2.23,1.083
2,0,0,-1,1,0,1,-2,0,-6,-1,-1,-1,-2,0,-4,-2,0,0,5.0,0.44,2.23,1.083
2,0,0,-1,1,0,1,-2,0,-6,-1,-1,-1,-2,0,-4,-2,0,0,5.0,0.44,2.23,1.083
2,0,0,-1,1,0,1,-2,0,-6,-1,-1,-1,-2,0,-5,-2,0,0,5.0,0.44,2.23,1.083
2,0,0,-1,1,0,1,-2,0,-6,-1,-2,-1,-2,0,-5,-2,0,0,5.0,0.43,2.2,1.066
2,0,0,-1,1,0,1,-2,0,-6,-1,-2,-1,-2,0,-5,-1,0,0,5.0,0.43,2.2,1.066
2,0,0,-1,1,0,1,-2,0,-6,-1,-2,-1,-2,0,-6,-2,0,0,5.0,0.43,2.2,1.066
2,0,0,-1,1,0,1,-2,0,-6,-1,-1,-1,-2,0,-6,-2,0,0,5.0,0.43,2.2,1.066
2,0,0,-2,1,0,1,-2,0,-7,-1,-1,-1,-2,0,-5,-2,0,0,5.0,0.43,2.2,1.066
2,0,0,-2,1,0,1,-2,0,-7,-1,-1,-1,-2,0,-5,-2,0,0,5.0,0.43,2.2,1.066
2,0,0,-1,1,0,1,-2,0,-7,-1,-1,-1,-2,0,-5,-2,0,0,5.0,0.43,2.2,1.066
2,0,0,-2,1,0,1,-2,0,-7,-1,-1,-1,-2,0,-5,-2,0,0,5.0,0.43,2.2,1.066
2,0,0,-2,1,0,1,-2,0,-8,-1,0,-1,-2,0,-5,-2,1,0,5.0,0.43,2.2,1.066
2,0,0,-1,1,0,1,-2,0,-8,-1,0,-1,-2,0,-5,-1,1,0,5.0,0.43,2.2,1.066
2,0,0,-1,1,-1,1,-2,0,-7,-1,0,-1,-2,0,-4,-1,1,0,5.0,0.43,2.2,1.066
2,0,0,-1,1,0,1,-2,0,-7,-1,0,-1,-2,0,-4,-1,1,0,5.0,0.43,2.19,1.062
2,0,0,-2,1,0,1,-2,0,-7,-1,0,-1,-2,0,-4,0,1,0,5.0,0.43,2.19,1.062
2,0,0,-2,1,0,1,-2,0,-7,-2,0,-1,-2,0,-4,0,1,0,5.0,0.43,2.19,1.062
2,0,0,-2,1,0,1,-2,0,-6,-1,0,-1,-2,0,-4,0,2,0,5.0,0.43,2.19,1.062
2,0,0,-3,1,0,1,-2,0,-6,-1,1,-1,-2,0,-3,0,2,0,5.0,0.43,2.19,1.062
2,0,0,-3,1,0,1,-2,0,-7,-1,1,-1,-2,0,-3,0,2,0,5.0,0.43,2.19,1.062
2,0,0,-3,1,0,1,-2,0,-7,-1,1,-1,-2,0,-3,0,2,0,5.0,0.43,2.19,1.062
2,0,0,-3,1,0,1,-2,0,-7,0,2,-1,-2,0,-3,0,2,0,5.0,0.43,2.19,1.062
2,0,0,-3,1,0,1,-2,0,-7,0,2,-1,-2,0,-3,0,2,0,5.0,0.43,2.19,1.062
2,0,0,-3,1,0,1,-2,0,-6,-1,2,-1,-2,0,-3,0,2,0,5.0,0.43,2.19,1.062
2,0,0,-3,1,0,1,-2,0,-6,-1,2,-1,-2,0,-2,0,2,0,5.0,0.43,2.19,1.062
2,0,0,-3,1,0,1,-2,0,-6,-1,2,-1,-2,0,-2,0,2,0,5.0,0.43,2.19,1.061
2,0,0,-3,1,0,1,-2,0,-6,-1,2,-1,-2,0,-2,0,2,0,5.0,0.43,2.19,1.061
2,0,0,-2,0,0,1,-2,0,-7,0,2,-1,-2,0,-1,1,3,0,5.0,0.43,2.19,1.061
2,0,0,-2,0,0,1,-2,0,-7,0,1,-1,-2,0,-1,1,2,0,5.0,0.43,2.19,1.061
2,0,0,-2,0,0,1,-2,0,-6,0,1,-1,-2,0,-1,1,2,0,5.0,0.43,2.19,1.061
2,0,0,-2,0,0,1,-2,0,-5,0,1,-1,-2,0,-1,0,2,0,5.0,0.43,2.19,1.061
2,0,0,0,-1,-1,1,-2,0,-2,0,-1,-1,-2,0,-5,-1,2,0,5.0,0.44,2.2,1.068
2,0,0,0,-1,-1,1,-2,0,-2,0,0,-1,-2,-1,-5,-2,2,0,5.0,0.44,2.2,1.068
2,0,0,0,0,-1,1,-2,0,-2,0,0,-1,-2,-1,-6,-1,1,0,5.0,0.44,2.2,1.068
2,0,0,0,-1,-1,1,-2,0,-3,0,0,-1,-2,-1,-6,-2,1,0,5.0,0.44,2.2,1.068
2,0,0,0,-1,-1,1,-2,0,-3,0,0,-1,-2,-1,-6,-2,1,0,5.0,0.44,2.2,1.068
2,0,0,0,-1,-1,1,-2,0,-4,0,0,-1,-2,-1,-5,-3,0,0,5.0,0.44,2.2,1.068
2,0,0,0,-1,-1,1,-2,0,-5,0,0,-1,-2,0,-5,-3,0,0,5.0,0.44,2.2,1.068
2,0,0,0,0,-1,1,-2,0,-5,0,1,-1,-2,-1,-6,-3,0,0,5.0,0.44,2.2,1.068
2,0,0,0,-1,-1,1,-2,0,-5,0,1,-1,-2,-1,-6,-3,0,0,5.0,0.44,2.2,1.068
2,0,0,-1,0,-1,1,-2,0,-5,0,1,-1,-2,0,-5,-3,0,0,5.0,0.44,2.2,1.068
2,0,0,-1,-1,-1,1,-2,0,-5,0,2,-1,-2,0,-5,-3,0,0,5.0,0.44,2.23,1.082
2,0,0,-1,0,-1,1,-2,0,-5,0,2,-1,-2,-1,-5,-3,0,0,5.0,0.44,2.23,1.082
2,0,0,-1,0,-1,1,-2,0,-5,0,3,-1,-2,-1,-5,-3,0,0,5.0,0.44,2.23,1.082
2,0,0,-1,0,-1,1,-2,0,-6,0,3,-1,-2,0,-5,-3,0,0,5.0,0.44,2.23,1.082
2,0,0,-2,0,-1,1,-2,0,-6,0,4,-1,-2,-1,-4,-3,0,0,5.0,0.44,2.23,1.082
2,0,0,-2,0,-1,1,-2,0,-7,0,5,-1,-2,0,-5,-3,0,0,5.0,0.44,2.23,1.082
2,0,0,-3,0,0,1,-2,0,-8,1,5,-1,-2,0,-5,-2,1,0,5.0,0.44,2.23,1.082
2,0,0,-3,0,0,1,-2,0,-8,1,5,-1,-2,0,-5,-2,1,0,5.0,0.44,2.23,1.082
2,0,0,-2,0,0,1,-2,0,-9,2,5,-1,-2,-1,-4,-2,2,0,5.0,0.44,2.23,1.082
2,0,0,-3,0,0,1,-2,0,-9,2,4,-1,-2,-1,-4,-2,2,0,5.0,0.44,2.23,1.082
2,0,0,-3,0,0,1,-2,0,-9,2,3,-1,-2,-1,-4,-2,2,0,5.0,0.44,2.23,1.082
2,0,0,-3,-1,0,1,-2,0,-8,2,2,-1,-2,-1,-4,-2,3,0,4.99,0.41,2.07,1.003
2,0,0,-3,0,0,1,-2,0,-7,1,2,-1,-2,0,-3,-2,4,0,4.99,0.41,2.07,1.003
2,0,0,-3,0,0,1,-2,0,-7,2,2,-1,-2,0,-3,-2,4,0,4.99,0.41,2.07,1.003
2,0,0,-2,-1,0,1,-2,0,-7,3,2,-1,-2,0,-3,-2,4,0,4.99,0.41,2.07,1.003
2,0,0,-2,-1,0,1,-2,0,-7,3,2,-1,-2,0,-3,-2,3,0,4.99,0.41,2.07,1.003
2,0,0,-2,-1,0,1,-2,0,-7,3,2,-1,-2,0,-3,-2,3,0,4.99,0.41,2.07,1.003
2,0,0,-2,-1,0,1,-2,0,-7,2,2,-1,-2,0,-3,-3,3,0,4.99,0.41,2.07,1.003
2,0,0,-2,-1,0,1,-2,0,-6,1,2,-1,-2,0,-2,-3,2,0,4.99,0.41,2.07,1.003
2,0,0,-3,-1,0,1,-2,0,-5,0,2,-1,-2,0,-2,-3,2,0,4.99,0.41,2.07,1.003
2,0,0,-2,-1,0,1,-2,0,-5,1,1,-1,-2,0,-1,-2,3,0,4.99,0.41,2.07,1.003
2,0,0,-2,-1,0,1,-2,0,-5,1,1,-1,-2,0,-1,-2,2,0,4.99,0.41,2.07,1.003
2,0,0,-2,-1,0,1,-2,0,-6,2,1,-1,-2,0,-1,-3,2,0,4.99,0.36,1.8,0.875
2,0,0,-2,-1,0,1,-2,0,-6,1,0,-1,-2,0,0,-2,2,0,4.99,0.36,1.8,0.875
2,0,0,-2,-1,0,1,-2,0,-5,1,0,-1,-2,0,0,-2,2,0,4.99,0.36,1.8,0.875
2,0,0,-2,-1,0,1,-2,0,-5,0,-1,-1,-2,-1,-1,-2,2,0,4.99,0.36,1.8,0.875
2,0,0,-2,-1,0,1,-2,0,-4,0,-2,-1,-2,0,-1,-2,2,0,4.99,0.36,1.8,0.875
2,0,0,-2,-1,0,1,-2,0,-4,0,-2,-1,-2,-1,-1,-3,2,0,4.99,0.36,1.8,0.875
2,0,0,-2,-1,0,1,-2,0,-4,1,-3,-1,-2,0,-1,-3,2,0,4.99,0.36,1.8,0.875
2,0,0,-2,-1,0,1,-2,0,-4,1,-3,-1,-2,-1,-2,-2,1,0,4.99,0.36,1.8,0.875
2,0,0,-2,-1,0,1,-2,0,-4,0,-3,-1,-2,-1,-2,-2,1,0,4.99,0.36,1.8,0.875
2,0,0,-2,-1,0,1,-2,0,-4,0,-3,-1,-2,-1,-2,-2,1,0,4.99,0.36,1.8,0.875
2,0,0,-2,-1,0,1,-2,0,-4,0,-3,-1,-2,-1,-2,-2,2,0,4.99,0.36,1.8,0.875
2,0,0,-2,-2,0,1,-2,0,-5,0,-3,-1,-2,-1,-2,-2,1,0,4.99,0.39,1.95,0.948
2,0,0,-2,-1,0,1,-2,0,-6,0,-4,-1,-2,0,-2,-2,2,0,4.99,0.39,1.95,0.948
2,0,0,-3,-1,0,1,-2,0,-6,1,-4,-1,-2,-1,-3,-2,1,0,4.99,0.39,1.95,0.948
2,0,0,-3,-1,0,1,-2,0,-6,1,-4,-1,-2,0,-3,-2,2,0,4.99,0.39,1.95,0.948
2,0,0,-3,-1,0,1,-2,0,-6,1,-4,-1,-2,0,-3,-2,1,0,4.99,0.39,1.95,0.948
2,0,0,-4,-1,0,1,-2,0,-6,1,-4,-1,-2,0,-2,-2,1,0,4.99,0.39,1.95,0.948
2,0,0,-4,-1,0,1,-2,0,-6,1,-4,-1,-2,0,-2,-2,2,0,4.99,0.39,1.95,0.948
2,0,0,-5,-1,0,1,-2,0,-7,1,-4,-1,-2,0,-1,-1,2,0,4.99,0.39,1.95,0.948
2,0,0,-5,-1,0,1,-2,0,-8,3,-4,-1,-2,-1,-1,-1,3,0,4.99,0.39,1.95,0.948
2,0,0,-5,-1,0,1,-2,0,-8,3,-3,-1,-2,-1,-1,-1,3,0,4.99,0.39,1.95,0.948
2,0,0,-6,-1,0,1,-2,0,-8,3,-2,-1,-2,-1,-1,0,3,0,4.99,0.39,1.95,0.948
2,0,0,-6,-1,0,1,-2,0,-8,4,-2,-1,-2,0,-2,0,3,0,4.99,0.37,1.85,0.898
2,0,0,-6,-1,0,1,-2,0,-8,4,-1,-1,-2,0,-3,0,4,0,4.99,0.37,1.85,0.898
2,0,0,-6,-1,0,1,-2,0,-8,4,-1,-1,-2,-1,-3,0,4,0,4.99,0.37,1.85,0.898
2,0,0,-6,-1,0,1,-2,0,-8,4,0,-1,-2,0,-3,0,4,0,4.99,0.37,1.85,0.898
2,0,0,-7,0,0,1,-2,0,-8,5,0,-1,-2,-1,-3,0,4,0,4.99,0.37,1.85,0.898
2,0,0,-7,0,0,1,-2,0,-8,5,0,-1,-2,0,-2,0,4,0,4.99,0.37,1.85,0.898
2,0,0,-6,-1,0,1,-2,0,-8,5,0,-1,-2,-1,-2,0,4,0,4.99,0.37,1.85,0.898
2,0,0,-6,0,0,1,-2,0,-9,6,0,-1,-2,-1,-1,0,4,0,4.99,0.37,1.85,0.898
2,0,0,-6,0,0,1,-2,0,-9,6,0,-1,-2,0,-1,0,4,0,4.99,0.37,1.85,0.898
2,0,0,-6,0,0,1,-2,0,-8,6,0,-1,-2,0,-2,0,3,0,4.99,0.37,1.85,0.898
2,0,0,-6,0,0,1,-2,0,-7,6,1,-1,-2,0,-2,1,4,0,4.99,0.37,1.85,0.898
2,0,0,-6,0,0,1,-2,0,-6,6,0,-1,-2,0,-2,1,4,0,4.99,0.38,1.89,0.921
2,0,0,-6,0,0,1,-2,0,-6,6,0,-1,-2,0,-2,1,4,0,4.99,0.38,1.89,0.921
2,0,0,-6,0,0,1,-2,0,-6,6,0,-1,-2,0,-2,1,4,0,4.99,0.38,1.89,0.921
2,0,0,-5,0,0,1,-2,0,-6,6,1,-1,-2,0,-1,0,3,0,4.99,0.38,1.89,0.921
2,0,0,-5,0,0,1,-2,0,-6,6,1,-1,-2,0,-2,0,3,0,4.99,0.38,1.89,0.921
2,0,0,-5,0,0,1,-2,0,-5,5,1,-1,-2,0,-2,0,3,0,4.99,0.38,1.89,0.921
2,0,0,-5,0,0,1,-2,0,-5,4,1,-1,-2,0,-2,0,2,0,4.99,0.38,1.89,0.921
2,0,0,-4,0,0,1,-2,0,-6,5,1,-1,-2,-1,-1,1,2,0,4.99,0.38,1.89,0.921
2,0,0,-4,0,0,1,-2,0,-6,5,0,-1,-2,0,-1,1,2,0,4.99,0.38,1.89,0.921
2,0,0,-3,0,0,1,-2,0,-6,5,0,-1,-2,0,-1,0,1,0,4.99,0.38,1.89,0.921
2,0,0,-3,0,0,1,-2,0,-6,4,0,-1,-2,0,-2,0,0,0,4.99,0.38,1.89,0.921
2,0,0,-3,0,0,1,-2,0,-5,3,-1,-1,-2,0,-2,0,0,0,4.99,0.36,1.84,0.892
2,0,0,-2,0,0,1,-2,0,-5,3,0,-1,-2,0,-2,0,0,0,4.99,0.36,1.84,0.892
2,0,0,-2,0,0,1,-2,0,-4,2,-1,-1,-2,0,-2,-1,0,0,4.99,0.36,1.84,0.892
2,0,0,-2,0,0,1,-2,0,-3,2,-1,-1,-2,0,-2,-2,0,0,4.99,0.36,1.84,0.892
2,0,0,-2,0,0,1,-2,0,-3,2,0,-1,-2,0,-3,-2,0,0,4.99,0.36,1.84,0.892
2,0,0,-1,0,0,1,-2,0,-3,1,0,-1,-2,0,-2,-4,0,0,4.99,0.36,1.84,0.892
2,0,0,-1,0,0,1,-2,0,-3,0,0,-1,-2,0,-2,-4,0,0,4.99,0.36,1.84,0.892
2,0,0,-1,0,0,1,-2,0,-3,-1,0,-1,-2,0,-2,-2,0,0,4.99,0.36,1.84,0.892
2,0,0,-1,0,0,1,-2,0,-3,-1,0,-1,-2,0,-2,-2,0,0,4.99,0.36,1.84,0.892
2,0,0,-1,0,0,1,-2,0,-3,-1,0,-1,-2,0,-1,-2,0,0,4.99,0.36,1.84,0.892
2,0,0,-1,0,0,1,-2,0,-4,-1,0,-1,-2,-1,-1,-3,0,0,4.99,0.36,1.84,0.892
2,0,0,-1,0,0,1,-2,0,-5,0,0,-1,-2,0,0,-3,0,0,4.99,0.39,1.96,0.952
2,0,0,-1,0,0,1,-2,0,-6,0,0,-1,-2,-1,0,-4,0,0,4.99,0.39,1.96,0.952
2,0,0,-1,0,0,1,-2,0,-6,-1,-1,-1,-2,-1,-1,-3,0,0,4.99,0.39,1.96,0.952
2,0,0,-1,0,0,1,-2,0,-6,-2,-2,-1,-2,0,-1,-3,0,0,4.99,0.39,1.96,0.952
2,0,0,-1,0,0,1,-2,0,-6,-2,-2,-1,-2,-1,-1,-3,1,0,4.99,0.39,1.96,0.952
2,0,0,-1,0,0,1,-2,0,-7,-1,-2,-1,-2,-1,-1,-3,1,0,4.99,0.39,1.96,0.952
2,0,0,-2,0,0,1,-2,0,-7,-1,-2,-1,-2,-1,-2,-3,1,0,4.99,0.39,1.96,0.952
2,0,0,-2,0,0,1,-2,0,-7,-1,-2,-1,-2,-1,-2,-3,1,0,4.99,0.39,1.96,0.952
2,0,0,-3,0,0,1,-2,0,-8,-2,-1,-1,-2,0,-1,-3,1,0,4.99,0.39,1.96,0.952
2,0,0,-3,0,0,1,-2,0,-8,-2,0,-1,-2,0,-2,-2,2,0,4.99,0.39,1.96,0.952
2,0,0,-3,0,0,1,-2,0,-8,-2,0,-1,-2,0,-1,-1,2,0,4.99,0.39,1.96,0.952
2,0,0,-3,0,0,1,-2,0,-8,-2,0,-1,-2,0,-1,-1,2,0,4.99,0.36,1.8,0.874
2,0,0,-3,0,0,1,-2,0,-8,-2,0,-1,-2,-1,-2,0,3,0,4.99,0.36,1.8,0.874
2,0,0,-2,0,0,1,-2,0,-8,-2,0,-1,-2,-1,-1,0,3,0,4.99,0.36,1.8,0.874
2,0,0,-3,0,0,1,-2,0,-8,-2,0,-1,-2,-1,-1,0,4,0,4.99,0.36,1.8,0.874
2,0,0,-3,0,0,1,-2,0,-9,-2,-1,-1,-2,-1,-1,1,4,0,4.99,0.36,1.8,0.874
2,0,0,-3,0,0,1,-2,0,-8,-2,-1,-1,-2,-1,-1,1,4,0,4.99,0.36,1.8,0.874
2,0,0,-3,0,0,1,-2,0,-8,-1,-1,-1,-2,0,-1,1,4,0,4.99,0.36,1.8,0.874
2,0,0,-3,0,0,1,-2,0,-8,0,-1,-1,-2,-1,-1,1,4,0,4.99,0.36,1.8,0.874
2,0,0,-3,0,0,1,-2,0,-8,0,0,-1,-2,-1,-2,1,3,0,4.99,0.36,1.8,0.874
2,0,0,-3,0,0,1,-2,0,-8,0,0,-1,-2,0,-3,1,3,0,4.99,0.36,1.8,0.874
2,0,0,-3,0,0,1,-2,0,-8,0,0,-1,-2,-1,-3,1,3,0,4.99,0.36,1.8,0.874
2,0,0,-2,0,0,1,-2,0,-7,0,0,-1,-2,0,-4,1,2,0,4.99,0.36,1.82,0.885
2,0,0,-2,0,0,1,-2,0,-6,0,-1,-1,-2,-1,-4,0,2,0,4.99,0.36,1.82,0.885
2,0,0,-2,0,0,1,-2,0,-5,0,-1,-1,-2,0,-3,0,2,0,4.99,0.36,1.82,0.885
2,0,0,-2,0,0,1,-2,0,-5,0,-1,-1,-2,0,-2,0,2,0,4.99,0.36,1.82,0.885
2,0,0,-2,0,0,1,-2,0,-5,0,-2,-1,-2,0,-3,0,2,0,4.99,0.36,1.82,0.885
2,0,0,-4,0,0,1,-2,0,-7,0,-1,-1,-2,0,-4,0,1,0,4.99,0.35,1.79,0.868
2,0,0,-4,0,0,1,-2,0,-7,0,-1,-1,-2,0,-4,0,1,0,4.99,0.35,1.79,0.868
2,0,0,-4,0,0,1,-2,0,-7,1,-1,-1,-2,0,-4,1,1,0,4.99,0.35,1.79,0.868
2,0,0,-4,0,0,1,-2,0,-7,1,-1,-1,-2,0,-3,0,1,0,4.99,0.35,1.79,0.868
2,0,0,-4,0,0,1,-2,0,-7,1,-1,-1,-2,0,-3,0,1,0,4.99,0.35,1.79,0.868
2,0,0,-4,0,0,1,-2,0,-7,1,-1,-1,-2,0,-3,0,1,0,4.99,0.35,1.79,0.868
2,0,0,-4,0,0,1,-2,0,-7,1,-1,-1,-2,0,-3,0,1,0,4.99,0.35,1.79,0.868
2,0,0,-4,0,0,1,-2,0,-7,2,-1,-1,-2,0,-3,0,1,0,4.99,0.35,1.79,0.868
2,0,0,-4,0,0,1,-2,0,-8,3,-1,-1,-2,0,-3,0,2,0,4.99,0.35,1.79,0.868
2,0,0,-4,0,0,1,-2,0,-8,4,-1,-1,-2,0,-4,0,1,0,4.99,0.35,1.79,0.868
2,0,0,-4,0,0,1,-2,0,-8,4,-1,-1,-2,0,-4,0,2,0,4.99,0.35,1.79,0.872
2,0,0,-5,0,0,1,-2,0,-8,4,-1,-1,-2,0,-4,0,2,0,4.99,0.35,1.79,0.872
2,0,0,-5,0,0,1,-2,0,-8,4,0,-1,-2,0,-4,0,2,0,4.99,0.35,1.79,0.872
2,0,0,-5,0,0,1,-2,0,-8,4,0,-1,-2,0,-4,0,2,0,4.99,0.35,1.79,0.872
2,0,0,-5,0,0,1,-2,0,-8,5,0,-1,-2,0,-2,0,2,0,4.99,0.35,1.79,0.872
2,0,0,-5,1,0,1,-2,0,-8,5,0,-1,-2,0,-2,0,2,0,4.99,0.35,1.79,0.872
2,0,0,-5,0,0,1,-2,0,-8,5,0,-1,-2,0,-2,0,2,0,4.99,0.35,1.79,0.872
2,0,0,-5,1,0,1,-2,0,-8,5,0,-1,-2,0,-1,0,3,0,4.99,0.35,1.79,0.872
2,0,0,-6,1,0,1,-2,0,-8,5,0,-1,-2,0,-1,1,3,0,4.99,0.35,1.79,0.872
2,0,0,-5,1,0,1,-2,0,-10,6,0,-1,-2,0,-1,1,2,0,4.99,0.35,1.79,0.872
2,0,0,-5,1,0,1,-2,0,-10,7,0,-1,-2,0,-1,0,2,0,4.99,0.35,1.79,0.872
2,0,0,-5,1,0,1,-2,0,-10,7,0,-1,-2,0,0,0,1,0,4.99,0.35,1.79,0.87
2,0,0,-5,0,0,1,-2,0,-9,6,0,-1,-2,0,0,-1,1,0,4.99,0.35,1.79,0.87
2,0,0,-5,0,0,1,-2,0,-9,6,0,-1,-2,0,0,-1,1,0,4.99,0.35,1.79,0.87
2,0,0,-5,0,0,1,-2,0,-7,6,0,-1,-2,0,0,0,2,0,4.99,0.35,1.79,0.87
2,0,0,-5,0,0,1,-2,0,-6,6,0,-1,-2,0,0,-1,2,0,4.99,0.35,1.79,0.87
2,0,0,-5,0,0,1,-2,0,-7,5,1,-1,-2,0,-1,-2,1,0,4.99,0.35,1.79,0.87
2,0,0,-5,0,0,1,-2,0,-7,4,1,-1,-2,0,-1,-1,1,0,4.99,0.35,1.79,0.87
2,0,0,-5,0,0,1,-2,0,-6,4,2,-1,-2,0,0,-1,1,0,4.99,0.35,1.79,0.87
2,0,0,-5,0,0,1,-2,0,-6,4,1,-1,-2,0,0,0,2,0,4.99,0.35,1.79,0.87
2,0,0,-5,0,0,1,-2,0,-6,5,1,-1,-2,0,0,0,2,0,4.99,0.35,1.79,0.872
2,0,0,-5,0,0,1,-2,0,-6,5,1,-1,-2,0,0,0,2,0,4.99,0.35,1.79,0.872
2,0,0,-5,0,0,1,-2,0,-7,5,0,-1,-2,-1,0,0,3,0,4.99,0.35,1.79,0.872
2,0,0,-5,0,0,1,-2,0,-7,5,0,-1,-2,0,0,0,3,0,4.99,0.35,1.79,0.872
2,0,0,-4,0,0,1,-2,0,-7,4,0,-1,-2,-1,0,0,3,0,4.99,0.35,1.79,0.872
2,0,0,-4,0,0,1,-2,0,-7,4,0,-1,-2,-1,0,0,3,0,4.99,0.35,1.79,0.872
2,0,0,-4,0,0,1,-2,0,-7,3,0,-1,-2,-1,0,0,3,0,4.99,0.35,1.79,0.872
2,0,0,-4,0,0,1,-2,0,-7,3,0,-1,-2,-1,0,-1,2,0,4.99,0.35,1.79,0.872
2,0,0,-4,0,0,1,-2,0,-7,3,0,-1,-2,-1,0,-1,2,0,4.99,0.35,1.79,0.872
2,0,0,-4,0,0,1,-2,0,-7,3,0,-1,-2,-1,-1,-1,1,0,4.99,0.35,1.79,0.872
2,0,0,-4,0,0,1,-2,0,-7,2,0,-1,-2,-1,-1,0,1,0,4.99,0.35,1.79,0.872
2,0,0,-4,0,0,1,-2,0,-7,2,0,-1,-2,-1,-2,0,1,0,4.99,0.36,1.79,0.873
2,0,0,-4,0,0,1,-2,0,-7,1,0,-1,-2,-1,-2,0,1,0,4.99,0.36,1.79,0.873
2,0,0,-4,0,0,1,-2,0,-8,2,0,-1,-2,-1,-2,0,1,0,4.99,0.36,1.79,0.873
2,0,0,-4,0,0,1,-2,0,-8,1,-1,-1,-2,0,-2,-1,1,0,4.99,0.36,1.79,0.873
2,0,0,-4,0,0,1,-2,0,-8,1,-1,-1,-2,-1,-2,-1,1,0,4.99,0.36,1.79,0.873
2,0,0,-4,0,0,1,-2,0,-8,1,-1,-1,-2,0,-2,0,1,0,4.99,0.36,1.79,0.873
2,0,0,-4,0,0,1,-2,0,-8,1,-1,-1,-2,0,-2,0,1,0,4.99,0.36,1.79,0.873
2,0,0,-4,0,0,1,-2,0,-8,1,-1,-1,-2,-1,-3,0,1,0,4.99,0.36,1.79,0.873
2,0,0,-4,0,0,1,-2,0,-9,2,-1,-1,-2,0,-3,0,1,0,4.99,0.36,1.79,0.873
2,0,0,-4,0,0,1,-2,0,-9,2,-1,-1,-2,0,-4,0,1,0,4.99,0.36,1.79,0.873
2,0,0,-4,0,0,1,-2,0,-9,1,-1,-1,-2,0,-4,0,1,0,4.99,0.36,1.79,0.873
2,0,0,-4,0,0,1,-2,0,-9,1,-1,-1,-2,0,-4,0,1,0,4.99,0.36,1.81,0.881
2,0,0,-4,0,0,1,-2,0,-8,1,-1,-1,-2,0,-3,-1,1,0,4.99,0.36,1.81,0.881
2,0,0,-3,0,0,1,-2,0,-9,1,-1,-1,-2,0,-3,-1,1,0,4.99,0.36,1.81,0.881
2,0,0,-3,0,0,1,-2,0,-9,1,-1,-1,-2,0,-3,0,2,0,4.99,0.36,1.81,0.881
2,0,0,-3,0,0,1,-2,0,-8,1,-1,-1,-2,0,-3,0,1,0,4.99,0.36,1.81,0.881
2,0,0,-3,0,0,1,-2,0,-8,1,0,-1,-2,0,-3,0,1,0,4.99,0.36,1.81,0.881
2,0,0,-3,0,0,1,-2,0,-7,1,0,-1,-2,0,-3,0,1,0,4.99,0.36,1.81,0.881
2,0,0,-3,0,0,1,-2,0,-7,0,0,-1,-2,0,-3,0,2,0,4.99,0.36,1.81,0.881
2,0,0,-3,0,0,1,-2,0,-7,0,0,-1,-2,0,-3,0,2,0,4.99,0.36,1.81,0.881
2,0,0,-3,0,0,1,-2,0,-7,1,0,-1,-2,0,-3,-1,2,0,4.99,0.36,1.81,0.881
2,0,0,-3,0,0,1,-2,0,-7,1,0,-1,-2,0,-2,-1,2,0,4.99,0.36,1.81,0.881
2,0,0,-3,0,0,1,-2,0,-7,1,0,-1,-2,0,-2,0,2,0,4.99,0.36,1.83,0.889
2,0,0,-3,0,0,1,-2,0,-7,1,0,-1,-2,0,-2,0,2,0,4.99,0.36,1.83,0.889
2,0,0,-3,0,0,1,-2,0,-6,1,0,-1,-2,0,-1,0,2,0,4.99,0.36,1.83,0.889
2,0,0,-3,0,0,1,-2,0,-6,0,0,-1,-2,0,0,-1,3,0,4.99,0.36,1.83,0.889
2,0,0,-3,0,0,1,-2,0,-6,0,0,-1,-2,0,0,0,3,0,4.99,0.36,1.83,0.889
2,0,0,-3,0,0,1,-2,0,-5,0,0,-1,-2,0,0,0,3,0,4.99,0.36,1.83,0.889
2,0,0,-4,0,0,1,-2,0,-5,0,0,-1,-2,0,0,-1,2,0,4.99,0.36,1.83,0.889
2,0,0,-3,0,0,1,-2,0,-5,0,0,-1,-2,0,0,-1,2,0,4.99,0.36,1.83,0.889
2,0,0,-3,0,0,1,-2,0,-5,0,0,-1,-2,0,0,-1,1,0,4.99,0.36,1.83,0.889
2,0,0,-2,0,0,1,-2,0,-5,0,0,-1,-2,0,0,0,1,0,4.99,0.36,1.83,0.889
2,0,0,-2,0,0,1,-2,0,-5,0,0,-1,-2,0,0,0,1,0,4.99,0.36,1.83,0.889
2,0,0,-2,0,0,1,-2,0,-5,0,0,-1,-2,0,0,0,1,0,4.99,0.35,1.79,0.871
2,0,0,-2,0,0,1,-2,0,-4,-1,-1,-1,-2,0,0,0,0,0,4.99,0.35,1.79,0.871
2,0,0,-2,0,0,1,-2,0,-2,-2,-1,-1,-2,0,0,0,1,0,4.99,0.35,1.79,0.871
2,0,0,-2,0,0,1,-2,0,-2,-2,-1,-1,-2,0,0,0,1,0,4.99,0.35,1.79,0.871
2,0,0,-2,0,0,1,-2,0,-1,-1,-1,-1,-2,0,0,0,2,0,4.99,0.35,1.79,0.871
2,0,0,-1,0,0,1,-2,0,0,-1,0,-1,-2,0,0,-1,3,0,4.99,0.35,1.79,0.871
2,0,0,-1,0,0,1,-2,0,0,-1,0,-1,-2,0,0,-2,2,0,4.99,0.35,1.79,0.871
2,0,0,-1,-1,0,1,-2,0,-1,-1,0,-1,-2,0,0,-2,1,0,4.99,0.35,1.79,0.871
2,0,0,-1,-1,0,1,-2,0,-1,-1,0,-1,-2,0,-1,-1,1,0,4.99,0.35,1.79,0.871
2,0,0,-1,-1,0,1,-1,0,-2,-1,0,-1,-2,0,-2,-1,0,0,4.99,0.35,1.79,0.871
2,0,0,-1,-1,0,1,-1,0,-3,0,0,-1,-2,-1,-2,-1,0,0,4.99,0.35,1.79,0.871
2,0,0,-2,-1,0,1,-2,0,-4,1,0,-1,-2,0,-3,-3,0,0,4.99,0.36,1.8,0.875
2,0,0,-2,-1,0,1,-2,0,-5,2,-1,-1,-2,0,-3,-3,0,0,4.99,0.36,1.8,0.875
2,0,0,-2,-1,0,1,-2,0,-6,3,-1,-1,-2,-1,-3,-3,0,0,4.99,0.36,1.8,0.875
2,0,0,-2,-1,0,1,-2,0,-6,3,-2,-1,-2,0,-3,-3,1,0,4.99,0.36,1.8,0.875
2,0,0,-2,-1,0,1,-2,0,-7,3,-2,-1,-2,-1,-4,-2,2,0,4.99,0.36,1.8,0.875
2,0,0,-2,-1,0,1,-2,0,-8,2,-2,-1,-2,-1,-4,-1,4,0,4.99,0.36,1.8,0.875
2,0,0,-2,-1,0,1,-2,0,-8,3,-3,-1,-2,0,-4,0,4,0,4.99,0.36,1.8,0.875
2,0,0,-2,-1,0,1,-2,0,-7,2,-3,-1,-2,0,-4,0,5,0,4.99,0.36,1.8,0.875
2,0,0,-2,-1,0,1,-2,0,-6,1,-4,-1,-2,0,-5,-1,4,0,4.99,0.36,1.8,0.875
2,0,0,-3,-1,0,1,-2,0,-4,0,-4,-1,-2,0,-4,-2,5,0,4.99,0.36,1.8,0.875
2,0,0,-3,-1,0,1,-2,0,-4,0,-4,-1,-2,0,-4,-2,5,0,4.99,0.36,1.8,0.875
2,0,0,-4,0,0,1,-2,0,-4,0,-4,-1,-2,0,-4,0,5,0,4.99,0.35,1.78,0.866
2,0,0,-4,0,0,1,-2,0,-5,0,-4,-1,-2,0,-3,0,6,0,4.99,0.35,1.78,0.866
2,0,0,-4,0,0,1,-2,0,-6,0,-4,-1,-2,0,-3,1,5,0,4.99,0.35,1.78,0.866
2,0,0,-3,0,0,1,-2,0,-5,0,0,-1,-2,0,-2,-1,2,0,5.0,0.43,2.19,1.063
2,0,0,-3,0,0,1,-2,0,-6,1,0,-1,-2,0,-2,-1,2,0,5.0,0.43,2.19,1.063
2,0,0,-3,0,0,1,-2,0,-6,1,0,-1,-2,0,-2,0,2,0,5.0,0.43,2.18,1.059
2,0,0,-3,0,0,1,-2,0,-6,2,0,-1,-2,0,-1,0,2,0,5.0,0.43,2.18,1.059
2,0,0,-3,0,0,1,-2,0,-6,2,0,-1,-2,0,-1,0,2,0,5.0,0.43,2.18,1.059
2,0,0,-3,0,0,1,-2,0,-7,2,-1,-1,-2,0,-1,0,2,0,5.0,0.43,2.18,1.059
2,0,0,-3,0,0,1,-2,0,-6,1,-1,-1,-2,0,-2,0,2,0,5.0,0.43,2.18,1.059
2,0,0,-3,0,0,1,-2,0,-6,1,-1,-1,-2,0,-2,0,2,0,5.0,0.43,2.18,1.059
2,0,0,-3,0,0,1,-2,0,-6,0,-1,-1,-2,0,-3,0,2,0,5.0,0.43,2.18,1.059
2,0,0,-2,0,0,1,-2,0,-6,0,-1,-1,-2,0,-3,0,3,0,5.0,0.43,2.18,1.059
2,0,0,-2,0,0,1,-2,0,-6,0,-1,-1,-2,0,-3,-1,2,0,5.0,0.43,2.18,1.059
2,0,0,-3,0,0,1,-2,0,-6,0,-1,-1,-2,0,-3,-1,2,0,5.0,0.43,2.18,1.059
2,0,0,-3,0,0,1,-2,0,-7,0,-1,-1,-2,0,-3,-2,2,0,5.0,0.43,2.18,1.059
2,0,0,-3,0,0,1,-2,0,-7,0,-1,-1,-2,0,-3,-2,1,0,5.0,0.43,2.17,1.056
2,0,0,-3,0,0,1,-2,0,-7,0,-1,-1,-2,0,-3,-2,1,0,5.0,0.43,2.17,1.056
2,0,0,-3,0,0,1,-2,0,-7,0,-1,-1,-2,0,-4,-1,1,0,5.0,0.43,2.17,1.056
2,0,0,-2,0,0,1,-2,0,-7,0,-1,-1,-2,0,-3,-1,1,0,5.0,0.43,2.17,1.056
2,0,0,-3,0,0,1,-2,0,-7,0,-1,-1,-2,0,-4,0,2,0,5.0,0.43,2.17,1.056
2,0,0,-3,0,0,1,-2,0,-7,0,-1,-1,-2,0,-4,0,2,0,5.0,0.43,2.17,1.056
2,0,0,-3,0,0,1,-2,0,-7,0,-1,-1,-2,0,-4,0,2,0,5.0,0.43,2.17,1.056
2,0,0,-3,0,0,1,-2,0,-7,0,-1,-1,-2,0,-3,0,2,0,5.0,0.43,2.17,1.056
2,0,0,-3,0,0,1,-2,0,-7,1,-1,-1,-2,0,-4,0,2,0,5.0,0.43,2.17,1.056
2,0,0,-3,0,0,1,-2,0,-7,1,-1,-1,-2,0,-4,-1,2,0,5.0,0.43,2.17,1.056
2,0,0,-3,0,0,1,-2,0,-7,1,-1,-1,-2,-1,-4,-1,2,0,5.0,0.43,2.17,1.056
2,0,0,-3,0,0,1,-2,0,-7,1,-1,-1,-2,0,-4,-1,2,0,5.0,0.44,2.2,1.072
2,0,0,-3,0,0,1,-2,0,-7,1,-1,-1,-2,0,-4,-1,2,0,5.0,0.44,2.2,1.072
2,0,0,-3,0,0,1,-2,0,-7,1,-1,-1,-2,0,-4,-1,3,0,5.0,0.44,2.2,1.072
2,0,0,-2,0,0,1,-2,0,-7,1,-1,-1,-2,0,-3,-1,2,0,5.0,0.44,2.2,1.072
2,0,0,-3,0,0,1,-2,0,-7,1,-1,-1,-2,0,-4,-1,2,0,5.0,0.44,2.2,1.072
2,0,0,-3,0,0,1,-2,0,-6,1,-1,-1,-2,0,-4,0,3,0,5.0,0.44,2.2,1.072
2,0,0,-3,0,0,1,-2,0,-6,1,0,-1,-2,0,-4,0,2,0,5.0,0.44,2.2,1.072
2,0,0,-3,0,0,1,-2,0,-6,1,0,-1,-2,0,-3,0,2,0,5.0,0.44,2.2,1.072
2,0,0,-3,0,0,1,-2,0,-6,1,0,-1,-2,0,-3,0,2,0,5.0,0.44,2.2,1.072
2,0,0,-3,0,0,1,-2,0,-5,1,0,-1,-2,0,-3,-1,2,0,5.0,0.44,2.2,1.072
2,0,0,-3,0,0,1,-2,0,-5,1,0,-1,-2,0,-3,-1,2,0,5.0,0.44,2.2,1.072
2,0,0,-3,0,0,1,-2,0,-5,1,0,-1,-2,0,-3,-1,2,0,5.0,0.43,2.19,1.064
2,0,0,-3,0,0,1,-2,0,-6,1,0,-1,-2,0,-3,-1,2,0,5.0,0.43,2.19,1.064
2,0,0,-3,0,0,1,-2,0,-5,1,0,-1,-2,0,-3,-1,2,0,5.0,0.43,2.19,1.064
2,0,0,-3,0,0,1,-2,0,-6,1,0,-1,-2,0,-3,-1,2,0,5.0,0.43,2.19,1.064
2,0,0,-3,0,0,1,-2,0,-6,2,0,-1,-2,0,-3,-1,2,0,5.0,0.43,2.19,1.064
2,0,0,-3,0,0,1,-2,0,-6,2,0,-1,-2,0,-3,-1,2,0,5.0,0.43,2.19,1.064
2,0,0,-3,0,0,1,-2,0,-6,2,0,-1,-2,0,-3,0,2,0,5.0,0.43,2.19,1.064
2,0,0,-3,0,0,1,-2,0,-6,2,0,-1,-2,0,-3,0,1,0,5.0,0.43,2.19,1.064
2,0,0,-3,0,0,1,-2,0,-6,2,0,-1,-2,0,-3,0,2,0,5.0,0.43,2.19,1.064
2,0,0,-3,0,0,1,-2,0,-6,1,0,-1,-2,0,-3,0,1,0,5.0,0.43,2.19,1.064
2,0,0,-3,0,0,1,-2,0,-6,1,0,-1,-2,0,-3,0,1,0,5.0,0.43,2.19,1.064
2,0,0,-3,0,0,1,-2,0,-6,2,0,-1,-2,0,-3,0,1,0,5.0,0.43,2.17,1.058
2,0,0,-3,0,0,1,-2,0,-7,2,0,-1,-2,0,-2,0,1,0,5.0,0.43,2.17,1.058
2,0,0,-3,0,0,1,-2,0,-7,2,0,-1,-2,0,-2,0,0,0,5.0,0.43,2.17,1.058
2,0,0,-3,0,0,1,-2,0,-7,2,0,-1,-2,0,-2,-1,1,0,5.0,0.43,2.17,1.058
2,0,0,-4,0,0,1,-2,0,-7,2,0,-1,-2,0,-2,-1,0,0,5.0,0.43,2.17,1.058
2,0,0,-3,0,0,1,-2,0,-7,2,0,-1,-2,0,-2,-1,0,0,5.0,0.43,2.17,1.058
2,0,0,-3,0,0,1,-2,0,-7,2,0,-1,-2,0,-3,-1,0,0,5.0,0.43,2.17,1.058
2,0,0,-3,0,0,1,-2,0,-7,2,0,-1,-2,0,-3,0,1,0,5.0,0.43,2.17,1.058
2,0,0,-3,0,0,1,-2,0,-7,2,0,-1,-2,0,-2,0,0,0,5.0,0.43,2.17,1.058
2,0,0,-4,1,0,1,-2,0,-7,1,1,-1,-2,0,-5,0,0,0,5.0,0.43,2.17,1.058
2,0,0,-4,1,-1,1,-2,0,-7,1,1,-1,-2,0,-3,0,1,0,5.0,0.43,2.17,1.058
2,0,0,-4,1,-1,1,-2,0,-7,1,1,-1,-2,0,-3,0,2,0,5.0,0.43,2.17,1.058
2,0,0,-4,1,-1,1,-2,0,-7,1,1,-1,-2,0,-3,0,2,0,5.0,0.43,2.17,1.058
2,0,0,-4,1,-1,1,-2,0,-7,0,1,-1,-2,0,-3,0,2,0,5.0,0.43,2.17,1.058
2,0,0,-4,1,-1,1,-2,0,-7,1,1,-1,-2,0,-4,1,1,0,5.0,0.43,2.17,1.058
2,0,0,-4,1,-1,1,-2,0,-6,1,1,-1,-2,0,-4,1,1,0,5.0,0.43,2.17,1.058
2,0,0,-4,1,-1,1,-2,0,-4,3,1,-1,-2,0,-5,2,0,0,5.0,0.43,2.19,1.068
2,0,0,-4,1,-1,1,-2,0,-4,4,1,-1,-2,0,-5,1,1,0,5.0,0.43,2.19,1.068
2,0,0,-4,1,0,1,-2,0,-5,3,1,-1,-2,0,-5,1,0,0,5.0,0.43,2.19,1.068
2,0,0,-5,1,-1,1,-2,0,-5,2,1,-1,-2,0,-5,0,0,0,5.0,0.43,2.19,1.068
2,0,0,-5,1,0,1,-2,0,-7,0,1,-1,-2,0,-5,0,0,0,5.0,0.43,2.19,1.068
2,0,0,-5,1,-1,1,-2,0,-7,-2,1,-1,-2,0,-5,0,0,0,5.0,0.43,2.19,1.068
2,0,0,-5,1,0,1,-2,0,-9,-2,0,-1,-2,0,-4,0,1,0,5.0,0.43,2.19,1.068
2,0,0,-5,1,0,1,-2,0,-10,-1,0,-1,-2,0,-4,0,1,0,5.0,0.43,2.19,1.068
2,0,0,-4,1,0,1,-2,0,-11,0,0,-1,-2,0,-3,0,1,0,5.0,0.43,2.19,1.068
2,0,0,-4,1,0,1,-2,0,-11,1,0,-1,-2,0,-2,0,1,0,5.0,0.43,2.19,1.068
2,0,0,-4,1,0,1,-2,0,-10,2,1,-1,-2,0,-3,0,1,0,5.0,0.43,2.19,1.068
2,0,0,-4,1,0,1,-2,0,-9,3,1,-1,-2,0,-3,1,1,0,5.0,0.44,2.2,1.072
2,0,0,-4,1,0,1,-2,0,-7,3,1,-1,-2,0,-3,1,1,0,5.0,0.44,2.2,1.072
2,0,0,-5,1,0,1,-2,0,-6,3,1,-1,-2,0,-3,2,1,0,5.0,0.44,2.2,1.072
2,0,0,-5,1,0,1,-2,0,-6,2,1,-1,-2,0,-3,2,1,0,5.0,0.44,2.2,1.072
2,0,0,-5,1,0,1,-2,0,-5,1,1,-1,-2,0,-2,1,1,0,5.0,0.44,2.2,1.072
2,0,0,-5,1,0,1,-2,0,-6,1,1,-1,-2,0,-2,0,1,0,5.0,0.44,2.2,1.072
2,0,0,-5,1,0,1,-2,0,-7,0,1,-1,-2,0,-1,0,2,0,5.0,0.44,2.2,1.072
2,0,0,-5,1,0,1,-2,0,-8,0,1,-1,-2,0,-1,1,1,0,5.0,0.44,2.2,1.072
2,0,0,-5,1,0,1,-2,0,-8,0,1,-1,-2,0,-1,1,2,0,5.0,0.44,2.2,1.072
2,0,0,-4,1,0,1,-2,0,-8,0,1,-1,-2,0,-1,1,2,0,5.0,0.44,2.2,1.072
2,0,0,-4,1,0,1,-2,0,-8,0,1,-1,-2,0,-1,2,2,0,5.0,0.44,2.2,1.072
2,0,0,-4,1,0,1,-2,0,-8,0,1,-1,-2,0,-2,2,2,0,5.0,0.43,2.19,1.067
2,0,0,-4,1,0,1,-2,0,-7,1,1,-1,-2,-1,-1,1,1,0,5.0,0.43,2.19,1.067
2,0,0,-3,0,0,1,-2,0,-7,1,0,-1,-2,0,-2,1,1,0,5.0,0.43,2.19,1.067
2,0,0,-3,0,0,1,-2,0,-7,2,0,-1,-2,0,-1,0,1,0,5.0,0.43,2.19,1.067
2,0,0,-3,0,0,1,-2,0,-6,2,0,-1,-2,0,-1,0,0,0,5.0,0.43,2.19,1.067
2,0,0,-3,0,0,1,-2,0,-5,1,-1,-1,-2,0,-1,-1,0,0,5.0,0.43,2.19,1.067
2,0,0,-3,0,0,1,-2,0,-4,1,-1,-1,-2,0,0,-1,0,0,5.0,0.43,2.19,1.067
2,0,0,-2,0,0,1,-2,0,-3,0,-1,-1,-2,0,0,-1,0,0,5.0,0.43,2.19,1.067
2,0,0,-2,0,0,1,-2,0,-3,0,-1,-1,-2,0,-1,0,0,0,5.0,0.43,2.19,1.067
2,0,0,-2,0,0,1,-2,0,-2,-1,-1,-1,-2,0,-1,0,1,0,5.0,0.43,2.19,1.067
2,0,0,-2,0,0,1,-2,0,-1,-1,-1,-1,-2,0,-1,0,1,0,5.0,0.43,2.19,1.067
2,0,0,-2,0,0,1,-2,0,0,0,-1,-1,-2,0,-2,0,1,0,5.0,0.43,2.17,1.058
2,0,0,-2,0,0,1,-2,0,0,0,-1,-1,-2,0,-2,0,1,0,5.0,0.43,2.17,1.058
2,0,0,-2,-1,0,1,-2,0,0,0,0,-1,-2,0,-1,-1,1,0,5.0,0.43,2.17,1.058
2,0,0,-2,-1,0,1,-2,0,0,0,0,-1,-2,0,-2,-2,1,0,5.0,0.43,2.17,1.058
2,0,0,-3,-1,0,1,-2,0,-1,0,0,-1,-2,0,-2,-3,0,0,5.0,0.43,2.17,1.058
2,0,0,-3,-1,0,1,-1,0,-2,0,0,-1,-2,0,-3,-3,1,0,5.0,0.43,2.17,1.058
2,0,0,-3,-1,0,1,-1,0,-4,1,0,-1,-2,0,-3,-3,0,0,5.0,0.43,2.17,1.058
2,0,0,-3,-1,0,1,-1,0,-6,2,0,-1,-2,0,-3,-3,1,0,5.0,0.43,2.17,1.058
2,0,0,-3,-1,0,1,-1,0,-7,3,-1,-1,-2,0,-4,-4,0,0,5.0,0.43,2.17,1.058
2,0,0,-3,-1,0,1,-1,0,-10,5,-2,-1,-2,0,-4,-4,1,0,5.0,0.43,2.17,1.058
2,0,0,-3,-1,0,1,-1,0,-11,6,-2,-1,-2,0,-4,-4,2,0,5.0,0.43,2.17,1.058
2,0,0,-3,-1,0,1,-1,0,-14,9,-3,-1,-2,-1,-4,-4,2,0,5.0,0.43,2.18,1.062
2,0,0,-3,-1,0,1,-1,0,-14,10,-3,-1,-2,0,-4,-4,2,0,5.0,0.43,2.18,1.062
2,0,0,-3,-1,1,1,-2,0,-15,11,-4,-1,-2,0,-5,-5,2,0,5.0,0.43,2.18,1.062
2,0,0,-5,0,0,1,-2,0,-11,10,2,-1,-2,-1,-5,-2,0,0,5.0,0.44,2.21,1.078
2,0,0,-4,0,0,1,-2,0,-12,11,2,-1,-2,-1,-5,-2,0,0,5.0,0.44,2.21,1.078
2,0,0,-4,0,0,1,-2,0,-12,11,1,-1,-2,-1,-5,-2,0,0,5.0,0.43,2.18,1.064
2,0,0,-4,0,0,1,-2,0,-12,12,1,-1,-2,-1,-6,-2,0,0,5.0,0.43,2.18,1.064
2,0,0,-4,0,0,1,-2,0,-12,12,1,-1,-2,0,-6,-2,-1,0,5.0,0.43,2.18,1.064
2,0,0,-4,0,0,1,-2,0,-11,12,0,-1,-2,0,-6,-2,-1,0,5.0,0.43,2.18,1.064
2,0,0,-4,0,0,1,-2,0,-11,12,0,-1,-2,-1,-6,-2,-2,0,5.0,0.43,2.18,1.064
2,0,0,-4,0,0,1,-2,0,-10,11,0,-1,-2,-1,-6,-2,-1,0,5.0,0.43,2.18,1.064
2,0,0,-4,0,-1,1,-2,0,-10,10,0,-1,-2,0,-6,-3,-1,0,5.0,0.43,2.18,1.064
2,0,0,-4,0,0,1,-2,0,-11,11,0,-1,-2,-1,-6,-3,0,0,5.0,0.43,2.18,1.064
2,0,0,-4,-1,0,1,-2,0,-10,12,0,-1,-2,-1,-6,-3,0,0,5.0,0.43,2.18,1.064
2,0,0,-4,0,0,1,-2,0,-10,13,0,-1,-2,-1,-6,-3,1,0,5.0,0.43,2.18,1.064
2,0,0,-4,0,0,1,-2,0,-10,13,0,-1,-2,0,-6,-3,1,0,5.0,0.43,2.18,1.064
2,0,0,-4,0,0,1,-2,0,-10,12,0,-1,-2,0,-7,-2,2,0,5.0,0.43,2.18,1.061
2,0,0,-4,0,0,1,-2,0,-10,12,0,-1,-2,-1,-7,-3,3,0,5.0,0.43,2.18,1.061
2,0,0,-4,0,0,1,-2,0,-10,11,0,-1,-2,0,-7,-2,3,0,5.0,0.43,2.18,1.061
2,0,0,-4,0,0,1,-2,0,-10,10,0,-1,-2,0,-8,-2,4,0,5.0,0.43,2.18,1.061
2,0,0,-4,0,0,1,-2,0,-9,10,0,-1,-2,0,-8,-2,4,0,5.0,0.43,2.18,1.061
2,0,0,-4,0,0,1,-2,0,-8,9,0,-1,-2,0,-8,-1,4,0,5.0,0.43,2.18,1.061
2,0,0,-4,0,0,1,-2,0,-8,9,-1,-1,-2,0,-8,-1,4,0,5.0,0.43,2.18,1.061
2,0,0,-4,0,0,1,-2,0,-8,9,-1,-1,-2,0,-7,-1,4,0,5.0,0.43,2.18,1.061
2,0,0,-4,0,0,1,-2,0,-7,9,-1,-1,-2,0,-7,-2,4,0,5.0,0.43,2.18,1.061
2,0,0,-4,0,0,1,-2,0,-7,9,-2,-1,-2,0,-7,-2,4,0,5.0,0.43,2.18,1.061
2,0,0,-4,0,0,1,-2,0,-7,8,-2,-1,-2,0,-7,-2,4,0,5.0,0.43,2.18,1.061
2,0,0,-4,0,0,1,-2,0,-6,7,-3,-1,-2,0,-6,-2,4,0,5.0,0.43,2.18,1.061
2,0,0,-4,0,0,1,-2,0,-6,6,-3,-1,-2,0,-6,-2,4,0,5.0,0.43,2.18,1.061
2,0,0,-4,0,0,1,-2,0,-6,6,-3,-1,-2,0,-6,-1,4,0,5.0,0.43,2.18,1.061
2,0,0,-4,0,0,1,-2,0,-5,5,-3,-1,-2,0,-6,-1,4,0,5.0,0.43,2.18,1.061
2,0,0,-4,0,0,1,-2,0,-5,5,-4,-1,-2,0,-5,-1,4,0,5.0,0.43,2.18,1.061
2,0,0,-4,0,0,1,-2,0,-5,5,-4,-1,-2,0,-5,-1,3,0,5.0,0.43,2.18,1.061
2,0,0,-4,0,0,1,-2,0,-5,5,-4,-1,-2,0,-5,-2,3,0,5.0,0.43,2.18,1.061
2,0,0,-4,-1,-1,1,-2,0,-5,5,-5,-1,-2,0,-5,-2,3,0,5.0,0.43,2.18,1.061
2,0,0,-4,0,-1,1,-2,0,-5,4,-5,-1,-2,0,-5,-2,2,0,5.0,0.43,2.18,1.061
2,0,0,-4,0,0,1,-2,0,-5,4,-5,-1,-2,0,-5,-2,3,0,5.0,0.43,2.18,1.061
2,0,0,-4,0,-1,1,-2,0,-5,3,-5,-1,-2,0,-5,-2,3,0,5.0,0.43,2.18,1.061
2,0,0,-4,0,-1,1,-2,0,-5,3,-5,-1,-2,0,-5,-2,3,0,5.0,0.43,2.19,1.066
2,0,0,-4,0,-1,1,-2,0,-5,3,-5,-1,-2,0,-5,-2,3,0,5.0,0.43,2.19,1.066
2,0,0,-4,0,-1,1,-2,0,-5,3,-5,-1,-2,0,-5,-2,3,0,5.0,0.43,2.19,1.066
2,0,0,-4,0,-1,1,-2,0,-6,3,-4,-1,-2,0,-5,-2,3,0,5.0,0.43,2.19,1.066
2,0,0,-4,0,0,1,-2,0,-6,3,-4,-1,-2,0,-5,-2,3,0,5.0,0.43,2.19,1.066
2,0,0,-4,0,-1,1,-2,0,-6,3,-5,-1,-2,0,-5,-2,3,0,5.0,0.43,2.19,1.066
2,0,0,-4,0,0,1,-2,0,-6,3,-4,-1,-2,0,-4,-2,3,0,5.0,0.43,2.19,1.066
2,0,0,-4,0,0,1,-2,0,-6,3,-4,-1,-2,0,-3,-2,3,0,5.0,0.43,2.19,1.066
2,0,0,-4,0,-1,1,-2,0,-7,3,-4,-1,-2,0,-3,-3,3,0,5.0,0.43,2.19,1.066
2,0,0,-4,0,0,1,-2,0,-7,3,-4,-1,-2,0,-2,-2,4,0,5.0,0.43,2.19,1.066
2,0,0,-4,0,0,1,-2,0,-7,4,-3,-1,-2,0,-2,-2,4,0,5.0,0.43,2.19,1.066
2,0,0,-4,0,-1,1,-2,0,-7,4,-3,-1,-2,0,-2,-1,4,0,5.0,0.43,2.18,1.06
2,0,0,-4,0,-1,1,-2,0,-8,4,-3,-1,-2,0,-3,0,4,0,5.0,0.43,2.18,1.06
2,0,0,-4,0,0,1,-2,0,-8,4,-3,-1,-2,0,-3,0,3,0,5.0,0.43,2.18,1.06
2,0,0,-4,0,-1,1,-2,0,-8,4,-2,-1,-2,0,-4,0,3,0,5.0,0.43,2.18,1.06
2,0,0,-4,0,-1,1,-2,0,-8,4,-2,-1,-2,-1,-4,0,3,0,5.0,0.43,2.18,1.06
2,0,0,-4,0,-1,1,-2,0,-8,4,-2,-1,-2,-1,-4,0,2,0,5.0,0.43,2.18,1.06
2,0,0,-4,0,-1,1,-2,0,-7,4,-1,-1,-2,-1,-3,0,2,0,5.0,0.43,2.18,1.06
2,0,0,-4,0,-1,1,-2,0,-7,4,-1,-1,-2,0,-3,-1,2,0,5.0,0.43,2.18,1.06
2,0,0,-4,0,0,1,-2,0,-8,2,1,-1,-2,-1,0,1,1,0,5.0,0.43,2.18,1.061
2,0,0,-4,0,0,1,-2,0,-8,2,1,-1,-2,-1,0,1,1,0,5.0,0.43,2.18,1.061
2,0,0,-4,0,0,1,-2,0,-8,2,1,-1,-2,-1,0,1,1,0,5.0,0.43,2.18,1.061
2,0,0,-4,0,0,1,-2,0,-7,2,1,-1,-2,-1,0,0,1,0,5.0,0.43,2.18,1.061
2,0,0,-4,0,0,1,-2,0,-7,2,1,-1,-2,-1,0,0,1,0,5.0,0.43,2.18,1.061
2,0,0,-4,0,0,1,-2,0,-6,1,1,-1,-2,-1,0,0,2,0,5.0,0.43,2.18,1.061
2,0,0,-3,0,0,1,-2,0,-6,1,0,-1,-2,-1,0,-1,2,0,5.0,0.43,2.18,1.061
2,0,0,-3,0,0,1,-2,0,-6,1,0,-1,-2,-1,0,0,2,0,5.0,0.43,2.18,1.061
2,0,0,-3,0,0,1,-2,0,-6,0,0,-1,-2,-1,0,0,2,0,5.0,0.43,2.2,1.07
2,0,0,-3,0,0,1,-2,0,-5,0,0,-1,-2,-1,-1,0,1,0,5.0,0.43,2.2,1.07
2,0,0,-3,0,0,1,-2,0,-5,0,0,-1,-2,-1,-2,1,1,0,5.0,0.43,2.2,1.07
2,0,0,-3,0,0,1,-2,0,-5,0,0,-1,-2,-1,-3,1,1,0,5.0,0.43,2.2,1.07
2,0,0,-3,0,0,1,-2,0,-5,0,0,-1,-2,-1,-4,1,0,0,5.0,0.43,2.2,1.07
2,0,0,-3,0,0,1,-2,0,-5,0,0,-1,-2,-1,-4,1,0,0,5.0,0.43,2.2,1.07
2,0,0,-3,0,0,1,-2,0,-5,0,0,-1,-2,-1,-4,0,0,0,5.0,0.43,2.2,1.07
2,0,0,-3,0,0,1,-2,0,-5,0,0,-1,-2,-1,-4,0,0,0,5.0,0.43,2.2,1.07
2,0,0,-3,0,0,1,-2,0,-6,1,0,-1,-2,-1,-3,0,1,0,5.0,0.43,2.2,1.07
2,0,0,-3,0,0,1,-2,0,-6,1,0,-1,-2,-1,-3,-1,1,0,5.0,0.43,2.2,1.07
2,0,0,-3,0,0,1,-2,0,-6,1,0,-1,-2,0,-3,-1,1,0,5.0,0.43,2.2,1.07
2,0,0,-2,0,0,1,-2,0,-6,1,0,-1,-2,0,-3,-1,1,0,5.0,0.43,2.19,1.066
2,0,0,-2,-1,0,1,-2,0,-6,0,0,-1,-2,-1,-3,0,1,0,5.0,0.43,2.19,1.066
2,0,0,-3,0,0,1,-2,0,-5,0,0,-1,-2,-1,-4,0,2,0,5.0,0.43,2.19,1.066
2,0,0,-2,0,0,1,-2,0,-5,0,0,-1,-2,0,-4,1,2,0,5.0,0.43,2.19,1.066
2,0,0,-2,0,0,1,-2,0,-5,1,0,-1,-2,0,-4,1,2,0,5.0,0.43,2.19,1.066
2,0,0,-2,0,0,1,-2,0,-5,1,0,-1,-2,-1,-5,1,2,0,5.0,0.43,2.19,1.066
2,0,0,-2,0,0,1,-2,0,-5,1,0,-1,-2,-1,-4,0,2,0,5.0,0.43,2.19,1.066
2,0,0,-3,0,0,1,-2,0,-5,1,0,-1,-2,0,-4,0,2,0,5.0,0.43,2.19,1.066
2,0,0,-3,0,0,1,-2,0,-4,0,0,-1,-2,0,-4,0,2,0,5.0,0.43,2.19,1.066
2,0,0,-3,0,0,1,-2,0,-4,0,0,-1,-2,0,-4,0,2,0,5.0,0.43,2.19,1.066
2,0,0,-3,0,0,1,-2,0,-4,0,0,-1,-2,0,-4,0,2,0,5.0,0.43,2.19,1.066
2,0,0,-3,0,0,1,-2,0,-4,0,0,-1,-2,0,-4,0,2,0,5.0,0.44,2.2,1.074
2,0,0,-3,0,0,1,-2,0,-4,0,0,-1,-2,0,-4,0,2,0,5.0,0.44,2.2,1.074
2,0,0,-3,0,0,1,-2,0,-4,0,0,-1,-2,0,-4,0,2,0,5.0,0.44,2.2,1.074
2,0,0,-3,0,0,1,-2,0,-5,0,0,-1,-2,0,-3,0,2,0,5.0,0.44,2.2,1.074
2,0,0,-3,0,0,1,-2,0,-5,0,0,-1,-2,0,-3,0,2,0,5.0,0.44,2.2,1.074
2,0,0,-3,0,0,1,-2,0,-5,1,0,-1,-2,-1,-4,0,2,0,5.0,0.44,2.2,1.074
2,0,0,-3,0,0,1,-2,0,-5,1,0,-1,-2,0,-3,0,2,0,5.0,0.44,2.2,1.074
2,0,0,-3,0,0,1,-2,0,-5,2,0,-1,-2,0,-3,0,2,0,5.0,0.44,2.2,1.074
2,0,0,-3,0,0,1,-2,0,-6,2,0,-1,-2,0,-3,0,2,0,5.0,0.44,2.2,1.074
2,0,0,-3,0,0,1,-2,0,-6,2,0,-1,-2,0,-2,-1,2,0,5.0,0.44,2.2,1.074
2,0,0,-3,0,0,1,-2,0,-6,2,0,-1,-2,0,-2,-1,2,0,5.0,0.44,2.2,1.074
2,0,0,-4,0,0,1,-2,0,-6,2,0,-1,-2,0,-2,-1,2,0,5.0,0.44,2.2,1.074
2,0,0,-4,0,0,1,-2,0,-6,2,0,-1,-2,0,-2,0,2,0,5.0,0.44,2.2,1.074
2,0,0,-4,0,0,1,-2,0,-6,1,0,-1,-2,0,-2,0,3,0,5.0,0.44,2.2,1.074
2,0,0,-4,0,0,1,-2,0,-6,1,0,-1,-2,0,-2,0,3,0,5.0,0.44,2.2,1.074
2,0,0,-4,0,0,1,-2,0,-6,1,0,-1,-2,-1,-1,0,4,0,5.0,0.44,2.2,1.074
2,0,0,-4,0,0,1,-2,0,-7,2,0,-1,-2,-1,-1,0,4,0,5.0,0.44,2.2,1.074
2,0,0,-4,0,0,1,-2,0,-7,2,0,-1,-2,-1,-1,0,3,0,5.0,0.44,2.2,1.074
2,0,0,-4,0,0,1,-2,0,-7,2,0,-1,-2,-1,-1,0,3,0,5.0,0.44,2.2,1.074
2,0,0,-3,0,0,1,-2,0,-7,2,0,-1,-2,-1,0,0,2,0,5.0,0.44,2.2,1.074
2,0,0,-4,0,0,1,-2,0,-7,2,0,-1,-2,0,-1,0,2,0,5.0,0.44,2.2,1.074
2,0,0,-4,0,0,1,-2,0,-7,2,0,-1,-2,-1,-1,0,2,0,5.0,0.44,2.2,1.074
2,0,0,-4,0,0,1,-2,0,-7,2,0,-1,-2,0,-1,0,3,0,5.0,0.45,2.25,1.097
2,0,0,-3,0,0,1,-2,0,-6,2,0,-1,-2,0,-1,1,3,0,5.0,0.45,2.25,1.097
2,0,0,-3,0,0,1,-2,0,-6,2,0,-1,-2,0,-1,1,3,0,5.0,0.45,2.25,1.097
2,0,0,-2,-1,0,1,-2,0,-9,2,-1,-1,-2,-1,-2,1,4,0,5.0,0.43,2.18,1.065
2,0,0,-2,-1,0,1,-2,0,-10,3,-2,-1,-2,-1,-2,0,2,0,5.0,0.43,2.18,1.065
2,0,0,-2,0,0,1,-2,0,-11,5,-2,-1,-2,-1,-3,-1,2,0,5.0,0.43,2.18,1.065
2,0,0,-2,-1,0,1,-2,0,-11,6,-3,-1,-2,-1,-4,-2,2,0,5.0,0.43,2.18,1.065
2,0,0,-2,-1,0,1,-2,0,-12,7,-3,-1,-2,-1,-4,-2,2,0,5.0,0.43,2.18,1.065
2,0,0,-3,0,1,1,-2,0,-11,7,-4,-1,-2,0,-4,-3,1,0,5.0,0.43,2.18,1.065
2,0,0,-3,0,1,1,-2,0,-10,7,-5,-1,-2,0,-5,-3,1,0,5.0,0.43,2.18,1.065
2,0,0,-4,0,1,1,-2,0,-9,6,-5,-1,-2,0,-5,-3,1,0,5.0,0.43,2.18,1.065
2,0,0,-4,0,1,1,-2,0,-9,5,-5,-1,-2,0,-5,-3,2,0,5.0,0.43,2.18,1.065
2,0,0,-5,0,1,1,-2,0,-9,3,-6,-1,-2,0,-4,-2,3,0,5.0,0.43,2.18,1.065
2,0,0,-5,0,0,1,-2,0,-8,3,-6,-1,-2,0,-3,-2,3,0,5.0,0.43,2.18,1.065
2,0,0,-5,0,1,1,-2,0,-8,1,-6,-1,-2,0,-3,-1,3,0,5.0,0.43,2.18,1.065
2,0,0,-5,0,1,1,-2,0,-8,2,-6,-1,-2,0,-2,0,4,0,5.0,0.43,2.18,1.065
2,0,0,-5,0,1,1,-2,0,-9,2,-6,-1,-2,0,-1,0,4,0,5.0,0.43,2.18,1.064
2,0,0,-4,0,1,1,-2,0,-9,2,-6,-1,-2,-1,0,0,4,0,5.0,0.43,2.18,1.064
2,0,0,-4,0,1,1,-2,0,-9,3,-6,-1,-2,-1,0,0,4,0,5.0,0.43,2.18,1.064
2,0,0,-4,0,0,1,-2,0,-8,3,-7,-1,-2,-1,0,0,4,0,5.0,0.43,2.18,1.064
2,0,0,-4,0,0,1,-2,0,-7,3,-7,-1,-2,-1,0,0,4,0,5.0,0.43,2.18,1.064
2,0,0,-4,0,0,1,-2,0,-7,3,-6,-1,-2,-1,0,1,4,0,5.0,0.43,2.18,1.064
2,0,0,-3,0,0,1,-2,0,-6,3,-6,-1,-2,-1,-1,1,3,0,5.0,0.43,2.18,1.064
2,0,0,-3,0,0,1,-2,0,-6,4,-6,-1,-2,-1,-2,1,4,0,5.0,0.43,2.18,1.064
2,0,0,-3,0,0,1,-2,0,-6,4,-5,-1,-2,-1,-2,0,4,0,5.0,0.43,2.18,1.064
2,0,0,-4,0,0,1,-2,0,-6,5,-5,-1,-2,-1,-3,0,4,0,5.0,0.43,2.18,1.064
2,0,0,-4,0,0,1,-2,0,-6,5,-4,-1,-2,-1,-3,-1,3,0,5.0,0.43,2.18,1.064
2,0,0,-4,0,0,1,-2,0,-6,5,-3,-1,-2,-1,-4,-3,3,0,5.0,0.43,2.19,1.066
2,0,0,-4,0,0,1,-2,0,-6,4,-2,-1,-2,0,-4,-4,2,0,5.0,0.43,2.19,1.066
2,0,0,-4,0,0,1,-2,0,-5,4,-1,-1,-2,0,-4,-4,2,0,5.0,0.43,2.19,1.066
2,0,0,-4,0,0,1,-2,0,-5,3,-1,-1,-2,-1,-4,-4,2,0,5.0,0.43,2.19,1.066
2,0,0,-4,0,0,1,-2,0,-5,3,0,-1,-2,0,-4,-3,2,0,5.0,0.43,2.19,1.066
2,0,0,-4,0,0,1,-2,0,-4,3,0,-1,-2,0,-3,-2,2,0,5.0,0.43,2.19,1.066
2,0,0,-3,-1,0,1,-2,0,-4,3,0,-1,-2,0,-2,-1,2,0,5.0,0.43,2.19,1.066
2,0,0,-3,-1,0,1,-2,0,-3,3,0,-1,-2,-1,-2,-1,3,0,5.0,0.43,2.19,1.066
2,0,0,-3,-1,0,1,-2,0,-3,4,0,-1,-2,-1,-1,0,3,0,5.0,0.43,2.19,1.066
2,0,0,-3,-1,0,1,-2,0,-3,4,0,-1,-2,0,-1,0,2,0,5.0,0.43,2.19,1.066
2,0,0,-3,-1,0,1,-2,0,-3,4,0,-1,-2,0,0,0,3,0,5.0,0.43,2.19,1.066
2,0,0,-3,-1,0,1,-2,0,-3,3,0,-1,-2,-1,0,0,3,0,5.0,0.44,2.21,1.076
2,0,0,-3,-1,0,1,-2,0,-3,3,-1,-1,-2,0,0,0,3,0,5.0,0.44,2.21,1.076
2,0,0,-3,-1,0,1,-2,0,-3,3,0,-1,-2,-1,0,0,3,0,5.0,0.44,2.21,1.076
2,0,0,-3,-1,0,1,-2,0,-3,2,0,-1,-2,-1,0,0,3,0,5.0,0.44,2.21,1.076
2,0,0,-3,-1,0,1,-2,0,-3,2,0,-1,-2,-1,0,0,3,0,5.0,0.44,2.21,1.076
2,0,0,-3,-1,0,1,-2,0,-3,2,0,-1,-2,-1,-1,-1,3,0,5.0,0.44,2.21,1.076
2,0,0,-3,-1,0,1,-2,0,-3,2,0,-1,-2,-1,-1,-1,3,0,5.0,0.44,2.21,1.076
2,0,0,-3,-1,0,1,-2,0,-3,2,0,-1,-2,-1,-1,-1,2,0,5.0,0.44,2.21,1.076
2,0,0,-3,-1,0,1,-2,0,-3,2,0,-1,-2,-1,-1,-1,2,0,5.0,0.44,2.21,1.076
2,0,0,-3,-1,0,1,-2,0,-3,2,0,-1,-2,-1,-2,0,2,0,5.0,0.44,2.21,1.076
2,0,0,-3,-1,0,1,-2,0,-3,2,0,-1,-2,-1,-2,0,1,0,5.0,0.44,2.21,1.076
2,0,0,-3,-1,0,1,-2,0,-3,2,0,-1,-2,-1,-2,0,1,0,5.0,0.45,2.26,1.101
2,0,0,-3,-1,0,1,-2,0,-4,2,0,-1,-2,-1,-2,0,1,0,5.0,0.45,2.26,1.101
2,0,0,-3,-1,0,1,-2,0,-4,2,0,-1,-2,-1,-2,0,1,0,5.0,0.45,2.26,1.101
2,0,0,-3,-1,0,1,-2,0,-5,2,0,-1,-2,-1,-1,-1,1,0,5.0,0.45,2.26,1.101
2,0,0,-3,-1,0,1,-2,0,-5,2,0,-1,-2,-1,-1,-1,1,0,5.0,0.45,2.26,1.101
2,0,0,-3,-1,0,1,-2,0,-5,2,1,-1,-2,-1,-1,-1,2,0,5.0,0.45,2.26,1.101
2,0,0,-3,-1,0,1,-2,0,-5,2,1,-1,-2,-1,-1,-1,2,0,5.0,0.45,2.26,1.101
2,0,0,-3,-1,0,1,-2,0,-6,2,1,-1,-2,-1,-2,-1,2,0,5.0,0.45,2.26,1.101
2,0,0,-3,0,0,1,-2,0,-3,0,0,-1,-2,0,-1,0,1,0,5.0,0.43,2.19,1.069
2,0,0,-3,0,0,1,-2,0,-4,1,0,-1,-2,0,-1,0,1,0,5.0,0.43,2.19,1.069
2,0,0,-3,0,0,1,-2,0,-5,3,0,-1,-2,-1,-1,0,1,0,5.0,0.43,2.19,1.069
2,0,0,-3,0,0,1,-2,0,-6,4,0,-1,-2,0,0,0,1,0,5.0,0.43,2.19,1.069
2,0,0,-3,0,0,1,-2,0,-7,5,-1,-1,-2,0,0,0,1,0,5.0,0.43,2.19,1.069
2,0,0,-4,0,0,1,-2,0,-7,5,0,-1,-2,-1,-1,0,1,0,5.0,0.43,2.19,1.069
2,0,0,-4,0,0,1,-2,0,-7,5,0,-1,-2,-1,-1,0,2,0,5.0,0.43,2.19,1.069
2,0,0,-4,0,0,1,-2,0,-7,5,0,-1,-2,-1,-1,0,2,0,5.0,0.43,2.19,1.069
2,0,0,-4,0,0,1,-2,0,-7,5,0,-1,-2,0,-1,0,2,0,5.0,0.43,2.19,1.068
2,0,0,-4,0,0,1,-2,0,-7,5,0,-1,-2,-1,-1,0,1,0,5.0,0.43,2.19,1.068
2,0,0,-4,0,0,1,-2,0,-7,5,0,-1,-2,-1,-1,0,1,0,5.0,0.43,2.19,1.068
2,0,0,-4,0,0,1,-2,0,-7,5,0,-1,-2,-1,-1,0,1,0,5.0,0.43,2.19,1.068
2,0,0,-4,0,0,1,-2,0,-7,4,0,-1,-2,-1,-1,0,1,0,5.0,0.43,2.19,1.068
2,0,0,-4,0,0,1,-2,0,-7,4,0,-1,-2,-1,-1,0,1,0,5.0,0.43,2.19,1.068
2,0,0,-4,1,0,1,-2,0,-6,4,0,-1,-2,-1,-1,1,1,0,5.0,0.43,2.19,1.068
2,0,0,-4,1,0,1,-2,0,-7,4,0,-1,-2,-1,-1,1,1,0,5.0,0.43,2.19,1.068
2,0,0,-4,1,0,1,-2,0,-7,4,0,-1,-2,-1,-2,1,1,0,5.0,0.43,2.19,1.068
2,0,0,-5,1,0,1,-2,0,-7,5,0,-1,-2,-1,-2,0,1,0,5.0,0.43,2.19,1.068
2,0,0,-5,0,0,1,-2,0,-7,5,0,-1,-2,-1,-2,0,1,0,5.0,0.43,2.19,1.068
2,0,0,-4,1,0,1,-2,0,-8,5,0,-1,-2,-1,-2,0,1,0,5.0,0.43,2.18,1.065
2,0,0,-4,0,0,1,-2,0,-8,5,0,-1,-2,-1,-3,0,1,0,5.0,0.43,2.18,1.065
2,0,0,-4,0,-1,1,-2,0,-9,6,0,-1,-2,-1,-3,0,2,0,5.0,0.43,2.18,1.065
2,0,0,-4,0,-1,1,-2,0,-10,6,0,-1,-2,-1,-3,1,1,0,5.0,0.43,2.18,1.065
2,0,0,-4,0,-1,1,-2,0,-10,6,0,-1,-2,-1,-4,0,1,0,5.0,0.43,2.18,1.065
2,0,0,-4,0,-1,1,-2,0,-11,6,0,-1,-2,-1,-4,0,2,0,5.0,0.43,2.18,1.065
2,0,0,-4,0,-1,1,-2,0,-11,6,0,-1,-2,-1,-4,0,2,0,5.0,0.43,2.18,1.065
2,0,0,-4,0,-1,1,-2,0,-11,7,0,-1,-2,0,-4,0,2,0,5.0,0.43,2.18,1.065
2,0,0,-4,0,-1,1,-2,0,-11,7,0,-1,-2,-1,-4,0,2,0,5.0,0.43,2.18,1.065
2,0,0,-5,0,-1,1,-2,0,-11,7,0,-1,-2,-1,-3,0,2,0,5.0,0.43,2.18,1.065
2,0,0,-5,0,0,1,-2,0,-11,7,1,-1,-2,0,-3,0,2,0,5.0,0.43,2.18,1.065
2,0,0,-5,0,0,1,-2,0,-11,7,0,-1,-2,0,-3,0,2,0,5.0,0.43,2.19,1.07
2,0,0,-5,0,0,1,-2,0,-11,6,1,-1,-2,0,-3,1,2,0,5.0,0.43,2.19,1.07
2,0,0,-5,0,0,1,-2,0,-11,6,1,-1,-2,0,-3,1,2,0,5.0,0.43,2.19,1.07
2,0,0,-5,0,-1,1,-2,0,-11,5,1,-1,-2,-1,-3,1,2,0,5.0,0.43,2.19,1.07
2,0,0,-5,0,-1,1,-2,0,-11,5,1,-1,-2,0,-3,1,2,0,5.0,0.43,2.19,1.07
2,0,0,-5,0,0,1,-2,0,-10,5,1,-1,-2,-1,-3,1,2,0,5.0,0.43,2.19,1.07
2,0,0,-5,0,-1,1,-2,0,-10,5,1,-1,-2,-1,-3,1,2,0,5.0,0.43,2.19,1.07
2,0,0,-5,0,-1,1,-2,0,-11,5,0,-1,-2,-1,-3,0,2,0,5.0,0.43,2.19,1.07
2,0,0,-5,0,-1,1,-2,0,-10,5,1,-1,-2,-1,-3,0,2,0,5.0,0.43,2.19,1.07
2,0,0,-4,0,-1,1,-2,0,-10,5,0,-1,-2,0,-3,0,2,0,5.0,0.43,2.19,1.07
2,0,0,-4,0,-1,1,-2,0,-11,5,0,-1,-2,0,-3,0,2,0,5.0,0.43,2.19,1.07
2,0,0,-4,0,-1,1,-2,0,-10,5,0,-1,-2,0,-3,0,2,0,5.0,0.45,2.25,1.097
2,0,0,-4,0,-1,1,-2,0,-10,5,0,-1,-2,0,-3,0,1,0,5.0,0.45,2.25,1.097
2,0,0,-4,0,-1,1,-2,0,-10,4,0,-1,-2,-1,-3,0,1,0,5.0,0.45,2.25,1.097
2,0,0,-4,0,-1,1,-2,0,-9,4,0,-1,-2,0,-3,0,1,0,5.0,0.45,2.25,1.097
2,0,0,-4,0,-1,1,-2,0,-9,4,0,-1,-2,-1,-3,0,1,0,5.0,0.45,2.25,1.097
2,0,0,-4,0,-1,1,-2,0,-9,4,0,-1,-2,0,-3,0,1,0,5.0,0.45,2.25,1.097
2,0,0,-4,0,-1,1,-2,0,-9,4,0,-1,-2,0,-3,0,1,0,5.0,0.45,2.25,1.097
2,0,0,-3,0,-1,1,-2,0,-8,4,0,-1,-2,0,-3,0,1,0,5.0,0.45,2.25,1.097
2,0,0,-3,0,-1,1,-2,0,-9,4,0,-1,-2,0,-3,0,1,0,5.0,0.45,2.25,1.097
2,0,0,-3,0,-1,1,-2,0,-9,3,0,-1,-2,0,-3,0,1,0,5.0,0.45,2.25,1.097
2,0,0,-4,0,0,1,-2,0,-8,3,1,-1,-2,0,-2,0,1,0,5.0,0.45,2.25,1.097
2,0,0,-4,0,0,1,-2,0,-7,1,0,-1,-2,0,-2,-1,1,0,5.0,0.44,2.2,1.073
2,0,0,-4,0,0,1,-2,0,-7,1,0,-1,-2,-1,-2,-1,1,0,5.0,0.44,2.2,1.073
2,0,0,-4,0,0,1,-2,0,-7,1,0,-1,-2,0,-1,-1,1,0,5.0,0.44,2.2,1.073
2,0,0,-4,0,0,1,-2,0,-6,1,-1,-1,-2,-1,-2,0,2,0,5.0,0.44,2.2,1.073
2,0,0,-4,0,0,1,-2,0,-6,1,-2,-1,-2,-1,-3,0,2,0,5.0,0.44,2.2,1.073
2,0,0,-4,0,0,1,-2,0,-6,1,-2,-1,-2,-1,-3,0,2,0,5.0,0.43,2.18,1.063
2,0,0,-4,0,0,1,-2,0,-6,1,-2,-1,-2,-1,-3,0,2,0,5.0,0.43,2.18,1.063
2,0,0,-4,0,0,1,-2,0,-6,1,-2,-1,-2,-1,-3,0,2,0,5.0,0.43,2.18,1.063
2,0,0,-4,0,0,1,-2,0,-6,1,-2,-1,-2,-1,-2,0,2,0,5.0,0.43,2.18,1.063
2,0,0,-4,0,0,1,-2,0,-6,1,-2,-1,-2,-1,-2,0,2,0,5.0,0.43,2.18,1.063
2,0,0,-4,0,0,1,-2,0,-6,1,-2,-1,-2,-1,-2,0,2,0,5.0,0.43,2.18,1.063
2,0,0,-4,0,0,1,-2,0,-6,1,-2,-1,-2,-1,-1,0,2,0,5.0,0.43,2.18,1.063
2,0,0,-4,0,0,1,-2,0,-6,1,-2,-1,-2,0,-2,0,2,0,5.0,0.43,2.18,1.063
2,0,0,-4,0,0,1,-2,0,-6,1,-2,-1,-2,-1,-2,0,2,0,5.0,0.43,2.18,1.063
2,0,0,-4,0,0,1,-2,0,-6,0,-2,-1,-2,0,-2,0,1,0,5.0,0.43,2.18,1.063
2,0,0,-4,0,0,1,-2,0,-6,0,-2,-1,-2,-1,-2,1,1,0,5.0,0.43,2.18,1.063
2,0,0,-4,0,0,1,-2,0,-6,0,-1,-1,-2,-1,-2,1,1,0,5.0,0.43,2.2,1.072
2,0,0,-4,0,0,1,-2,0,-6,0,-1,-1,-2,-1,-2,1,1,0,5.0,0.43,2.2,1.072
2,0,0,-4,0,0,1,-2,0,-6,0,-1,-1,-2,-1,-1,0,1,0,5.0,0.43,2.2,1.072
2,0,0,-4,0,0,1,-2,0,-6,0,-1,-1,-2,-1,-1,0,2,0,5.0,0.43,2.2,1.072
2,0,0,-5,0,0,1,-2,0,-6,0,-1,-1,-2,-1,-1,0,1,0,5.0,0.43,2.2,1.072
2,0,0,-5,0,0,1,-2,0,-6,0,-1,-1,-2,-1,-1,0,2,0,5.0,0.43,2.2,1.072
2,0,0,-5,0,0,1,-2,0,-5,0,-1,-1,-2,-1,-1,0,2,0,5.0,0.43,2.2,1.072
2,0,0,-4,0,0,1,-2,0,-6,0,-1,-1,-2,-1,-1,0,2,0,5.0,0.43,2.2,1.072
2,0,0,-4,0,0,1,-2,0,-6,0,-1,-1,-2,-1,-1,1,3,0,5.0,0.43,2.2,1.072
2,0,0,-4,0,0,1,-2,0,-7,1,-1,-1,-2,-1,-1,1,3,0,5.0,0.43,2.2,1.072
2,0,0,-4,0,0,1,-2,0,-7,1,-1,-1,-2,-1,-1,2,2,0,5.0,0.43,2.2,1.072
2,0,0,-3,0,0,1,-2,0,-7,1,-1,-1,-2,-1,-1,1,2,0,5.0,0.44,2.23,1.089
2,0,0,-4,0,0,1,-2,0,-7,1,-2,-1,-2,-1,-1,1,2,0,5.0,0.44,2.23,1.089
2,0,0,-4,0,0,1,-2,0,-7,1,-2,-1,-2,-1,-1,0,1,0,5.0,0.44,2.23,1.089
2,0,0,-4,0,0,1,-2,0,-6,0,-1,-1,-2,-1,-1,0,1,0,5.0,0.44,2.23,1.089
2,0,0,-4,0,0,1,-2,0,-5,0,-1,-1,-2,-1,-1,1,2,0,5.0,0.44,2.23,1.089
2,0,0,-4,0,0,1,-2,0,-5,0,-1,-1,-2,-1,-1,1,3,0,5.0,0.44,2.23,1.089
2,0,0,-4,0,0,1,-2,0,-5,1,0,-1,-2,0,-1,1,3,0,5.0,0.44,2.23,1.089
2,0,0,-4,0,0,1,-2,0,-5,2,0,-1,-2,-1,-1,0,4,0,5.0,0.44,2.23,1.089
2,0,0,-4,0,0,1,-2,0,-5,2,0,-1,-2,-1,-1,0,4,0,5.0,0.44,2.23,1.089
2,0,0,-4,0,0,1,-2,0,-5,2,0,-1,-2,0,-1,-1,3,0,5.0,0.44,2.23,1.089
2,0,0,-4,0,0,1,-2,0,-5,1,0,-1,-2,0,-1,0,3,0,5.0,0.44,2.23,1.089
2,0,0,-4,0,0,1,-2,0,-5,1,0,-1,-2,0,-1,0,3,0,5.0,0.44,2.2,1.075
2,0,0,-4,-1,0,1,-2,0,-4,0,0,-1,-2,0,-1,0,3,0,5.0,0.44,2.2,1.075
2,0,0,-4,-1,0,1,-2,0,-4,0,0,-1,-2,0,-1,1,3,0,5.0,0.44,2.2,1.075
2,0,0,-4,-1,0,1,-2,0,-4,0,0,-1,-2,-1,-1,1,3,0,5.0,0.44,2.2,1.075
2,0,0,-4,0,0,1,-2,0,-4,0,0,-1,-2,-1,-1,1,3,0,5.0,0.44,2.2,1.075
2,0,0,-3,-1,0,1,-2,0,-4,1,0,-1,-2,-1,0,1,4,0,5.0,0.44,2.2,1.075
2,0,0,-3,-1,0,1,-2,0,-5,1,0,-1,-2,-1,0,0,4,0,5.0,0.44,2.2,1.075
2,0,0,-3,0,0,1,-2,0,-5,2,0,-1,-2,-1,0,0,4,0,5.0,0.44,2.2,1.075
2,0,0,-3,0,0,1,-2,0,-5,2,0,-1,-2,-1,0,0,4,0,5.0,0.44,2.2,1.075
2,0,0,-3,-1,0,1,-2,0,-5,1,0,-1,-2,-1,0,0,4,0,5.0,0.44,2.2,1.075
2,0,0,-3,-1,0,1,-2,0,-4,0,0,-1,-2,-1,0,0,5,0,5.0,0.44,2.2,1.075
2,0,0,-3,-1,0,1,-2,0,-4,0,0,-1,-2,-1,0,0,4,0,5.0,0.43,2.19,1.068
2,0,0,-3,-1,0,1,-2,0,-4,0,-1,-1,-2,-1,-1,0,4,0,5.0,0.43,2.19,1.068
2,0,0,-3,-1,0,1,-2,0,-4,0,-1,-1,-2,-1,-1,0,4,0,5.0,0.43,2.19,1.068
2,0,0,-3,-1,0,1,-2,0,-4,0,-1,-1,-2,-1,-1,0,3,0,5.0,0.43,2.19,1.068
2,0,0,-3,-1,0,1,-2,0,-4,0,-1,-1,-2,-1,-2,-1,2,0,5.0,0.43,2.19,1.068
2,0,0,-3,-1,0,1,-2,0,-4,0,-1,-1,-2,-1,-2,-1,2,0,5.0,0.43,2.19,1.068
2,0,0,-3,-1,0,1,-2,0,-4,0,-1,-1,-2,-1,-2,-1,2,0,5.0,0.43,2.19,1.068
2,0,0,-3,-1,0,1,-2,0,-4,0,-1,-1,-2,-1,-2,-1,2,0,5.0,0.43,2.19,1.068
2,0,0,-3,0,0,1,-2,0,-4,3,0,-1,-2,-1,-2,-1,2,0,4.99,0.44,2.2,1.073
2,0,0,-3,0,0,1,-2,0,-5,3,0,-1,-2,-1,-2,-2,2,0,4.99,0.44,2.2,1.073
2,0,0,-3,0,0,1,-2,0,-5,3,0,-1,-2,-1,-2,-3,2,0,4.99,0.44,2.2,1.073
2,0,0,-3,0,0,1,-2,0,-6,3,1,-1,-2,0,-2,-3,2,0,4.99,0.44,2.2,1.073
2,0,0,-3,0,0,1,-2,0,-6,2,1,-1,-2,-1,-2,-2,2,0,4.99,0.44,2.2,1.073
2,0,0,-3,0,0,1,-2,0,-6,2,1,-1,-2,0,-2,-2,2,0,4.99,0.44,2.2,1.073
2,0,0,-3,0,0,1,-2,0,-6,1,1,-1,-2,-1,-2,-1,1,0,4.99,0.44,2.2,1.073
2,0,0,-3,0,0,1,-2,0,-6,2,1,-1,-2,-1,-1,0,2,0,4.99,0.44,2.2,1.073
2,0,0,-3,0,0,1,-2,0,-6,2,1,-1,-2,-1,-2,0,2,0,4.99,0.43,2.19,1.07
2,0,0,-3,0,0,1,-2,0,-6,3,1,-1,-2,-1,-1,0,2,0,4.99,0.43,2.19,1.07
2,0,0,-3,0,0,1,-2,0,-6,3,0,-1,-2,-1,-1,-1,2,0,4.99,0.43,2.19,1.07
2,0,0,-3,0,0,1,-2,0,-6,4,0,-1,-2,-1,0,-1,2,0,4.99,0.43,2.19,1.07
2,0,0,-3,0,0,1,-2,0,-6,3,0,-1,-2,-1,-1,-1,2,0,4.99,0.43,2.19,1.07
2,0,0,-3,0,0,1,-2,0,-6,3,0,-1,-2,-1,-1,-1,2,0,4.99,0.43,2.19,1.07
2,0,0,-3,0,0,1,-2,0,-6,2,0,-1,-2,-1,-2,0,2,0,4.99,0.43,2.19,1.07
2,0,0,-3,0,0,1,-2,0,-6,2,0,-1,-2,-1,-2,0,2,0,4.99,0.43,2.19,1.07
2,0,0,-3,0,0,1,-2,0,-6,2,0,-1,-2,-1,-2,0,2,0,4.99,0.43,2.19,1.07
2,0,0,-3,0,0,1,-2,0,-6,1,0,-1,-2,-1,-2,0,2,0,4.99,0.43,2.19,1.07
2,0,0,-3,0,0,1,-2,0,-6,1,0,-1,-2,-1,-3,-1,2,0,4.99,0.43,2.19,1.07
2,0,0,-3,0,0,1,-2,0,-6,2,0,-1,-2,-1,-3,-1,1,0,5.0,0.44,2.24,1.092
2,0,0,-3,0,0,1,-2,0,-6,1,0,-1,-2,-1,-3,-1,1,0,5.0,0.44,2.24,1.092
2,0,0,-3,0,0,1,-2,0,-6,1,0,-1,-2,-1,-3,-1,0,0,5.0,0.44,2.24,1.092
2,0,0,-3,0,0,1,-2,0,-5,1,0,-1,-2,-1,-2,0,0,0,5.0,0.44,2.24,1.092
2,0,0,-3,0,0,1,-2,0,-6,1,0,-1,-2,-1,-2,0,1,0,5.0,0.44,2.24,1.092
2,0,0,-3,0,0,1,-2,0,-6,0,0,-1,-2,-1,-3,-1,1,0,5.0,0.44,2.24,1.092
2,0,0,-3,0,0,1,-2,0,-6,0,0,-1,-2,-1,-3,0,1,0,5.0,0.44,2.24,1.092
2,0,0,-3,0,0,1,-2,0,-6,0,0,-1,-2,-1,-3,0,1,0,5.0,0.44,2.24,1.092
2,0,0,-3,0,0,1,-2,0,-7,1,0,-1,-2,-1,-4,-1,1,0,5.0,0.44,2.24,1.092
2,0,0,-2,0,0,1,-2,0,-7,1,-1,-1,-2,-1,-4,-1,1,0,5.0,0.44,2.24,1.092
2,0,0,-2,0,0,1,-2,0,-7,1,-1,-1,-2,-1,-4,-1,1,0,5.0,0.44,2.24,1.092
2,0,0,-3,0,0,1,-2,0,-7,1,-1,-1,-2,-1,-4,-1,1,0,5.0,0.43,2.19,1.069
2,0,0,-3,0,0,1,-2,0,-7,0,-1,-1,-2,-1,-4,-1,1,0,5.0,0.43,2.19,1.069
2,0,0,-3,0,0,1,-2,0,-7,0,-1,-1,-2,-1,-4,-1,1,0,5.0,0.43,2.19,1.069
2,0,0,-2,0,0,1,-2,0,-7,0,-1,-1,-2,-1,-4,0,1,0,5.0,0.43,2.19,1.069
2,0,0,-2,0,0,1,-2,0,-7,0,-1,-1,-2,-1,-4,0,1,0,5.0,0.43,2.19,1.069
2,0,0,-3,0,0,1,-2,0,-7,1,-1,-1,-2,-1,-4,0,1,0,5.0,0.43,2.19,1.069
2,0,0,-3,0,0,1,-2,0,-7,1,-1,-1,-2,-1,-4,0,1,0,5.0,0.43,2.19,1.069
2,0,0,-3,0,0,1,-2,0,-7,1,0,-1,-2,-1,-3,-1,1,0,5.0,0.43,2.19,1.069
2,0,0,-3,0,0,1,-2,0,-7,1,0,-1,-2,-1,-3,-1,1,0,5.0,0.43,2.19,1.069
2,0,0,-3,0,0,1,-2,0,-7,1,0,-1,-2,0,-4,-1,1,0,5.0,0.43,2.19,1.069
2,0,0,-3,0,0,1,-2,0,-7,1,0,-1,-2,-1,-4,-1,1,0,5.0,0.43,2.19,1.069
2,0,0,-3,0,0,1,-2,0,-6,0,0,-1,-2,-1,-4,-1,1,0,5.0,0.43,2.18,1.068
2,0,0,-3,0,0,1,-2,0,-6,0,0,-1,-2,-1,-4,-1,2,0,5.0,0.43,2.18,1.068
2,0,0,-3,0,0,1,-2,0,-6,0,0,-1,-2,-1,-4,0,2,0,5.0,0.43,2.18,1.068
2,0,0,-3,0,0,1,-2,0,-6,0,0,-1,-2,-1,-4,0,2,0,5.0,0.43,2.18,1.068
2,0,0,-3,0,0,1,-2,0,-6,1,0,-1,-2,0,-3,0,2,0,5.0,0.43,2.18,1.068
2,0,0,-3,0,0,1,-2,0,-6,1,0,-1,-2,-1,-3,0,2,0,5.0,0.43,2.18,1.068
2,0,0,-3,0,0,1,-2,0,-6,1,0,-1,-2,-1,-3,-1,2,0,5.0,0.43,2.18,1.068
2,0,0,-3,0,0,1,-2,0,-6,1,0,-1,-2,-1,-3,0,2,0,5.0,0.43,2.18,1.068
2,0,0,-3,0,0,1,-2,0,-7,1,0,-1,-2,0,-3,0,2,0,5.0,0.43,2.18,1.068
2,0,0,-3,0,0,1,-2,0,-7,1,0,-1,-2,-1,-3,0,1,0,5.0,0.43,2.18,1.068
2,0,0,-3,0,0,1,-2,0,-7,1,0,-1,-2,-1,-3,0,1,0,5.0,0.43,2.18,1.068
2,0,0,-3,0,0,1,-2,0,-7,1,0,-1,-2,-1,-3,0,1,0,5.0,0.44,2.21,1.08
2,0,0,-3,0,0,1,-2,0,-8,2,0,-1,-2,-1,-3,0,1,0,5.0,0.44,2.21,1.08
2,0,0,-3,-1,0,1,-2,0,-6,3,-1,-1,-2,-1,-3,-2,2,0,5.0,0.43,2.19,1.071
2,0,0,-3,-1,0,1,-2,0,-6,3,-1,-1,-2,-1,-3,-2,2,0,5.0,0.43,2.19,1.071
2,0,0,-3,-1,0,1,-2,0,-6,3,-1,-1,-2,-1,-3,-1,2,0,5.0,0.43,2.19,1.071
2,0,0,-3,-1,0,1,-2,0,-6,3,-1,-1,-2,-1,-3,-1,2,0,5.0,0.43,2.19,1.068
2,0,0,-3,-1,0,1,-2,0,-6,3,-1,-1,-2,-1,-4,-1,2,0,5.0,0.43,2.19,1.068
2,0,0,-3,-1,0,1,-2,0,-6,3,0,-1,-2,-1,-4,-1,2,0,5.0,0.43,2.19,1.068
2,0,0,-3,0,0,1,-2,0,-6,3,0,-1,-2,-1,-4,-1,2,0,5.0,0.43,2.19,1.068
2,0,0,-3,-1,0,1,-2,0,-6,3,0,-1,-2,-1,-4,-1,2,0,5.0,0.43,2.19,1.068
2,0,0,-3,0,0,1,-2,0,-6,3,0,-1,-2,0,-4,-1,2,0,5.0,0.43,2.19,1.068
2,0,0,-3,0,0,1,-2,0,-6,3,0,-1,-2,0,-4,-1,2,0,5.0,0.43,2.19,1.068
2,0,0,-3,0,0,1,-2,0,-6,2,0,-1,-2,-1,-4,-1,2,0,5.0,0.43,2.19,1.068
2,0,0,-3,0,0,1,-2,0,-6,2,0,-1,-2,-1,-4,-1,2,0,5.0,0.43,2.19,1.068
2,0,0,-3,0,0,1,-2,0,-6,2,0,-1,-2,-1,-5,-2,2,0,5.0,0.43,2.19,1.068
2,0,0,-4,0,0,1,-2,0,-6,2,0,-1,-2,0,-5,-2,2,0,5.0,0.43,2.19,1.068
2,0,0,-3,0,0,1,-2,0,-6,2,0,-1,-2,0,-5,-1,2,0,5.0,0.44,2.23,1.089
2,0,0,-3,0,0,1,-2,0,-6,2,0,-1,-2,0,-5,-1,2,0,5.0,0.44,2.23,1.089
2,0,0,-3,0,0,1,-2,0,-6,2,0,-1,-2,0,-4,-1,2,0,5.0,0.44,2.23,1.089
2,0,0,-3,0,0,1,-2,0,-6,3,0,-1,-2,0,-4,-1,2,0,5.0,0.44,2.23,1.089
2,0,0,-3,0,0,1,-2,0,-6,2,0,-1,-2,0,-4,-1,2,0,5.0,0.44,2.23,1.089
2,0,0,-3,0,0,1,-2,0,-6,2,0,-1,-2,0,-4,-1,2,0,5.0,0.44,2.23,1.089
2,0,0,-3,0,0,1,-2,0,-6,2,0,-1,-2,0,-4,0,2,0,5.0,0.44,2.23,1.089
2,0,0,-3,0,0,1,-2,0,-6,2,0,-1,-2,-1,-3,0,2,0,5.0,0.44,2.23,1.089
2,0,0,-3,0,0,1,-2,0,-6,2,0,-1,-2,0,-4,0,2,0,5.0,0.44,2.23,1.089
2,0,0,-3,0,0,1,-2,0,-6,2,0,-1,-2,0,-3,-1,2,0,5.0,0.44,2.23,1.089
2,0,0,-3,0,0,1,-2,0,-6,1,0,-1,-2,0,-3,-1,1,0,5.0,0.44,2.23,1.089
2,0,0,-3,0,0,1,-2,0,-6,2,0,-1,-2,0,-3,-1,1,0,5.0,0.43,2.19,1.072
2,0,0,-3,0,0,1,-2,0,-6,2,0,-1,-2,0,-3,-1,1,0,5.0,0.43,2.19,1.072
2,0,0,-3,0,0,1,-2,0,-6,1,0,-1,-2,0,-3,-1,1,0,5.0,0.43,2.19,1.072
2,0,0,-3,0,0,1,-2,0,-6,1,0,-1,-2,0,-2,0,1,0,5.0,0.43,2.19,1.072
2,0,0,-3,0,0,1,-2,0,-6,1,0,-1,-2,0,-2,0,1,0,5.0,0.43,2.19,1.072
2,0,0,-3,0,0,1,-2,0,-6,0,0,-1,-2,0,-2,-1,1,0,5.0,0.43,2.19,1.072
2,0,0,-4,0,0,1,-2,0,-6,0,0,-1,-2,0,-1,-1,1,0,5.0,0.43,2.19,1.072
2,0,0,-4,0,0,1,-2,0,-6,0,0,-1,-2,0,-1,-1,2,0,5.0,0.43,2.19,1.072
2,0,0,-3,0,0,1,-2,0,-6,0,0,-1,-2,0,-1,-1,2,0,5.0,0.43,2.19,1.072
2,0,0,-3,0,0,1,-2,0,-7,0,0,-1,-2,0,-1,0,1,0,5.0,0.43,2.19,1.072
2,0,0,-3,0,0,1,-1,0,-8,1,0,-1,-2,0,0,0,1,0,5.0,0.43,2.19,1.072
2,0,0,-3,0,0,1,-2,0,-8,1,0,-1,-2,0,-1,0,0,0,5.0,0.44,2.22,1.086
2,0,0,-3,0,0,1,-2,0,-9,1,0,-1,-2,-1,-1,0,0,0,5.0,0.44,2.22,1.086
2,0,0,-3,0,0,1,-2,0,-9,1,0,-1,-2,-1,-1,0,0,0,5.0,0.44,2.22,1.086
2,0,0,-3,0,0,1,-2,0,-8,0,0,-1,-2,-1,-1,0,0,0,5.0,0.44,2.22,1.086
2,0,0,-3,0,0,1,-2,0,-8,0,0,-1,-2,0,-1,0,0,0,5.0,0.44,2.22,1.086
2,0,0,-3,0,0,1,-2,0,-7,0,0,-1,-2,0,-2,0,0,0,5.0,0.44,2.22,1.086
2,0,0,-2,0,0,1,-2,0,-7,0,0,-1,-2,-1,-2,0,0,0,5.0,0.44,2.22,1.086
2,0,0,-3,0,0,1,-2,0,-7,0,0,-1,-2,-1,-1,0,1,0,5.0,0.44,2.22,1.086
2,0,0,-3,0,0,1,-2,0,-7,0,0,-1,-2,-1,-1,0,1,0,5.0,0.44,2.22,1.086
2,0,0,-3,0,0,1,-2,0,-7,0,0,-1,-2,0,-1,-1,1,0,5.0,0.44,2.22,1.086
2,0,0,-3,0,0,1,-2,0,-7,0,0,-1,-2,0,-1,-1,0,0,5.0,0.44,2.22,1.086
2,0,0,-3,0,0,1,-2,0,-7,0,1,-1,-2,0,-1,-1,0,0,5.0,0.43,2.19,1.068
2,0,0,-3,0,0,1,-2,0,-7,0,1,-1,-2,0,-1,0,0,0,5.0,0.43,2.19,1.068
2,0,0,-3,0,0,1,-2,0,-7,0,1,-1,-2,0,-1,0,0,0,5.0,0.43,2.19,1.068
2,0,0,-3,0,0,1,-2,0,-8,0,0,-1,-2,0,0,0,0,0,5.0,0.43,2.19,1.068
2,0,0,-3,0,0,1,-2,0,-8,0,0,-1,-2,-1,0,0,0,0,5.0,0.43,2.19,1.068
2,0,0,-3,0,0,1,-2,0,-8,0,0,-1,-2,-1,0,1,1,0,5.0,0.43,2.19,1.068
2,0,0,-3,0,0,1,-2,0,-9,1,0,-1,-2,-1,0,0,1,0,5.0,0.43,2.19,1.068
2,0,0,-4,0,0,1,-2,0,-9,2,0,-1,-2,-1,0,0,1,0,5.0,0.43,2.19,1.068
2,0,0,-3,0,0,1,-2,0,-5,0,0,-1,-2,0,-3,-1,2,0,5.0,0.44,2.2,1.076
2,0,0,-3,0,0,1,-2,0,-5,0,0,-1,-2,0,-2,-1,2,0,5.0,0.44,2.2,1.076
2,0,0,-3,0,0,1,-2,0,-6,0,0,-1,-2,-1,-2,0,2,0,5.0,0.44,2.2,1.076
2,0,0,-3,0,0,1,-2,0,-7,1,-1,-1,-2,-1,-2,0,2,0,5.0,0.44,2.2,1.076
2,0,0,-3,0,0,1,-2,0,-7,1,-1,-1,-2,-1,-1,0,1,0,5.0,0.44,2.2,1.076
2,0,0,-3,0,0,1,-2,0,-7,1,-1,-1,-2,0,-2,-1,1,0,5.0,0.44,2.2,1.076
2,0,0,-3,0,0,1,-2,0,-7,1,-1,-1,-2,-1,-2,-1,0,0,5.0,0.44,2.2,1.076
2,0,0,-3,0,0,1,-2,0,-6,0,-1,-1,-2,0,-2,0,0,0,5.0,0.44,2.2,1.076
2,0,0,-3,0,0,1,-2,0,-6,0,-1,-1,-2,0,-2,0,1,0,5.0,0.44,2.2,1.077
2,0,0,-3,0,0,1,-2,0,-5,0,-1,-1,-2,0,-2,0,1,0,5.0,0.44,2.2,1.077
2,0,0,-3,0,0,1,-2,0,-5,0,0,-1,-2,-1,-3,0,2,0,5.0,0.44,2.2,1.077
2,0,0,-3,0,0,1,-2,0,-5,0,0,-1,-2,-1,-3,0,2,0,5.0,0.44,2.2,1.077
2,0,0,-3,0,0,1,-2,0,-5,0,0,-1,-2,-1,-2,0,2,0,5.0,0.44,2.2,1.077
2,0,0,-3,0,0,1,-2,0,-5,1,1,-1,-2,0,-2,-1,2,0,5.0,0.44,2.2,1.077
2,0,0,-3,0,0,1,-2,0,-5,0,1,-1,-2,0,-2,-1,1,0,5.0,0.44,2.2,1.077
2,0,0,-3,0,0,1,-2,0,-6,0,1,-1,-2,0,-2,-1,1,0,5.0,0.44,2.2,1.077
2,0,0,-3,0,0,1,-2,0,-6,0,2,-1,-2,0,-2,0,1,0,5.0,0.44,2.2,1.077
2,0,0,-3,0,0,1,-2,0,-6,0,2,-1,-2,-1,-2,0,1,0,5.0,0.44,2.2,1.077
2,0,0,-3,0,0,1,-2,0,-6,0,2,-1,-2,-1,-2,0,1,0,5.0,0.44,2.2,1.077
2,0,0,-3,0,0,1,-2,0,-7,0,1,-1,-2,-1,-2,1,2,0,5.0,0.43,2.19,1.073
2,0,0,-3,0,0,1,-2,0,-7,1,1,-1,-2,-1,-2,0,2,0,5.0,0.43,2.19,1.073
2,0,0,-3,0,0,1,-2,0,-8,2,1,-1,-2,-1,-1,0,2,0,5.0,0.43,2.19,1.073
2,0,0,-3,0,0,1,-2,0,-8,2,1,-1,-2,-1,-1,0,2,0,5.0,0.43,2.19,1.073
2,0,0,-3,0,0,1,-2,0,-8,2,1,-1,-2,-1,-2,0,2,0,5.0,0.43,2.19,1.073
2,0,0,-3,1,0,1,-2,0,-8,2,0,-1,-2,-1,-2,0,2,0,5.0,0.43,2.19,1.073
2,0,0,-3,1,0,1,-2,0,-8,2,0,-1,-2,-1,-2,0,1,0,5.0,0.43,2.19,1.073
2,0,0,-3,1,0,1,-2,0,-8,1,0,-1,-2,-1,-2,0,1,0,5.0,0.43,2.19,1.073
2,0,0,-3,1,0,1,-2,0,-8,1,0,-1,-2,-1,-2,0,1,0,5.0,0.43,2.19,1.073
2,0,0,-3,1,0,1,-2,0,-8,1,0,-1,-2,-1,-2,0,0,0,5.0,0.43,2.19,1.073
2,0,0,-3,1,0,1,-2,0,-9,1,1,-1,-2,0,-2,0,0,0,5.0,0.43,2.19,1.073
2,0,0,-3,1,0,1,-2,0,-9,1,1,-1,-2,-1,-2,0,0,0,5.0,0.44,2.2,1.075
2,0,0,-3,2,0,1,-2,0,-10,1,1,-1,-2,-1,-2,0,0,0,5.0,0.44,2.2,1.075
2,0,0,-3,1,0,1,-2,0,-10,1,1,-1,-2,-1,-2,0,-1,0,5.0,0.44,2.2,1.075
2,0,0,-3,2,0,1,-2,0,-10,1,1,-1,-2,-1,-3,0,-1,0,5.0,0.44,2.2,1.075
2,0,0,-3,2,0,1,-2,0,-10,1,1,-1,-2,-1,-3,0,-2,0,5.0,0.44,2.2,1.075
2,0,0,-3,2,0,1,-2,0,-10,1,1,-1,-2,-1,-3,0,-2,0,5.0,0.44,2.2,1.075
2,0,0,-3,1,0,1,-2,0,-10,1,1,-1,-2,-1,-4,0,-2,0,5.0,0.44,2.2,1.075
2,0,0,-3,2,0,1,-2,0,-11,2,1,-1,-2,-1,-4,0,-2,0,5.0,0.44,2.2,1.075
2,0,0,-3,2,0,1,-2,0,-11,2,1,-1,-2,-1,-4,0,-1,0,5.0,0.44,2.2,1.075
2,0,0,-3,2,0,1,-2,0,-11,2,1,-1,-2,-1,-4,0,-1,0,5.0,0.44,2.2,1.075
2,0,0,-3,2,0,1,-2,0,-12,3,1,-1,-2,-1,-4,0,-1,0,5.0,0.44,2.2,1.075
2,0,0,-3,1,0,1,-2,0,-12,3,1,-1,-2,-1,-4,0,-1,0,5.0,0.44,2.21,1.081
2,0,0,-3,2,0,1,-2,0,-12,3,0,-1,-2,-1,-4,0,0,0,5.0,0.44,2.21,1.081
2,0,0,-3,2,0,1,-2,0,-12,3,0,-1,-2,-1,-4,0,-1,0,5.0,0.44,2.21,1.081
2,0,0,-3,2,0,1,-2,0,-12,3,0,-1,-2,-1,-4,-1,-1,0,5.0,0.44,2.21,1.081
2,0,0,-3,1,0,1,-2,0,-12,4,0,-1,-2,0,-4,-1,-1,0,5.0,0.44,2.21,1.081
2,0,0,-4,2,0,1,-2,0,-12,4,0,-1,-2,-1,-4,-1,-1,0,5.0,0.44,2.21,1.081
2,0,0,-4,2,0,1,-2,0,-13,4,0,-1,-2,-1,-5,-1,-2,0,5.0,0.44,2.21,1.081
2,0,0,-4,1,0,1,-2,0,-12,4,0,-1,-2,-1,-5,-1,-2,0,5.0,0.44,2.21,1.081
2,0,0,-4,1,0,1,-2,0,-11,4,0,-1,-2,0,-5,-2,-2,0,5.0,0.44,2.21,1.081
2,0,0,-4,1,0,1,-2,0,-11,4,0,-1,-2,0,-5,-2,-2,0,5.0,0.44,2.21,1.081
2,0,0,-3,1,0,1,-2,0,-9,3,0,-1,-2,0,-5,-1,-1,0,5.0,0.44,2.21,1.081
2,0,0,-3,1,0,1,-2,0,-8,3,0,-1,-2,0,-4,-1,-1,0,5.0,0.43,2.19,1.07
2,0,0,-3,1,0,1,-2,0,-7,2,0,-1,-2,0,-4,-2,0,0,5.0,0.43,2.19,1.07
2,0,0,-2,0,0,1,-2,0,-2,0,0,-1,-2,-1,-2,0,4,0,5.0,0.44,2.23,1.091
2,0,0,-2,0,0,1,-2,0,-3,0,0,-1,-2,-1,-2,0,3,0,5.0,0.44,2.23,1.091
2,0,0,-2,0,0,1,-2,0,-3,0,0,-1,-2,-1,-2,0,3,0,5.0,0.44,2.23,1.091
2,0,0,-2,0,0,1,-2,0,-3,0,0,-1,-2,-1,-2,0,3,0,5.0,0.44,2.2,1.078
2,0,0,-2,0,0,1,-2,0,-4,0,0,-1,-2,-1,-2,0,3,0,5.0,0.44,2.2,1.078
2,0,0,-2,0,0,1,-2,0,-4,0,0,-1,-2,-1,-2,0,3,0,5.0,0.44,2.2,1.078
2,0,0,-2,-1,0,1,-2,0,-4,0,0,-1,-2,-1,-2,0,3,0,5.0,0.44,2.2,1.078
2,0,0,-2,-1,0,1,-2,0,-4,0,0,-1,-2,-1,-2,1,3,0,5.0,0.44,2.2,1.078
2,0,0,-2,-1,0,1,-2,0,-5,0,0,-1,-2,-1,-3,0,3,0,5.0,0.44,2.2,1.078
2,0,0,-2,-1,0,1,-2,0,-5,0,0,-1,-2,-1,-3,1,3,0,5.0,0.44,2.2,1.078
2,0,0,-3,-1,0,1,-2,0,-6,0,0,-1,-2,-1,-3,0,2,0,5.0,0.44,2.2,1.078
2,0,0,-3,-1,0,1,-2,0,-6,0,-1,-1,-2,-1,-3,0,2,0,5.0,0.44,2.2,1.078
2,0,0,-3,-1,0,1,-2,0,-6,0,-1,-1,-2,-1,-4,0,2,0,5.0,0.44,2.2,1.078
2,0,0,-3,-1,0,1,-2,0,-7,0,-1,-1,-2,-1,-4,0,2,0,5.0,0.44,2.2,1.078
2,0,0,-3,-1,0,1,-2,0,-7,0,-1,-1,-2,-1,-4,0,2,0,5.0,0.43,2.18,1.068
2,0,0,-3,-1,0,1,-2,0,-7,0,-1,-1,-2,-1,-4,0,1,0,5.0,0.43,2.18,1.068
2,0,0,-3,-2,0,1,-2,0,-8,0,-1,-1,-2,-1,-5,0,1,0,5.0,0.43,2.18,1.068
2,0,0,-3,-1,0,1,-2,0,-7,0,-1,-1,-2,-1,-5,0,1,0,5.0,0.43,2.18,1.068
2,0,0,-3,-2,0,1,-2,0,-8,0,0,-1,-2,-1,-4,0,1,0,5.0,0.43,2.18,1.068
2,0,0,-3,-2,0,1,-2,0,-8,0,0,-1,-2,-1,-4,0,1,0,5.0,0.43,2.18,1.068
2,0,0,-3,-2,0,1,-2,0,-7,0,0,-1,-2,-1,-4,0,1,0,5.0,0.43,2.18,1.068
2,0,0,-3,-2,0,1,-2,0,-7,0,0,-1,-2,-1,-5,0,0,0,5.0,0.43,2.18,1.068
2,0,0,-2,-1,0,1,-2,0,-7,0,0,-1,-2,-1,-5,0,1,0,5.0,0.43,2.18,1.068
2,0,0,-2,-2,0,1,-2,0,-7,0,0,-1,-2,-1,-5,0,1,0,5.0,0.43,2.18,1.068
2,0,0,-3,-1,0,1,-2,0,-7,0,0,-1,-2,0,-4,0,1,0,5.0,0.43,2.18,1.068
2,0,0,-3,-1,0,1,-2,0,-7,0,0,-1,-2,0,-4,0,1,0,5.0,0.44,2.22,1.084
2,0,0,-3,-1,-1,1,-2,0,-7,0,0,-1,-2,-1,-4,0,1,0,5.0,0.44,2.22,1.084
2,0,0,-3,-1,0,1,-2,0,-8,0,0,-1,-2,-1,-4,0,1,0,5.0,0.44,2.22,1.084
2,0,0,-3,-1,0,1,-2,0,-8,0,0,-1,-2,-1,-4,0,1,0,5.0,0.44,2.22,1.084
2,0,0,-3,-1,-1,1,-2,0,-8,0,0,-1,-2,-1,-5,0,1,0,5.0,0.44,2.22,1.084
2,0,0,-3,-1,0,1,-2,0,-8,0,0,-1,-2,0,-4,0,1,0,5.0,0.44,2.22,1.084
2,0,0,-3,0,0,1,-2,0,-8,0,0,-1,-2,0,-5,0,1,0,5.0,0.44,2.22,1.084
2,0,0,-3,0,-1,1,-2,0,-8,0,0,-1,-2,0,-5,0,1,0,5.0,0.44,2.22,1.084
2,0,0,-3,0,0,1,-2,0,-7,0,0,-1,-2,0,-4,0,1,0,5.0,0.44,2.22,1.084
2,0,0,-3,0,0,1,-2,0,-7,0,0,-1,-2,-1,-4,0,1,0,5.0,0.44,2.22,1.084
2,0,0,-3,0,-1,1,-2,0,-7,0,0,-1,-2,0,-4,0,2,0,5.0,0.44,2.22,1.084
2,0,0,-3,0,0,1,-2,0,-6,0,0,-1,-2,0,-4,0,2,0,5.0,0.44,2.21,1.082
2,0,0,-3,0,-1,1,-2,0,-6,0,0,-1,-2,-1,-4,0,2,0,5.0,0.44,2.21,1.082
2,0,0,-3,0,0,1,-2,0,-6,0,0,-1,-2,0,-3,0,2,0,5.0,0.44,2.21,1.082
2,0,0,-3,0,0,1,-2,0,-6,0,0,-1,-2,-1,-3,0,3,0,5.0,0.44,2.21,1.082
2,0,0,-3,0,-1,1,-2,0,-6,0,0,-1,-2,0,-2,0,3,0,5.0,0.44,2.21,1.082
2,0,0,-3,0,-1,1,-2,0,-6,0,1,-1,-2,0,-2,0,2,0,5.0,0.44,2.21,1.082
2,0,0,-3,0,-1,1,-2,0,-5,0,1,-1,-2,-1,-2,0,2,0,5.0,0.44,2.21,1.082
2,0,0,-3,0,-1,1,-2,0,-5,0,1,-1,-2,-1,-2,0,2,0,5.0,0.44,2.21,1.082
2,0,0,-3,0,-1,1,-2,0,-4,0,1,-1,-2,-1,-2,0,2,0,5.0,0.44,2.21,1.082
2,0,0,-3,0,0,1,-2,0,-4,0,1,-1,-2,-1,-2,0,2,0,5.0,0.44,2.21,1.082
2,0,0,-3,0,0,1,-2,0,-5,0,0,-1,-2,0,-2,0,2,0,5.0,0.44,2.21,1.082
2,0,0,-2,0,0,1,-2,0,-5,0,0,-1,-2,-1,-2,0,2,0,5.0,0.44,2.21,1.082
2,0,0,-2,0,0,1,-2,0,-5,1,0,-1,-2,-1,-2,0,2,0,5.0,0.44,2.21,1.082
2,0,0,-2,0,0,1,-2,0,-5,0,0,-1,-2,-1,-2,0,1,0,5.0,0.44,2.21,1.082
2,0,0,-2,0,0,1,-2,0,-5,0,0,-1,-2,-1,-2,0,1,0,5.0,0.44,2.21,1.082
2,0,0,-2,0,0,1,-2,0,-5,0,-1,-1,-2,-1,-2,0,1,0,5.0,0.44,2.21,1.082
2,0,0,-2,0,0,1,-2,0,-4,0,-1,-1,-2,-1,-3,0,0,0,5.0,0.44,2.21,1.082
2,0,0,-2,0,0,1,-2,0,-4,0,0,-1,-2,-1,-3,0,1,0,5.0,0.44,2.21,1.082
2,0,0,-2,0,0,1,-2,0,-4,0,0,-1,-2,-1,-3,0,1,0,5.0,0.44,2.21,1.082
2,0,0,-2,0,0,1,-2,0,-4,-1,0,-1,-2,-1,-2,2,4,0,5.0,0.44,2.22,1.085
2,0,0,-2,1,0,1,-2,0,-4,-1,0,-1,-2,-1,-2,2,4,0,5.0,0.44,2.22,1.085
2,0,0,-2,1,0,1,-2,0,-4,-1,0,-1,-2,0,-1,3,4,0,5.0,0.44,2.22,1.085
2,0,0,-2,0,0,1,-2,0,-3,-2,0,-1,-2,-1,-1,3,4,0,5.0,0.44,2.22,1.085
2,0,0,-2,0,0,1,-2,0,-3,-2,0,-1,-2,-1,-1,2,4,0,5.0,0.44,2.22,1.085
2,0,0,-1,0,0,1,-2,0,-3,-1,0,-1,-2,-1,-1,2,4,0,5.0,0.44,2.22,1.085
2,0,0,-1,0,0,1,-2,0,-3,-1,0,-1,-2,-1,-1,1,4,0,5.0,0.44,2.22,1.085
2,0,0,-1,0,0,1,-2,0,-3,-1,0,-1,-2,-1,-1,1,3,0,5.0,0.44,2.22,1.085
2,0,0,-1,0,0,1,-2,0,-2,-1,-1,-1,-2,-1,-2,0,3,0,5.0,0.43,2.19,1.075
2,0,0,-1,0,0,1,-2,0,-2,0,-1,-1,-2,-1,-3,0,3,0,5.0,0.43,2.19,1.075
2,0,0,-1,0,0,1,-2,0,-2,0,-1,-1,-2,-1,-3,0,3,0,5.0,0.43,2.19,1.075
2,0,0,-1,0,0,1,-2,0,-3,0,-2,-1,-2,-1,-4,0,2,0,5.0,0.43,2.19,1.075
2,0,0,-1,0,0,1,-2,0,-3,0,-2,-1,-2,-1,-4,-1,2,0,5.0,0.43,2.19,1.075
2,0,0,-1,0,0,1,-2,0,-3,0,-2,-1,-2,-1,-5,-2,1,0,5.0,0.43,2.19,1.075
2,0,0,-1,0,0,1,-2,0,-4,0,-2,-1,-2,-1,-5,-3,0,0,5.0,0.43,2.19,1.075
2,0,0,-2,0,0,1,-2,0,-4,0,-2,-1,-2,-1,-5,-3,0,0,5.0,0.43,2.19,1.075
2,0,0,-2,0,0,1,-2,0,-4,0,-2,-1,-2,-1,-5,-4,0,0,5.0,0.43,2.19,1.075
2,0,0,-1,0,0,1,-2,0,-4,0,-2,-1,-2,-1,-5,-3,1,0,5.0,0.43,2.19,1.075
2,0,0,-1,0,0,1,-2,0,-5,1,-2,-1,-2,-1,-5,-3,1,0,5.0,0.43,2.19,1.075
2,0,0,0,0,0,1,-2,0,-6,2,-3,-1,-2,-1,-4,-3,1,0,5.0,0.43,2.19,1.072
2,0,0,0,0,0,1,-2,0,-6,1,-3,-1,-2,-1,-4,-3,1,0,5.0,0.43,2.19,1.072
2,0,0,0,0,0,1,-2,0,-5,1,-4,-1,-2,0,-4,-3,1,0,5.0,0.43,2.19,1.072
2,0,0,0,0,0,1,-2,0,-4,0,-4,-1,-2,-1,-4,-3,1,0,5.0,0.43,2.19,1.072
2,0,0,0,0,0,1,-2,0,-4,0,-4,-1,-2,-1,-3,-2,1,0,5.0,0.43,2.19,1.072
2,0,0,0,0,0,1,-2,0,-3,0,-4,-1,-2,-1,-3,-2,1,0,5.0,0.43,2.19,1.072
2,0,0,0,0,0,1,-2,0,-3,0,-4,-1,-2,-1,-4,-2,2,0,5.0,0.43,2.19,1.072
2,0,0,0,0,0,1,-2,0,-2,0,-3,-1,-2,-1,-3,-2,2,0,5.0,0.43,2.19,1.072
2,0,0,-1,0,0,1,-2,0,-2,1,-3,-1,-2,-1,-3,-2,2,0,5.0,0.43,2.19,1.072
2,0,0,-1,0,0,1,-2,0,-3,1,-2,-1,-2,-1,-3,-3,2,0,5.0,0.43,2.19,1.072
2,0,0,-1,0,0,1,-2,0,-3,1,-2,-1,-2,-1,-3,-4,2,0,5.0,0.43,2.19,1.072
2,0,0,-1,0,0,1,-2,0,-3,0,-1,-1,-2,0,-3,-4,2,0,5.0,0.43,2.19,1.072
2,0,0,0,0,0,1,-2,0,-3,0,0,-1,-2,-1,-3,-4,2,0,5.0,0.43,2.19,1.072
2,0,0,-1,0,0,1,-2,0,-3,0,0,-1,-2,-1,-3,-3,2,0,5.0,0.43,2.19,1.072
2,0,0,0,0,0,1,-2,0,-3,0,0,-1,-2,-1,-3,-3,2,0,5.0,0.43,2.19,1.072
2,0,0,-1,0,0,1,-2,0,-3,0,0,-1,-2,-1,-3,-2,2,0,5.0,0.43,2.19,1.072
2,0,0,-1,0,0,1,-2,0,-3,0,0,-1,-2,-1,-3,-2,2,0,5.0,0.43,2.19,1.072
2,0,0,-1,0,0,1,-2,0,-4,0,0,-1,-2,-1,-3,-3,2,0,5.0,0.43,2.19,1.072
2,0,0,-1,0,0,1,-2,0,-4,1,0,-1,-2,-1,-2,-3,2,0,5.0,0.43,2.19,1.072
2,0,0,-1,0,0,1,-2,0,-5,1,0,-1,-2,-1,-2,-4,2,0,5.0,0.43,2.19,1.072
2,0,0,-1,0,0,1,-2,0,-5,1,0,-1,-2,-1,-2,-4,2,0,5.0,0.43,2.19,1.072
