0.83467275,0.99544287,1.131607
0.15069953,0.46469784,2.3956451
0.5523714,0.0763669,2.1181097
-0.5233112,-1.7449741,3.9511967
0.075474545,-1.283607,-0.47460556
-1.1740913,-1.4690351,-1.2932038
-0.6868538,-1.7987881,-0.5255976
-0.9268928,-1.4521036,-1.1377168
-0.8266701,-0.9047208,-1.6440096
-0.3459708,-0.68134546,-1.3396387
-0.48736626,-0.60885954,-0.87351847
-0.3960472,-0.12136412,-0.9748578
0.1466355,0.12740183,0.41432953
0.13216838,-0.03147316,1.2833614
0.3532334,0.036598682,0.6913004
0.7847117,-0.8020444,2.8294506
0.5937269,-1.0269947,3.0788612
0.41282174,-0.6024504,0.6768265
0.5663423,-0.61484313,-0.9868946
0.3555063,-0.79440093,-0.64877796
0.20792834,-0.7074747,-1.566678
0.04232882,-0.53857183,-2.0961003
-0.19780184,-0.38507652,-1.3882246
0.5130401,-0.1332221,-1.118916
-0.1554748,0.17037582,-0.7481165
0.5598985,0.3688469,0.60644245
-0.52286565,0.49370098,0.8146486
0.064230844,0.73109007,1.424325
-0.40554407,-1.8110633,4.9565153
-0.44347438,-1.2319705,-0.81623363
0.19629517,-0.6462612,-1.6258202
0.49070477,-1.0736189,-0.71361256
-0.1686177,-0.95783305,-1.2204499
0.015453726,-0.39953327,-1.9641857
-0.3603997,-0.25184917,-1.7672348
-0.4128074,0.017267227,-1.2478123
-0.2553494,0.37778234,-1.0427504
0.018131316,0.69675016,0.13884068
-0.33880356,0.7280817,2.8440886
0.94904727,0.78474665,2.136938
0.64016163,-0.4394927,2.7183704
0.3259641,-0.9194298,1.2009792
0.122023255,-1.1257918,-1.5076132
-0.20853972,-1.2521884,-2.3477268
0.3565446,-1.198683,-0.74559355
0.2130019,-1.0526483,-0.62674856
-0.050491218,-0.7943473,-1.3420644
0.30951357,-0.23320723,-1.704617
0.16341509,-0.08239031,-1.2266607
-0.03114121,0.29579544,-1.2356887
0.2058879,0.6887455,-0.1328888
0.13232984,0.96642065,1.6532288
0.3402462,1.4915872,1.7636204
0.5229059,-0.060991764,4.3175745
-0.66316956,-1.3143616,1.7425728
0.21381211,-0.49051,-2.2771611
-0.23069918,-0.86246777,-1.2272549
0.49848476,-1.1510978,0.18762589
0.0945348,-0.9816661,-0.23656368
0.11979864,-0.26122332,-2.6494722
0.025110476,-0.082437515,-2.3456807
-0.23711804,-0.05410862,-1.4700575
0.19116205,0.4642272,-0.2090044
0.05443214,0.533082,1.0181007
0.3662234,1.1537728,1.0199642
1.0270942,0.22058153,2.6624498
-0.15549174,-0.90119386,2.8094606
0.35907698,-0.3508625,-1.7401338
-0.23788184,-0.6426351,-2.050303
-0.13199943,-0.90172005,-0.7064495
-0.03555572,-0.5195749,-0.7340636
0.21789193,-0.009918213,-1.7501888
-0.00131911,0.21359253,-1.5903759
0.11920136,0.3650341,-1.0448508
-0.2209831,0.3388729,-0.5842819
-0.07762159,0.4867611,1.185072
-0.5080602,0.4316783,2.357071
-0.02778941,-0.2173214,4.787941
-0.8796987,-1.5171645,2.611329
-0.19179933,-0.9475155,-2.5540538
-0.2455952,-1.0623908,-1.440239
0.019189566,-1.2648916,-1.0548625
-0.3472375,-1.0214772,-1.2291269
-0.13160767,-0.42351484,-1.8809819
-0.21331286,-0.29755116,-1.4607592
-0.26176277,0.005650044,-1.010479
0.257748,0.47021866,-0.323534
-0.024680257,0.5430889,1.0921907
0.61005926,1.1472011,1.3494434
0.71288574,0.027137756,2.7587442
0.5539446,-0.3209269,2.2806587
0.39611983,-0.3006811,-1.4073987
0.46811575,-0.61928415,-1.1827493
0.2967282,-0.9181304,-0.7575283
0.13724902,-0.80879307,-0.7539973
-0.102582276,-0.51870346,-1.7950044
0.03604573,-0.16669846,-1.2695498
0.1390208,-0.016741276,-1.13098
-0.1206394,0.12458849,-0.8715925
-0.1823422,0.3452115,-0.4838133
-0.2916329,0.41072607,0.38970375
-0.12557547,0.6019831,0.7915182
0.12844686,0.39697313,3.4887838
-0.28482372,-0.71766376,4.0888166
-0.3771623,-0.7011852,-0.73923683
-0.06738646,-0.573375,-0.8749571
0.1686801,-1.1682823,0.06391621
0.033976644,-1.2182448,0.096515656
-0.003688157,-0.7696035,-1.7064867
-0.5990685,-0.74719,-1.8130693
-0.29445723,-0.5899644,-0.52245235
-0.2442959,-0.3840022,0.057665825
0.2738807,-0.4075036,0.26170826
-0.06756669,-0.19832182,-0.49958372
-0.015093714,-0.18108559,-0.63624716
0.20438612,-0.5302429,0.626709
0.67939717,-0.20552921,0.77994347
0.32361403,-0.1712718,0.3791113
-0.20593458,-0.9045625,-0.11431694
-0.14885955,-0.65806866,-0.28902626
-1.1136832,-0.40770245,2.2824306
1.7301887,0.5295253,1.1734657
-0.566767,0.3620391,1.7064342
-0.23752055,0.37297487,1.1921911
-0.6407364,-1.7185647,3.8098602
-0.20920691,-1.371661,-0.18027496
-0.42063922,-1.0128837,-1.2554193
-0.38961774,-1.3828619,0.24087334
-0.23470417,-1.1629477,-1.1703305
-0.3638267,-0.6935053,-1.19
-0.43543652,-0.5496688,-0.8151102
-0.31665874,-0.43875122,-0.6370678
-0.6520923,0.14969587,-0.8807807
0.007255234,0.35046864,0.38213634
-0.29627135,0.20266628,1.4424429
0.4233614,0.33757353,0.76366234
0.081926234,-0.73156786,2.3906918
0.30819976,-0.8009386,1.5165014
0.35588217,-0.9030535,0.033252716
0.30907172,-0.8737855,-1.0025392
0.33988437,-0.95510125,-0.90473986
0.030471202,-0.9265816,-1.1847677
0.085347354,-0.6213908,-1.2800984
0.003623671,-0.38352966,-1.0740709
0.28723347,-0.20108938,-0.42134476
0.21279776,0.2094264,-0.39563942
0.5266145,0.37949085,0.2682705
0.78646505,0.07564688,1.9045143
0.17564818,0.3110776,-0.23796749
-0.049920358,-1.375175,2.5174122
0.22443815,-1.4925411,1.8051271
-0.030097544,-1.0039351,-0.6861572
0.4097097,-0.9449692,-0.39490128
0.054325394,-0.7161398,-1.0984006
0.050047647,-0.20226431,-1.5381932
-0.02719627,-0.1504116,-0.97464323
-0.35896617,-0.102543354,-0.729043
-0.080965124,0.34979343,-0.8489227
-0.012454122,0.4999671,-0.38304615
0.31830978,0.5208397,1.0669441
0.54448617,0.7078366,0.6331682
0.89040446,-0.24322939,2.6685076
0.8153837,-0.63524675,1.5102491
0.27051523,-0.6313586,-1.9211745
0.12608421,-0.8508787,-0.81531096
-0.10623664,-0.8418002,-0.7729521
-0.10066688,-0.57928324,-0.62804604
-0.11663425,-0.18206024,-1.446208
0.013379872,0.16461086,-1.005238
0.24077615,0.15712547,-0.45078373
-0.011694521,0.33043623,-0.10662651
0.08325806,0.48785543,0.52105427
-0.038837463,0.7547393,1.5376158
0.06780037,0.644547,0.5228405
-0.33693653,-0.83611035,2.340436
-0.5847846,-1.0859914,0.43464088
-0.39993244,-0.52588177,-1.9243665
-0.3093713,-0.90887547,-0.6317587
0.20346273,-0.83019304,-0.22000217
-0.37765843,-0.45348978,-0.7303567
-0.17898697,-0.005829334,-1.6339502
-0.32624543,-0.08564854,-0.16664124
0.007237911,0.2857542,-0.3606062
0.15624702,0.47247982,0.12747669
0.33955973,0.2752161,1.2744207
1.0327256,0.4694581,0.27085114
0.6036799,-0.07131004,1.3967009
0.690169,-0.4849391,0.59843254
0.61499906,-0.45509672,-0.7373729
0.09665257,-0.51782036,-0.92891264
-0.24639454,-0.62730074,-0.80933523
0.06399858,-0.41165543,-0.81360483
0.08840895,-0.059052467,-1.5641675
0.1971282,0.23356342,-0.9855919
0.26999205,0.19364452,-0.3208933
0.06639212,0.46304417,-0.42795944
0.5147666,0.59959984,0.8298273
0.01018998,0.5910859,0.39863682
-0.23735492,0.4905014,1.0781746
-0.8292968,-0.9671483,2.350542
-0.38681042,-0.74139285,-0.67132473
-0.57898545,-0.57953334,-1.127522
0.082858026,-0.88718987,0.19402122
-0.018714637,-0.7668865,-0.38938713
-0.1948357,-0.33733797,-1.5520496
-0.31852025,-0.12674284,-1.2879777
-0.3330708,-0.087440014,-0.6745577
-0.16618696,0.27817488,-0.7445426
0.18110406,0.46435642,0.007983208
-0.28003687,0.70054054,1.1619692
0.7054615,0.7066622,1.0560217
0.7981981,-0.0600605,2.7344103
0.5674848,-0.5895169,1.9189825
0.48016757,-0.44515204,-1.2849507
-0.003364861,-0.6767957,-1.5278344
-0.08393031,-0.82496524,-0.8290019
-0.16940007,-0.621856,-0.975966
0.019058287,-0.2649107,-1.6438327
-0.08508125,-0.098863125,-1.4700427
0.14494675,0.10042286,-1.1192403
0.07053688,0.39669704,-0.9364395
0.007788897,0.23924112,0.18669891
-0.10796704,0.43562698,0.79540634
-0.07387714,-0.21355629,4.840658
-0.28763074,-1.1831884,3.9872875
-0.26528433,-0.5778532,-1.8140097
-0.4385205,-0.6335685,-1.4122572
-0.03530169,-1.1693163,-0.1740923
-0.062711895,-1.1508932,0.009602547
-0.386141,-1.0576942,-0.7706642
-0.21625537,-0.81609154,-1.4806237
-0.49082026,-0.95819736,-1.1534834
-0.20789105,-0.5218725,-0.51707363
0.2948335,-0.45484924,0.581419
-0.07862723,-0.01223135,0.8617258
0.3894388,-0.10207605,0.07909012
0.30999655,-1.2631865,1.9499454
0.5662072,-0.7873142,1.2096176
0.29473516,-0.34060597,-0.16031742
0.5046735,-0.70280147,0.13212109
0.1319993,0.02191639,1.8551598
0.81100416,0.32152224,1.7693243
0.067743376,0.56726456,1.5909424
-0.6521144,-1.3429968,4.3955126
-0.37368113,-1.4193835,1.4852486
-0.58072835,-1.244952,-1.1354852
-0.517018,-1.5902252,-0.055553436
-0.3553639,-1.5492153,0.19104671
-0.34836447,-1.1148,-1.0744691
-0.22609548,-0.758831,-1.0157228
-0.387578,-0.73399925,-1.1761179
-0.33504146,-0.26864195,-1.1389861
0.024182692,-0.03708315,-0.27656364
-0.2923422,-0.31275082,0.9250145
-0.43332085,0.22371721,0.21620464
0.41304794,-0.5183139,1.6740341
0.709246,-1.0849195,3.5553112
0.48447362,-0.5591283,-0.17371273
0.5632498,-0.47588325,-0.16361141
0.57145166,-0.62396884,0.26071453
0.03913878,-0.46522093,-1.0321226
0.22180781,-0.32452345,-1.4464965
0.14075887,-0.19094515,-1.3432875
0.09078268,-0.18875599,-0.9648595
-0.02751717,0.1649766,-0.8177004
-0.11396986,0.2670784,0.6575737
-0.68392146,0.7141371,0.45779228
-0.47299635,0.361938,1.356143
-1.1891416,-2.0112562,3.5929842
-0.64298135,-0.8182254,-2.5859818
-0.3658415,-0.7270024,-1.1852055
0.12891814,-0.878767,0.43521404
-0.17359519,-0.43953466,-1.010076
-0.232649,-0.10781336,-1.6793566
-0.3609838,-0.10734367,-0.54802704
-0.4880467,0.20667315,-0.59870625
0.13851088,0.60571146,0.16038895
0.22802141,0.5207963,0.9681864
0.7674525,0.4015379,0.8983145
0.99415785,-0.53282404,2.6566362
0.666327,-0.5011542,0.6654825
0.40917534,-0.376585,-1.9614692
0.22082162,-0.647176,-0.9565344
0.26188457,-0.67362976,-0.56758595
-0.14666831,-0.5405848,-1.0251002
-0.20553266,-0.3770175,-1.7063408
-0.14689037,0.04394102,-1.0825844
0.2719819,0.25176334,-0.44404125
-0.008798063,0.51600313,-0.55293655
0.3156007,0.46366262,0.7088547
-0.22460276,0.65243244,0.8772402
0.22911185,0.2954464,0.85844994
-0.3018868,-1.2804763,4.599145
-0.24036199,-0.67710376,-1.0615563
-0.7228063,-0.72662425,-1.6724825
-0.27767792,-0.86469245,0.33266544
-0.34838644,-0.48256516,-1.0175643
-0.187921,-0.15956926,-1.6833644
-0.016752988,-0.213768,-1.4944816
-0.075204134,-0.23775816,-1.0547919
0.28142375,0.2535305,-0.3991785
0.4194649,0.24729681,0.33321762
0.7534267,0.68262434,0.5861969
1.2047966,0.8756285,1.8796759
1.2886441,-0.35104465,2.9497986
1.1304243,-0.3782127,-0.7878609
0.5867904,-0.45236325,-2.2099066
4.57E-04,-0.73084855,-1.0633378
-0.24894917,-0.49725246,-0.24018192
-0.1543304,-0.22590256,-1.3769579
0.011931241,0.1459117,-1.3789725
-0.18732625,0.22902298,-1.0197892
-0.47580993,0.32605743,-0.672637
-0.28075543,0.7243123,-0.8525772
-0.1793938,0.77814674,1.1985073
0.11557096,0.6825113,1.9118681
-0.30147588,-0.74987507,3.8952065
-0.084218875,-0.7624743,1.028182
-0.20637992,-0.5448859,-2.4008331
-0.35791713,-0.86998224,-0.69344807
-0.22841954,-0.91072655,-0.4882965
-0.3761448,-0.6153419,-0.72059345
-0.13705605,-0.34477806,-1.0822935
-0.14470664,-0.16390991,-1.5892339
-0.20221987,-0.13288736,-1.0833602
0.028696835,0.32247496,-0.24777031
0.2738812,0.30921125,1.048727
0.68656313,0.59071636,0.8134804
0.84634954,0.7078347,1.5391445
0.43498868,-0.15140438,2.6988516
0.46378452,-0.14126682,-0.37152576
0.2682147,-0.29125977,-1.6094046
-0.26485497,-0.8823285,-0.9641528
-0.29751033,-0.76919365,-0.9919934
-0.117780626,-0.33965206,-2.0126672
0.07768947,-0.097147465,-1.274929
0.14024556,0.04792881,-1.1288328
-0.037231475,0.47315407,-0.8462863
0.40528733,0.6038785,0.06345463
0.017196506,0.553473,0.23201847
0.09681049,0.5995569,0.56004524
-0.44750485,-1.253391,5.054528
-0.6946404,-1.1067748,1.1046104
-0.6601564,-0.36899137,-2.483344
-0.59542286,-0.7794359,-0.3481655
-0.076744795,-0.9757607,-0.4054947
-0.20106027,-0.8617394,-0.001693726
-0.30444202,-0.38629484,-1.5811338
-0.3571936,-0.30329037,-1.4603786
-0.4879995,-0.16582298,-0.5925188
-0.21281105,0.14496374,-0.65142584
0.007667482,0.11735964,0.88931274
-0.0996843,0.8611975,0.49320507
0.23338187,0.63793945,1.7709446
0.9271423,-0.44467688,3.6191292
0.6476373,-0.5165372,0.8190632
0.52573097,-0.7066827,-1.5770688
0.12368637,-1.0897398,-0.9868274
0.001312077,-0.80264807,-0.9246392
0.046002924,-0.5160575,-1.0223837
0.4098345,0.13659382,1.4825697
0.09682379,0.89692926,1.5693655
0.21377501,1.0341511,0.57093143
-0.52112406,-1.8501377,5.0766773
-0.32645267,-2.1404474,1.2728376
-0.19414684,-1.2730331,-1.1926007
-0.1883052,-1.5774941,0.10154629
0.055706475,-1.29216,-0.45942068
-0.26454616,-0.6959977,-1.4248285
-0.2196463,-0.2685237,-1.4916339
-0.43731782,-0.3305149,-0.9237976
-0.5038316,-0.21744299,-0.20203781
-0.011873618,0.06442928,-0.32362175
-0.13695428,0.114495754,0.25953388
-0.17220366,0.5866575,0.8064871
0.6988268,-0.051958084,0.51442623
0.9392203,-0.92463684,2.4295216
0.4876037,-0.63406324,1.6146717
0.45905912,-0.56524277,-0.07807636
0.3639141,-0.69047904,-0.43486595
-0.060994342,-0.82401943,-0.26991653
-0.04933256,-0.5429511,-1.2390542
0.09388438,-0.16440392,-1.8867426
-0.019377925,-0.17630816,-1.4043984
-0.024641104,-0.24561405,-0.6278057
0.13934001,0.24146605,-0.57765865
0.26822308,0.003517151,1.9163523
-0.33013034,0.27425003,0.5275984
-0.19282418,-0.5951235,1.1516705
-0.061526924,-1.8089173,3.2725697
0.21034378,-0.8503878,-1.5007844
0.38749063,-0.79952145,-0.07793903
0.36546028,-0.71012306,-0.4952097
0.46162945,-0.31488037,-0.98613834
0.2220568,-0.02017498,-1.3705654
-0.17921114,0.104320526,-1.1074758
-0.328563,0.12908554,-0.49963188
0.059167817,0.4700675,-0.4745493
-0.4094186,0.19754314,0.2682619
-0.6788387,0.8153577,0.3723812
-0.10186778,-0.3519888,2.4899101
0.937503,-0.6115544,1.5598145
0.6676826,-0.2823429,-0.7671194
0.73607355,-0.40624523,-1.0422468
0.27793536,-0.7163415,-0.41171646
0.09438334,-0.72275925,-0.26399708
-0.117574535,-0.46843505,-1.0142584
-0.15190087,-0.15517998,-1.332758
0.14559463,0.0604949,-0.96396685
0.43761966,0.1827178,-0.4566307
-0.01358816,0.25563145,-0.18328571
-0.06626104,0.42480755,2.2419586
-0.21684705,0.59103346,0.16909885
0.008652672,-0.910537,3.458272
-1.3095006,-1.8588223,2.6184711
-0.31033897,-0.9621513,-1.9540129
-0.20472865,-0.8560269,-1.2451653
0.31492427,-0.5642004,-0.7838793
0.13787645,-0.2994113,-0.6559887
0.02032777,0.10657358,-1.1822276
-0.35114136,0.049634933,-1.2500024
-0.27304822,0.16715145,-0.99354506
0.033728667,0.40235853,-0.5715208
0.10619894,0.16435099,1.5861568
0.17735294,0.4406495,0.84666157
1.046826,-0.036808968,2.4457035
0.1015498,-0.7807176,1.8612604
0.84266084,-0.31832838,-1.1389623
0.66310275,-0.22323275,-1.1876292
0.34155646,-0.7872262,-0.36925793
0.0843617,-0.6444843,-0.92271996
0.20227213,-0.38147068,-1.2251472
0.18300395,-0.036061287,-1.6671181
0.30565643,0.003279686,-0.40549088
0.25841638,0.21751738,-0.27988625
0.103873044,0.26572847,0.95222855
-0.31520876,0.50113726,0.7138243
-0.488508,-0.61153173,1.338026
-0.43803844,-1.5313122,2.4658566
-0.1942904,-0.62837267,-1.5850511
-0.25760525,-0.5994415,-1.1342115
0.346226,-0.6562326,-0.2960434
0.04194624,-0.42058134,-0.79571915
0.018121421,-0.06657791,-1.0360456
-0.15885624,-0.13393736,-0.93523836
-0.33536255,0.053652763,-0.68687534
2.48E-04,0.30510712,-0.49625874
0.025365628,0.26996708,0.2223568
-0.47913635,1.0473337,0.9361
0.64474136,0.502059,1.3772974
0.69605595,-0.39129615,2.0795355
0.4024104,-0.2835214,0.53769875
0.23028213,-0.31204176,-1.1314807
-0.035500057,-0.66834784,-0.80379105
0.20801806,-0.65619016,-0.49251938
-0.065903164,-0.35696316,-1.2240186
0.021276306,-0.1615839,-1.3072429
0.34026286,0.192307,-0.9559498
-0.07235147,0.25309896,-0.7200599
0.18310273,0.45080185,-0.11681843
0.44997016,0.4642706,0.5774298
0.14957075,0.4232049,0.96707726
-0.40959185,-0.60766315,2.3012676
-0.49142656,-1.2073741,1.7910328
-0.25436643,-0.88590527,-1.0963302
-0.38891783,-0.8403473,-1.1150169
-0.16347164,-1.0487368,-1.1793966
0.014612541,-0.7622354,-0.9268222
0.06521759,-0.21790838,-1.4165306
0.015228841,-0.16816854,-0.9285631
-0.010716332,-0.015120506,-0.8639412
0.13621756,0.19268894,-0.55066586
0.3153656,-0.01819992,0.68574333
-0.26956937,0.53468037,0.76052666
0.25559163,0.3325119,1.199255
0.53008604,-0.49263048,2.642414
0.15906698,-0.30518675,1.6560926
0.06465033,-0.28991747,-1.3334465
-0.07827149,-0.7758939,-0.6342974
0.19921383,-0.7044306,-0.27063084
0.3481815,-1.3163404,1.2965527
0.11855054,-1.3599939,1.3143978
0.091012985,-1.3764052,1.3230495
0.14301205,-1.4378414,1.3574057
0.052452948,-1.3009362,1.2821131
0.0936445,-1.0801177,1.1680994
0.06288535,-1.1091256,1.1824989
0.03961568,-1.0335011,1.1445808
0.09434505,-0.978014,1.1176367
0.15871355,-0.9810643,1.1199093
0.27087095,-0.9383383,1.1016893
0.35336927,-0.946651,1.1084347
0.39979056,-0.99287033,1.1327953
0.38448316,-1.0721464,1.171401
0.36351562,-1.0926032,1.1808262
0.45072952,-1.1074014,1.1921654
0.5063261,-1.0394778,1.1610346
0.4609189,-0.8546977,1.0693169
0.35236967,-0.83211946,1.0539904
0.27373898,-0.8743448,1.0712299
0.2159346,-0.90761995,1.0855646
0.18102935,-0.9396367,1.1002121
0.16672012,-0.9887676,1.1237984
0.17299262,-1.0166245,1.1375713
0.16549757,-1.0311394,1.1446085
0.15646732,-1.0450463,1.1513538
0.16285774,-1.0981812,1.1780434
0.16363588,-1.1991992,1.2297201
0.19732085,-1.3238864,1.296175
0.3424927,-1.4877667,1.3904886
0.24931753,-1.3259873,1.2985296
0.21839142,-1.3083887,1.2883253
0.12742724,-1.3128452,1.289093
0.11718919,-1.2555423,1.2585316
0.1196821,-1.2257705,1.2429342
0.09680187,-1.2419963,1.2511997
0.052324135,-1.2894468,1.2759895
0.055420276,-1.3598809,1.3138399
0.06977379,-1.49261,1.3872461
0.08340733,-1.614214,1.4569044
0.11496537,-1.6502881,1.4782896
0.16212079,-1.6544051,1.4813747
0.06875761,-1.4739852,1.3767872
0.065470695,-1.1295228,1.1928558
0.12183073,-1.1060338,1.1814299
0.04470774,-1.1270313,1.1915035
0.014996933,-1.1234951,1.1896706
-0.003050035,-1.129713,1.1928587
0.008988193,-1.1611013,1.2088709
-0.002156155,-1.225493,1.2422342
-0.007222937,-1.3024616,1.2829046
0.005290655,-1.3926072,1.3316088
-0.008410977,-1.4501095,1.3633671
-0.008812398,-1.3868175,1.328475
-0.095190704,-1.1058407,1.1814756
0.04903364,-0.9260273,1.0922356
0.19211444,-0.98066235,1.1203051
0.22448331,-0.9741297,1.1178179
0.19608629,-0.9371953,1.0993242
0.08247173,-0.85736036,1.0597925
0.04626542,-0.87288475,1.066926
-0.02488076,-0.8935981,1.0768089
-0.06382497,-0.93546486,1.0971098
-0.15572196,-0.983521,1.1217365
-0.16192755,-1.0107102,1.1351795
-0.113408215,-1.0786724,1.1680593
-0.1589565,-0.998765,1.1292562
-0.21632141,-0.82226944,1.0462666
-0.19726539,-0.85311127,1.0602074
-0.27495152,-0.95337486,1.110259
-0.27904338,-0.9535661,1.1104879
-0.3075218,-0.94992447,1.1097364
-0.29395124,-0.9539485,1.1111908
-0.28780016,-0.9589925,1.1134167
-0.27743003,-0.94905996,1.1082554
-0.27854413,-0.95109606,1.1092768
-0.17584509,-0.9633255,1.1123333
-0.0687709,-0.97732735,1.1174212
0.062285267,-0.9554744,1.1064796
-0.0464719,-0.6318531,0.9572115
0.033932664,-0.5143354,0.9062147
0.08970022,-0.6155789,0.95011044
0.039383188,-0.6254368,0.95417595
0.008678324,-0.627645,0.9551296
8.11E-04,-0.6471667,0.9637413
-0.02606142,-0.70211124,0.9883156
-0.04682839,-0.77619076,1.022089
-0.046915263,-0.92107916,1.0900602
-0.064942285,-1.0536671,1.1549702
-0.08789573,-1.0544372,1.1556034
-0.058742918,-1.0359693,1.1461258
-0.095691055,-0.89617395,1.0786676
-0.08639168,-0.8211994,1.0432777
-0.07435594,-0.98038673,1.118969
-0.09617526,-1.0718598,1.1644039
-0.12072503,-1.1001434,1.1789703
-0.10377331,-1.124227,1.1909056
-0.08573891,-1.1508994,1.2042675
-0.11178214,-1.1868358,1.2231026
-0.15872669,-1.2286406,1.245676
-0.16997758,-1.3038454,1.2856693
-0.22616717,-1.3527026,1.313364
-0.11810448,-1.3468056,1.3077755
-0.0628022,-1.201241,1.2299662
-0.047941096,-0.96735907,1.1123905
0.037422042,-0.9599061,1.1085386
0.006101606,-0.93697786,1.0974579
-0.013942529,-0.8996439,1.0796375
-0.064287834,-0.90595865,1.0829773
-0.11363033,-0.9434519,1.1015654
-0.18765697,-0.9839797,1.1226511
-0.2641404,-1.0264478,1.1456366
-0.31083786,-1.1048217,1.1864357
-0.33115548,-1.1220031,1.1959324
-0.26582113,-1.1654744,1.2157669
-0.26063913,-1.1632471,1.2144547
-0.37066558,-0.92544794,1.1005049
-0.4629667,-0.7812519,1.0372257
-0.5392636,-0.8518295,1.0745497
-0.5753339,-0.80297184,1.0540695
0.3572317,-1.3429942,1.3112497
0.12475056,-1.4023552,1.3375874
0.10760508,-1.3807034,1.3255472
0.089158736,-1.3939476,1.3326159
0.11730741,-1.4364314,1.3562908
0.14863208,-1.528326,1.4082737
0.17716509,-1.6773424,1.4951725
0.10963307,-1.8098626,1.5740051
0.037165366,-1.918406,1.6410599
-0.01770283,-1.9623103,1.6690016
0.004093845,-1.951644,1.6621294
-0.027009733,-1.8107781,1.5742025
-0.021874707,-1.5509553,1.4202852
-0.005239947,-1.5276265,1.4069271
-0.001794482,-1.5333185,1.4101553
-0.031063978,-1.4856043,1.3833065
-0.007485826,-1.4345798,1.3547468
0.029949587,-1.3906221,1.3305168
0.092166394,-1.3515525,1.3095598
0.11912352,-1.3638749,1.3165112
0.1119846,-1.4065533,1.3397474
0.055348087,-1.4794583,1.3797855
0.034518793,-1.480824,1.3804884
0.060421444,-1.4803319,1.3802986
0.040551938,-1.44385,1.3598709
-0.023794279,-1.258596,1.2596941
-0.01140899,-1.1386247,1.197423
-0.047035895,-1.114862,1.1855431
-0.1001175,-1.0767298,1.1668949
-0.13649243,-1.1041403,1.1812544
-0.096793465,-1.1572981,1.2076845
-0.09466668,-1.2058835,1.2327356
-0.09123612,-1.3281331,1.2973242
-0.12756899,-1.453918,1.3666964
-0.19585416,-1.5640497,1.4304037
-0.1351327,-1.6004219,1.4500608
-0.085797295,-1.5743113,1.4342299
-0.13173327,-1.3969431,1.3352957
-0.080080524,-1.169416,1.2137012
-0.056190528,-1.2068577,1.2328234
-0.17353052,-1.1539097,1.2073078
-0.25564796,-1.0919232,1.1780243
-0.29597107,-1.0917506,1.1792946
-0.30953708,-1.1085443,1.1882715
-0.3547763,-1.1696873,1.2212973
-0.3822167,-1.2680364,1.2738695
-0.41999316,-1.3377404,1.3129673
-0.42413202,-1.3559456,1.3230324
-0.4532953,-1.2672329,1.277029
-0.46448565,-1.0821619,1.1821623
-0.41944912,-0.9815192,1.1299438
-0.46644497,-1.03761,1.1600208
-0.49720383,-1.0488305,1.1673555
-0.5361815,-1.0607481,1.175684
-0.5185278,-1.1012006,1.1949129
-0.48991704,-1.1549811,1.2205877
-0.46986252,-1.1744933,1.2294779
-0.4169009,-1.1895609,1.2344494
-0.3738374,-1.3091669,1.2953796
-0.34567675,-1.333395,1.3071613
-0.24908817,-1.2370863,1.2524195
-0.23896235,-0.9716625,1.1180038
-0.22604296,-0.7647362,1.0199661
-0.10195187,-0.8304329,1.0477781
-0.18718994,-0.8793969,1.0723667
-0.22096887,-0.8790288,1.0730419
-0.2314676,-0.8952451,1.0810299
-0.22607508,-0.91736746,1.0914364
-0.21600759,-0.9610424,1.1122055
-0.20235768,-1.0140615,1.1377525
-0.17219958,-1.1538806,1.2072611
-0.15138403,-1.2320738,1.2473259
-0.07552695,-1.2883463,1.2758598
-0.08743659,-1.2734146,1.2680731
-0.04859817,-1.0853462,1.1706676
-0.009076748,-1.0490451,1.1523132
-0.07386647,-1.0774007,1.166913
-0.11646307,-1.0835662,1.1705618
-0.18133724,-1.0771585,1.1685905
-0.18673313,-1.0776434,1.1689587
-0.17826617,-1.1318483,1.196147
-0.21408203,-1.2090383,1.2367601
-0.23868617,-1.285018,1.2774134
-0.25305328,-1.3828678,1.3305779
-0.25534812,-1.3970566,1.3384161
-0.1307523,-1.3778334,1.32483
-0.10682503,-1.1250963,1.191392
-0.04159677,-0.9020529,1.0809317
0.017809067,-0.97022104,1.1135254
-0.03498188,-1.0014181,1.1289206
-0.07858765,-0.9886675,1.1230564
-0.09719459,-0.99079704,1.1243219
-0.10865941,-1.059721,1.1585131
-0.123892926,-1.1121879,1.1851082
-0.15163404,-1.1713939,1.215827
-0.1952743,-1.2612524,1.2636395
-0.20093086,-1.2677736,1.2672281
-0.1556294,-1.2553921,1.2596569
-0.2605638,-1.0846758,1.1745338
-0.28963763,-0.8871341,1.0790138
-0.25452933,-0.90606785,1.0868692
-0.33010203,-1.0427275,1.1560755
-0.34877297,-1.1170516,1.1941423
-0.36498278,-1.1547403,1.2140617
-0.33356282,-1.215065,1.2439232
-0.33818305,-1.2856646,1.281292
-0.3453535,-1.3639197,1.3236666
-0.35249227,-1.4557967,1.3745527
-0.3545989,-1.5840168,1.4474001
-0.34668887,-1.6644945,1.494031
-0.24596596,-1.6718397,1.4946051
-0.20562035,-1.4917536,1.3895693
-0.23623687,-1.2556524,1.261796
-0.17753947,-1.2535453,1.2591543
-0.25089127,-1.3577642,1.3168459
-0.32565483,-1.3698287,1.3260708
-0.33719155,-1.3804617,1.3323364
-0.3239818,-1.4186482,1.3527594
-0.2536175,-1.4406476,1.3624048
-0.16970527,-1.4747486,1.3791542
0.3651435,-1.8353772,1.5963898
0.18386209,-1.9969063,1.6927605
-0.021082096,-2.122478,1.7735205
0.05269538,-2.126429,1.7761269
0.086435735,-2.0276637,1.711297
0.042164195,-1.8081441,1.5724926
0.0779476,-1.753696,1.5395432
-0.01156988,-1.7500391,1.5371828
-0.044125266,-1.6464128,1.475708
-0.020712826,-1.5894203,1.4423857
0.03925108,-1.5518122,1.420701
0.14056598,-1.514441,1.40028
0.17198053,-1.4941473,1.389328
0.15054712,-1.5148458,1.4006577
0.059514415,-1.5654612,1.4285917
-0.003455108,-1.569035,1.4305782
-0.048713766,-1.5147634,1.399868
-0.045996614,-1.3689895,1.3189573
-0.012491964,-1.2772789,1.2695227
0.022167701,-1.2601514,1.2604074
0.013569823,-1.2276196,1.2433233
-0.009479776,-1.1958222,1.2268171
-0.016897213,-1.1915016,1.2246084
-0.008345511,-1.2441845,1.2520456
-0.00649433,-1.2855043,1.2738695
-0.047505997,-1.3595839,1.3138618
-0.04574556,-1.4243231,1.3492775
-0.03437091,-1.4552989,1.3663788
0.009510903,-1.4385066,1.356885
0.045428164,-1.3818088,1.3257341
-0.078959554,-1.1029739,1.1798315
-0.040888768,-1.0410671,1.1485128
-0.108218975,-1.1059346,1.1817045
-0.17340776,-1.089704,1.1747131
-0.2014907,-1.0967011,1.1788988
-0.2149705,-1.1331735,1.1977282
-0.24114716,-1.1597266,1.2120447
-0.23830885,-1.1971226,1.2312527
-0.2630885,-1.283546,1.2773914
-0.32335138,-1.3673453,1.3246269
-0.31797817,-1.4216852,1.3541975
-0.3104406,-1.4381595,1.3630238
-0.29378524,-1.2928686,1.2834072
-0.30204716,-1.138186,1.2030506
-0.31807533,-1.1631055,1.2164145
-0.38539064,-1.1397824,1.2073307
-0.42385364,-1.1226616,1.2004766
-0.41424996,-1.1362648,1.2069216
-0.3858014,-1.1691518,1.2224102
-0.36251232,-1.191546,1.2329226
-0.3012122,-1.2324715,1.2517691
-0.23312151,-1.2962575,1.2832308
-0.19221419,-1.3435287,1.3075018
-0.10349662,-1.3596497,1.3145094
-0.123909734,-1.2188725,1.2399302
-0.23632586,-0.9968033,1.1301994
-0.21820304,-1.0033469,1.1329002
-0.3023343,-1.006762,1.13725
-0.35598072,-0.97726154,1.1249342
-0.3804064,-0.955945,1.1156502
-0.35667002,-0.9898386,1.1311035
-0.29919383,-1.0673256,1.1671562
-0.26701224,-1.2025223,1.234951
-0.26386225,-1.3258471,1.3000259
-0.23057184,-1.3942785,1.3361368
-0.16603345,-1.4551573,1.3681335
-0.22304407,-1.478858,1.3828039
-0.29456747,-1.3512034,1.3147697
-0.26117155,-1.2781649,1.2744713
-0.33491132,-1.3630295,1.3227472
-0.34052026,-1.3622303,1.322546
-0.37110257,-1.3907084,1.3394146
-0.36154696,-1.4330335,1.362299
-0.39854982,-1.5108376,1.4076023
-0.4256525,-1.5974164,1.45858
-0.3920146,-1.6629233,1.4951906
-0.3903335,-1.7109756,1.5236464
-0.29689154,-1.6775913,1.4997597
-0.24841332,-1.5962653,1.4504681
-0.28846097,-1.3683858,1.3238764
-0.18416634,-1.2740707,1.2701511
-0.19675225,-1.2838011,1.2756186
-0.20266208,-1.2249107,1.2447357
-0.1800833,-1.2033515,1.2329569
-0.1830306,-1.2052875,1.2340298
-0.18997633,-1.2278371,1.2459517
-0.21724138,-1.279088,1.2736511
-0.24769306,-1.3676605,1.3221216
-0.2948121,-1.3994708,1.3410902
-0.24904478,-1.4001708,1.3399248
-0.3580511,-1.2432299,1.259697
-0.37480348,-1.0791135,1.1761351
-0.42059478,-1.0707932,1.1741438
-0.49554074,-1.0690961,1.1773777
-0.52618444,-1.084547,1.1869879
-0.49517876,-1.1121578,1.1990519
-0.43999082,-1.1497035,1.215107
-0.44024423,-1.2380724,1.260953
-0.4096926,-1.3256621,1.3059416
-0.34353667,-1.4039397,1.3454638
-0.28693318,-1.4425344,1.3645782
-0.1895267,-1.4148083,1.3463211
-0.25688627,-1.1621213,1.2137585
-0.21211702,-0.9680996,1.1155281
-0.12596738,-1.0251179,1.141612
-0.18330708,-1.0628924,1.1615009
-0.22524157,-1.0518541,1.1570663
-0.24505278,-1.0335541,1.1485558
-0.20574951,-1.0461869,1.1537294
-0.19208282,-1.0962138,1.178422
-0.20704964,-1.1614413,1.2119722
-0.23002413,-1.2424726,1.2546797
-0.20326617,-1.2942419,1.2813387
-0.16765475,-1.3455768,1.3080425
-0.19987828,-1.3067937,1.2879515
-0.19695291,-1.120667,1.1909056
-0.15760246,-1.1697006,1.2150755
-0.20180252,-1.1695275,1.2159948
-0.24627602,-1.1079144,1.1858015
-0.3081459,-1.084651,1.1761703
-0.2847228,-1.0841618,1.1750813
-0.30460402,-1.1268888,1.1973896
-0.30632776,-1.1800852,1.2247143
-0.29778498,-1.2358384,1.2534075
-0.30353552,-1.2798796,1.2768564
-0.22449732,-1.3155222,1.2932816
-0.17448255,-1.2457967,1.2550087
-0.2888988,-0.9674454,1.1175566
-0.20503771,-0.9280634,1.0960064
-0.22440365,-0.95101786,1.1075792
-0.18003494,-0.931643,1.0971279
-0.17789647,-0.9384594,1.100359
-0.16717866,-0.9407501,1.1012287
-0.13708046,-0.9770255,1.1182203
-0.11498334,-1.0376487,1.1476364
-0.09360884,-1.134489,1.1959896
-0.0671867,-1.2360072,1.2481403
-0.028964229,-1.2829237,1.2725954
-0.04558876,-1.2708874,1.2663212
-0.115935676,-0.9946265,1.1264629
-0.011209814,-0.83664036,1.0499048
-0.03496274,-0.9659343,1.1116095
-0.0772998,-1.0166512,1.1367693
-0.12858358,-1.0404239,1.149231
-0.13753727,-1.047236,1.1527672
-0.1204023,-1.0458503,1.1517887
-0.1573267,-1.0373588,1.148241
-0.2010276,-1.0528078,1.1569004
-0.22267377,-1.0905643,1.1763668
-0.26004884,-1.1878209,1.2271042
-0.250254,-1.2361054,1.2519426
-0.2560399,-1.2592425,1.2642946
-0.2801096,-1.0455508,1.155632
-0.21833253,-1.0084758,1.1354227
-0.18399858,-1.1143785,1.1874084
-0.1764141,-1.1547647,1.2078085
-0.1492343,-1.142518,1.2009773
-0.09260975,-1.153511,1.2056904
-0.06259704,-1.1711378,1.214406
-0.022153527,-1.18044,1.218915
-0.21284755,-0.1510005,-0.14229298
1.1249248,0.5912266,-0.8795147
0.60264313,0.36043358,0.81684685
0.48966518,0.43266296,0.8897524
-0.07978326,0.49839163,0.68525314
-0.5774012,-0.42690277,2.9630594
-0.34923872,-0.85142946,1.889844
-1.1174674,-1.0639329,0.45720482
-0.7021756,-1.001977,-0.16107082
-0.5766971,-1.1788714,-0.14160919
-0.39970148,-0.8689809,-1.0156093
-0.5024923,-0.53240967,-1.5969954
-0.44667304,-0.6057415,-1.0858989
-0.64079666,-0.5442939,-1.243001
-0.006034382,0.012819767,-0.66570234
-0.22174382,0.165555,-0.36226702
-0.34560078,0.15339088,0.16439342
1.0990925,0.07834816,1.5507212
0.5557411,-0.41126347,2.7391052
1.3851378,-0.50256205,3.34262
0.9744664,-0.67775464,0.6904564
0.4860863,-0.7971184,-1.1447902
0.47703168,-0.9439907,-0.37307167
-0.03928125,-0.83040977,-1.2250195
0.15399313,-0.281816,-1.4933968
-0.034785047,-0.26302862,-1.0257483
-0.10764614,-0.16594267,-0.8104124
-0.2700598,0.15218401,-0.38570213
0.29571825,0.33672,0.78992367
-0.87265086,0.31882572,0.1465807
-0.28880435,0.19610405,-0.3509698
-0.23171541,-1.3068807,3.5987434
-0.73377186,-1.3534992,0.26982117
0.36670408,-0.5464015,-0.73676205
-0.4883651,-1.036263,-0.373868
0.41206706,-0.48171234,-1.0250878
-0.34543568,-0.41715574,-0.31756592
-0.32053462,-0.009674072,-1.2175956
-0.30581763,0.090317726,-0.8722253
0.30013895,0.6771798,-0.7703428
0.1292846,0.64537954,0.2877655
0.7345127,0.91643333,0.8679552
0.41695958,-0.42191792,4.746171
0.49133405,-0.33297825,2.6956615
1.2665809,-0.027998924,-0.9025378
0.4899368,-0.9212978,-0.75517654
0.18295419,-0.82564926,-1.968843
-0.030496985,-0.6203351,-2.0741878
0.002807975,-0.3802209,-2.0434318
0.32954785,0.02035284,-1.8274674
0.026627898,0.08192778,-1.1644683
-0.33303252,0.3400197,-0.49621773
-0.21757703,0.33709717,1.1355648
-0.43005103,0.74494314,1.4261808
-0.26536864,0.082847595,2.8761015
-1.7090673,-1.7156255,4.1755457
0.019023411,-0.5106783,-1.1861067
-0.47642764,-0.724365,-0.5424633
-0.016268924,-0.8221972,-0.7370453
-0.26827195,-0.6766963,-1.0671353
-0.17648104,-0.38757515,-1.0830398
0.008849882,-0.111358166,-1.3465767
-0.26829812,-0.006103993,-1.022954
0.41585967,0.5817833,-0.8292484
0.1351577,0.44777584,0.6933098
0.64769995,0.79139185,1.0757856
0.66157246,0.63549423,2.3971415
0.14829957,-0.26090193,2.8029137
0.6092372,-0.2613492,-1.0044928
-0.07419285,-0.61637497,-1.7203598
-0.1764907,-0.81523275,-1.0185418
-0.08404231,-0.6433077,-1.0431962
-0.055437893,-0.43942165,-1.6019931
0.21251076,-0.108649254,-1.4557924
-0.005145818,-0.044227123,-0.94812536
0.13795951,0.37048578,-0.7629056
0.44485667,0.3785677,0.802618
0.45738003,0.56773186,0.93897057
-0.10787095,0.010685444,3.2675762
-0.9401397,-1.1428237,3.3851423
0.00800693,-0.5382676,-1.3941464
-0.18723017,-0.8581939,-0.32120132
-0.1890479,-0.776752,-0.7223077
-0.42751238,-0.60202646,-1.2981744
-0.64443517,-0.4679532,-1.2580595
-0.25623527,-0.2738967,-1.3829398
-0.27645642,-0.17515135,-0.7994528
0.37502143,0.29170513,-0.754138
0.10620871,0.2477026,1.4538851
1.3818749,0.7346411,1.6290951
0.662771,0.06659937,3.076129
0.5626558,-0.26383686,3.14927
0.9362334,-0.21863794,-1.4082513
0.13499418,-0.90535593,-1.7382298
-0.018641055,-1.0330563,-1.1321635
0.1750735,-0.86159897,-1.3051949
0.19349495,-0.64840126,-1.7521329
0.27869877,-0.5116415,-2.1272774
0.060791597,-0.3159647,-1.5073009
0.16107583,0.007452965,-1.086935
0.052027777,0.12440395,0.66790867
-0.13488449,0.67707443,1.6249971
0.1268381,0.7751503,3.8983536
-1.0474733,-0.7705829,5.068595
-0.36885834,-0.59242153,0.26091003
-0.48062575,-0.66974163,-1.1437769
-0.09565327,-1.0653753,-0.41563034
0.020531043,-0.9353459,-0.8171954
-0.15500155,-0.78033495,-0.60584307
-0.21775188,-0.48511457,-1.2462282
-0.35791963,-0.49443913,-1.3811021
-0.23719679,-0.38609362,-1.6296692
-0.33992842,-0.6451378,-0.79713297
-0.32602873,-0.43457794,-0.16216564
0.48561066,0.30424166,-0.023467064
0.97126305,0.6869426,3.1380339
0.6378059,-0.016478539,6.7587337
1.2956948,-0.034734726,0.32088757
0.5195596,-0.5394831,-1.2812157
0.04882425,-1.0987849,-0.48651314
0.5610263,0.6199918,0.22197056
0.45291382,0.44517994,0.34889603
-0.5365732,0.61706877,1.6886463
0.12232663,0.1427927,2.388301
-0.3114242,-0.97872925,3.2157726
-0.024258316,-1.3509231,0.72328186
-0.55132824,-1.7823067,-0.11550808
-0.25471923,-1.8738384,0.2642784
-0.35337996,-1.4391804,-0.72158
-0.36062223,-1.1495707,-1.0235486
-0.19769299,-0.98323107,-0.84635544
-0.30536264,-0.77315426,-1.2189384
-0.3148308,-0.43752432,-0.8302164
-0.03621646,-0.13585186,-0.81872225
-0.25797534,-0.16152573,0.07920647
-0.33763227,0.65510845,1.6619015
0.13230683,0.45134974,2.032755
0.11616796,-0.42954063,3.420597
0.5863375,-0.3570404,0.9459133
0.1732795,-0.52385235,-0.79792786
0.19167934,-0.8154807,-1.2811966
-0.037250414,-0.86291265,-0.9455075
0.12594372,-0.6578584,-1.6594448
0.22574507,-0.43057442,-2.143742
0.19445539,-0.3347993,-1.3427463
0.09811164,-0.1500597,-1.2382379
-0.10523382,0.23711777,-0.48035145
-0.28198713,0.7464194,0.79301643
-0.31095162,-0.2826872,1.9807138
-0.57670754,-1.4029315,4.407235
-0.52487785,-1.145411,1.0581217
-0.14950609,-0.76498365,-0.3520975
-0.3275055,-0.92187357,0.13907433
-0.16737354,-0.68298626,-0.8934841
-0.42020798,-0.43931484,-0.8519721
-0.42826077,-0.35086012,-1.2029324
-0.25070298,-0.30697823,-1.3689752
-0.31478077,-0.049165726,-0.68919754
0.1027724,0.0782156,-0.2450695
-0.32298788,0.25687933,1.3650227
0.84068364,0.47731113,1.114686
0.7099229,-0.7924967,3.493925
0.052793145,-0.5800054,1.7825775
0.78155893,-0.15448141,-1.6262331
0.41278237,-0.5159874,-1.3268938
0.3488465,-0.5252404,-0.7922139
0.033326954,-0.38635063,-1.4911523
0.18381321,-0.22725725,-1.3313885
0.24663968,-0.04784918,-1.1041517
-0.05099632,0.076909065,-0.97104645
0.22564372,0.3025236,-0.75780773
-0.18315548,0.55030537,0.96118736
0.023512028,0.5394354,1.3419743
-1.1801131,-0.75330234,3.5950365
-1.276587,-0.88231874,1.7479038
-0.54746705,-0.36204123,-1.2984791
-0.809029,-0.697927,-0.40196037
-0.4230624,-0.7097528,-1.0846543
-0.45076934,-0.58663607,-1.1793327
-0.34939992,-0.39352798,-1.550993
-0.33824682,-0.37788868,-1.7089658
-0.08596359,-0.05901766,0.1431284
0.19620676,0.24464369,0.5839548
1.04995,0.8179946,1.51266
1.3201431,0.70978975,1.5849533
0.672023,-0.7266917,4.552622
0.19980568,-0.58128357,0.79926777
0.76194596,-0.17104316,-1.7894025
0.25206938,-0.68411016,-0.9057269
0.189843,-0.48235297,-1.4567065
-0.24210131,-0.3329997,-1.8520231
0.18645334,-0.07659531,-1.5256062
0.13114983,0.08318472,-0.9928589
-0.018501565,0.23073483,-1.024353
0.23978966,0.43915224,-0.3971653
0.09454949,0.25934076,1.2313643
-0.17861381,0.6651249,0.934289
-0.3773536,-0.19214582,2.8431873
-0.6509251,-0.95796585,2.549447
-0.07515863,-0.6221006,-0.5562668
-0.35466772,-0.890774,-0.292984
-0.36622316,-0.91020465,-0.8104825
-0.33212942,-0.46226645,-1.5050569
-0.49923664,-0.35151482,-1.6916056
-0.18726942,-0.12654877,-1.447391
-0.09838094,0.07732773,-0.69092274
0.106787026,0.40080357,-0.21462822
0.19935527,0.6712289,0.9252043
0.69594955,0.75823545,1.2091932
0.44893914,-0.3567624,3.2012386
-0.045707345,-0.6188469,1.8937426
0.6914857,-0.15126276,-2.0640159
-0.09260938,-0.60908556,-1.5976853
-0.08036482,-0.8266251,-0.82230234
-0.13391258,-0.5894003,-0.7158809
-0.08732195,-0.17470884,-1.3892813
-0.079502575,-0.08784771,-0.99175024
-0.39330053,-0.0318408,-0.65898514
-0.03597593,0.080859184,0.17692375
-0.14426227,0.47706127,1.958355
-0.461177,0.5862489,0.44259453
-0.9002512,-0.56901336,2.8600626
-1.0650551,-0.8870864,1.0560999
-0.4849512,-0.40085483,-1.7466464
-0.32350028,-0.7056174,-0.121850014
-0.39730692,-0.7793436,-0.5958805
-0.57812697,-0.5192976,-1.1666198
-0.37795553,-0.19946146,-1.6693015
-0.41981608,-0.12828302,-1.2478371
-0.12834048,0.30075645,-0.6486826
0.28442675,0.49321604,-0.2507906
0.28918827,0.6144414,1.6484871
0.6442281,0.7120018,0.80183697
0.7350063,-0.007430077,2.963107
0.089740336,-0.5433154,3.3572254
0.8194543,-0.33935285,-0.9047189
0.329552,-0.4848032,-2.021459
0.11559498,-0.71559095,-1.5552034
0.2610656,-0.44649887,-1.4522414
0.17126133,-0.10580397,-2.1223292
-0.039100498,0.42025185,1.0235624
1.3941554,0.7234931,0.7444744
0.32680285,0.60101557,0.32959366
-0.14504041,-0.71507597,3.5536003
-1.3753029,-1.6584172,3.4230785
-0.15784085,-0.7557421,-1.4570513
-0.8249819,-1.1160803,-0.6615639
-0.08501738,-1.2645214,0.96086025
-0.85772395,-0.92859507,-0.56272936
-0.3349778,-0.47005415,-0.67764807
-0.3883003,-0.44146156,-0.9655824
-0.2677635,-0.40098858,-0.9358549
0.16831191,0.035396576,-0.9174876
0.1563238,0.06297207,-0.45825577
0.16842136,0.27258205,0.9431324
1.6806132,0.16941547,0.8010254
0.5978335,-0.7872181,1.9835253
0.29267237,-0.7829163,2.6594124
0.24123996,-0.66203046,0.07987785
0.11681911,-0.85067916,-0.6958623
0.33181503,-0.83811474,-0.49788475
-0.42086607,-0.8845277,-1.0044775
-0.049031377,-0.3362875,-1.1549716
0.077573806,-0.13210535,-1.2808843
-0.16015884,-0.020486832,-0.6502881
0.20986304,0.32483578,-0.2524519
0.097886086,0.33756733,1.0225134
0.72603846,0.42175913,0.5083008
-0.10938261,-0.42976665,2.647212
-0.3603112,-1.0880542,2.831441
-0.03936032,-0.65420365,-1.2678466
0.053456794,-0.68068504,-0.9777279
-0.35654265,-0.7790513,-0.6175709
-0.33776596,-0.5149102,-0.8298855
-0.20394555,-0.30316782,-1.0165119
-0.11857583,-0.2402811,-1.1804833
0.08942002,-0.050341606,-0.5143404
0.38567638,0.07921505,-0.11072731
0.55576193,0.5813489,0.6243
0.6074671,0.14701128,2.735303
0.48582822,-0.45210838,2.636485
0.7934308,-0.108879566,-0.84998083
1.1639053,-0.109007835,-1.451036
0.39389455,-0.62465763,-1.2365961
0.10384676,-0.6586685,-0.5108881
-0.10400282,-0.26761532,-0.9375448
-0.03599727,0.10823727,-1.3689628
0.075652555,0.25312948,-0.88052464
0.1310949,0.34259415,-0.6389103
0.2963789,0.23146534,0.46348763
0.081659764,0.42493296,1.3782873
-0.08369981,0.25962448,0.9033575
-0.4742306,-0.5661135,2.5283031
-0.5090071,-0.7130842,-0.0304842
-0.35575646,-0.42266655,-1.9774075
-0.5126326,-0.69695735,-0.1085701
-0.5553801,-0.53494644,-1.4174995
-0.5915487,-0.47511005,-0.65421724
-0.3994579,-0.2810769,-1.3099418
-0.3160618,-0.32019854,-0.6995883
-0.20509493,-0.008289337,-0.45009327
0.15764877,0.29297543,0.6538563
0.002427373,0.31220675,0.9294939
0.23699579,-0.050826073,1.5943108
-1.1443039,-0.64181185,3.0300064
0.49260116,0.094050884,-0.5385771
-0.04483334,-0.41555786,-0.48820972
0.39540377,-0.43146896,-0.52523804
0.28327948,-0.2861457,-1.2566891
0.6727901,-0.111178875,-1.0814838
0.7517384,-0.030265331,-0.81087303
0.23708063,0.15793657,-0.8599992
0.6088925,0.26368475,0.23596287
0.023141146,0.20421362,1.1728344
-0.46428642,0.34363747,0.07938957
0.34820232,-0.46375275,2.287675
-1.5760081,-1.443677,2.5688334
-0.04811609,-0.34573364,-2.096189
-0.24483013,-0.76393795,0.010297775
-0.20037834,-0.4028535,-1.5379896
-0.35926622,-0.10762024,-1.2079291
-0.527322,0.11368704,-1.6796174
-0.6215683,-0.14580202,-0.52745056
-0.10115524,0.29175615,-0.32705784
0.034769356,0.45821953,0.30142307
0.6283943,0.82536983,0.0646677
0.7013519,-0.1923008,2.089095
-0.4015225,-0.7099049,4.3541527
0.20701852,-0.017863274,-1.6032019
-0.6225609,-0.61389494,-0.7994008
-0.17153263,-0.6501851,-0.7087555
-0.27876887,-0.5236974,-0.8020406
-0.23959056,-0.54197407,-1.343452
0.08552709,-0.19039106,-1.0212617
-0.03626935,0.07444668,-0.9150276
0.05038002,0.28102303,-0.048628807
-0.11980587,0.17856598,1.1689081
-0.10754874,0.358181,-0.2661867
0.050835572,-0.3957572,1.5646191
-0.4386327,-0.827862,2.568654
0.13216968,-0.25736952,-1.3607392
-0.4226846,-0.8099222,-0.6285982
-0.20696723,-0.737808,-1.1419945
-0.1268216,-0.45581388,-1.0707216
-0.41209424,-0.41026258,-1.0470738
-0.005521834,-0.1743927,-1.2982907
0.28483498,0.23547077,-0.6650038
0.60691106,0.40244865,1.0224638
1.2987992,0.19879007,0.93249416
0.70577496,-0.2648449,4.877636
1.116215,0.30804062,1.148138
1.1655701,-0.030880928,-1.0008335
0.8283214,-0.46637964,-0.4216385
0.6831303,-0.3115654,-1.4032493
0.16171908,-0.39153242,-1.8287239
0.5985191,-0.27662802,-2.4368172
0.12538353,-0.37931633,-1.8875256
0.31910163,-0.089250565,-1.802743
0.07742563,0.12612104,-1.6898127
0.059875503,0.57508945,1.8625603
-0.043055594,0.3977599,0.22133541
1.0160238,0.48639107,0.7673912
0.16770056,0.28735065,1.0778046
0.43643966,0.31556034,1.3953867
-0.8303422,-1.714031,3.7828054
-0.2837904,-1.2521842,0.46261406
-0.5417719,-1.0945377,-1.6357574
-0.43732637,-1.5272136,0.06531048
-0.49613976,-1.301799,0.099121094
-0.23004195,-0.5561247,-1.4744711
-0.43119356,-0.56997585,-0.8382931
-0.35020965,-0.586606,-0.7352829
-0.42327827,-0.28978157,-0.895731
-0.10076215,-0.19291687,-0.4427991
-0.41270342,-0.007072449,0.46954727
0.2251889,0.67559624,0.6699152
0.4050867,-0.31376266,1.5762138
0.19501776,-1.0639746,4.944709
0.8195833,-0.38932705,-0.8492937
0.46815163,-0.50244,-1.1100202
0.4652897,-0.85216117,-0.7293005
0.028796032,-0.7698436,-0.7181454
0.05047421,-0.5092411,-1.175981
0.34794158,-0.012384415,-1.4735737
0.05340843,0.116168976,-0.7574854
0.036307067,0.25312948,-0.4805832
0.2953804,0.20315409,1.18892
-0.16802455,0.42248154,0.5943346
-0.64403903,-0.5615053,1.5103035
-0.6845346,-1.4745488,3.6977472
-0.22195174,-0.67958355,-1.8982286
0.1374395,-0.84820414,-0.23810577
-0.18479896,-1.0969276,-1.2778015
-0.456688,-0.8647716,-1.0697145
-0.23133264,-0.52235174,-1.2567654
-0.08587212,-0.34809685,-0.69719887
-0.5531249,0.018241882,-0.8788872
0.06947313,0.51501656,-0.64209366
0.008548342,0.5811758,1.1085205
0.49695054,0.66566133,1.5164003
0.78255945,0.11647463,2.4312248
0.7624988,-0.06899691,1.4433641
0.7966391,-0.5291722,-0.50368977
0.42086095,-0.9931607,-0.7275171
0.6013608,-0.83113,-0.93868876
0.3306886,-0.6217942,-1.6355271
0.3351648,-0.5447366,-1.4039817
0.31197074,-0.27528095,-0.9551816
0.28096476,0.12911272,-0.9647713
0.30407706,0.43546438,0.17271519
0.20798656,0.97890234,0.7534847
0.4969493,0.2199564,1.8519936
0.07941154,-0.7123015,3.4812927
0.7116484,-0.3671751,-0.6284585
1.244483,-0.21238327,-1.4210348
0.4307025,-1.2024922,-0.6661606
0.54883397,-1.212342,-1.5539603
-0.51584494,-0.51338625,-1.4177723
-1.4261061,0.78066397,-1.187943
1.9944301,0.66954803,-0.84938526
-2.0128508,-0.7066133,-0.23012447
-0.60157233,0.15600443,-0.09030628
0.5017722,0.6363363,-0.29499912
0.4893809,-0.25096178,3.5737677
0.50619596,-0.43265367,3.1291742
0.649321,-0.16588831,-1.4692287
0.26179788,-0.5504739,-0.576807
0.34324488,-0.56099534,-0.42919064
0.15687603,-0.12624407,-1.814559
-0.14383563,-0.08627653,-1.3031945
-0.34482744,0.099900246,-0.98731613
-0.49075967,0.44811487,-0.9459443
0.2593359,0.81062555,0.8918438
-0.8442482,0.70911646,1.428956
0.30729568,0.9742451,0.6679573
-0.2855155,-0.5614009,3.5977707
-0.33152416,-0.5180702,-1.6945691
-0.40645796,-0.7037475,-1.0960641
-0.89230525,-1.3038509,-0.7960043
-0.4179831,-0.9349179,-1.2702484
-0.13934863,-0.34137344,-1.8516068
-0.2834994,-0.18063259,-1.5954256
-0.26770908,-0.05582905,-1.0187597
-0.015073657,0.34245062,-0.2807083
0.43452686,0.8624506,1.0632381
0.7395397,0.6499381,2.182003
-0.06945723,-0.6215286,4.504381
0.3780666,-0.25014973,0.8064747
0.089288354,-0.2929039,-1.2789578
-0.1530675,-0.7190976,-0.8196368
-0.29175782,-0.7323637,-1.0267029
-0.28557357,-0.4515295,-1.8692265
-0.059070244,-0.30799055,-1.7754488
-0.004246473,-0.09705162,-1.6049047
0.044259638,0.104849815,-1.400156
0.2989692,0.19175005,-1.0158396
-0.05359605,0.6625228,1.5974398
-0.85088885,0.35641336,2.0784712
-1.0566045,-0.6616082,4.8806696
-0.7526352,-0.669472,0.40601063
-0.0739657,-0.2771783,-2.2238011
-0.38297823,-0.70402503,-0.98534966
-0.23588258,-1.0465584,-0.8764057
-0.37829986,-0.8491423,-0.9931593
-0.39345556,-0.47210646,-1.7852411
-0.75336933,-0.6167798,-1.2963548
-0.19764958,-0.011544228,-0.95216036
0.5449779,0.7649689,-0.15116501
0.748446,0.92183876,2.4654503
0.52294576,0.53757906,3.9085398
0.08406934,-0.25437975,3.3706427
0.75132537,-0.41869116,-1.528327
0.20186374,-0.77427864,-2.3517432
-0.012715846,-0.99834704,-1.6393452
0.027612746,-0.80384207,-1.6001234
-0.32544416,-0.683239,-1.9807916
0.19114625,-0.119205475,-1.8791585
-0.01082556,0.21568441,-0.7912593
0.09688173,0.57443047,-4.55E-04
0.24682498,1.1034207,1.9129801
-0.3187792,-0.027768612,-0.094843864
1.1787829,0.36391115,1.4542627
-0.7711364,0.32701302,1.194314
0.4264054,0.5192275,1.1398811
-1.5610389,-1.1355071,3.0668573
-0.36616376,-0.8909092,0.3861351
-0.6925597,-0.5957136,-1.6442294
-0.24334362,-1.0920763,-0.12548828
-0.3008206,-1.3142626,0.25312996
-0.50105596,-0.816731,-1.2807832
-0.491429,-0.64108944,-1.7330313
-0.61982954,-0.7909117,-1.0966759
-0.05987887,-0.33161163,-0.15842152
0.4659744,0.23320389,0.80980587
0.5615127,0.08590889,3.0254822
0.38532448,0.13041401,2.7099
0.547496,-0.3787346,3.1007385
0.70753324,-0.6343713,0.05227375
0.6366234,-0.82687855,-2.441749
0.46969754,-1.0050762,-2.067183
0.36009198,-1.0459442,-1.0404544
0.14733437,-0.6620865,-2.1053252
0.48903188,-0.17420197,-1.5010095
0.18285789,0.027687073,-0.7530465
0.23615815,0.55531883,-0.2687807
-0.039079674,0.8053889,2.5180082
0.007445239,0.8994417,1.9577055
-0.35267302,-0.6293664,4.7296734
-0.6797299,-1.2158079,1.3400955
0.28083894,-0.75573444,-2.6137166
-0.22580656,-1.3728194,-0.5244479
-0.34779298,-1.1257119,-1.9869084
-0.31392133,-0.9105911,-1.4923029
-0.43687505,-0.7585988,-1.0508504
0.2923996,-0.26029348,-1.9442577
0.12030962,0.10713339,-0.22080135
1.1861984,0.9727988,1.0070629
1.1847645,0.83366394,1.7136812
1.1339176,0.04869938,4.5477924
0.32118452,-0.28877735,2.4980698
0.6888386,-0.35244846,-1.7741938
0.5432979,-0.696898,-2.4502964
-0.23267633,-1.1385489,-1.9186931
-0.31284738,-0.9933896,-1.6870089
0.069943905,-0.5308771,-1.8978477
-0.12068996,-0.2762208,-2.0696812
-0.0702306,0.02847147,-0.7645807
0.06076762,0.53902197,-0.2582426
0.021154583,1.2054572,2.1747503
0.11960502,1.1193833,3.0995617
-1.2095139,-0.54128075,5.221052
-0.71604747,-0.6238463,0.4266014
0.41184065,-0.2810397,-2.66288
-0.34016752,-1.0596209,-0.88339424
-0.2525022,-1.1410477,-1.2323442
-0.49318147,-0.97211576,-1.4010186
-0.19416009,-0.6051431,-2.291338
-0.14747663,-0.5220747,-1.9378476
0.038417786,0.016871452,-1.373774
0.81753397,0.7794366,0.75609016
0.8076641,0.7474351,3.9981499
0.6927147,-0.115216255,4.856679
0.6811239,-0.16664886,2.9635248
1.4054408,-0.18504763,-1.7161388
0.73713624,-0.8874252,-2.3303785
0.13579655,-0.9775293,-2.0738711
-0.1372911,-0.8289859,-2.1641736
-0.20916939,-0.5368905,-2.1503496
-0.18157554,-0.1225729,-1.6516285
-0.50747293,0.2648406,-0.37951946
-0.06386398,0.6346741,0.62184715
-0.7424294,0.84333134,1.6264935
-0.6938013,0.5951786,2.984023
-1.188435,-0.831501,3.7000332
-0.7432261,-0.7265048,-0.67946815
-0.15892938,-0.5855615,-1.4469337
-0.55125034,-0.9745636,-0.6726532
-0.31657305,-0.76882434,-1.7890515
-0.56810915,-0.6716113,-1.4946485
-0.20532222,-0.388227,-2.2296348
-0.087341666,-0.30112314,-1.0242167
0.21309295,0.19840097,-0.23789978
1.2273996,1.0397239,0.8138008
1.1163242,0.5865283,5.215575
0.44679016,0.006658554,4.456168
1.0029155,-0.097383976,-0.34998417
0.91961074,-0.4960599,-2.3310933
0.21243674,-0.92789435,-2.0720572
-0.19703867,-0.87028694,-1.806025
-0.041170567,-0.44604445,-2.063675
-0.38480136,-0.2236042,-2.3364153
-0.17725357,0.14593554,-1.4299474
-0.40555757,0.38086796,-0.7942109
-0.24561961,0.9174495,1.1562824
-0.2908107,1.1384225,2.7301006
-1.1402507,-0.13599873,5.7883577
-1.0669467,-0.47966576,2.4365635
0.05222696,-0.41410446,-2.3598032
0.060606822,-0.9468603,-1.2376146
-0.24959049,-1.1049268,-2.4376135
-0.3836038,-1.0061326,-1.9099417
-0.39305985,-0.8329768,-2.1487389
-0.21234937,-0.5627737,-2.2867398
-0.19051453,-0.043026924,-1.2672362
0.55328596,0.7535801,-0.16292477
0.7095905,0.90333366,2.1123667
0.7392028,0.34311247,6.0698395
0.32596993,0.07051802,4.741006
1.1461775,-0.047576427,-1.0097146
0.8883349,-0.5626888,-2.116485
0.13420293,-1.154285,-1.7110753
-0.09230536,-0.9889779,-1.9929066
-0.08893639,-0.82553506,-1.8253622
-0.27393365,-0.46304893,-2.188107
-0.1114331,-0.16242409,-1.3834982
-0.826899,0.030158043,-0.71178055
0.093295544,0.6661067,1.4867
-0.6981308,0.88175106,2.0014095
-0.14139096,0.13633633,5.2719116
-1.0703093,-0.95879173,4.1063576
0.18555969,-0.4569497,1.3613777
1.0542978,0.41156483,2.6153536
0.19605625,0.15254402,0.07616711
-0.44526035,-1.2965784,4.23365
-0.120425254,-1.1062002,-0.053790092
-0.43250376,-0.9105239,-0.6175666
-0.2143498,-1.5717518,1.1052074
-0.4122525,-1.1768482,-0.84883976
-0.42839208,-0.66099167,-1.654109
-0.46345398,-0.4253106,-1.4404659
-0.5250987,-0.44316053,-0.8946276
-0.25751427,-0.059662342,-0.47599602
0.092724755,0.06295729,-0.43858624
0.099212654,0.064815044,1.141284
0.7537337,-0.026857853,0.83521557
0.80955076,-0.37978792,2.4022446
0.49975923,-0.873477,4.129633
0.60627776,-0.70342064,0.6261406
0.54933965,-0.6552479,-1.3311014
0.6560622,-0.81939864,-1.0790563
0.37504622,-0.7883229,-1.292438
0.30684718,-0.5225005,-1.8525863
0.3842606,-0.2560501,-1.6416941
0.21524566,-0.193995,-1.2676134
-0.003564927,0.055879116,-0.25566864
0.12506898,0.38673878,0.78342915
-0.28606567,0.34150934,1.1154051
-0.73360026,0.049750805,1.1002007
-0.5835715,-1.3407383,4.21072
-0.3066193,-0.8170483,-0.20715523
0.07891439,-0.43735337,-1.4837174
-0.023397967,-0.8428774,-1.0238428
0.106359825,-0.76135564,-0.89922523
-0.26341444,-0.44284606,-0.90725374
-0.0569681,-0.137465,-1.771225
0.12246275,-0.010219574,-0.7253609
0.58230704,0.48946,-0.4287424
0.2959305,0.53892374,1.645196
0.86614335,0.74070597,0.53265667
1.2592682,-0.09401035,3.7574558
-0.367923,-0.8119185,3.0595942
0.7162828,-0.29095984,-2.2052503
-0.006820128,-0.92013144,-1.9433303
0.2860875,-0.8854375,-1.086937
0.32374346,-0.59766984,-1.8672862
-0.108338505,-0.37725353,-1.372333
0.33270738,0.064157486,-1.4539285
-0.5095251,0.074892044,-0.23776245
0.46578306,0.42122746,0.5055933
-0.043197475,0.39882803,0.9515419
-0.42080134,0.042738438,2.5769882
-0.74495625,-0.7382343,2.9055605
-0.28372884,-0.34360886,-1.8369784
-0.17228542,-0.5705359,-0.71489334
-0.33535016,-0.77018976,-0.85293627
-0.32689673,-0.6695311,-1.1628971
-0.42074296,-0.383327,-1.3358603
-0.48743653,-0.30159378,-1.792695
-0.20712249,0.017977238,-0.7505517
0.32906413,0.62533855,-0.20188236
0.016470224,0.8222742,2.2417831
1.2906923,0.51708364,2.0934105
0.29088628,-0.6483371,4.0994873
0.48689318,-0.1381855,0.28950405
0.4278065,-0.28754616,-2.3526816
-0.019133225,-0.91344595,-1.7874765
0.3067891,-0.76319623,-1.6250134
0.16840187,-0.3885355,-1.3800926
0.24091437,-0.06633997,-1.0530782
0.15768443,0.16277409,-0.5355501
-0.044406347,0.35135365,0.459301
0.393417,0.33457422,2.1126184
0.13322248,0.66873217,0.9380789
-0.47938687,-0.34930277,2.8663864
-0.2969084,-0.8364167,1.9736986
-0.016396787,-0.56628156,-1.5681782
-0.05229915,-0.7246213,-1.145958
-0.3445816,-1.0541885,-0.7734227
-0.07918993,-0.7246816,-1.0395308
-0.33794865,-0.54810905,-1.4334836
-0.2649062,-0.30363894,-1.7492614
-0.35743725,-0.09782791,-0.90455294
0.42111304,0.5186763,0.09483528
0.16617775,0.90544415,0.49133492
0.3167886,0.002608776,3.9252644
-0.33816856,-0.14397717,2.8081884
0.6624321,0.15819597,-1.2206111
0.37110317,-0.6430087,-1.0226679
0.36521015,-0.9157529,-1.1799774
0.2410452,-0.8229315,-1.5925245
0.101733476,-0.71158457,-1.898489
-0.042851083,-0.3465991,-2.3685274
-0.035632752,-0.122223854,-1.2597523
-0.19023691,0.17733717,-0.63539934
-0.12563473,0.3861947,1.726265
0.092769474,0.7857928,3.7797413
-0.54063964,-0.24058771,4.812742
-0.7663042,-0.74659586,0.7412796
-0.13557813,-0.6442847,-2.6284075
-0.004588872,-1.1143434,-0.7340393
-0.069770575,-1.2146349,-1.611855
-0.03773666,-1.0060334,-0.7001524
-0.02365473,-0.79918504,-1.5898829
-0.10095965,-0.72748184,-1.7589188
-0.13197204,0.04368019,-0.55357933
0.56875604,1.0330043,1.562151
0.74583423,0.5191994,3.0007153
0.25222144,-0.3872831,5.923805
0.37499404,-0.081138134,1.1176109
0.68727034,-0.3509736,-1.9958906
0.23512992,-1.0418038,-1.8211136
0.28511342,-0.9247279,-2.6207037
0.042702027,-0.8337507,-2.5074048
0.4458079,-0.3505385,-2.6648345
0.13798106,-0.21183896,-2.0327969
-0.51163566,0.26504564,-0.8733225
0.053250447,0.995276,1.9377155
0.30026436,0.8014219,4.7981987
-0.5293725,-0.7614043,6.5675573
-0.7574867,-0.7316489,1.710391
-0.6031703,-0.29559183,0.63335896
0.32523137,0.36265755,-0.067157745
-0.14338017,0.33009624,2.010069
0.021935225,0.065434456,2.2864122
-0.61152613,-1.0298357,2.48104
-1.0945143,-1.385766,0.65770054
-0.8316169,-1.3621516,-0.20451164
-0.33256394,-1.3869898,-0.7692995
-0.40845138,-1.1249928,-1.1945848
-0.12373843,-0.7106266,-1.2829723
-0.30681992,-0.9464824,-1.4397802
-0.49897456,-0.7713115,-1.3867917
0.0740563,-0.19449711,-0.63772297
0.49718478,-0.1727047,1.4184294
0.63522077,0.11529827,2.4891825
0.70928967,0.051501274,2.4963388
0.62483096,-0.7168541,4.0818624
0.3812616,-0.8087754,0.39035034
0.3012811,-0.85565686,-1.2215428
0.4085693,-0.98168087,-0.8470397
0.27152425,-0.89285636,-1.8333488
0.3204753,-0.663404,-1.9561691
0.5869996,-0.42246008,-1.555428
0.15812072,-0.36410952,-1.3552084
0.40844077,0.015913963,-0.7071037
0.5095552,0.124139786,0.68813324
-0.08304116,0.4688778,0.44308472
-0.112931244,-0.39250422,3.4736052
-0.83357257,-1.1795976,3.6710901
0.18324366,-0.38614225,-1.9382505
-0.12364786,-0.5635624,-1.9438796
0.069116645,-0.9558251,-0.592515
-0.15603398,-0.86327076,-0.46739292
-0.08556126,-0.35045052,-1.571981
-0.1639297,-0.441051,-2.118475
-0.050350077,-0.35196733,-1.3089447
0.17890093,0.16836214,-1.2299232
0.032559782,0.20307684,0.6311722
0.86755884,0.40629578,2.7477007
0.29532304,0.10694265,3.7296953
-0.23904258,-0.44807482,4.0337925
0.4159884,-0.23616266,-0.80775976
0.09688349,-0.6525712,-1.605082
0.005800907,-0.8650751,-1.3157716
-0.035561327,-0.69945526,-1.9246154
-0.107165225,-0.55542326,-2.1517644
0.15416348,-0.22146225,-2.0623121
0.12697606,-0.1676774,-1.26443
0.05603695,0.009493351,0.7880249
-0.5312544,0.6561594,2.6722279
-0.5185074,0.9091964,0.50381374
-0.2947979,-0.57419634,4.825821
-0.77122784,-0.96020555,1.524128
-0.12045525,-0.60513496,-2.483541
-0.4272592,-1.0465176,-1.8542948
-0.45621556,-1.1280603,-1.3287954
-0.238167,-0.9808061,-0.7210455
-0.36681062,-0.629344,-1.6495376
-0.04431429,-0.4753852,-1.2195907
-0.21901058,-0.039883614,-0.631639
0.2406831,0.54353523,0.12262821
0.37105706,0.5920868,2.1146612
0.60927624,0.75985,3.7075796
0.06272249,-0.48734474,4.800109
1.052897,-0.28525352,-0.9510207
0.79433405,-0.5129285,-3.4384432
0.3356086,-0.9020214,-1.9791641
0.12228031,-0.8299203,-1.3964496
1.02E-04,-0.53240395,-1.859837
0.056348786,-0.28699684,-1.7051921
-0.06838387,-0.117711544,-1.0718422
-0.19388863,0.3145728,0.07859802
0.35780054,0.8748493,2.0170221
-0.060025286,1.1806507,1.9494753
-0.33134252,0.25279045,5.123686
-0.7911738,-0.7551303,2.4846115
0.15281138,-0.490247,-2.7974873
-0.496211,-0.96064496,-2.2002378
0.5069835,-1.0083184,-3.319624
-0.30205733,-1.4427094,-0.5860319
-0.24498636,-0.9200294,-1.5912089
-0.43287325,-0.76750636,-1.793211
-0.5592801,-0.26937008,-1.144681
0.42627513,0.764801,-0.38049316
-0.11211641,1.1316528,2.3488436
0.74781215,1.0175109,2.8911142
0.41062042,-0.26865673,5.8315563
0.83163214,-0.062206745,1.9112444
0.8950314,-0.12977886,-1.6212988
0.26698154,-0.9749546,-1.0523047
-0.05400981,-1.1059954,-1.3013577
0.09655213,-0.75619936,-2.6484199
-0.15942945,-0.5954013,-2.6887584
-0.14342603,-0.2620759,-2.3800159
0.02379092,-0.14527845,-1.4026089
0.38961717,0.104165554,-1.0957928
0.1627873,0.18472338,1.4039898
-0.39475614,0.3548231,4.984379
-0.979501,-0.35048246,6.3826857
-0.5226908,-0.3955264,-0.53665257
-0.23262116,-0.49382448,-1.6927128
-0.4021816,-1.0247304,-1.1364546
-0.30011833,-1.158787,-1.66674
-0.4243806,-1.0700176,-1.1745205
-0.6754232,-0.77441406,-2.241301
-0.3924081,-0.49166632,-1.7013655
-0.05598303,0.09580803,-1.4997673
-0.036696218,0.2854228,-0.019723892
0.49951994,1.0470171,1.5573168
0.77874994,0.49875164,5.1456013
0.018203765,-0.4363308,5.7103596
0.9390935,-0.41952467,0.68689346
0.86987317,-0.7403238,-2.7052174
0.2736294,-1.2939413,-1.9477987
0.3456012,-1.2295511,-1.4719243
0.2983923,-1.012285,-1.9456005
0.20954219,-0.8001075,-2.1323318
0.16912095,-0.39764357,-1.7327094
-0.11819713,0.10862541,-0.7959447
0.020238928,0.46551037,0.30723
0.16004464,-0.09047079,0.2920122
0.8807354,0.1357727,1.19911
0.7645366,0.3765998,1.9974957
0.2239838,0.5852351,1.3839579
-0.7303308,-1.338233,4.2007017
-0.5470026,-1.5038488,2.2482662
-0.27162543,-1.2508242,-1.1095743
-0.3089012,-1.7329044,-0.29124832
0.006692991,-1.6273568,-0.09660435
-0.22977468,-1.004354,-1.8518476
-0.3867091,-0.8537626,-1.2648087
-0.41553116,-0.69902325,-1.3900433
-0.40966618,-0.20940971,-0.93012285
0.051698335,0.264215,-0.3906536
0.004273076,0.31410646,1.3378754
0.82030183,0.30256605,1.5664606
0.13641456,-0.43719053,3.8845568
0.44071448,-0.5451052,3.3810978
0.65306634,-0.56618,-0.15041542
0.64246076,-0.72098017,-1.9358625
0.49353266,-0.95996475,-1.3774943
0.23805481,-0.96857977,-1.4136605
0.25578052,-0.5696635,-2.3526978
0.26390344,-0.2773552,-1.4900489
0.12471031,-0.13252687,-1.535429
-0.11128019,0.13014698,-0.4192896
0.11862208,0.50660706,1.905406
-0.36389777,0.71571684,1.5677986
-0.53219,-0.96978426,5.2032375
-0.907253,-1.182112,1.9499016
-0.0467847,-0.6556146,-2.13302
-0.09549385,-1.0430284,-1.0448842
0.084841385,-1.1601114,-1.3551683
-0.22427016,-1.1103551,-1.0162477
-0.19627807,-0.656029,-1.8658352
-0.42417616,-0.702827,-1.6636419
0.034932353,0.045672894,-0.9645505
0.5149533,0.46109056,0.7311573
0.17910504,0.9581933,2.3426905
1.2899024,0.6478672,3.384345
-0.17809343,-0.56348515,4.3472757
0.46332127,-0.32086492,0.7409725
0.2831571,-0.6595857,-1.6998534
-0.23903914,-0.9810667,-1.6445613
0.2642103,-0.78701925,-1.7823572
-0.04701513,-0.6427312,-2.2068696
0.16179377,-0.43370628,-1.8070059
0.25425324,-0.14173031,-1.3355689
-0.092452295,0.22494507,-0.80340004
-0.31490108,0.702137,0.8125181
-0.16018428,0.72020435,1.8598623
-0.43814316,-0.28868365,5.4510174
-1.0973331,-1.1063302,4.037863
0.34875295,-0.3850901,-2.7226524
0.13488945,-0.95798683,-1.0725598
0.12567812,-1.0762603,-1.2383361
0.030932896,-0.8763268,-1.6235824
0.16965741,-0.5208936,-1.9820714
-0.07823555,-0.38516378,-2.4264598
-0.3586951,-0.2779231,-1.5508575
0.12834494,0.27814007,-1.0493503
-0.30303597,0.405097,1.2692327
0.9854267,0.89109373,3.5620222
0.15499672,-0.30268168,4.627282
0.43727913,-0.07971263,1.1736841
0.21324608,-0.33058476,-1.2795749
-0.0605968,-0.89309573,-1.2061229
0.0829091,-0.8436396,-1.2992339
0.09347076,-0.6353731,-2.168126
0.0741664,-0.4315586,-2.3683624
-0.03325396,-0.10529661,-1.7098918
-0.010766674,0.09609079,-0.56496906
-0.088594094,0.21695948,1.4126854
-0.6268705,0.6114073,1.6543484
-0.3328134,-0.68568754,4.903185
-1.5288672,-1.596868,5.2267694
-0.23816484,-0.79416585,-1.9601622
-0.32956615,-0.98970366,-1.6610985
-0.091732025,-1.0667336,-1.7907324
-0.08676745,-0.83679175,-1.0214019
0.05504954,-0.5510299,-1.3158183
-0.20945065,-0.4410658,-1.5082865
-0.3216754,-0.40274096,-1.0129223
0.12095979,0.49323034,-0.9974675
0.13602547,0.8600998,2.2027855
1.0251241,0.861094,3.0847244
-0.23781894,-0.3276255,4.8578415
0.4448241,0.059152365,1.513174
0.41390365,-0.15529776,-1.7359271
0.2080082,-0.6909754,-1.4597998
0.3217028,-0.67898583,-1.7890148
-0.024681438,-0.62796164,-2.1022596
0.05512765,-0.53756285,-2.2789793
-0.12766603,-0.25938988,-1.6612577
-0.16578043,0.009878159,-1.3878431
0.24984483,0.2599163,-0.1469469
-0.44809556,0.53957415,1.174964
0.21086401,0.102929115,4.5791626
-1.0893809,-0.96207094,4.664158
-0.265172,-0.64817715,-1.709722
0.20410131,-0.48572826,-2.4164767
-0.22910249,-1.1955874,-0.65520096
-0.33180803,-1.2240708,-0.7836542
-0.5815761,-0.76463175,-1.2384586
-0.23642853,-0.4668424,-1.8492813
-0.3784204,-0.34540653,-1.962338
0.18952815,0.42630053,-0.8924155
0.6162673,0.58001566,0.21484947
1.0761822,0.3298564,0.7817831
0.49707288,-0.60889816,4.089691
0.25055644,-0.5015056,3.1951847
0.98512495,-0.272197,-0.63764286
0.74457854,-0.48370242,-1.4528966
0.36565313,-0.6694288,-1.7875953
0.48218775,-0.4424038,-1.5907421
0.13298056,-0.3126824,-1.7960238
0.21962547,-0.04810953,-1.7380009
0.112007655,-0.117124796,-1.4578567
-0.06726583,0.22062731,-0.136055
0.06391349,0.3999443,1.311369
