0,2,0,22,-9,0,0,-1,3,50,16,0,-1,0,3,-84,136,0,0,5.4,0.45,2.43,294.63499999999937
0,2,0,20,-12,0,0,0,3,60,1,0,-1,0,4,-66,143,0,0,5.4,0.45,2.43,294.92399999999935
0,3,0,14,-22,0,0,0,3,81,-64,0,-2,0,4,-111,145,0,0,5.4,0.45,2.43,295.21299999999934
0,3,0,1,-26,0,0,0,3,102,-124,0,-2,-1,3,-100,143,0,0,5.4,0.45,2.43,295.5019999999993
0,4,0,-14,-20,0,2,0,2,152,-116,0,-1,-1,3,-61,128,0,0,5.4,0.45,2.43,295.7909999999993
0,3,0,-25,-7,0,3,0,2,200,-63,0,-1,0,3,-21,131,0,0,5.4,0.45,2.43,296.0799999999993
0,3,0,-25,-2,0,3,0,2,215,-41,0,-2,-1,3,-10,133,0,0,5.4,0.45,2.43,296.3689999999993
0,2,0,-23,6,0,2,1,2,238,-15,0,-2,0,2,2,84,0,0,5.4,0.45,2.43,296.6579999999993
0,2,0,-23,5,0,3,1,3,236,-27,0,-2,0,1,5,36,0,0,5.4,0.45,2.43,296.94699999999926
0,2,0,-24,6,0,3,1,3,222,-35,0,-1,0,1,29,-6,0,0,5.4,0.45,2.43,297.23599999999925
0,2,0,-22,-1,0,4,1,3,196,0,0,-1,0,1,69,-25,0,0,5.4,0.45,2.43,297.8139999999992
0,2,0,-16,-8,0,4,1,3,96,-3,0,-1,0,1,96,-59,0,0,5.4,0.45,2.43,298.1029999999992
0,2,0,-11,-15,0,4,0,2,101,43,0,-1,0,0,111,-101,0,0,5.4,0.45,2.43,298.3919999999992
0,2,0,-8,-18,0,5,1,3,69,81,0,-1,0,0,135,-137,0,0,5.4,0.45,2.43,298.6809999999992
0,2,0,-7,-20,0,5,0,4,76,50,0,-1,0,0,148,-150,0,0,5.4,0.45,2.48,298.9759999999992
0,2,0,0,-21,0,4,0,3,79,73,0,-1,0,0,185,-190,0,0,5.4,0.45,2.48,299.2709999999992
0,2,0,4,-24,0,4,0,4,71,-2,0,0,0,0,204,-242,0,0,5.4,0.45,2.48,299.56599999999924
0,2,0,7,-26,0,4,0,3,44,-8,0,0,0,0,221,-250,0,0,5.4,0.45,2.48,299.86099999999925
0,2,0,9,-24,0,3,0,2,5,93,0,0,0,0,222,-250,0,0,5.4,0.45,2.48,300.15599999999927
0,2,0,11,-21,0,3,0,3,-12,112,0,0,0,0,238,-250,0,0,5.4,0.45,2.48,300.4509999999993
0,2,0,12,-18,0,2,0,2,-56,160,0,0,0,0,250,-250,0,0,5.4,0.45,2.48,300.7459999999993
0,2,0,16,-10,0,2,0,2,-98,171,0,0,1,0,250,-250,0,0,5.4,0.45,2.48,301.0409999999993
0,2,0,18,-2,0,2,0,1,-137,180,0,0,1,1,250,-250,0,0,5.4,0.45,2.48,301.33599999999933
0,2,0,18,0,0,2,0,1,-152,183,0,0,1,1,250,-250,0,0,5.4,0.45,2.48,301.63099999999935
0,2,0,20,5,0,2,1,1,-185,190,0,0,2,1,208,-202,0,0,5.4,0.45,2.48,301.92599999999936
0,2,0,16,11,0,1,1,0,-211,189,0,0,1,2,151,-117,0,0,5.4,0.45,2.48,302.2209999999994
0,3,0,7,14,0,1,1,0,-214,201,0,0,1,1,130,-61,0,0,5.4,0.45,2.48,302.5159999999994
0,3,0,-3,17,0,1,1,0,-216,250,0,0,1,1,130,6,0,0,5.4,0.45,2.48,302.8109999999994
0,4,0,-7,19,0,1,1,0,-223,237,0,0,1,1,137,27,0,0,5.4,0.45,2.48,303.1059999999994
0,4,0,-15,17,0,0,0,0,-184,188,0,0,1,2,108,85,0,0,5.4,0.45,2.48,303.40099999999944
0,2,0,18,3,0,3,1,1,-105,222,0,0,4,1,143,-123,0,0,5.46,0.46,2.52,9.578999999999995
0,2,0,20,11,0,3,0,1,-125,247,0,0,3,1,66,-99,0,0,5.46,0.46,2.52,9.866999999999996
0,2,0,16,17,0,2,0,1,-172,250,0,0,3,1,64,-47,0,0,5.46,0.46,2.52,10.154999999999996
0,2,0,13,17,0,1,0,0,-250,226,0,0,2,2,0,58,0,0,5.46,0.46,2.52,10.442999999999996
0,3,0,9,14,0,1,1,0,-250,175,0,0,1,2,-78,126,0,0,5.46,0.46,2.52,10.730999999999996
0,3,0,7,14,0,0,0,0,-250,136,0,0,1,2,-46,190,0,0,5.46,0.46,2.52,11.018999999999997
0,3,0,0,7,0,0,0,0,-250,50,0,0,1,3,-57,167,0,0,5.46,0.46,2.52,11.306999999999997
0,3,0,-1,5,0,0,0,0,-250,-37,0,-1,0,3,-83,169,0,0,5.46,0.46,2.52,11.594999999999997
0,3,0,-3,1,0,0,0,0,-216,-67,0,-1,0,3,-86,182,0,0,5.46,0.46,2.52,11.882999999999997
0,2,0,-4,2,0,0,0,0,-135,-82,0,-2,0,4,-72,168,0,0,5.46,0.46,2.52,12.170999999999998
0,2,0,-5,0,0,0,1,0,-62,-76,0,-1,0,4,-48,179,0,0,5.46,0.46,2.52,12.458999999999998
0,2,0,-5,1,0,0,0,0,-57,-101,0,-1,0,4,-60,220,0,0,5.46,0.46,2.52,12.746999999999998
0,2,0,-9,3,0,0,0,0,-15,-121,0,-1,0,3,-78,250,0,0,5.46,0.46,2.52,13.034999999999998
0,2,0,-12,8,0,0,1,0,8,-142,0,-4,1,4,-178,250,0,0,5.46,0.46,2.52,13.322999999999999
0,2,0,-14,15,0,1,1,0,53,-158,0,0,0,2,-151,133,0,0,5.46,0.46,2.52,13.610999999999999
0,2,0,-16,16,0,1,1,0,68,-159,0,0,0,1,-168,157,0,0,5.46,0.46,2.52,13.899
0,2,0,-17,24,0,2,1,1,111,-132,0,-1,1,1,-207,117,0,0,5.46,0.46,2.52,14.187
0,2,0,-18,31,0,2,1,1,159,-93,0,-1,0,1,-219,119,0,0,5.46,0.46,2.52,14.475
0,2,0,-22,40,0,2,1,2,182,-55,0,-1,1,2,-226,138,0,0,5.46,0.46,2.52,14.763
0,2,0,-23,43,0,2,1,2,179,-48,0,-1,1,2,-228,144,0,0,5.48,0.48,2.68,15.07
0,2,0,-20,51,0,2,1,3,159,-27,0,-1,1,1,-207,118,0,0,5.48,0.48,2.68,15.377
0,2,0,-19,49,0,3,1,4,144,35,0,-1,0,2,-160,128,0,0,5.48,0.48,2.68,15.684000000000001
0,2,0,-14,43,0,2,0,4,157,62,0,-3,0,2,-129,93,0,0,5.48,0.48,2.68,15.991000000000001
0,2,0,-13,41,0,1,0,4,164,50,0,-3,0,2,-114,75,0,0,5.48,0.48,2.68,16.298000000000002
0,2,0,-10,32,0,0,1,4,189,-18,0,-2,0,2,-89,42,0,0,5.48,0.48,2.68,16.605
0,2,0,-4,20,0,1,1,4,182,-93,0,-2,0,2,-70,11,0,0,5.48,0.48,2.68,16.912
0,2,0,3,9,0,2,1,4,70,-150,0,-2,0,1,-34,-58,0,0,5.48,0.48,2.68,17.218999999999998
0,2,0,7,5,0,3,0,4,75,-126,0,-2,0,1,-2,-81,0,0,5.48,0.48,2.68,17.525999999999996
0,2,0,13,0,0,4,0,4,81,-50,0,-2,0,0,78,-147,0,0,5.48,0.48,2.68,17.832999999999995
0,2,0,14,2,0,4,0,4,114,51,0,-1,0,0,155,-199,0,0,5.48,0.48,2.68,18.139999999999993
0,2,0,13,3,0,4,-1,4,92,109,0,-1,0,0,183,-206,0,0,5.48,0.48,2.68,18.446999999999992
0,2,0,12,-8,0,1,0,4,60,13,0,0,0,0,192,-198,0,0,5.48,0.48,2.68,18.75399999999999
0,2,0,21,-4,0,5,2,5,41,59,0,0,0,0,200,-197,0,0,5.48,0.48,2.68,19.06099999999999
0,2,0,12,-20,0,3,0,3,29,2,0,0,0,0,230,-201,0,0,5.48,0.48,2.68,19.367999999999988
0,2,0,8,-28,0,4,0,3,17,39,0,0,1,0,250,-217,0,0,5.48,0.48,2.68,19.674999999999986
0,2,0,4,-34,0,4,0,3,-3,48,0,0,2,0,250,-236,0,0,5.48,0.48,2.68,19.981999999999985
0,3,0,0,-38,0,3,0,3,-10,45,0,0,2,0,250,-236,0,0,5.48,0.48,2.68,20.288999999999984
0,3,0,-4,-41,0,3,-1,2,-38,23,0,0,2,0,242,-226,0,0,5.48,0.48,2.68,20.595999999999982
0,3,0,-8,-45,0,3,0,2,-54,39,0,0,2,0,233,-203,0,0,5.48,0.48,2.68,20.90299999999998
0,2,0,-10,-43,0,2,0,2,-68,75,0,1,3,0,204,-144,0,0,5.48,0.48,2.68,21.20999999999998
0,2,0,-11,-42,0,2,0,2,-68,83,0,0,2,0,186,-135,0,0,5.48,0.46,2.54,21.50099999999998
0,2,0,-15,-38,0,2,0,2,-93,112,0,0,2,0,176,-127,0,0,5.48,0.46,2.54,21.79199999999998
0,2,0,-18,-35,0,1,0,2,-112,142,0,0,2,1,124,-150,0,0,5.48,0.46,2.54,22.08299999999998
0,2,0,-19,-39,0,2,0,0,-142,148,0,0,1,2,52,-138,0,0,5.48,0.46,2.54,22.37399999999998
0,2,0,-19,-43,0,1,0,0,-202,134,0,0,2,3,-7,-84,0,0,5.48,0.46,2.54,22.66499999999998
0,2,0,-19,-46,0,1,0,0,-250,120,0,0,2,3,-47,61,0,0,5.48,0.46,2.54,22.95599999999998
0,2,0,-19,-45,0,1,0,0,-250,109,0,0,0,3,-80,30,0,0,5.48,0.46,2.54,23.246999999999982
0,2,0,-16,-43,0,1,0,0,-250,94,0,0,0,3,-80,109,0,0,5.48,0.46,2.54,23.537999999999982
0,2,0,-13,-38,0,0,0,0,-250,70,0,0,0,4,-116,131,0,0,5.48,0.46,2.54,23.828999999999983
0,2,0,-10,-33,0,0,1,0,-250,13,0,0,0,3,-105,157,0,0,5.48,0.46,2.54,24.119999999999983
0,2,0,-8,-31,0,0,1,0,-247,-7,0,0,0,3,-117,164,0,0,5.48,0.46,2.54,24.410999999999984
0,2,0,-4,-27,0,0,1,0,-219,-55,0,0,0,3,-160,191,0,0,5.48,0.46,2.54,24.701999999999984
0,2,0,0,-22,0,0,1,0,-200,-89,0,-1,0,3,-180,193,0,0,5.48,0.46,2.54,24.992999999999984
0,2,0,4,-17,0,0,1,0,-180,-111,0,-1,0,3,-172,196,0,0,5.48,0.46,2.54,25.283999999999985
0,2,0,5,-15,0,0,1,0,-173,-118,0,-1,-1,2,-148,175,0,0,5.48,0.46,2.54,25.574999999999985
0,2,0,8,-11,0,1,1,0,-151,-125,0,-2,0,2,-154,96,0,0,5.48,0.46,2.54,25.865999999999985
0,2,0,11,-7,0,1,1,1,-113,-95,0,-1,0,2,-187,161,0,0,5.48,0.46,2.54,26.156999999999986
0,2,0,14,-3,0,1,0,2,-76,-65,0,-1,0,3,-196,204,0,0,5.48,0.46,2.54,26.447999999999986
0,2,0,16,0,0,1,0,2,-64,-67,0,-1,0,3,-200,196,0,0,5.48,0.46,2.54,26.738999999999987
0,2,0,15,11,0,1,0,2,-26,-95,0,-1,0,3,-197,168,0,0,5.48,0.46,2.54,27.029999999999987
0,2,0,17,26,0,1,0,2,16,-122,0,-1,0,3,-199,159,0,0,5.48,0.46,2.54,27.320999999999987
0,2,0,12,38,0,3,0,3,77,-76,0,-1,0,3,-191,142,0,0,5.45,0.47,2.59,27.617999999999988
0,3,0,6,48,0,0,0,3,121,-113,0,-1,-1,3,-163,136,0,0,5.45,0.47,2.59,27.91499999999999
0,3,0,5,52,0,1,0,3,147,-115,0,-1,-1,3,-130,159,0,0,5.45,0.47,2.59,28.21199999999999
0,3,0,3,44,0,2,0,3,184,-113,0,-2,0,3,-89,181,0,0,5.45,0.47,2.59,28.50899999999999
0,2,0,4,37,0,2,0,3,223,-94,0,-2,0,3,-86,141,0,0,5.45,0.47,2.59,28.80599999999999
0,2,0,0,31,0,3,0,3,248,-58,0,-2,0,2,-58,97,0,0,5.45,0.47,2.59,29.10299999999999
0,2,0,0,30,0,3,0,4,250,-42,0,-2,0,2,-46,82,0,0,5.45,0.47,2.59,29.39999999999999
0,2,0,-5,28,0,4,0,4,250,6,0,-2,0,1,-28,11,0,0,5.45,0.47,2.59,29.696999999999992
0,2,0,-11,26,0,2,2,5,61,-29,0,-2,0,1,3,-41,0,0,5.45,0.47,2.59,29.993999999999993
0,2,0,-18,24,0,3,0,3,105,46,0,-2,0,1,66,-93,0,0,5.45,0.47,2.59,30.290999999999993
0,2,0,-22,25,0,3,0,3,111,64,0,-1,0,1,95,-101,0,0,5.45,0.47,2.59,30.587999999999994
0,2,0,-27,30,0,3,0,3,128,87,0,-1,0,1,187,-93,0,0,5.45,0.47,2.59,30.884999999999994
0,3,0,-30,38,0,3,-1,3,133,85,0,-1,1,0,182,-141,0,0,5.45,0.47,2.59,31.181999999999995
0,3,0,-29,42,0,5,0,3,120,91,0,0,1,0,203,-152,0,0,5.45,0.47,2.59,31.478999999999996
0,2,-1,-25,38,0,5,-1,3,187,74,0,0,1,0,232,-155,0,0,5.45,0.47,2.59,31.775999999999996
0,2,0,-31,25,0,4,-2,2,250,90,0,0,1,0,242,-156,0,0,5.45,0.47,2.59,32.07299999999999
0,2,-1,-27,9,0,4,0,4,69,-8,0,0,1,0,250,-147,0,0,5.45,0.47,2.59,32.36999999999999
0,2,0,-24,0,0,3,0,3,29,1,0,0,2,0,250,-140,0,0,5.45,0.47,2.59,32.66699999999999
0,1,0,-13,-3,0,4,0,3,3,76,0,0,2,0,250,-151,0,0,5.45,0.47,2.59,32.963999999999984
0,2,0,-9,-10,0,3,0,3,-13,85,0,0,2,0,250,-152,0,0,5.45,0.47,2.59,33.26099999999998
0,2,0,-3,-10,0,3,0,3,-38,93,0,0,2,0,250,-161,0,0,5.45,0.47,2.59,33.55799999999998
0,2,0,5,-2,0,2,0,2,-68,102,0,0,2,0,248,-176,0,0,5.46,0.48,2.64,33.860999999999976
0,2,0,6,8,0,2,0,2,-114,110,0,0,2,0,185,-193,0,0,5.46,0.48,2.64,34.16399999999997
0,2,0,5,18,0,1,1,2,-148,126,0,0,2,0,197,-127,0,0,5.46,0.48,2.64,34.46699999999997
0,2,0,5,21,0,1,1,1,-151,146,0,0,3,1,167,-111,0,0,5.46,0.48,2.64,34.76999999999997
0,2,0,5,17,0,1,0,0,-173,173,0,-1,3,3,92,-58,0,0,5.46,0.48,2.64,35.072999999999965
0,2,0,8,2,0,1,0,0,-237,141,0,0,3,3,-41,-11,0,0,5.46,0.48,2.64,35.37599999999996
0,2,0,11,-8,0,2,0,0,-250,105,0,0,0,3,-43,17,0,0,5.46,0.48,2.64,35.67899999999996
0,2,0,11,-10,0,1,0,0,-250,102,0,0,1,3,-38,46,0,0,5.46,0.48,2.64,35.98199999999996
-1,2,0,9,-15,0,0,0,0,-250,67,0,0,0,3,-40,100,0,0,5.46,0.48,2.64,36.284999999999954
0,2,0,5,-25,0,0,0,0,-250,49,0,0,0,3,-55,153,0,0,5.46,0.48,2.64,36.58799999999995
0,2,0,3,-36,0,0,0,0,-250,39,0,0,0,3,-103,223,0,0,5.46,0.48,2.64,36.89099999999995
0,2,0,-2,-45,0,0,1,0,-250,-11,0,-1,0,2,-153,247,0,0,5.46,0.48,2.64,37.193999999999946
0,2,0,-5,-49,0,0,1,0,-232,-25,0,-1,0,2,-167,237,0,0,5.46,0.48,2.64,37.49699999999994
0,2,0,-14,-55,0,0,1,0,-210,-67,0,-1,0,2,-175,219,0,0,5.46,0.48,2.64,37.79999999999994
0,3,0,-21,-52,0,0,1,0,-207,-112,0,-2,0,3,-153,183,0,0,5.46,0.48,2.64,38.10299999999994
0,3,0,-26,-43,0,0,1,0,-185,-138,0,-1,0,2,-182,140,0,0,5.46,0.48,2.64,38.405999999999935
0,3,0,-24,-33,0,0,1,0,-175,-143,0,-1,0,1,-183,135,0,0,5.46,0.48,2.64,38.70899999999993
0,3,0,-18,-21,0,0,1,1,-134,-134,0,-1,0,2,-182,205,0,0,5.46,0.48,2.64,39.01199999999993
0,2,0,-5,-7,0,1,0,2,-95,-108,0,-1,0,2,-168,193,0,0,5.46,0.48,2.64,39.31499999999993
0,2,0,-1,3,0,0,0,2,-25,-66,0,-1,0,2,-169,177,0,0,5.46,0.48,2.64,39.617999999999924
0,2,0,0,5,0,0,0,2,-31,-86,0,-2,0,2,-174,174,0,0,5.46,0.48,2.64,39.92099999999992
0,2,0,0,8,0,2,0,2,5,-78,0,-2,0,3,-151,185,0,0,5.43,0.45,2.47,40.20399999999992
0,2,0,0,10,0,1,0,2,85,-77,0,-2,0,3,-134,155,0,0,5.43,0.45,2.47,40.486999999999924
0,2,0,0,12,0,2,0,3,182,-53,0,-2,0,3,-110,108,0,0,5.43,0.45,2.47,40.769999999999925
0,2,0,-2,11,0,2,0,3,199,-16,0,-2,0,3,-70,99,0,0,5.43,0.45,2.47,41.052999999999926
0,2,0,-1,11,0,2,0,3,200,-2,0,-2,0,3,-64,98,0,0,5.43,0.45,2.47,41.33599999999993
0,2,0,-2,2,0,2,0,3,206,9,0,-2,0,3,-61,87,0,0,5.43,0.45,2.47,41.61899999999993
0,2,0,0,-5,0,2,0,3,224,30,0,-2,0,2,-50,68,0,0,5.43,0.45,2.47,41.90199999999993
0,2,0,0,-6,0,2,1,3,220,18,0,-3,0,2,-34,44,0,0,5.43,0.45,2.47,42.18499999999993
0,2,0,3,0,0,2,1,3,200,-28,0,-3,0,1,-24,9,0,0,5.43,0.45,2.47,42.46799999999993
0,2,0,5,1,0,2,1,3,194,-47,0,-3,0,1,-23,-5,0,0,5.43,0.45,2.47,42.750999999999934
0,2,0,11,14,0,3,1,3,73,-81,0,-2,0,1,-12,-54,0,0,5.43,0.45,2.47,43.033999999999935
0,2,0,16,25,0,5,0,3,88,4,0,-2,0,1,21,-104,0,0,5.43,0.45,2.47,43.316999999999936
0,2,0,14,34,0,5,0,3,89,107,0,-2,0,0,52,-157,0,0,5.43,0.45,2.47,43.59999999999994
0,2,0,12,38,0,5,0,4,89,124,0,-1,1,0,65,-173,0,0,5.43,0.45,2.47,43.88299999999994
0,2,0,2,43,0,3,-2,5,123,148,0,-1,1,0,99,-203,0,0,5.43,0.45,2.47,44.16599999999994
0,2,0,-3,43,0,4,0,5,33,125,0,0,0,0,163,-201,0,0,5.43,0.45,2.47,44.44899999999994
0,3,0,-11,26,0,4,-1,4,38,80,0,0,0,0,192,-211,0,0,5.43,0.45,2.47,44.73199999999994
0,3,0,-13,26,0,3,-1,3,47,66,0,0,1,0,201,-243,0,0,5.43,0.45,2.47,45.014999999999944
0,3,0,-16,23,0,3,0,3,46,89,0,0,1,0,219,-245,0,0,5.43,0.45,2.47,45.297999999999945
0,2,0,-20,15,0,3,0,3,27,113,0,0,1,0,228,-250,0,0,5.43,0.45,2.47,45.580999999999946
0,2,0,-21,5,0,2,0,3,8,106,0,1,1,0,207,-250,0,0,5.43,0.45,2.47,45.86399999999995
0,2,0,-18,0,0,2,0,2,-3,107,0,1,2,0,246,-225,0,0,5.45,0.47,2.56,46.157999999999944
0,2,0,-29,-11,0,2,0,2,-10,112,0,1,2,0,239,-233,0,0,5.45,0.47,2.56,46.45199999999994
0,2,0,-17,-3,0,2,0,2,-39,118,0,1,2,0,238,-193,0,0,5.45,0.47,2.56,46.74599999999994
0,2,0,-14,6,0,2,0,1,-70,110,0,0,2,0,218,-178,0,0,5.45,0.47,2.56,47.039999999999935
0,2,0,-15,15,0,1,0,1,-103,87,0,0,2,0,176,-128,0,0,5.45,0.47,2.56,47.33399999999993
0,2,0,-17,21,0,1,1,1,-133,62,0,0,2,1,143,-84,0,0,5.45,0.47,2.56,47.62799999999993
0,2,0,-17,23,0,1,1,1,-146,85,0,0,3,2,118,-69,0,0,5.45,0.47,2.56,47.921999999999926
0,2,0,-21,19,0,1,1,1,-161,112,0,-1,1,4,71,-45,0,0,5.45,0.47,2.56,48.21599999999992
0,2,0,-21,10,0,1,0,0,-156,164,0,0,1,3,40,16,0,0,5.45,0.47,2.56,48.50999999999992
0,2,0,-18,-1,0,1,0,0,-250,109,0,0,1,3,26,57,0,0,5.45,0.47,2.56,48.80399999999992
0,2,0,-29,7,0,0,0,0,-188,-93,0,-1,0,3,-124,212,0,0,5.42,0.45,2.45,49.08599999999991
0,2,0,-31,10,0,0,0,0,-175,-110,0,0,0,2,-117,250,0,0,5.42,0.45,2.45,49.36799999999991
0,2,0,-32,10,0,0,0,0,-153,-128,0,0,0,2,-144,186,0,0,5.42,0.45,2.45,49.649999999999906
0,2,0,-30,10,0,0,1,0,-113,-137,0,0,0,2,-157,160,0,0,5.44,0.48,2.62,49.95099999999991
0,2,0,-30,9,0,0,1,0,-100,-132,0,-1,0,3,-165,159,0,0,5.44,0.48,2.62,50.25199999999991
0,1,0,-25,6,0,0,1,1,-67,-134,0,-1,0,2,-171,175,0,0,5.44,0.48,2.62,50.55299999999991
0,1,0,-16,5,0,1,0,1,-36,-108,0,-1,0,2,-172,157,0,0,5.44,0.48,2.62,50.853999999999914
0,2,0,-3,5,0,1,0,2,11,-61,0,-1,0,2,-163,145,0,0,5.44,0.48,2.62,51.154999999999916
0,2,0,8,6,0,2,-1,3,73,5,0,-1,0,3,-147,151,0,0,5.44,0.48,2.62,51.45599999999992
0,2,0,12,6,0,1,0,3,94,25,0,-1,0,3,-140,151,0,0,5.44,0.48,2.62,51.75699999999992
0,2,0,25,10,0,0,0,3,132,-33,0,-2,0,3,-124,122,0,0,5.44,0.48,2.62,52.05799999999992
0,2,0,28,13,0,0,0,3,167,-78,0,-2,0,3,-123,94,0,0,5.44,0.48,2.62,52.358999999999924
0,2,0,28,15,0,0,0,3,205,-137,0,-1,0,3,-120,69,0,0,5.44,0.48,2.62,52.659999999999926
0,2,0,26,16,0,1,1,3,217,-140,0,-1,0,3,-106,84,0,0,5.44,0.48,2.62,52.96099999999993
0,2,0,25,16,0,2,1,4,220,-118,0,-2,0,3,-100,84,0,0,5.44,0.48,2.62,53.26199999999993
0,2,0,23,14,0,3,1,3,224,-41,0,-2,0,3,-96,70,0,0,5.44,0.48,2.62,53.56299999999993
0,2,0,20,12,0,3,1,3,221,13,0,-2,0,2,-80,43,0,0,5.44,0.48,2.62,53.86399999999993
0,2,0,15,11,0,1,2,5,53,-59,0,-2,0,2,-54,7,0,0,5.44,0.48,2.62,54.164999999999935
0,3,0,9,7,0,3,0,4,94,-15,0,-1,0,1,-20,-8,0,0,5.44,0.48,2.62,54.46599999999994
0,3,0,6,6,0,3,0,4,99,-14,0,-1,0,1,-11,-14,0,0,5.44,0.48,2.62,54.76699999999994
0,3,0,0,7,0,3,0,3,105,-7,0,-1,0,1,20,-49,0,0,5.44,0.48,2.62,55.06799999999994
0,3,0,-6,5,0,5,0,4,120,20,0,-1,0,1,116,-45,0,0,5.44,0.48,2.62,55.36899999999994
0,3,0,-11,0,0,5,0,5,24,-8,0,-1,0,1,136,-108,0,0,5.44,0.48,2.62,55.669999999999945
0,3,0,-13,0,0,5,0,4,44,71,0,0,0,0,151,-119,0,0,5.44,0.48,2.62,55.97099999999995
0,2,-1,-16,-2,0,4,0,4,76,-13,0,0,0,0,192,-140,0,0,5.45,0.48,2.64,56.27499999999995
0,2,-1,-22,-23,0,5,0,4,46,-55,0,0,0,0,223,-144,0,0,5.45,0.48,2.64,56.57899999999995
0,2,0,-26,-37,0,3,-1,3,20,-77,0,0,0,0,240,-141,0,0,5.45,0.48,2.64,56.88299999999995
0,2,0,-21,-39,0,3,0,3,5,-28,0,0,0,0,250,-148,0,0,5.45,0.48,2.64,57.186999999999955
0,2,0,-32,-55,0,3,0,3,-4,-7,0,0,1,0,250,-153,0,0,5.45,0.48,2.64,57.49099999999996
0,2,0,-24,-56,0,2,0,3,-30,41,0,0,1,0,250,-182,0,0,5.45,0.48,2.64,57.79499999999996
0,2,0,-22,-54,0,2,0,2,-56,84,0,0,2,0,250,-197,0,0,5.45,0.48,2.64,58.09899999999996
0,2,0,-22,-53,0,2,0,2,-91,124,0,1,2,-1,239,-176,0,0,5.45,0.48,2.64,58.40299999999996
0,2,0,-19,-50,0,2,0,2,-105,139,0,0,2,0,233,-178,0,0,5.45,0.48,2.64,58.706999999999965
0,2,0,-16,-44,0,1,0,2,-129,185,0,1,2,0,219,-137,0,0,5.45,0.48,2.64,59.01099999999997
0,2,0,-11,-35,0,2,1,1,-124,232,0,0,1,1,196,-156,0,0,5.45,0.48,2.64,59.31499999999997
0,2,0,-6,-29,0,1,1,1,-133,250,0,0,1,0,111,-109,0,0,5.45,0.48,2.64,59.61899999999997
0,2,0,-4,-28,0,1,1,1,-137,250,0,0,2,1,139,-98,0,0,5.45,0.48,2.64,59.92299999999997
0,2,0,0,-22,0,1,1,1,-200,180,0,0,2,2,60,-67,0,0,5.45,0.48,2.64,60.226999999999975
0,2,0,4,-19,0,1,1,0,-249,66,0,0,2,2,20,-10,0,0,5.45,0.48,2.64,60.53099999999998
0,2,0,7,-16,0,0,0,0,-250,20,0,0,1,2,-16,73,0,0,5.45,0.48,2.64,60.83499999999998
0,2,0,8,-15,0,1,0,0,-250,-1,0,0,1,3,-35,150,0,0,5.45,0.48,2.64,61.13899999999998
0,2,0,9,-14,0,1,0,0,-250,-8,0,0,1,3,-40,161,0,0,5.45,0.48,2.64,61.442999999999984
0,2,0,9,-15,0,0,0,0,-250,-34,0,0,0,3,-46,167,0,0,5.45,0.48,2.64,61.746999999999986
0,2,0,9,-9,0,0,0,0,-250,-64,0,0,-1,4,-61,158,0,0,5.45,0.48,2.64,62.05099999999999
0,3,0,4,0,0,0,0,0,-250,-84,0,0,0,4,-48,177,0,0,5.45,0.48,2.64,62.35499999999999
0,3,0,1,2,0,0,0,0,-250,-82,0,-1,0,4,-57,187,0,0,5.41,0.45,2.47,62.639999999999986
0,3,0,-2,14,0,0,0,0,-223,-102,0,-1,0,4,-35,203,0,0,5.41,0.45,2.47,62.92499999999998
0,3,0,-8,22,0,0,0,0,-168,-124,0,0,-2,4,-28,248,0,0,5.41,0.45,2.47,63.20999999999998
0,2,0,-13,26,0,0,0,0,-104,-139,0,-4,1,4,-121,189,0,0,5.41,0.45,2.47,63.494999999999976
0,2,0,-14,26,0,0,0,0,-83,-147,0,-2,0,3,-106,234,0,0,5.41,0.45,2.47,63.77999999999997
0,2,0,-17,26,0,0,0,1,-23,-149,0,-1,0,3,-90,172,0,0,5.41,0.45,2.47,64.06499999999997
0,2,0,-24,28,0,1,0,1,25,-148,0,-1,0,3,-91,122,0,0,5.41,0.45,2.47,64.34999999999997
0,2,0,-28,34,0,2,0,1,94,-85,0,0,0,3,-99,170,0,0,5.41,0.45,2.47,64.63499999999996
0,2,0,-30,44,0,0,0,2,103,-86,0,-1,0,3,-92,185,0,0,5.41,0.45,2.47,64.91999999999996
0,2,0,-28,48,0,1,0,2,111,-81,0,-1,0,2,-79,182,0,0,5.41,0.45,2.47,65.20499999999996
0,2,0,-26,54,0,1,0,2,145,-61,0,-1,1,2,-88,143,0,0,5.41,0.45,2.47,65.48999999999995
0,2,0,-25,57,0,1,0,2,200,-34,0,-2,1,3,-81,86,0,0,5.41,0.45,2.47,65.77499999999995
0,2,0,-24,55,0,1,0,2,220,-8,0,-1,0,3,-94,69,0,0,5.41,0.45,2.47,66.05999999999995
0,2,0,-23,53,0,1,0,3,223,-9,0,-1,0,2,-94,75,0,0,5.41,0.45,2.47,66.34499999999994
0,2,0,-18,43,0,1,0,3,228,-8,0,-1,0,2,-75,97,0,0,5.41,0.45,2.47,66.62999999999994
0,2,0,-11,27,0,2,0,3,250,7,0,-2,0,2,-63,102,0,0,5.41,0.45,2.47,66.91499999999994
0,2,0,-3,12,0,1,1,4,250,1,0,-2,0,2,-65,73,0,0,5.41,0.45,2.47,67.19999999999993
0,2,0,0,-1,0,2,1,4,237,-47,0,-2,0,1,-51,35,0,0,5.41,0.45,2.47,67.48499999999993
0,2,-1,3,-6,0,2,1,4,229,-67,0,-2,0,1,-43,16,0,0,5.41,0.45,2.47,67.76999999999992
0,2,0,11,-16,0,2,0,4,218,-103,0,-2,0,1,16,-34,0,0,5.41,0.45,2.47,68.05499999999992
0,2,0,17,-13,0,3,0,4,116,-118,0,-2,0,1,74,-56,0,0,5.41,0.45,2.47,68.33999999999992
0,3,0,7,3,0,4,0,4,113,-65,0,-2,1,1,78,-125,0,0,5.44,0.48,2.65,68.64599999999992
0,3,0,3,10,0,5,0,4,109,-33,0,-1,1,1,75,-149,0,0,5.44,0.48,2.65,68.95199999999991
0,2,0,4,16,0,5,0,4,91,60,0,-1,1,0,115,-172,0,0,5.44,0.48,2.65,69.25799999999991
0,2,-1,13,21,0,4,-5,2,250,250,0,-1,1,0,142,-192,0,0,5.44,0.48,2.65,69.56399999999991
0,2,-1,11,2,0,2,0,4,70,-20,0,-1,1,0,161,-204,0,0,5.44,0.48,2.65,69.8699999999999
0,2,-1,8,0,0,4,0,4,70,-22,0,-1,1,0,173,-210,0,0,5.44,0.48,2.65,70.1759999999999
0,2,0,8,-11,0,4,0,3,73,25,0,0,2,0,175,-230,0,0,5.44,0.48,2.65,70.4819999999999
0,2,0,8,-23,0,4,0,3,53,24,0,0,2,0,171,-229,0,0,5.44,0.48,2.65,70.7879999999999
0,2,0,5,-33,0,3,0,3,27,29,0,0,1,0,155,-210,0,0,5.44,0.48,2.65,71.0939999999999
0,2,0,3,-35,0,3,0,2,3,76,0,0,2,0,146,-220,0,0,5.44,0.48,2.65,71.39999999999989
0,2,0,2,-36,0,3,0,2,-3,105,0,0,1,0,143,-221,0,0,5.44,0.48,2.65,71.70599999999989
0,2,0,-1,-37,0,2,0,1,-36,139,0,0,1,0,136,-221,0,0,5.44,0.48,2.65,72.01199999999989
0,2,0,-5,-35,0,2,0,1,-83,141,0,0,1,0,153,-185,0,0,5.44,0.48,2.65,72.31799999999988
0,2,0,-10,-34,0,2,1,1,-135,157,0,0,1,1,113,-141,0,0,5.44,0.48,2.65,72.62399999999988
0,2,0,-11,-34,0,2,1,1,-146,164,0,0,2,2,87,-100,0,0,5.44,0.48,2.65,72.92999999999988
0,2,0,-13,-40,0,1,0,0,-206,202,0,0,0,3,34,-12,0,0,5.44,0.48,2.65,73.54199999999987
0,2,0,-14,-45,0,0,0,1,-206,176,0,0,0,3,24,32,0,0,5.44,0.48,2.65,73.84799999999987
0,2,0,-14,-45,0,0,0,1,-212,121,0,0,0,3,15,101,0,0,5.44,0.48,2.65,74.15399999999987
0,2,0,-13,-43,0,0,0,1,-250,74,0,0,0,3,6,123,0,0,5.44,0.48,2.65,74.45999999999987
0,2,0,-10,-39,0,0,1,1,-250,12,0,0,0,3,-18,171,0,0,5.44,0.48,2.65,74.76599999999986
0,2,0,-8,-36,0,0,0,1,-245,-29,0,0,0,3,-38,203,0,0,5.42,0.47,2.57,75.06299999999986
0,2,0,-6,-37,0,0,1,0,-247,-64,0,0,0,3,-69,210,0,0,5.42,0.47,2.57,75.35999999999986
0,2,0,-6,-37,0,0,1,0,-250,-76,0,0,0,2,-76,201,0,0,5.42,0.47,2.57,75.65699999999985
0,2,0,-8,-34,0,0,1,0,-250,-100,0,0,0,3,-110,230,0,0,5.42,0.47,2.57,75.95399999999985
0,2,0,-7,-29,0,0,2,0,-250,-113,0,-1,0,3,-96,250,0,0,5.42,0.47,2.57,76.25099999999985
0,2,0,-4,-23,0,0,2,0,-250,-141,0,-3,0,1,-156,160,0,0,5.42,0.47,2.57,76.54799999999985
0,2,0,-3,-21,0,0,2,0,-250,-147,0,-2,0,2,-137,208,0,0,5.42,0.47,2.57,76.84499999999984
0,2,0,0,-14,0,0,1,0,-250,-133,0,-2,0,2,-137,166,0,0,5.42,0.47,2.57,77.14199999999984
0,2,0,3,-6,0,1,1,1,-186,-93,0,-1,0,2,-149,195,0,0,5.42,0.47,2.57,77.43899999999984
0,2,0,6,0,0,1,0,2,-116,-45,0,-2,0,2,-117,198,0,0,5.42,0.47,2.57,77.73599999999983
0,2,0,7,4,0,1,0,2,-96,-34,0,-2,0,3,-108,183,0,0,5.42,0.47,2.57,78.03299999999983
0,2,0,11,11,0,0,0,2,-46,-29,0,-3,0,3,-93,112,0,0,5.42,0.47,2.57,78.32999999999983
0,2,0,14,16,0,0,0,3,-9,-64,0,-2,0,4,-81,72,0,0,5.42,0.47,2.57,78.62699999999982
0,2,0,14,19,0,1,-1,3,39,-64,0,-2,0,4,-74,55,0,0,5.42,0.47,2.57,78.92399999999982
0,2,0,11,24,0,0,0,3,68,-69,0,-2,0,3,-60,62,0,0,5.42,0.47,2.57,79.22099999999982
0,2,0,9,26,0,1,0,3,87,-77,0,-2,0,4,-54,64,0,0,5.42,0.47,2.57,79.51799999999982
0,3,0,6,29,0,2,0,3,152,-43,0,-2,0,3,-36,57,0,0,5.42,0.47,2.57,79.81499999999981
0,3,0,4,30,0,2,0,3,191,-12,0,-2,0,3,-37,41,0,0,5.42,0.47,2.57,80.11199999999981
0,3,0,0,34,0,2,0,3,222,24,0,-2,0,2,-35,13,0,0,5.42,0.47,2.57,80.4089999999998
0,3,0,-1,35,0,2,0,3,224,37,0,-2,0,1,-15,0,0,0,5.42,0.47,2.57,80.7059999999998
0,3,0,-5,39,0,2,0,4,222,31,0,-2,0,1,48,-17,0,0,5.42,0.47,2.57,81.0029999999998
0,2,0,-7,42,0,2,0,4,250,24,0,-2,1,0,100,-88,0,0,5.4,0.45,2.44,81.2849999999998
0,2,0,-11,43,0,1,0,5,34,-116,0,-1,1,0,104,-137,0,0,5.4,0.45,2.44,81.5669999999998
0,2,0,-13,43,0,4,1,4,110,-13,0,0,1,0,114,-138,0,0,5.4,0.45,2.44,81.84899999999979
0,2,0,-16,42,0,4,-1,4,123,49,0,0,1,0,142,-137,0,0,5.4,0.45,2.44,82.13099999999979
0,2,0,-17,41,0,4,-2,3,118,82,0,0,1,0,160,-138,0,0,5.4,0.45,2.44,82.41299999999978
0,2,0,-20,34,0,4,-2,3,105,98,0,0,1,0,178,-123,0,0,5.4,0.45,2.44,82.69499999999978
0,2,0,-17,35,0,4,-1,4,116,71,0,0,1,0,186,-115,0,0,5.4,0.45,2.44,82.97699999999978
0,3,0,-18,21,0,5,-2,4,115,23,0,0,1,0,182,-111,0,0,5.4,0.45,2.44,83.25899999999977
0,3,0,-13,11,0,4,-1,4,111,55,0,0,2,0,165,-115,0,0,5.4,0.45,2.44,83.54099999999977
0,2,0,-12,0,0,3,-1,4,47,6,0,0,2,0,144,-129,0,0,5.4,0.45,2.44,83.82299999999977
0,2,0,-8,-4,0,3,0,3,-13,28,0,-1,2,0,109,-158,0,0,5.4,0.45,2.44,84.10499999999976
0,2,0,-7,-4,0,2,0,2,-25,66,0,-1,3,0,88,-177,0,0,5.4,0.45,2.44,84.38699999999976
0,2,0,-1,-6,0,2,0,2,-48,117,0,0,0,0,104,-235,0,0,5.4,0.45,2.44,84.66899999999976
0,2,0,3,-4,0,1,0,1,-84,97,0,0,2,0,153,-250,0,0,5.4,0.45,2.44,84.95099999999975
0,2,0,5,1,0,1,0,1,-119,114,0,1,1,1,132,-233,0,0,5.4,0.45,2.44,85.23299999999975
0,2,0,8,9,0,2,0,1,-108,184,0,1,1,1,145,-137,0,0,5.4,0.45,2.44,85.51499999999974
0,2,0,8,9,0,1,0,1,-119,180,0,0,2,2,141,-93,0,0,5.4,0.45,2.44,85.79699999999974
0,2,0,9,6,0,1,0,1,-180,170,0,-1,2,2,93,-56,0,0,5.4,0.45,2.44,86.07899999999974
0,2,0,11,-1,0,1,0,1,-168,172,0,0,2,2,31,-51,0,0,5.4,0.45,2.44,86.36099999999973
0,2,0,9,-7,0,1,0,1,-197,129,0,0,1,2,-1,0,0,0,5.4,0.45,2.44,86.64299999999973
0,2,0,8,-10,0,0,0,1,-188,108,0,0,1,2,-9,16,0,0,5.4,0.45,2.44,86.92499999999973
-1,2,0,9,-16,0,1,0,1,-179,64,0,0,0,3,-26,80,0,0,5.43,0.48,2.64,87.22999999999973
-1,2,0,10,-28,0,1,0,1,-217,33,0,0,0,3,-45,110,0,0,5.43,0.48,2.64,87.53499999999974
-1,2,0,7,-42,0,1,0,1,-225,20,0,0,0,3,-65,135,0,0,5.43,0.48,2.64,87.83999999999975
0,2,0,5,-45,0,0,0,1,-232,10,0,0,0,3,-72,145,0,0,5.43,0.48,2.64,88.14499999999975
0,2,0,-3,-57,0,0,0,1,-221,-25,0,0,0,3,-94,142,0,0,5.43,0.48,2.64,88.44999999999976
0,3,0,-12,-63,0,0,0,1,-213,-58,0,0,0,3,-119,172,0,0,5.43,0.48,2.64,88.75499999999977
0,3,0,-21,-58,0,0,1,0,-220,-90,0,-3,0,5,-167,208,0,0,5.43,0.48,2.64,89.05999999999977
0,3,0,-22,-53,0,0,1,0,-223,-100,0,-1,1,2,-134,144,0,0,5.43,0.48,2.64,89.36499999999978
0,2,0,-21,-35,0,0,1,0,-247,-127,0,0,0,2,-165,202,0,0,5.43,0.48,2.64,89.66999999999979
0,2,0,-14,-12,0,0,1,0,-204,-110,0,0,0,2,-167,239,0,0,5.43,0.48,2.64,89.9749999999998
0,2,0,-11,0,0,0,1,1,-129,-76,0,-1,0,2,-129,233,0,0,5.43,0.48,2.64,90.2799999999998
0,2,0,-6,3,0,0,1,1,-65,-81,0,-2,0,3,-106,176,0,0,5.43,0.48,2.64,90.58499999999981
0,2,0,-5,4,0,0,1,2,-47,-87,0,-2,0,3,-103,165,0,0,5.43,0.48,2.64,90.88999999999982
0,2,0,0,6,0,1,0,2,-7,-101,0,-3,0,4,-79,116,0,0,5.43,0.48,2.64,91.19499999999982
0,2,0,3,4,0,1,0,2,11,-111,0,-2,0,5,-78,81,0,0,5.43,0.48,2.64,91.49999999999983
0,2,0,5,6,0,1,0,2,84,-98,0,-2,0,4,-82,94,0,0,5.43,0.48,2.64,91.80499999999984
0,2,0,4,6,0,3,0,2,107,-60,0,-1,0,4,-78,101,0,0,5.43,0.48,2.64,92.10999999999984
0,2,0,0,8,0,1,0,2,161,-104,0,-1,0,3,-57,106,0,0,5.43,0.48,2.64,92.41499999999985
0,2,0,-1,9,0,3,1,3,242,-60,0,-2,0,2,-25,66,0,0,5.43,0.48,2.64,92.71999999999986
0,2,0,2,7,0,2,0,4,250,-27,0,-2,0,2,-7,25,0,0,5.43,0.48,2.64,93.02499999999986
0,2,0,2,5,0,3,0,4,250,12,0,-2,1,1,3,-7,0,0,5.43,0.48,2.64,93.32999999999987
0,2,0,1,4,0,2,0,5,250,23,0,-2,0,1,0,-20,0,0,5.41,0.46,2.5,93.61899999999987
0,2,0,3,5,0,2,0,4,243,14,0,-2,1,0,44,-58,0,0,5.41,0.46,2.5,93.90799999999987
0,2,0,4,10,0,2,0,4,239,-25,0,-1,1,0,89,-114,0,0,5.41,0.46,2.5,94.19699999999987
0,2,0,5,15,0,3,0,4,107,-65,0,-1,1,0,115,-166,0,0,5.41,0.46,2.5,94.48599999999988
0,2,0,6,21,0,4,0,4,124,3,0,0,1,0,140,-195,0,0,5.41,0.46,2.5,94.77499999999988
0,2,0,7,23,0,4,0,4,133,48,0,0,1,0,150,-200,0,0,5.41,0.46,2.5,95.06399999999988
0,2,0,9,26,0,5,-1,4,171,154,0,0,1,0,155,-196,0,0,5.41,0.46,2.5,95.35299999999988
0,2,0,5,27,0,4,-1,5,99,139,0,0,1,0,131,-174,0,0,5.41,0.46,2.5,95.64199999999988
0,2,0,0,31,0,4,-1,4,85,63,0,0,2,0,112,-173,0,0,5.41,0.46,2.5,95.93099999999988
0,3,0,-4,32,0,5,0,5,66,51,0,0,1,0,99,-178,0,0,5.41,0.46,2.5,96.21999999999989
0,3,0,-9,22,0,3,-1,3,74,17,0,0,2,0,90,-196,0,0,5.41,0.46,2.5,96.50899999999989
0,3,0,-15,18,0,2,-1,2,140,64,0,0,2,0,93,-199,0,0,5.41,0.46,2.5,96.79799999999989
0,2,0,-19,9,0,2,0,2,6,87,0,0,1,0,123,-202,0,0,5.41,0.46,2.5,97.08699999999989
0,2,0,-20,4,0,1,0,1,-29,86,0,0,2,0,139,-157,0,0,5.41,0.46,2.5,97.37599999999989
0,2,0,-20,6,0,1,0,1,-45,85,0,1,3,1,105,-136,0,0,5.41,0.46,2.5,97.66499999999989
0,2,0,-20,9,0,1,0,1,-96,87,0,0,1,2,54,-76,0,0,5.41,0.46,2.5,97.9539999999999
0,2,0,-16,11,0,1,0,1,-123,95,0,-1,1,3,57,-35,0,0,5.41,0.46,2.5,98.2429999999999
0,2,0,-15,14,0,1,0,1,-132,112,0,-1,1,3,47,-53,0,0,5.41,0.46,2.5,98.5319999999999
0,2,0,-15,15,0,1,0,1,-132,120,0,0,1,3,49,-28,0,0,5.41,0.46,2.5,98.8209999999999
0,2,0,-19,20,0,1,0,1,-147,146,0,0,1,3,29,56,0,0,5.41,0.46,2.5,99.1099999999999
0,2,0,-23,24,0,1,0,1,-162,152,0,0,0,3,14,120,0,0,5.41,0.46,2.5,99.3989999999999
0,2,0,-27,21,0,1,0,1,-163,128,0,0,0,3,-14,154,0,0,5.41,0.46,2.49,99.6869999999999
0,2,0,-30,12,0,1,0,1,-184,68,0,0,0,3,-35,170,0,0,5.41,0.46,2.49,99.9749999999999
0,2,0,-31,23,0,1,2,0,-222,-164,0,-1,1,2,-144,236,0,0,5.41,0.46,2.54,100.26899999999989
0,2,0,-25,29,0,0,1,0,-151,-99,0,-1,0,2,-145,250,0,0,5.41,0.46,2.54,100.56299999999989
0,2,0,-16,31,0,0,1,1,-95,-76,0,-2,1,2,-130,250,0,0,5.41,0.46,2.54,100.85699999999989
0,2,0,-7,28,0,0,0,2,-73,-93,0,-3,0,3,-106,219,0,0,5.41,0.46,2.54,101.15099999999988
0,2,0,-4,27,0,0,0,3,-71,-105,0,-3,0,3,-94,181,0,0,5.41,0.46,2.54,101.44499999999988
0,2,0,2,23,0,0,0,3,-50,-129,0,-3,1,3,-97,86,0,0,5.41,0.46,2.54,101.73899999999988
0,2,0,8,20,0,1,0,3,2,-127,0,-2,0,3,-102,61,0,0,5.41,0.46,2.54,102.03299999999987
0,2,0,13,17,0,0,0,3,42,-88,0,-2,0,3,-87,71,0,0,5.41,0.46,2.54,102.32699999999987
0,1,0,17,13,0,3,0,2,105,-28,0,-2,0,3,-80,63,0,0,5.41,0.46,2.54,102.62099999999987
0,1,0,17,14,0,3,0,2,141,17,0,-2,0,3,-76,53,0,0,5.41,0.46,2.54,102.91499999999986
0,2,0,19,12,0,3,0,3,207,103,0,-2,0,2,-49,32,0,0,5.41,0.46,2.54,103.20899999999986
0,2,0,20,18,0,2,0,3,250,134,0,-3,0,1,11,14,0,0,5.42,0.45,2.47,103.49499999999986
0,2,0,21,24,0,2,0,4,250,100,0,-3,1,0,30,-64,0,0,5.42,0.45,2.47,103.78099999999986
0,3,0,20,26,0,1,0,4,247,60,0,-3,1,0,36,-100,0,0,5.42,0.45,2.47,104.06699999999987
0,3,0,18,29,0,2,0,3,178,-57,0,-2,1,0,83,-165,0,0,5.42,0.45,2.47,104.35299999999987
0,3,0,17,31,0,4,0,3,157,-91,0,-2,1,0,145,-219,0,0,5.42,0.45,2.47,104.63899999999987
0,2,0,15,26,0,5,-2,4,183,13,0,-1,2,0,175,-250,0,0,5.42,0.45,2.47,104.92499999999987
0,2,0,13,23,0,5,0,3,217,10,0,-1,2,0,183,-250,0,0,5.42,0.45,2.47,105.21099999999987
0,2,0,8,12,0,5,0,4,215,31,0,0,2,0,191,-250,0,0,5.42,0.45,2.47,105.49699999999987
0,3,0,6,-5,0,5,0,3,169,32,0,0,2,0,185,-250,0,0,5.42,0.45,2.47,105.78299999999987
0,3,0,-8,-21,0,5,0,3,164,-51,0,0,1,0,179,-250,0,0,5.42,0.45,2.47,106.06899999999987
0,2,0,-5,-21,0,5,0,4,140,-34,0,0,1,0,171,-240,0,0,5.42,0.45,2.47,106.35499999999988
0,2,0,-9,-22,0,5,0,4,123,-3,0,0,1,0,171,-234,0,0,5.42,0.45,2.47,106.64099999999988
0,2,0,-11,-22,0,3,-1,3,63,1,0,0,1,0,171,-220,0,0,5.42,0.45,2.47,106.92699999999988
0,2,0,-12,-22,0,3,0,3,30,99,0,0,1,0,157,-217,0,0,5.42,0.45,2.47,107.21299999999988
0,2,0,-13,-26,0,2,0,2,4,134,0,0,1,0,143,-191,0,0,5.42,0.45,2.47,107.49899999999988
0,2,0,-12,-31,0,2,0,1,-34,145,0,0,1,0,151,-194,0,0,5.42,0.45,2.47,107.78499999999988
0,2,0,-11,-33,0,2,0,1,-53,149,0,0,1,0,154,-206,0,0,5.42,0.45,2.47,108.07099999999988
0,2,0,-7,-37,0,1,0,0,-98,169,0,0,1,2,143,-177,0,0,5.42,0.45,2.47,108.35699999999989
0,2,0,0,-37,0,1,0,0,-140,181,0,-1,1,3,137,-144,0,0,5.42,0.45,2.47,108.64299999999989
0,2,0,0,-37,0,1,1,0,-173,190,0,0,0,2,114,-70,0,0,5.42,0.45,2.47,108.92899999999989
0,2,0,0,-37,0,1,1,0,-175,176,0,0,1,2,115,-43,0,0,5.42,0.45,2.47,109.21499999999989
0,2,0,0,-32,0,1,1,0,-186,172,0,0,1,3,104,48,0,0,5.43,0.47,2.57,109.51299999999989
0,2,0,1,-30,0,1,1,1,-176,184,0,0,1,3,60,100,0,0,5.43,0.47,2.57,109.8109999999999
0,2,0,6,-31,0,1,1,1,-168,195,0,0,0,3,33,86,0,0,5.43,0.47,2.57,110.1089999999999
0,2,0,6,-30,0,0,0,1,-186,124,0,0,0,3,0,109,0,0,5.43,0.47,2.57,110.4069999999999
0,2,0,5,-31,0,1,0,1,-181,108,0,0,0,3,-8,116,0,0,5.43,0.47,2.57,110.7049999999999
0,2,0,1,-28,0,0,1,2,-168,58,0,1,0,3,-17,154,0,0,5.43,0.47,2.57,111.0029999999999
0,2,0,1,-27,0,0,1,2,-177,-12,0,0,0,3,-54,214,0,0,5.43,0.47,2.57,111.3009999999999
0,2,0,3,-25,0,0,1,1,-221,-83,0,0,0,3,-99,250,0,0,5.43,0.47,2.57,111.5989999999999
0,2,0,4,-25,0,0,0,1,-237,-90,0,0,0,3,-103,250,0,0,5.43,0.47,2.57,111.8969999999999
0,2,0,2,-22,0,0,1,1,-250,-135,0,0,0,3,-70,250,0,0,5.43,0.47,2.57,112.19499999999991
0,3,0,-2,-15,0,0,1,0,-250,-165,0,0,1,1,-133,220,0,0,5.43,0.47,2.57,112.49299999999991
0,3,0,-7,-5,0,0,2,0,-250,-174,0,0,0,2,-144,250,0,0,5.43,0.47,2.57,112.79099999999991
0,3,0,-11,7,0,0,2,0,-250,-164,0,0,0,2,-178,250,0,0,5.43,0.47,2.57,113.08899999999991
0,3,0,-11,12,0,0,2,0,-250,-154,0,0,0,2,-176,250,0,0,5.43,0.47,2.57,113.38699999999992
0,3,0,-14,24,0,0,2,0,-205,-128,0,-1,0,2,-156,250,0,0,5.43,0.47,2.57,113.68499999999992
0,2,0,-18,35,0,0,1,1,-154,-112,0,-3,0,3,-136,250,0,0,5.43,0.47,2.57,113.98299999999992
0,2,0,-21,45,0,0,0,2,-109,-102,0,-2,0,3,-125,220,0,0,5.43,0.47,2.57,114.28099999999992
0,2,0,-22,48,0,0,0,2,-95,-97,0,-3,0,3,-101,225,0,0,5.43,0.47,2.57,114.57899999999992
0,2,0,-23,55,0,0,0,3,-72,-97,0,-2,0,3,-100,215,0,0,5.43,0.47,2.57,114.87699999999992
0,2,0,-22,61,0,1,0,2,-50,-105,0,-2,0,3,-135,223,0,0,5.43,0.47,2.57,115.17499999999993
0,2,0,-20,64,0,2,0,2,-5,-104,0,-2,0,2,-143,205,0,0,5.43,0.47,2.57,115.47299999999993
0,2,0,-15,63,0,2,0,3,68,-26,0,-2,0,2,-116,134,0,0,5.43,0.47,2.56,115.76999999999992
0,2,0,-12,62,0,1,0,3,44,-43,0,-2,0,2,-102,111,0,0,5.43,0.47,2.56,116.06699999999992
0,2,0,-7,57,0,2,0,3,100,7,0,-3,0,2,-41,69,0,0,5.43,0.47,2.56,116.36399999999992
0,2,0,0,44,0,2,0,3,151,10,0,-3,0,1,-1,-1,0,0,5.43,0.47,2.56,116.66099999999992
0,2,0,3,30,0,2,0,3,176,-8,0,-3,0,1,71,-40,0,0,5.43,0.47,2.56,116.95799999999991
0,2,0,3,21,0,3,-1,2,219,11,0,-3,0,0,97,-118,0,0,5.43,0.47,2.56,117.25499999999991
0,2,0,3,19,0,3,-1,2,237,26,0,-2,1,0,117,-142,0,0,5.43,0.47,2.56,117.55199999999991
0,2,0,1,19,0,4,-1,3,250,44,0,-2,1,0,174,-203,0,0,5.43,0.47,2.56,117.8489999999999
0,2,0,1,23,0,5,0,3,249,96,0,-1,2,0,191,-250,0,0,5.43,0.47,2.56,118.1459999999999
0,2,0,6,24,0,5,-2,3,187,93,0,0,3,0,166,-250,0,0,5.43,0.47,2.56,118.4429999999999
0,2,0,7,22,0,5,0,4,172,78,0,0,2,0,157,-250,0,0,5.43,0.47,2.56,118.7399999999999
0,2,0,10,13,0,5,0,3,131,85,0,0,2,0,144,-250,0,0,5.43,0.47,2.56,119.03699999999989
0,2,0,10,-1,0,4,-1,2,101,86,0,0,2,0,116,-242,0,0,5.43,0.47,2.56,119.33399999999989
0,2,0,9,-19,0,3,0,2,75,124,0,0,1,0,111,-225,0,0,5.43,0.47,2.56,119.63099999999989
0,2,0,12,-35,0,0,-1,2,74,53,0,0,1,0,119,-250,0,0,5.43,0.47,2.56,119.92799999999988
0,2,0,9,-42,0,3,0,3,64,76,0,0,1,0,109,-250,0,0,5.43,0.47,2.56,120.22499999999988
0,2,0,4,-51,0,2,0,2,14,51,0,0,1,0,136,-250,0,0,5.43,0.47,2.56,120.52199999999988
0,3,0,0,-48,0,2,0,1,-30,100,0,0,1,0,154,-250,0,0,5.43,0.47,2.56,120.81899999999987
0,3,0,-8,-50,0,2,0,1,-70,135,0,0,0,1,169,-250,0,0,5.43,0.47,2.56,121.11599999999987
0,3,0,-9,-47,0,2,0,1,-83,141,0,1,0,1,191,-250,0,0,5.43,0.47,2.56,121.41299999999987
0,3,0,-14,-44,0,1,0,1,-107,143,0,1,1,1,188,-178,0,0,5.43,0.47,2.56,121.70999999999987
0,2,0,-17,-45,0,1,0,1,-140,132,0,0,1,2,134,-81,0,0,5.41,0.46,2.52,122.00299999999987
0,2,0,-17,-43,0,1,1,1,-163,130,0,0,1,2,95,-30,0,0,5.41,0.46,2.52,122.29599999999988
0,2,0,-17,-45,0,1,0,1,-172,124,0,0,1,2,80,-37,0,0,5.41,0.46,2.52,122.58899999999988
0,2,0,-17,-49,0,1,0,1,-169,126,0,0,1,3,71,-32,0,0,5.41,0.46,2.52,122.88199999999989
0,2,0,-14,-51,0,1,0,1,-162,111,0,0,0,3,51,25,0,0,5.41,0.46,2.52,123.1749999999999
0,2,0,-11,-50,0,1,0,2,-140,81,0,0,0,3,41,98,0,0,5.41,0.46,2.52,123.4679999999999
0,2,0,-10,-48,0,1,0,2,-132,29,0,0,0,3,16,167,0,0,5.41,0.46,2.52,123.76099999999991
0,2,0,-10,-48,0,1,1,2,-137,14,0,0,0,3,-3,191,0,0,5.41,0.46,2.52,124.05399999999992
0,2,0,-8,-46,0,1,1,2,-134,-12,0,0,0,3,-35,214,0,0,5.41,0.46,2.52,124.34699999999992
0,2,0,-8,-43,0,1,1,2,-145,-30,0,0,0,3,-64,231,0,0,5.41,0.46,2.52,124.63999999999993
0,2,0,-6,-34,0,1,1,2,-154,-69,0,0,0,3,-85,228,0,0,5.41,0.46,2.52,124.93299999999994
0,2,0,-1,-27,0,1,1,2,-157,-127,0,-1,0,3,-101,178,0,0,5.41,0.46,2.52,125.22599999999994
0,2,0,0,-25,0,1,1,2,-159,-148,0,0,0,2,-103,218,0,0,5.41,0.46,2.52,125.51899999999995
0,2,0,5,-19,0,0,2,1,-185,-188,0,0,0,3,-120,236,0,0,5.41,0.46,2.52,125.81199999999995
0,2,0,10,-10,0,0,3,0,-203,-165,0,-1,1,2,-158,237,0,0,5.41,0.46,2.52,126.10499999999996
0,2,0,16,-2,0,0,2,0,-238,-152,0,-1,0,2,-193,250,0,0,5.41,0.46,2.52,126.39799999999997
0,2,0,21,5,0,0,2,0,-234,-113,0,-2,0,2,-183,250,0,0,5.41,0.46,2.52,126.69099999999997
0,2,0,23,8,0,0,2,0,-220,-95,0,-2,0,3,-168,250,0,0,5.41,0.46,2.52,126.98399999999998
0,2,0,22,17,0,0,1,1,-169,-58,0,-2,0,3,-134,241,0,0,5.41,0.46,2.52,127.27699999999999
0,3,0,13,26,0,0,0,2,-116,-29,0,-2,0,3,-104,202,0,0,5.41,0.46,2.52,127.57
0,3,0,2,37,0,0,0,3,-96,-42,0,-2,0,3,-89,197,0,0,5.41,0.46,2.52,127.863
0,3,0,0,39,0,0,0,3,-93,-49,0,-2,0,3,-100,175,0,0,5.41,0.47,2.57,128.162
0,3,0,-7,47,0,0,0,3,-58,-64,0,-3,0,3,-101,181,0,0,5.41,0.47,2.57,128.461
0,3,0,-11,58,0,1,0,2,6,-76,0,-3,0,2,-101,155,0,0,5.41,0.47,2.57,128.76000000000002
0,2,0,-13,62,0,1,0,2,55,-30,0,-3,-1,2,-88,118,0,0,5.41,0.47,2.57,129.05900000000003
0,2,0,-13,62,0,0,0,2,40,-73,0,-3,-1,2,-80,103,0,0,5.41,0.47,2.57,129.35800000000003
0,2,0,-12,62,0,2,0,2,89,-56,0,-3,0,2,-48,51,0,0,5.41,0.47,2.57,129.65700000000004
0,2,0,-14,56,0,2,0,2,135,-19,0,-2,0,2,14,-9,0,0,5.41,0.47,2.57,129.95600000000005
0,2,0,-14,54,0,3,0,2,182,31,0,-2,0,1,78,-56,0,0,5.41,0.47,2.57,130.25500000000005
0,2,0,-13,51,0,3,0,2,238,96,0,-2,1,0,116,-95,0,0,5.41,0.47,2.57,130.55400000000006
0,2,0,-10,52,0,3,0,2,249,117,0,-2,1,0,122,-112,0,0,5.41,0.47,2.57,130.85300000000007
-1,3,0,-9,47,0,3,0,3,250,145,0,-2,1,0,160,-144,0,0,5.41,0.47,2.57,131.15200000000007
-1,3,0,-9,44,0,3,-1,3,250,154,0,-1,2,0,187,-176,0,0,5.41,0.47,2.57,131.45100000000008
0,2,0,-11,34,0,3,0,4,250,120,0,-1,2,0,197,-226,0,0,5.41,0.47,2.57,131.75000000000009
0,2,0,-11,30,0,1,-1,5,165,-11,0,-1,3,0,197,-240,0,0,5.41,0.47,2.57,132.0490000000001
0,2,0,-11,15,0,4,0,3,201,76,0,0,3,0,174,-250,0,0,5.41,0.47,2.57,132.3480000000001
0,1,0,-8,3,0,4,-1,3,184,104,0,0,2,0,145,-250,0,0,5.41,0.47,2.57,132.6470000000001
0,1,0,-5,-7,0,4,0,3,115,121,0,0,2,0,126,-250,0,0,5.41,0.47,2.57,132.9460000000001
0,2,0,-5,-17,0,4,0,3,92,32,0,0,1,0,128,-250,0,0,5.41,0.47,2.57,133.24500000000012
0,2,0,-1,-14,0,3,-1,2,81,28,0,0,1,0,127,-250,0,0,5.41,0.47,2.57,133.54400000000012
0,2,0,3,-18,0,3,0,2,83,45,0,0,1,0,156,-250,0,0,5.41,0.47,2.57,133.84300000000013
0,2,0,8,-17,0,3,0,2,27,54,0,0,1,0,148,-250,0,0,5.41,0.47,2.57,134.14200000000014
0,2,0,12,-21,0,2,0,1,-2,49,0,0,1,1,147,-250,0,0,5.4,0.45,2.46,134.42800000000014
0,2,0,16,-22,0,2,0,1,-41,76,0,0,0,2,148,-250,0,0,5.4,0.45,2.46,134.71400000000014
0,2,0,14,-26,0,2,0,1,-56,87,0,0,0,2,139,-250,0,0,5.4,0.45,2.46,135.00000000000014
0,2,0,15,-25,0,1,0,1,-95,126,0,0,1,3,155,-172,0,0,5.4,0.45,2.46,135.28600000000014
0,2,0,11,-25,0,1,0,1,-136,162,0,1,1,4,107,-23,0,0,5.4,0.45,2.46,135.57200000000014
0,3,0,5,-24,0,1,0,1,-151,186,0,0,0,3,97,60,0,0,5.4,0.45,2.46,135.85800000000015
0,3,0,-2,-28,0,1,0,1,-157,160,0,0,1,2,74,55,0,0,5.4,0.45,2.46,136.14400000000015
0,3,0,-5,-30,0,1,0,1,-151,145,0,0,1,2,62,63,0,0,5.4,0.45,2.46,136.43000000000015
0,3,0,-14,-35,0,1,0,2,-140,95,0,0,1,1,31,87,0,0,5.4,0.45,2.46,136.71600000000015
0,2,0,-21,-35,0,1,0,2,-139,55,0,0,0,1,-4,99,0,0,5.4,0.45,2.46,137.00200000000015
0,2,0,-24,-36,0,1,1,2,-137,50,0,0,0,2,-30,109,0,0,5.4,0.45,2.46,137.28800000000015
0,2,0,-25,-36,0,1,1,2,-138,52,0,0,0,2,-42,125,0,0,5.4,0.45,2.46,137.57400000000015
0,2,0,-24,-41,0,1,1,2,-131,44,0,0,0,2,-64,149,0,0,5.4,0.45,2.46,137.86000000000016
0,2,0,-20,-39,0,1,1,2,-120,28,0,0,0,3,-84,193,0,0,5.4,0.45,2.46,138.14600000000016
0,2,0,-19,-27,0,1,1,2,-145,-22,0,0,-1,3,-79,222,0,0,5.4,0.45,2.46,138.43200000000016
0,2,0,-17,-21,0,0,1,2,-151,-79,0,-1,0,3,-105,188,0,0,5.4,0.45,2.46,138.71800000000016
0,2,0,-14,-18,0,1,1,2,-156,-105,0,0,0,3,-104,236,0,0,5.4,0.45,2.46,139.00400000000016
0,2,0,-9,-16,0,1,1,2,-168,-157,0,0,0,3,-124,232,0,0,5.4,0.45,2.46,139.29000000000016
0,2,0,-6,-12,0,1,2,1,-196,-190,0,0,0,2,-158,250,0,0,5.4,0.45,2.46,139.57600000000016
0,2,0,-1,-8,0,1,2,0,-231,-181,0,-1,0,2,-170,250,0,0,5.4,0.45,2.46,139.86200000000017
0,2,0,1,-6,0,1,2,0,-235,-170,0,-2,0,2,-174,250,0,0,5.4,0.45,2.46,140.14800000000017
0,2,0,6,-4,0,1,2,0,-228,-103,0,-2,0,2,-171,238,0,0,5.41,0.47,2.55,140.44500000000016
0,2,0,10,0,0,1,2,0,-209,-44,0,-2,0,3,-143,230,0,0,5.41,0.47,2.55,140.74200000000016
0,2,0,14,3,0,0,1,1,-178,-3,0,-2,0,3,-130,215,0,0,5.41,0.47,2.55,141.03900000000016
0,2,0,15,4,0,0,1,1,-165,3,0,-3,0,3,-125,197,0,0,5.41,0.47,2.55,141.33600000000015
0,2,0,19,11,0,0,0,2,-133,-4,0,-2,0,3,-96,173,0,0,5.41,0.47,2.55,141.63300000000015
0,2,0,22,17,0,0,0,2,-110,-59,0,-3,0,3,-87,135,0,0,5.41,0.47,2.55,141.93000000000015
0,2,0,22,25,0,0,0,2,-73,-115,0,-2,0,3,-94,92,0,0,5.41,0.47,2.55,142.22700000000015
0,2,0,18,34,0,1,0,2,-8,-120,0,-2,0,3,-83,67,0,0,5.41,0.47,2.55,142.52400000000014
0,2,0,17,38,0,1,0,3,13,-111,0,-2,0,3,-76,50,0,0,5.41,0.47,2.55,142.82100000000014
0,3,0,10,48,0,2,0,3,73,-72,0,-2,0,2,-47,22,0,0,5.41,0.47,2.55,143.11800000000014
0,3,0,3,55,0,2,0,3,134,-39,0,-2,0,2,-19,-16,0,0,5.41,0.47,2.55,143.41500000000013
0,3,0,-2,60,0,1,0,3,163,-32,0,-2,0,1,30,-65,0,0,5.41,0.47,2.55,143.71200000000013
0,3,0,-6,60,0,2,0,3,191,-60,0,-2,0,1,88,-113,0,0,5.41,0.47,2.55,144.00900000000013
0,3,0,-8,61,0,2,0,3,210,-55,0,-2,0,0,113,-129,0,0,5.41,0.47,2.55,144.30600000000013
0,2,0,-14,58,0,4,0,3,250,-17,0,-1,1,0,132,-176,0,0,5.41,0.47,2.55,144.60300000000012
0,2,0,-17,56,0,4,0,3,250,58,0,0,2,0,149,-206,0,0,5.41,0.47,2.55,144.90000000000012
0,2,0,-18,49,0,5,0,3,161,107,0,0,2,0,154,-213,0,0,5.41,0.47,2.55,145.19700000000012
0,2,0,-17,46,0,5,-1,3,164,113,0,0,2,0,154,-208,0,0,5.41,0.47,2.55,145.4940000000001
0,2,0,-15,36,0,4,-2,2,163,96,0,0,2,0,154,-195,0,0,5.41,0.47,2.55,145.7910000000001
0,2,0,-15,24,0,5,-1,2,186,68,0,0,2,0,146,-184,0,0,5.41,0.47,2.55,146.0880000000001
0,3,0,-18,13,0,5,-1,2,241,20,0,0,2,0,145,-183,0,0,5.41,0.47,2.55,146.3850000000001
0,2,0,-18,-1,0,4,-2,2,132,11,0,0,1,0,147,-189,0,0,5.42,0.47,2.59,146.6870000000001
0,2,0,-19,-6,0,4,-1,2,74,66,0,0,1,0,137,-201,0,0,5.42,0.47,2.59,146.9890000000001
0,2,0,-15,-16,0,1,-1,2,70,-15,0,0,1,0,119,-203,0,0,5.42,0.47,2.59,147.29100000000008
0,2,0,-12,-20,0,3,0,2,2,47,0,0,0,1,127,-218,0,0,5.42,0.47,2.59,147.59300000000007
0,2,0,-10,-16,0,2,0,1,-37,58,0,0,1,1,139,-187,0,0,5.42,0.47,2.59,147.89500000000007
0,2,0,-6,-12,0,2,0,1,-46,88,0,0,1,1,162,-162,0,0,5.42,0.47,2.59,148.19700000000006
0,2,0,-2,-10,0,2,0,1,-85,141,0,0,0,1,188,-106,0,0,5.42,0.47,2.59,148.49900000000005
0,2,0,0,-5,0,2,0,1,-119,165,0,0,1,2,175,-2,0,0,5.42,0.47,2.59,148.80100000000004
0,2,0,1,-1,0,2,1,0,-152,146,0,-1,1,3,105,65,0,0,5.42,0.47,2.59,149.10300000000004
0,2,0,2,-2,0,1,0,0,-165,117,0,-2,1,2,67,59,0,0,5.42,0.47,2.59,149.40500000000003
0,2,0,1,-4,0,1,0,1,-163,114,0,-2,1,2,60,44,0,0,5.42,0.47,2.59,149.70700000000002
0,2,0,1,-6,0,1,0,1,-156,104,0,0,0,2,28,46,0,0,5.42,0.47,2.59,150.00900000000001
0,2,0,2,-12,0,2,0,1,-150,96,0,0,0,2,15,96,0,0,5.42,0.47,2.59,150.311
0,2,0,2,-20,0,2,0,1,-171,108,0,0,0,2,2,148,0,0,5.42,0.47,2.59,150.613
0,2,0,0,-23,0,2,0,1,-164,107,0,0,0,2,-7,163,0,0,5.42,0.47,2.59,150.915
0,2,0,-4,-34,0,2,0,1,-161,97,0,0,0,2,-25,189,0,0,5.42,0.47,2.59,151.21699999999998
0,2,0,-10,-49,0,1,0,2,-154,70,0,0,0,2,-46,179,0,0,5.42,0.47,2.59,151.51899999999998
0,3,0,-16,-63,0,1,1,2,-174,50,0,0,0,2,-62,191,0,0,5.42,0.47,2.59,151.82099999999997
0,3,0,-19,-68,0,1,1,2,-182,44,0,0,0,2,-72,201,0,0,5.42,0.47,2.59,152.12299999999996
0,3,0,-28,-73,0,1,1,1,-190,25,0,0,0,2,-71,250,0,0,5.42,0.47,2.59,152.42499999999995
0,3,0,-34,-67,0,1,1,1,-182,-14,0,-2,0,2,-124,187,0,0,5.42,0.47,2.59,152.72699999999995
0,3,0,12,-56,0,1,1,0,-200,-3,0,-1,0,2,-147,239,0,0,5.42,0.47,2.58,153.02799999999993
0,3,0,1,-56,0,1,1,1,-166,20,0,-2,0,2,-149,196,0,0,5.42,0.47,2.58,153.32899999999992
0,3,0,-9,-48,0,0,0,2,-143,-17,0,-1,0,2,-137,177,0,0,5.42,0.47,2.58,153.6299999999999
0,3,0,-12,-32,0,0,0,2,-123,-72,0,-2,0,2,-108,192,0,0,5.42,0.47,2.58,153.9309999999999
0,3,0,-12,-26,0,0,0,2,-112,-91,0,-2,0,2,-98,183,0,0,5.42,0.47,2.58,154.23199999999989
0,2,0,-8,-3,0,0,0,2,-81,-121,0,-2,0,2,-94,158,0,0,5.42,0.47,2.58,154.53299999999987
0,2,0,-6,11,0,1,0,2,-47,-128,0,-3,0,2,-68,114,0,0,5.42,0.47,2.58,154.83399999999986
0,2,0,-6,13,0,2,0,2,-31,-104,0,-3,0,2,-38,53,0,0,5.42,0.47,2.58,155.13499999999985
0,2,0,-7,7,0,3,0,2,37,-20,0,-2,0,2,-14,-1,0,0,5.42,0.47,2.58,155.43599999999984
0,2,0,-7,4,0,3,0,2,66,27,0,-2,0,2,-1,-17,0,0,5.42,0.47,2.58,155.73699999999982
0,2,0,-6,-7,0,3,0,3,121,131,0,-2,0,2,39,-35,0,0,5.42,0.47,2.58,156.0379999999998
0,2,0,-9,-16,0,2,0,3,169,194,0,-2,0,1,76,-72,0,0,5.42,0.47,2.58,156.3389999999998
0,2,0,-11,-20,0,2,0,3,217,209,0,-2,0,1,158,-95,0,0,5.42,0.47,2.58,156.6399999999998
0,3,0,-10,-19,0,2,0,3,235,199,0,-2,0,0,149,-116,0,0,5.4,0.45,2.46,156.9279999999998
0,3,0,-9,-15,0,2,0,4,196,124,0,-2,0,0,163,-142,0,0,5.4,0.45,2.46,157.2159999999998
0,3,0,-8,0,0,3,-1,4,195,51,0,-1,1,0,163,-151,0,0,5.4,0.45,2.46,157.50399999999982
0,3,0,-2,13,0,4,0,4,186,3,0,0,1,0,134,-146,0,0,5.4,0.45,2.46,157.79199999999983
0,2,0,1,20,0,5,0,4,154,38,0,0,2,0,131,-161,0,0,5.4,0.45,2.46,158.07999999999984
0,2,0,2,20,0,5,0,3,143,53,0,0,1,0,137,-177,0,0,5.4,0.45,2.46,158.36799999999985
0,2,0,4,12,0,5,0,3,132,71,0,0,2,0,142,-199,0,0,5.4,0.45,2.46,158.65599999999986
0,2,0,5,0,0,4,0,3,124,45,0,0,2,0,133,-229,0,0,5.4,0.45,2.46,158.94399999999987
0,2,0,9,-10,0,4,-1,3,71,6,0,0,1,0,143,-250,0,0,5.4,0.45,2.46,159.23199999999989
0,2,0,8,-16,0,2,-2,3,65,9,0,0,1,0,152,-250,0,0,5.4,0.45,2.46,159.5199999999999
0,2,0,12,-17,0,2,0,3,61,-22,0,0,1,1,162,-250,0,0,5.4,0.45,2.46,159.8079999999999
0,2,0,15,-3,0,1,0,2,23,-27,0,0,1,1,154,-250,0,0,5.4,0.45,2.46,160.09599999999992
0,2,0,17,8,0,2,0,2,-15,34,0,0,1,1,143,-250,0,0,5.4,0.45,2.46,160.38399999999993
0,2,0,17,14,0,2,0,2,-29,52,0,0,1,1,135,-250,0,0,5.4,0.45,2.46,160.67199999999994
0,2,0,14,28,0,1,0,2,-63,82,0,1,1,1,151,-250,0,0,5.4,0.45,2.46,160.95999999999995
0,3,0,3,35,0,1,0,1,-85,105,0,1,1,2,158,-169,0,0,5.4,0.45,2.46,161.24799999999996
0,4,0,-8,35,0,2,0,1,-105,133,0,0,1,1,147,-70,0,0,5.4,0.45,2.46,161.53599999999997
0,3,0,-14,27,0,1,0,1,-118,140,0,0,2,2,94,14,0,0,5.4,0.45,2.46,161.82399999999998
0,3,0,-16,26,0,1,0,1,-125,133,0,-1,2,2,78,17,0,0,5.4,0.45,2.46,162.112
0,3,0,-23,22,0,1,0,1,-126,108,0,0,1,2,45,33,0,0,5.4,0.45,2.46,162.4
0,2,0,-27,20,0,1,0,1,-118,104,0,0,1,2,39,95,0,1,5.4,0.45,2.46,162.68800000000002
0,2,0,-27,19,0,1,0,1,-112,113,0,0,1,1,42,161,0,0,5.4,0.46,2.49,162.978
0,2,0,-26,18,0,1,0,1,-110,106,0,0,1,1,34,174,0,0,5.4,0.46,2.49,163.268
0,1,0,-22,14,0,1,0,1,-102,54,0,0,0,2,-2,179,0,0,5.4,0.46,2.49,163.558
0,1,0,-19,10,0,1,0,1,-96,-2,0,0,0,2,-40,157,0,0,5.4,0.46,2.49,163.84799999999998
0,2,0,-18,8,0,1,0,1,-106,-35,0,0,0,2,-59,137,0,0,5.4,0.46,2.49,164.13799999999998
0,2,0,-18,8,0,1,0,1,-111,-49,0,0,0,2,-64,133,0,0,5.4,0.46,2.49,164.42799999999997
-1,2,0,-18,5,0,1,0,1,-115,-68,0,0,0,3,-75,136,0,0,5.4,0.46,2.49,164.71799999999996
-1,3,0,-17,0,0,1,0,1,-113,-83,0,0,0,3,-91,171,0,0,5.4,0.46,2.49,165.00799999999995
-1,3,0,-16,-5,0,1,0,1,-109,-88,0,0,0,3,-96,183,0,0,5.4,0.46,2.49,165.29799999999994
0,2,0,-16,-10,0,0,1,1,-123,-101,0,0,0,3,-114,201,0,0,5.4,0.46,2.49,165.58799999999994
0,2,0,-16,-13,0,0,1,1,-131,-104,0,0,0,3,-114,208,0,0,5.4,0.46,2.49,165.87799999999993
0,2,0,-14,-18,0,0,1,1,-154,-106,0,-1,1,3,-138,186,0,0,5.4,0.46,2.49,166.16799999999992
0,2,0,-9,-21,0,0,2,0,-180,-114,0,-1,1,2,-163,225,0,0,5.4,0.46,2.49,166.4579999999999
0,1,0,-2,-19,0,0,2,0,-204,-110,0,-1,0,2,-190,244,0,0,5.4,0.46,2.49,166.7479999999999
0,1,0,4,-14,0,1,2,0,-184,-55,0,-1,0,2,-165,250,0,0,5.4,0.46,2.49,167.0379999999999
0,1,0,7,-11,0,1,2,0,-165,-41,0,-1,0,2,-142,250,0,0,5.4,0.46,2.49,167.3279999999999
0,2,0,12,-2,0,0,1,1,-109,-17,0,-2,0,3,-112,220,0,0,5.4,0.46,2.49,167.61799999999988
0,2,0,15,5,0,0,0,2,-83,-20,0,-3,0,3,-89,183,0,0,5.4,0.46,2.49,167.90799999999987
0,2,0,17,9,0,0,0,3,-66,-40,0,-2,1,3,-81,165,0,0,5.4,0.46,2.49,168.19799999999987
0,2,0,16,9,0,0,0,3,-54,-45,0,-2,0,3,-92,140,0,0,5.4,0.46,2.49,168.48799999999986
0,2,0,16,8,0,1,0,3,-13,-47,0,-2,0,2,-100,102,0,0,5.4,0.46,2.49,168.77799999999985
0,2,0,14,0,0,1,0,3,28,-25,0,-2,0,2,-79,86,0,0,5.41,0.46,2.51,169.07199999999986
0,3,0,10,-6,0,2,0,3,78,15,0,-2,0,2,-53,63,0,0,5.41,0.46,2.51,169.36599999999987
0,3,0,2,-14,0,2,0,3,145,83,0,-2,0,2,-16,10,0,0,5.41,0.46,2.51,169.65999999999988
0,3,0,-1,-17,0,2,0,3,156,93,0,-2,0,2,1,-10,0,0,5.41,0.46,2.51,169.9539999999999
0,3,0,-9,-19,0,1,0,3,187,87,0,-2,0,2,42,-53,0,0,5.41,0.46,2.51,170.2479999999999
0,3,0,-14,-21,0,1,0,3,215,30,0,-1,0,1,76,-88,0,0,5.41,0.46,2.51,170.54199999999992
0,3,0,-16,-20,0,2,0,3,239,-29,0,-1,1,1,119,-100,0,0,5.41,0.46,2.51,170.83599999999993
0,2,0,-16,-21,0,2,0,3,248,-51,0,-1,1,1,131,-106,0,0,5.41,0.46,2.51,171.12999999999994
0,2,0,-14,-18,0,4,0,3,250,-56,0,-1,1,0,162,-137,0,0,5.41,0.46,2.51,171.42399999999995
0,2,0,-14,-16,0,5,1,3,189,-60,0,0,1,0,155,-169,0,0,5.41,0.46,2.51,171.71799999999996
0,2,0,-13,-16,0,5,0,3,181,11,0,0,1,0,150,-178,0,0,5.41,0.46,2.51,172.01199999999997
0,2,0,-11,-16,0,5,0,4,150,59,0,0,1,0,146,-183,0,0,5.41,0.46,2.51,172.30599999999998
0,2,0,-3,-18,0,4,1,3,192,62,0,0,1,0,149,-198,0,0,5.41,0.46,2.51,172.6
0,2,0,0,-21,0,4,0,3,101,65,0,0,1,0,153,-213,0,0,5.41,0.46,2.51,172.894
0,2,0,5,-21,0,4,0,3,95,-5,0,0,1,0,155,-216,0,0,5.41,0.46,2.51,173.18800000000002
0,2,0,11,-20,0,4,0,4,102,15,0,0,1,0,157,-219,0,0,5.41,0.46,2.51,173.48200000000003
0,2,0,13,-15,0,4,0,4,86,-19,0,0,1,0,164,-230,0,0,5.41,0.46,2.51,173.77600000000004
0,2,0,19,-12,0,2,0,3,99,-38,0,0,1,0,182,-250,0,0,5.41,0.46,2.51,174.07000000000005
0,2,0,21,-8,0,3,0,2,3,34,0,0,1,0,186,-250,0,0,5.41,0.46,2.51,174.36400000000006
0,2,0,21,-1,0,2,0,2,-46,89,0,0,0,0,217,-250,0,0,5.41,0.46,2.51,174.65800000000007
0,2,0,21,0,0,2,0,2,-64,96,0,0,0,0,221,-250,0,0,5.41,0.46,2.51,174.95200000000008
0,2,0,18,10,0,1,0,1,-111,103,0,1,1,2,201,-201,0,0,5.4,0.46,2.51,175.2460000000001
0,2,0,12,18,0,1,0,0,-141,116,0,0,1,3,161,-137,0,0,5.4,0.46,2.51,175.5400000000001
0,3,0,3,22,0,1,0,0,-157,155,0,0,1,3,134,-91,0,0,5.4,0.46,2.51,175.83400000000012
0,3,0,0,23,0,1,0,0,-164,166,0,0,1,3,131,-48,0,0,5.4,0.46,2.51,176.12800000000013
0,3,0,-8,23,0,1,0,0,-180,153,0,0,1,2,109,42,0,0,5.4,0.46,2.51,176.42200000000014
0,3,0,-14,23,0,1,0,1,-173,150,0,0,1,2,86,93,0,0,5.4,0.46,2.51,176.71600000000015
0,3,0,-19,22,0,1,0,1,-152,152,0,0,1,1,51,126,0,0,5.4,0.46,2.51,177.01000000000016
0,2,0,-21,21,0,1,1,1,-145,169,0,0,1,1,25,156,0,0,5.4,0.46,2.51,177.30400000000017
0,2,0,-22,20,0,1,1,1,-144,159,0,0,1,1,13,163,0,0,5.4,0.46,2.51,177.59800000000018
0,2,0,-23,19,0,0,0,1,-149,109,0,0,0,2,-11,168,0,0,5.4,0.46,2.51,177.8920000000002
0,2,0,-25,18,0,1,0,2,-146,61,0,0,0,2,-27,168,0,0,5.4,0.46,2.51,178.1860000000002
0,2,0,-25,16,0,1,0,2,-147,29,0,0,0,3,-44,179,0,0,5.4,0.46,2.51,178.48000000000022
0,2,0,-26,13,0,1,0,2,-142,-8,0,0,0,2,-44,205,0,0,5.4,0.46,2.51,178.77400000000023
0,2,0,-26,12,0,1,0,2,-138,-29,0,0,0,2,-48,222,0,0,5.4,0.46,2.51,179.06800000000024
0,2,0,-27,8,0,0,0,2,-138,-86,0,0,0,3,-70,227,0,0,5.4,0.46,2.51,179.36200000000025
0,2,0,-24,4,0,1,0,2,-144,-116,0,0,0,2,-92,214,0,0,5.4,0.46,2.51,179.65600000000026
0,2,0,-18,-1,0,0,0,2,-149,-115,0,0,1,3,-80,228,0,0,5.4,0.46,2.51,179.95000000000027
0,2,0,-14,-3,0,0,1,2,-151,-113,0,0,0,2,-67,250,0,0,5.4,0.46,2.51,180.24400000000028
0,2,0,-4,-9,0,1,1,1,-164,-101,0,-1,1,3,-112,206,0,0,5.4,0.46,2.51,180.5380000000003
0,2,0,7,-15,0,0,2,0,-195,-103,0,-1,1,2,-119,175,0,0,5.4,0.46,2.51,180.8320000000003
0,2,0,16,-16,0,0,2,0,-212,-117,0,-1,0,2,-141,202,0,0,5.4,0.46,2.51,181.12600000000032
0,2,0,18,-15,0,0,2,0,-199,-118,0,-1,0,2,-134,207,0,0,5.4,0.45,2.48,181.4160000000003
0,2,0,20,-11,0,0,1,0,-147,-96,0,-2,0,2,-105,196,0,0,5.4,0.45,2.48,181.7060000000003
0,2,0,18,-3,0,0,1,1,-104,-58,0,-2,0,3,-90,149,0,0,5.4,0.45,2.48,181.9960000000003
0,2,0,16,4,0,1,0,2,-75,-20,0,-2,0,3,-72,110,0,0,5.4,0.45,2.48,182.28600000000029
0,2,0,16,11,0,0,0,2,-63,-16,0,-2,0,3,-62,88,0,0,5.4,0.45,2.48,182.57600000000028
0,2,0,17,13,0,0,0,2,-58,-32,0,-2,0,3,-64,98,0,0,5.4,0.45,2.48,182.86600000000027
0,2,0,17,13,0,0,0,3,-29,-80,0,-2,0,3,-72,82,0,0,5.4,0.45,2.48,183.15600000000026
0,2,0,17,5,0,1,0,3,14,-96,0,-1,0,3,-52,96,0,0,5.4,0.45,2.48,183.44600000000025
0,3,0,14,-1,0,1,0,3,57,-85,0,-1,0,3,-56,92,0,0,5.4,0.45,2.48,183.73600000000025
0,3,0,12,-4,0,1,0,3,79,-74,0,-2,0,3,-51,79,0,0,5.4,0.45,2.48,184.02600000000024
0,3,0,2,-9,0,1,0,2,107,-44,0,-2,0,2,-42,28,0,0,5.4,0.45,2.48,184.31600000000023
0,3,0,-11,-9,0,2,0,2,120,-29,0,-2,0,2,6,-32,0,0,5.4,0.45,2.48,184.60600000000022
0,3,0,-20,-8,0,2,0,2,153,19,0,-1,0,2,58,-52,0,0,5.4,0.45,2.48,184.8960000000002
0,2,0,-18,-2,0,3,0,2,186,62,0,-1,1,1,86,-85,0,0,5.4,0.45,2.48,185.1860000000002
0,2,0,-17,0,0,3,0,2,198,74,0,-1,1,1,88,-101,0,0,5.4,0.45,2.48,185.4760000000002
0,2,0,-17,0,0,3,0,3,218,93,0,-1,1,1,87,-133,0,0,5.4,0.45,2.48,185.7660000000002
0,2,0,-15,1,0,3,0,3,220,81,0,-1,1,0,98,-154,0,0,5.4,0.45,2.48,186.05600000000018
0,2,0,-13,0,0,3,0,4,129,39,0,-1,1,0,110,-187,0,0,5.4,0.45,2.48,186.34600000000017
0,2,0,-12,-1,0,3,0,3,140,25,0,-1,1,0,111,-201,0,0,5.4,0.45,2.48,186.63600000000017
0,2,0,-10,-5,0,2,0,3,204,34,0,0,1,0,111,-226,0,0,5.4,0.45,2.48,186.92600000000016
0,2,0,-5,-9,0,5,0,4,132,75,0,0,1,0,110,-240,0,0,5.4,0.45,2.48,187.21600000000015
0,2,0,-2,-10,0,4,-1,3,105,85,0,0,1,0,101,-231,0,0,5.4,0.46,2.49,187.50800000000015
0,2,0,2,-8,0,4,0,3,93,25,0,0,1,0,91,-221,0,0,5.4,0.46,2.49,187.80000000000015
0,2,0,6,-6,0,2,0,3,68,-14,0,0,1,0,85,-218,0,0,5.4,0.46,2.49,188.09200000000016
0,2,0,5,-7,0,3,0,3,60,-21,0,0,1,0,84,-222,0,0,5.4,0.46,2.49,188.38400000000016
0,2,0,7,-9,0,3,0,3,14,13,0,0,0,0,82,-247,0,0,5.4,0.46,2.49,188.67600000000016
0,2,0,10,-15,0,3,0,2,-12,49,0,0,0,1,118,-250,0,0,5.4,0.46,2.49,188.96800000000016
0,2,0,11,-15,0,2,0,2,-23,60,0,0,0,0,134,-250,0,0,5.4,0.46,2.49,189.26000000000016
0,2,0,11,-18,0,2,0,1,-69,88,0,1,0,1,163,-232,0,0,5.4,0.46,2.49,189.55200000000016
0,2,0,11,-14,0,1,0,0,-102,129,0,1,1,2,128,-100,0,0,5.4,0.46,2.49,189.84400000000016
0,2,0,9,-7,0,2,0,0,-129,192,0,0,0,2,111,-18,0,0,5.4,0.46,2.49,190.13600000000017
0,2,0,4,0,0,1,0,0,-138,198,0,-1,1,2,103,10,0,0,5.4,0.46,2.49,190.42800000000017
0,2,0,1,3,0,1,0,0,-145,196,0,-1,1,2,96,11,0,0,5.4,0.46,2.49,190.72000000000017
0,3,0,-7,10,0,0,0,1,-159,148,0,0,1,2,59,13,0,0,5.4,0.46,2.49,191.01200000000017
0,3,0,-17,12,0,0,0,1,-143,91,0,0,1,1,40,45,0,0,5.4,0.46,2.49,191.30400000000017
0,3,0,-23,13,0,1,0,1,-145,93,0,0,0,1,34,87,0,0,5.4,0.46,2.49,191.59600000000017
0,3,0,-25,12,0,1,0,1,-142,108,0,0,0,1,28,100,0,0,5.4,0.46,2.49,191.88800000000018
0,3,0,-27,4,0,1,1,2,-130,122,0,0,0,2,2,122,0,0,5.4,0.46,2.49,192.18000000000018
0,2,0,-28,0,0,1,0,1,-129,97,0,0,0,2,-30,128,0,0,5.4,0.46,2.49,192.47200000000018
0,2,0,-29,-1,0,1,0,1,-129,56,0,0,0,2,-54,148,0,0,5.4,0.46,2.49,192.76400000000018
0,1,0,-31,0,0,1,0,1,-153,-3,0,0,0,2,-69,169,0,0,5.4,0.46,2.49,193.05600000000018
0,1,0,-30,0,0,1,0,2,-146,-24,0,0,0,2,-73,176,0,0,5.4,0.46,2.49,193.34800000000018
0,1,0,-30,2,0,1,1,2,-126,-78,0,0,0,2,-86,192,0,0,5.4,0.46,2.5,193.6410000000002
0,2,0,-29,1,0,0,1,2,-112,-137,0,0,0,2,-63,243,0,0,5.4,0.46,2.5,193.9340000000002
0,2,0,-29,1,0,0,0,2,-114,-196,0,0,0,3,-91,198,0,0,5.4,0.46,2.5,194.2270000000002
0,2,0,-29,1,0,0,0,1,-121,-213,0,0,0,3,-89,209,0,0,5.4,0.46,2.5,194.5200000000002
0,2,0,-27,1,0,0,0,1,-163,-221,0,0,0,3,-96,231,0,0,5.4,0.46,2.5,194.81300000000022
0,2,0,-21,0,0,0,1,1,-189,-194,0,-1,1,2,-118,250,0,0,5.4,0.46,2.5,195.10600000000022
0,2,0,-13,-1,0,1,1,0,-204,-148,0,-1,0,1,-136,250,0,0,5.4,0.46,2.5,195.39900000000023
0,2,0,-5,-4,0,1,1,0,-181,-80,0,-2,0,1,-105,250,0,0,5.4,0.46,2.5,195.69200000000023
0,2,0,-2,-4,0,1,0,1,-163,-63,0,-2,0,2,-89,230,0,0,5.4,0.46,2.5,195.98500000000024
0,2,0,6,0,0,1,0,1,-102,-33,0,-2,0,3,-57,138,0,0,5.4,0.46,2.5,196.27800000000025
0,2,0,13,8,0,0,0,2,-59,-56,0,-2,0,4,-52,109,0,0,5.4,0.46,2.5,196.57100000000025
0,2,0,18,13,0,0,0,3,-56,-99,0,-1,0,4,-50,103,0,0,5.4,0.46,2.5,196.86400000000026
0,2,0,22,18,0,1,0,2,-48,-109,0,-1,0,3,-57,92,0,0,5.4,0.46,2.5,197.15700000000027
0,2,0,22,19,0,1,0,2,-35,-108,0,-1,0,3,-53,99,0,0,5.4,0.46,2.5,197.45000000000027
0,2,0,21,20,0,2,0,2,25,-52,0,-2,0,3,-34,95,0,0,5.4,0.46,2.5,197.74300000000028
0,2,0,20,19,0,2,0,2,64,3,0,-2,0,3,-5,70,0,0,5.4,0.46,2.5,198.03600000000029
0,2,0,18,17,0,2,0,2,111,50,0,-2,0,3,7,50,0,0,5.4,0.46,2.5,198.3290000000003
0,2,0,18,14,0,2,0,3,128,63,0,-2,0,2,12,37,0,0,5.4,0.46,2.5,198.6220000000003
0,3,0,18,9,0,1,0,3,160,75,0,-2,0,1,26,10,0,0,5.4,0.46,2.5,198.9150000000003
0,3,0,16,4,0,1,0,3,175,60,0,-2,0,1,72,-32,0,0,5.4,0.46,2.5,199.2080000000003
0,3,0,9,2,0,2,0,3,194,27,0,-2,1,1,117,-95,0,0,5.4,0.46,2.5,199.50100000000032
0,3,0,5,3,0,2,0,3,204,18,0,-2,1,1,126,-121,0,0,5.39,0.44,2.41,199.7840000000003
0,3,0,-3,6,0,3,0,3,242,20,0,-1,1,1,151,-172,0,0,5.39,0.44,2.41,200.0670000000003
0,3,0,-9,10,0,3,0,3,250,58,0,-1,1,1,155,-196,0,0,5.39,0.44,2.41,200.35000000000028
0,2,0,-10,11,0,3,0,3,200,76,0,0,2,0,157,-211,0,0,5.39,0.44,2.41,200.63300000000027
0,2,0,-11,8,0,3,0,3,177,110,0,0,2,0,150,-215,0,0,5.39,0.44,2.41,200.91600000000025
0,2,0,-10,5,0,2,0,3,217,86,0,0,2,0,148,-219,0,0,5.39,0.44,2.41,201.19900000000024
0,2,0,-9,-6,0,3,0,3,141,91,0,0,2,0,139,-235,0,0,5.39,0.44,2.41,201.48200000000023
0,2,0,-10,-23,0,4,0,3,132,18,0,0,2,0,121,-236,0,0,5.39,0.44,2.41,201.7650000000002
0,2,0,-8,-37,0,4,2,5,94,0,0,0,1,0,107,-238,0,0,5.39,0.44,2.41,202.0480000000002
0,2,0,-9,-38,0,3,0,4,106,-81,0,0,1,0,104,-242,0,0,5.39,0.44,2.41,202.3310000000002
0,2,0,-7,-44,0,3,0,1,73,-7,0,0,1,0,107,-243,0,0,5.39,0.44,2.41,202.61400000000017
0,2,0,-21,-51,0,2,0,2,-35,-3,0,0,0,1,48,-250,0,0,5.4,0.45,2.47,202.90400000000017
0,2,0,-19,-45,0,2,0,1,-82,48,0,0,0,1,87,-250,0,0,5.4,0.45,2.47,203.19400000000016
0,2,0,-16,-37,0,2,0,1,-118,109,0,0,0,2,123,-216,0,0,5.4,0.45,2.43,203.48000000000016
0,2,0,-12,-31,0,2,0,1,-148,142,0,0,0,2,141,-104,0,0,5.4,0.45,2.43,203.76600000000016
0,2,0,-11,-29,0,2,0,1,-157,150,0,0,1,3,123,-47,0,0,5.4,0.45,2.43,204.05200000000016
0,2,0,-6,-25,0,1,0,1,-172,161,0,-1,1,3,78,-6,0,0,5.4,0.45,2.43,204.33800000000016
0,2,0,-1,-25,0,1,0,1,-175,137,0,0,0,2,56,-18,0,0,5.4,0.45,2.43,204.62400000000017
0,2,0,0,-28,0,1,0,1,-161,101,0,0,1,1,44,4,0,0,5.4,0.45,2.43,204.91000000000017
0,2,0,3,-29,0,1,0,1,-155,91,0,0,0,1,33,48,0,0,5.4,0.45,2.43,205.19600000000017
0,2,0,3,-30,0,1,0,1,-151,91,0,0,0,1,28,59,0,0,5.4,0.45,2.43,205.48200000000017
0,2,0,6,-30,0,1,0,1,-153,99,0,0,0,1,13,67,0,0,5.4,0.45,2.43,205.76800000000017
0,2,0,10,-27,0,1,0,1,-155,98,0,0,0,2,-7,68,0,0,5.4,0.45,2.43,206.05400000000017
0,2,0,11,-23,0,1,0,1,-151,77,0,0,0,2,-31,69,0,0,5.4,0.45,2.43,206.34000000000017
0,2,0,11,-22,0,1,0,1,-151,63,0,0,0,2,-40,73,0,0,5.4,0.45,2.43,206.62600000000018
0,2,0,11,-17,0,1,0,2,-151,43,0,0,0,2,-58,105,0,0,5.4,0.45,2.43,206.91200000000018
0,2,0,8,-11,0,1,0,2,-138,11,0,0,0,2,-64,177,0,0,5.4,0.45,2.43,207.19800000000018
0,3,0,1,-2,0,1,0,2,-156,-25,0,0,0,3,-69,138,0,0,5.4,0.45,2.43,207.48400000000018
0,3,0,-2,0,0,1,0,2,-152,-33,0,0,0,3,-79,140,0,0,5.4,0.45,2.43,207.77000000000018
0,3,0,-10,4,0,1,1,2,-130,-52,0,0,0,3,-89,185,0,0,5.4,0.45,2.43,208.05600000000018
0,3,0,-16,7,0,1,1,2,-105,-75,0,0,0,3,-96,191,0,0,5.4,0.45,2.43,208.34200000000018
0,2,0,-18,10,0,0,1,1,-96,-117,0,0,0,3,-108,200,0,0,5.4,0.45,2.43,208.62800000000018
0,2,0,-19,15,0,0,2,1,-106,-162,0,0,0,3,-119,231,0,0,5.4,0.45,2.43,208.9140000000002
0,2,0,-19,18,0,0,2,1,-122,-179,0,-1,0,2,-117,242,0,0,5.4,0.45,2.43,209.2000000000002
0,1,0,-18,25,0,1,1,0,-170,-193,0,-1,0,2,-140,250,0,0,5.4,0.46,2.5,209.4940000000002
0,1,0,-15,37,0,1,1,0,-153,-141,0,-2,0,2,-105,196,0,0,5.4,0.46,2.5,209.7880000000002
0,1,0,-12,49,0,1,0,1,-109,-94,0,-1,0,2,-90,176,0,0,5.4,0.46,2.5,210.08200000000022
0,1,0,-10,53,0,1,0,2,-88,-77,0,-2,0,3,-81,170,0,0,5.4,0.46,2.5,210.37600000000023
0,2,0,-8,65,0,1,0,3,-39,-41,0,-2,0,3,-54,143,0,0,5.4,0.46,2.5,210.67000000000024
0,3,0,-9,70,0,0,0,3,-22,-61,0,-2,0,4,-36,126,0,0,5.4,0.46,2.5,210.96400000000025
0,3,0,-7,60,0,0,0,3,-11,-111,0,-2,0,4,-33,110,0,0,5.4,0.46,2.5,211.25800000000027
0,2,0,-4,45,0,1,0,3,30,-117,0,0,0,3,-10,87,0,0,5.4,0.46,2.5,211.55200000000028
0,2,0,-2,40,0,1,0,3,56,-103,0,-2,0,3,1,29,0,0,5.4,0.46,2.5,211.8460000000003
0,2,0,0,29,0,2,0,3,121,-36,0,-1,0,3,47,-3,0,0,5.4,0.46,2.5,212.1400000000003
0,1,0,2,23,0,2,0,3,181,39,0,-2,0,2,74,-26,0,0,5.4,0.46,2.5,212.4340000000003
0,1,0,7,24,0,2,0,3,247,83,0,-1,0,2,104,-37,0,0,5.4,0.46,2.5,212.72800000000032
0,2,0,7,24,0,2,0,3,250,85,0,-2,0,1,114,-43,0,0,5.4,0.46,2.5,213.02200000000033
0,2,0,10,32,0,2,0,3,250,67,0,-2,0,1,127,-69,0,0,5.4,0.46,2.5,213.31600000000034
0,2,0,11,37,0,1,1,5,200,3,0,-2,1,0,127,-137,0,0,5.4,0.46,2.5,213.61000000000035
0,2,0,13,37,0,3,0,3,235,32,0,-1,2,0,130,-180,0,0,5.4,0.46,2.5,213.90400000000037
0,2,0,13,29,0,3,0,3,246,33,0,0,2,0,124,-217,0,0,5.4,0.46,2.5,214.19800000000038
0,2,0,12,23,0,3,0,3,243,30,0,0,2,0,118,-228,0,0,5.4,0.46,2.5,214.4920000000004
0,2,0,12,7,0,3,0,3,237,22,0,0,2,0,107,-229,0,0,5.4,0.46,2.5,214.7860000000004
0,2,0,11,-9,0,3,0,3,203,25,0,0,2,0,88,-226,0,0,5.4,0.46,2.5,215.0800000000004
0,2,0,9,-18,0,3,0,2,160,68,0,0,1,0,75,-224,0,0,5.4,0.46,2.5,215.37400000000042
0,2,0,6,-22,0,5,0,4,135,-3,0,0,1,0,70,-219,0,0,5.39,0.45,2.47,215.66500000000042
0,2,0,0,-23,0,3,0,3,79,-37,0,0,0,0,82,-249,0,0,5.39,0.45,2.47,216.2470000000004
0,3,0,-4,-26,0,3,0,3,38,-21,0,0,1,1,94,-250,0,0,5.39,0.45,2.47,216.5380000000004
0,3,0,-6,-26,0,3,0,2,16,1,0,0,0,1,87,-250,0,0,5.39,0.45,2.47,216.8290000000004
0,2,0,-9,-27,0,2,0,1,-35,26,0,1,1,2,79,-216,0,0,5.39,0.45,2.47,217.1200000000004
0,2,0,-12,-29,0,2,0,1,-74,62,0,0,0,3,83,-116,0,0,5.39,0.45,2.47,217.4110000000004
0,2,0,-15,-32,0,1,0,1,-107,93,0,0,0,3,102,-62,0,0,5.39,0.45,2.47,217.7020000000004
0,2,0,-15,-41,0,1,0,1,-134,116,0,0,0,3,114,-6,0,0,5.39,0.45,2.47,217.9930000000004
0,2,0,-14,-42,0,1,0,1,-143,122,0,0,0,3,105,9,0,0,5.39,0.45,2.47,218.2840000000004
0,2,0,-15,-43,0,1,0,1,-162,124,0,0,0,2,86,68,0,0,5.39,0.45,2.47,218.5750000000004
0,2,0,-16,-39,0,1,0,1,-166,129,0,0,0,1,61,108,0,0,5.39,0.45,2.47,218.86600000000038
0,2,0,-13,-35,0,1,0,1,-165,123,0,0,0,1,28,117,0,0,5.39,0.45,2.47,219.15700000000038
0,2,0,-12,-33,0,1,0,1,-167,122,0,0,0,1,17,121,0,0,5.39,0.45,2.47,219.44800000000038
0,2,0,-9,-28,0,2,1,1,-176,126,0,0,0,2,-7,119,0,0,5.39,0.45,2.47,219.73900000000037
0,2,0,-6,-25,0,1,1,1,-181,158,0,0,0,2,-33,108,0,0,5.39,0.45,2.47,220.03000000000037
0,2,0,-4,-23,0,1,1,1,-194,151,0,0,0,2,-59,164,0,0,5.39,0.45,2.47,220.32100000000037
0,2,0,-3,-24,0,1,1,1,-194,137,0,0,0,3,-60,91,0,0,5.39,0.45,2.47,220.61200000000036
0,2,0,-2,-22,0,1,1,1,-207,114,0,0,0,2,-82,93,0,0,5.39,0.45,2.47,220.90300000000036
0,2,0,0,-23,0,1,1,1,-212,64,0,0,0,2,-102,130,0,0,5.39,0.45,2.47,221.19400000000036
0,2,0,3,-23,0,0,1,1,-230,10,0,0,0,2,-121,177,0,0,5.39,0.45,2.47,221.48500000000035
0,2,0,7,-21,0,0,2,1,-250,-50,0,0,0,3,-130,218,0,0,5.39,0.45,2.44,221.77300000000037
0,2,0,9,-20,0,0,2,0,-250,-78,0,0,0,3,-135,229,0,0,5.39,0.45,2.44,222.06100000000038
0,2,0,14,-17,0,0,2,0,-250,-125,0,0,0,2,-149,237,0,0,5.39,0.45,2.44,222.3490000000004
0,2,0,17,-8,0,0,1,0,-250,-123,0,-1,0,2,-131,153,0,0,5.39,0.45,2.44,222.6370000000004
0,2,0,14,3,0,1,1,1,-211,-93,0,-1,0,3,-104,119,0,0,5.39,0.45,2.44,222.9250000000004
0,3,0,11,8,0,1,1,2,-182,-75,0,-1,0,3,-88,124,0,0,5.39,0.45,2.44,223.21300000000042
0,3,0,7,24,0,0,0,2,-124,-43,0,-1,0,3,-62,148,0,0,5.39,0.45,2.44,223.50100000000043
0,3,0,4,38,0,0,0,3,-95,-47,0,-2,0,4,-48,156,0,0,5.39,0.45,2.44,223.78900000000044
0,2,0,0,48,0,0,0,3,-72,-88,0,-2,0,4,-43,143,0,0,5.39,0.45,2.44,224.07700000000045
0,2,0,-3,51,0,0,0,3,-40,-108,0,-2,0,4,-34,95,0,0,5.39,0.45,2.44,224.36500000000046
0,2,0,-5,52,0,1,0,3,-29,-105,0,-2,0,4,-27,73,0,0,5.39,0.45,2.44,224.65300000000047
0,2,0,-9,51,0,1,0,3,7,-86,0,-1,0,4,-13,51,0,0,5.39,0.45,2.44,224.94100000000049
0,2,0,-13,49,0,1,0,3,59,-62,0,-1,0,3,-4,45,0,0,5.39,0.45,2.44,225.2290000000005
0,2,0,-16,50,0,1,0,3,105,-60,0,-1,0,3,6,51,0,0,5.39,0.45,2.44,225.5170000000005
0,2,0,-16,50,0,1,0,3,124,-61,0,-1,0,2,17,44,0,0,5.39,0.45,2.44,225.80500000000052
0,2,0,-17,47,0,1,0,3,173,-59,0,-1,0,2,57,29,0,0,5.39,0.45,2.44,226.09300000000053
-1,3,0,-15,42,0,1,0,3,233,-45,0,-2,0,1,110,-31,0,0,5.39,0.45,2.44,226.38100000000054
-1,3,0,-14,36,0,2,0,3,177,-39,0,-2,1,0,141,-145,0,0,5.39,0.45,2.44,226.66900000000055
-1,3,0,-14,33,0,3,-1,3,211,-12,0,-2,1,0,151,-186,0,0,5.39,0.45,2.44,226.95700000000056
0,2,0,-12,24,0,3,-2,4,214,16,0,0,2,0,156,-250,0,0,5.39,0.45,2.44,227.24500000000057
0,2,0,-8,16,0,3,0,4,209,31,0,0,3,0,129,-250,0,0,5.39,0.45,2.44,227.53300000000058
0,2,0,-4,11,0,3,0,3,163,31,0,0,3,0,85,-242,0,0,5.38,0.44,2.41,227.81700000000058
0,2,0,0,5,0,3,-1,3,143,28,0,0,2,0,47,-231,0,0,5.38,0.44,2.41,228.10100000000057
0,2,0,3,0,0,3,-1,2,110,28,0,0,1,0,33,-206,0,0,5.38,0.44,2.41,228.38500000000056
0,2,0,4,0,0,4,-1,2,100,-10,0,0,1,0,40,-189,0,0,5.38,0.44,2.41,228.66900000000055
0,2,0,6,-7,0,4,0,2,69,-73,0,0,0,1,49,-239,0,0,5.38,0.44,2.41,228.95300000000054
0,2,0,6,-14,0,3,0,2,62,-11,0,0,1,1,67,-247,0,0,5.38,0.44,2.41,229.23700000000053
0,2,0,9,-16,0,2,-1,2,4,27,0,0,0,2,57,-207,0,0,5.38,0.44,2.41,229.52100000000053
0,2,0,9,-17,0,2,-1,1,-13,27,0,1,0,2,69,-150,0,0,5.38,0.44,2.41,229.80500000000052
0,2,0,11,-21,0,2,-1,1,-36,29,0,0,0,3,112,-14,0,0,5.38,0.44,2.41,230.0890000000005
0,2,0,12,-24,0,2,-1,1,-62,61,0,-1,1,3,85,-14,0,0,5.38,0.44,2.41,230.3730000000005
0,2,0,12,-29,0,1,0,1,-76,114,0,-1,1,2,44,-34,0,0,5.38,0.44,2.41,230.6570000000005
0,2,0,13,-31,0,1,0,1,-85,119,0,0,1,1,43,-40,0,0,5.38,0.44,2.41,230.94100000000049
0,2,0,13,-34,0,1,0,1,-101,95,0,0,1,0,39,-4,0,0,5.38,0.44,2.41,231.22500000000048
0,2,0,9,-34,0,1,0,1,-106,53,0,0,1,0,39,45,0,0,5.38,0.44,2.41,231.50900000000047
0,3,0,0,-34,0,1,0,1,-88,46,0,0,1,1,34,66,0,0,5.38,0.44,2.41,231.79300000000046
0,3,0,0,-32,0,1,0,1,-91,44,0,0,1,1,32,64,0,0,5.38,0.44,2.41,232.07700000000045
0,3,0,-6,-32,0,1,0,1,-88,50,0,0,0,1,24,65,0,0,5.38,0.44,2.41,232.36100000000044
0,3,0,-11,-34,0,1,0,1,-69,69,0,0,0,1,1,62,0,0,5.38,0.44,2.41,232.64500000000044
0,2,0,-18,-37,0,1,0,1,-54,57,0,0,0,1,-13,74,0,0,5.38,0.44,2.41,232.92900000000043
0,2,0,-20,-39,0,1,0,2,-41,55,0,0,0,1,-18,82,0,0,5.38,0.44,2.41,233.21300000000042
0,2,0,-23,-45,0,1,0,2,-10,34,0,0,0,2,-32,112,0,0,5.38,0.44,2.41,233.4970000000004
0,2,0,-24,-49,0,1,1,2,-69,-4,0,0,0,2,-48,142,0,0,5.4,0.46,2.5,233.7920000000004
0,2,0,-19,-46,0,1,1,2,-50,-9,0,0,0,3,-57,175,0,0,5.4,0.46,2.5,234.0870000000004
0,2,0,-20,-44,0,1,1,2,-46,-19,0,0,0,3,-60,148,0,0,5.4,0.46,2.5,234.38200000000037
0,2,0,-15,-35,0,1,1,2,-52,-43,0,0,0,3,-81,181,0,0,5.4,0.46,2.5,234.67700000000036
0,2,0,-9,-30,0,2,1,1,-60,-55,0,0,0,3,-93,203,0,0,5.4,0.46,2.5,234.97200000000035
0,2,0,-5,-23,0,1,2,1,-93,-69,0,0,0,2,-102,228,0,0,5.4,0.46,2.5,235.26700000000034
0,2,0,-4,-13,0,1,3,0,-159,-109,0,-1,1,3,-127,227,0,0,5.4,0.46,2.5,235.56200000000032
0,2,0,-4,-10,0,1,3,0,-184,-118,0,-1,0,2,-139,228,0,0,5.4,0.46,2.5,235.8570000000003
0,2,0,-2,2,0,1,2,0,-226,-122,0,-2,0,3,-121,210,0,0,5.4,0.46,2.5,236.1520000000003
0,2,0,0,17,0,1,2,0,-200,-58,0,-2,0,3,-101,185,0,0,5.4,0.46,2.5,236.4470000000003
0,2,0,4,31,0,2,1,1,-175,37,0,-2,0,3,-91,151,0,0,5.4,0.46,2.5,236.74200000000027
0,2,0,5,34,0,1,1,1,-161,65,0,-2,0,3,-86,150,0,0,5.4,0.46,2.5,237.03700000000026
0,2,0,9,39,0,0,0,2,-131,62,0,-2,0,4,-67,155,0,0,5.4,0.46,2.5,237.33200000000025
0,2,0,11,41,0,0,0,2,-106,-25,0,-2,0,4,-77,121,0,0,5.4,0.46,2.5,237.62700000000024
0,2,0,11,41,0,0,0,2,-68,-116,0,-2,0,3,-73,91,0,0,5.4,0.46,2.5,237.92200000000022
0,2,0,11,42,0,0,0,2,-50,-141,0,-2,0,3,-70,94,0,0,5.4,0.46,2.5,238.2170000000002
0,2,0,12,45,0,1,0,2,14,-170,0,-1,-1,3,-56,97,0,0,5.4,0.46,2.5,238.5120000000002
0,3,0,8,49,0,3,0,2,72,-124,0,-2,0,3,-46,79,0,0,5.4,0.46,2.5,238.8070000000002
0,3,0,-1,58,0,3,0,3,137,-23,0,-1,0,2,-34,43,0,0,5.4,0.46,2.5,239.10200000000017
0,3,0,-8,63,0,3,0,3,180,14,0,-1,0,1,21,49,0,0,5.4,0.46,2.5,239.39700000000016
0,3,0,-9,61,0,3,0,3,200,19,0,-2,0,1,37,13,0,0,5.4,0.46,2.5,239.69200000000015
0,3,0,-11,54,0,2,0,3,210,6,0,-2,0,1,83,-51,0,0,5.39,0.45,2.44,239.98000000000016
0,2,0,-15,43,0,2,0,3,227,-13,0,-2,1,1,107,-128,0,0,5.39,0.45,2.44,240.26800000000017
0,2,0,-16,38,0,2,0,3,234,-14,0,-2,1,1,116,-148,0,0,5.39,0.45,2.44,240.55600000000018
0,2,0,-18,31,0,3,0,3,250,16,0,-1,1,0,121,-200,0,0,5.39,0.45,2.44,240.8440000000002
0,2,0,-18,29,0,4,0,3,115,29,0,0,2,0,126,-237,0,0,5.39,0.45,2.44,241.1320000000002
0,2,0,-14,27,0,3,0,3,127,79,0,0,2,0,123,-247,0,0,5.39,0.45,2.44,241.42000000000021
0,2,0,-10,22,0,3,0,3,126,44,0,0,2,0,125,-247,0,0,5.39,0.45,2.44,241.70800000000023
0,2,0,-8,19,0,4,0,3,118,75,0,0,2,0,128,-248,0,0,5.39,0.45,2.44,241.99600000000024
0,2,0,-6,11,0,5,0,2,100,41,0,0,2,0,126,-249,0,0,5.39,0.45,2.44,242.28400000000025
0,2,0,-5,3,0,4,0,2,103,-63,0,0,1,0,123,-250,0,0,5.39,0.45,2.44,242.57200000000026
0,3,0,-2,2,0,5,0,3,102,11,0,0,1,0,119,-243,0,0,5.39,0.45,2.44,242.86000000000027
0,3,0,-7,-9,0,5,0,3,70,26,0,0,1,0,116,-241,0,0,5.39,0.45,2.44,243.14800000000028
0,3,0,-8,-9,0,3,0,2,31,30,0,0,1,0,118,-230,0,0,5.39,0.45,2.44,243.4360000000003
0,3,0,-8,-16,0,3,0,1,-6,50,0,0,0,0,129,-222,0,0,5.39,0.45,2.44,243.7240000000003
0,2,0,-7,-20,0,3,0,1,-49,64,0,0,0,0,159,-206,0,0,5.39,0.45,2.44,244.0120000000003
0,2,0,-6,-19,0,2,0,1,-64,75,0,0,1,1,164,-196,0,0,5.39,0.45,2.44,244.30000000000032
0,2,0,-4,-18,0,2,0,1,-91,114,0,0,1,2,164,-140,0,0,5.39,0.45,2.44,244.58800000000033
0,1,0,-2,-13,0,2,0,0,-119,154,0,0,1,2,148,-74,0,0,5.39,0.45,2.44,244.87600000000035
0,1,0,0,-9,0,1,0,0,-146,172,0,0,1,2,126,-19,0,0,5.39,0.45,2.44,245.16400000000036
0,1,0,0,-7,0,1,0,0,-156,187,0,-1,1,2,95,-40,0,0,5.39,0.45,2.44,245.45200000000037
0,2,0,2,-5,0,0,1,0,-135,207,0,-1,2,2,69,-11,0,0,5.39,0.45,2.44,245.74000000000038
0,2,0,6,-6,0,0,0,1,-150,134,0,0,1,2,35,27,0,0,5.39,0.45,2.46,246.03000000000037
0,2,0,8,-11,0,1,0,0,-115,65,0,0,1,2,27,74,0,0,5.39,0.45,2.46,246.32000000000036
0,2,0,9,-13,0,1,0,1,-112,61,0,0,1,1,27,93,0,0,5.39,0.45,2.46,246.61000000000035
0,2,0,11,-20,0,1,0,1,-138,79,0,0,0,2,7,140,0,0,5.39,0.45,2.46,246.90000000000035
0,2,0,14,-32,0,2,0,1,-127,82,0,0,0,2,-16,148,0,0,5.39,0.45,2.46,247.19000000000034
0,2,0,12,-44,0,1,0,1,-128,64,0,0,0,2,-34,135,0,0,5.39,0.45,2.46,247.48000000000033
0,2,0,1,-52,0,1,0,2,-121,34,0,0,0,2,-60,140,0,0,5.39,0.45,2.46,247.77000000000032
0,3,0,-2,-54,0,1,0,2,-112,22,0,0,0,2,-73,142,0,0,5.39,0.45,2.46,248.06000000000031
0,3,0,-13,-54,0,1,0,2,-119,-15,0,0,0,2,-92,143,0,0,5.39,0.45,2.46,248.3500000000003
0,3,0,-21,-50,0,1,1,2,-98,-26,0,0,0,3,-113,173,0,0,5.39,0.45,2.46,248.6400000000003
0,3,0,-26,-40,0,1,1,2,-88,-38,0,1,0,2,-99,250,0,0,5.39,0.45,2.46,248.9300000000003
0,3,0,-28,-29,0,1,1,2,-107,-43,0,0,0,3,-107,235,0,0,5.39,0.45,2.46,249.22000000000028
0,3,0,-28,-25,0,1,2,1,-123,-39,0,0,1,3,-122,234,0,0,5.39,0.45,2.46,249.51000000000028
0,2,0,-24,-12,0,0,2,1,-210,-70,0,-1,0,2,-128,250,0,0,5.39,0.45,2.46,249.80000000000027
0,2,0,-22,2,0,0,2,0,-250,-104,0,-1,0,2,-151,250,0,0,5.39,0.45,2.46,250.09000000000026
0,2,0,-19,14,0,1,2,0,-250,-81,0,-2,0,2,-134,250,0,0,5.39,0.45,2.46,250.38000000000025
0,2,0,-17,18,0,1,2,0,-244,-53,0,-2,0,3,-123,221,0,0,5.39,0.45,2.46,250.67000000000024
0,1,0,-13,25,0,1,1,1,-184,-13,0,-2,0,3,-101,160,0,0,5.39,0.45,2.46,250.96000000000024
0,2,0,-6,9,0,0,0,1,-153,26,0,-2,0,3,-70,209,0,0,5.39,0.45,2.43,251.24800000000025
0,2,0,-7,22,0,0,0,2,-92,-16,0,-3,0,3,-58,180,0,0,5.39,0.45,2.43,251.53600000000026
0,2,0,-8,28,0,0,0,3,-61,-91,0,-2,0,3,-41,135,0,0,5.39,0.45,2.43,251.82400000000027
0,2,0,-7,21,0,0,0,3,-41,-148,0,-3,0,3,-51,87,0,0,5.39,0.45,2.43,252.11200000000028
0,2,0,-4,12,0,1,0,3,-2,-127,0,-2,0,3,-36,84,0,0,5.39,0.45,2.43,252.4000000000003
0,2,0,-4,9,0,2,0,3,15,-106,0,-1,0,3,-30,80,0,0,5.39,0.45,2.43,252.6880000000003
0,2,0,-4,2,0,2,0,3,75,-27,0,-2,0,3,-18,69,0,0,5.39,0.45,2.43,252.9760000000003
0,2,0,-4,-3,0,2,0,3,108,-10,0,-3,0,2,-4,28,0,0,5.39,0.45,2.43,253.26400000000032
0,2,0,-3,-4,0,1,0,2,166,19,0,-3,0,1,35,-40,0,0,5.39,0.45,2.43,253.55200000000033
0,2,0,-2,-4,0,1,0,2,181,11,0,-2,0,1,65,-55,0,0,5.39,0.45,2.43,253.84000000000034
0,3,0,1,-1,0,2,0,2,225,13,0,-2,0,1,128,-94,0,0,5.39,0.45,2.43,254.12800000000036
0,3,0,6,7,0,3,0,2,250,22,0,-2,0,0,179,-146,0,0,5.39,0.45,2.43,254.41600000000037
0,2,0,11,18,0,3,0,3,250,25,0,-1,1,0,186,-167,0,0,5.39,0.45,2.43,254.70400000000038
0,2,0,15,26,0,4,0,3,250,23,0,0,2,0,181,-175,0,0,5.39,0.45,2.43,254.9920000000004
0,2,0,16,28,0,4,0,3,250,27,0,0,2,0,166,-168,0,0,5.39,0.45,2.43,255.2800000000004
0,2,0,19,31,0,5,1,3,224,-11,0,0,3,0,111,-145,0,0,5.39,0.45,2.43,255.5680000000004
0,2,0,21,31,0,4,0,2,177,8,0,0,2,0,77,-139,0,0,5.39,0.46,2.49,255.86200000000042
0,1,0,19,29,0,4,0,2,149,-8,0,1,2,0,64,-129,0,0,5.39,0.46,2.49,256.1560000000004
0,1,0,17,26,0,4,0,2,133,38,0,0,2,0,59,-124,0,0,5.39,0.46,2.49,256.4500000000004
0,2,0,14,22,0,4,0,3,52,58,0,0,2,0,55,-125,0,0,5.39,0.46,2.49,256.74400000000037
0,2,0,15,20,0,1,-1,3,120,-75,0,0,1,0,70,-153,0,0,5.39,0.46,2.49,257.03800000000035
0,3,0,6,16,0,4,0,3,92,20,0,0,0,1,89,-189,0,0,5.39,0.46,2.49,257.33200000000033
0,3,0,-1,21,0,3,-1,3,56,52,0,0,0,1,108,-248,0,0,5.39,0.46,2.49,257.6260000000003
0,3,0,-4,22,0,2,-2,2,42,42,0,0,1,1,116,-250,0,0,5.39,0.46,2.49,257.9200000000003
0,3,0,-11,27,0,2,0,2,10,55,0,0,0,1,121,-250,0,0,5.39,0.46,2.49,258.2140000000003
0,3,0,-15,28,0,2,0,1,-47,112,0,0,0,2,129,-250,0,0,5.39,0.46,2.49,258.50800000000027
0,2,0,-16,17,0,2,0,1,-102,155,0,1,0,2,144,-207,0,0,5.39,0.46,2.49,258.80200000000025
0,2,0,-15,6,0,2,0,1,-141,164,0,0,1,3,119,-43,0,0,5.39,0.46,2.49,259.09600000000023
0,2,0,-16,3,0,1,0,0,-154,158,0,0,1,3,96,0,0,0,5.39,0.46,2.49,259.3900000000002
0,2,0,-19,3,0,1,0,0,-127,172,0,-3,2,3,63,36,0,0,5.39,0.46,2.49,259.6840000000002
0,2,0,-19,6,0,1,0,1,-166,148,0,0,1,1,37,24,0,0,5.39,0.46,2.49,259.9780000000002
0,2,0,-17,10,0,2,1,1,-167,132,0,0,1,1,9,84,0,0,5.39,0.46,2.49,260.27200000000016
0,2,0,-16,12,0,1,0,1,-161,123,0,0,1,1,-2,96,0,0,5.39,0.46,2.49,260.56600000000014
0,2,0,-15,12,0,2,0,1,-170,104,0,0,0,1,-18,117,0,0,5.39,0.46,2.49,260.8600000000001
0,2,0,-15,9,0,1,0,1,-167,96,0,0,0,2,-43,127,0,0,5.39,0.46,2.49,261.1540000000001
0,3,0,-14,1,0,1,0,1,-164,79,0,0,0,2,-59,132,0,0,5.39,0.46,2.49,261.4480000000001
-1,3,0,-12,-8,0,1,0,1,-158,51,0,0,0,2,-66,151,0,0,5.39,0.46,2.49,261.7420000000001
-1,3,0,-11,-11,0,1,0,2,-160,45,0,0,0,2,-70,163,0,0,5.4,0.47,2.54,262.04300000000006
0,2,0,-10,-20,0,1,1,2,-159,19,0,0,0,2,-92,175,0,0,5.4,0.47,2.54,262.34400000000005
0,2,0,-9,-26,0,1,0,2,-161,-13,0,0,0,2,-88,222,0,0,5.4,0.47,2.54,262.64500000000004
0,2,0,-7,-31,0,1,0,2,-155,-46,0,0,0,2,-120,198,0,0,5.4,0.47,2.54,262.946
0,2,0,-3,-37,0,1,1,2,-187,-86,0,0,0,2,-149,203,0,0,5.4,0.47,2.54,263.247
0,2,0,-1,-37,0,1,1,2,-206,-94,0,0,0,2,-157,218,0,0,5.4,0.47,2.54,263.548
0,1,0,2,-38,0,1,1,2,-248,-105,0,-1,0,2,-184,247,0,0,5.4,0.47,2.54,263.849
0,2,0,6,-35,0,1,2,0,-250,-131,0,-2,0,2,-186,250,0,0,5.4,0.47,2.54,264.15
0,2,0,7,-32,0,1,1,0,-250,-91,0,-2,0,3,-131,172,0,0,5.4,0.47,2.54,264.45099999999996
0,2,0,8,-30,0,1,1,1,-242,-67,0,-2,0,3,-113,136,0,0,5.4,0.47,2.54,264.75199999999995
0,2,0,10,-26,0,1,0,1,-166,10,0,-2,0,4,-80,96,0,0,5.4,0.47,2.54,265.05299999999994
0,2,0,9,-20,0,0,0,1,-107,66,0,-2,0,4,-66,118,0,0,5.4,0.47,2.54,265.3539999999999
0,3,0,7,-13,0,0,0,2,-63,64,0,-2,0,4,-51,121,0,0,5.4,0.47,2.54,265.6549999999999
0,3,0,2,-4,0,0,0,2,-43,6,0,-2,0,4,-41,132,0,0,5.4,0.47,2.54,265.9559999999999
0,3,0,1,-1,0,0,0,2,-30,-14,0,-2,0,4,-51,121,0,0,5.4,0.47,2.54,266.2569999999999
0,3,0,-4,5,0,0,0,3,14,-78,0,-2,0,3,-64,88,0,0,5.4,0.47,2.54,266.5579999999999
0,3,0,-8,5,0,0,0,3,59,-116,0,-2,0,3,-37,76,0,0,5.4,0.47,2.54,266.85899999999987
0,2,0,-10,3,0,0,0,3,96,-99,0,-2,0,2,-21,60,0,0,5.4,0.47,2.54,267.15999999999985
0,2,0,-14,-2,0,2,0,2,128,-79,0,-2,-1,2,-2,22,0,0,5.4,0.47,2.54,267.46099999999984
0,2,0,-15,-4,0,2,0,2,150,-52,0,-2,0,2,5,-3,0,0,5.4,0.47,2.54,267.76199999999983
0,2,0,-17,-10,0,2,0,2,188,3,0,-1,0,1,62,-44,0,0,5.4,0.47,2.54,268.0629999999998
0,2,0,-20,-11,0,2,0,2,213,22,0,-1,0,1,97,-86,0,0,5.39,0.45,2.42,268.3499999999998
0,2,0,-24,-7,0,2,0,2,243,25,0,-1,0,1,141,-100,0,0,5.39,0.45,2.42,268.6369999999998
0,2,0,-24,-4,0,2,0,2,247,23,0,0,0,1,147,-106,0,0,5.39,0.45,2.42,268.92399999999975
0,2,0,-21,1,0,3,1,2,250,49,0,0,1,0,154,-139,0,0,5.39,0.45,2.42,269.21099999999973
0,3,0,-13,7,0,3,0,2,250,86,0,0,1,0,166,-168,0,0,5.39,0.45,2.42,269.4979999999997
0,3,0,-4,13,0,3,0,3,209,112,0,0,2,0,163,-212,0,0,5.39,0.45,2.42,269.7849999999997
0,2,0,1,17,0,3,0,3,210,84,0,0,2,0,152,-245,0,0,5.39,0.45,2.42,270.07199999999966
0,2,0,3,18,0,3,0,3,208,68,0,0,2,0,143,-241,0,0,5.39,0.45,2.42,270.35899999999964
0,2,0,9,17,0,3,0,3,184,59,0,0,1,0,118,-205,0,0,5.39,0.45,2.42,270.6459999999996
0,2,0,12,8,0,4,0,3,127,83,0,0,1,0,120,-173,0,0,5.39,0.45,2.42,270.9329999999996
0,1,0,19,3,0,3,0,3,137,33,0,0,1,0,130,-153,0,0,5.39,0.45,2.42,271.2199999999996
0,2,0,19,0,0,4,0,3,67,9,0,0,1,0,146,-174,0,0,5.39,0.45,2.42,271.50699999999955
0,2,0,19,3,0,3,0,3,53,27,0,0,1,0,146,-182,0,0,5.39,0.45,2.42,271.7939999999995
0,2,0,18,5,0,3,0,3,28,33,0,0,0,0,182,-210,0,0,5.39,0.45,2.42,272.0809999999995
0,2,0,12,10,0,2,0,3,-8,54,0,1,0,1,232,-170,0,0,5.39,0.45,2.42,272.3679999999995
0,2,0,7,21,0,2,0,2,-54,73,0,0,1,2,194,-137,0,0,5.39,0.45,2.42,272.65499999999946
0,3,0,4,24,0,2,0,1,-74,93,0,0,1,3,176,-138,0,0,5.39,0.45,2.42,272.94199999999944
0,3,0,-5,36,0,2,0,1,-116,140,0,0,1,2,159,-138,0,0,5.39,0.45,2.42,273.2289999999994
0,4,0,-15,43,0,2,2,1,-145,193,0,0,1,1,172,-79,0,0,5.39,0.45,2.42,273.5159999999994
0,3,0,-19,35,0,2,0,1,-177,196,0,0,2,1,157,32,0,0,5.39,0.45,2.42,273.8029999999994
0,3,0,-24,24,0,1,0,1,-192,161,0,0,2,2,115,78,0,0,5.39,0.45,2.42,274.08999999999935
0,2,0,-24,25,0,1,0,1,-198,141,0,0,2,2,95,90,0,0,5.4,0.46,2.52,274.3889999999993
0,2,0,-28,20,0,1,0,1,-194,135,0,0,1,2,57,83,0,0,5.4,0.46,2.52,274.6879999999993
0,2,0,-25,17,0,1,0,1,-183,141,0,0,1,2,49,112,0,0,5.4,0.46,2.52,274.9869999999993
0,1,0,-22,11,0,1,0,1,-171,144,0,0,1,2,40,142,0,0,5.4,0.46,2.52,275.28599999999926
0,1,0,-16,5,0,1,0,1,-176,123,0,0,1,2,26,165,0,0,5.4,0.46,2.52,275.58499999999924
0,2,0,-14,4,0,1,0,1,-175,105,0,0,1,2,10,175,0,0,5.4,0.46,2.52,275.8839999999992
0,2,0,-11,-1,0,0,0,1,-188,41,0,0,1,3,-36,185,0,0,5.4,0.46,2.52,276.1829999999992
-1,2,0,-13,-8,0,1,0,2,-178,0,0,0,0,3,-67,191,0,0,5.4,0.46,2.52,276.4819999999992
-1,3,0,-18,-15,0,1,0,2,-176,-37,0,0,0,3,-88,210,0,0,5.4,0.46,2.52,276.78099999999915
-1,3,0,-19,-17,0,1,0,2,-176,-50,0,0,0,3,-97,216,0,0,5.4,0.46,2.52,277.07999999999913
-1,2,0,-20,-26,0,1,0,2,-180,-71,0,0,0,3,-97,226,0,0,5.4,0.46,2.52,277.3789999999991
0,2,0,-16,-30,0,1,1,2,-202,-89,0,0,0,3,-83,244,0,0,5.4,0.46,2.52,277.6779999999991
0,2,0,-9,-33,0,1,1,1,-224,-103,0,-2,0,3,-153,182,0,0,5.4,0.46,2.52,277.97699999999907
0,2,0,0,-32,0,0,2,1,-237,-103,0,-1,1,1,-174,174,0,0,5.4,0.46,2.52,278.27599999999904
0,1,0,1,-31,0,0,2,1,-240,-102,0,-1,1,1,-176,182,0,0,5.4,0.46,2.52,278.574999999999
0,1,0,9,-21,0,1,2,0,-228,-99,0,-2,0,1,-210,200,0,0,5.4,0.46,2.52,278.873999999999
0,1,0,14,-10,0,1,1,0,-180,-66,0,-2,0,2,-185,175,0,0,5.4,0.46,2.52,279.172999999999
0,1,0,21,-3,0,1,0,1,-148,-14,0,-3,0,3,-177,141,0,0,5.4,0.46,2.52,279.47199999999896
0,2,0,26,-1,0,1,0,2,-139,24,0,-2,0,3,-182,149,0,0,5.4,0.46,2.52,279.77099999999893
0,2,0,26,0,0,1,0,2,-134,34,0,-2,0,3,-180,152,0,0,5.4,0.46,2.52,280.0699999999989
0,2,0,22,3,0,0,-1,2,-104,36,0,-1,0,3,-171,168,0,0,5.4,0.46,2.52,280.3689999999989
0,3,0,14,2,0,0,0,2,-62,-5,0,-2,0,3,-152,180,0,0,5.39,0.45,2.44,280.6589999999989
0,3,0,9,-5,0,0,-1,3,-18,-55,0,-2,0,3,-129,169,0,0,5.39,0.45,2.44,280.94899999999893
0,3,0,8,-7,0,0,-1,3,0,-66,0,-1,0,3,-124,155,0,0,5.39,0.45,2.44,281.23899999999895
0,3,0,1,-11,0,1,-1,3,59,-53,0,-2,0,3,-109,137,0,0,5.39,0.45,2.44,281.528999999999
0,3,0,-11,-9,0,1,0,2,83,-40,0,-2,0,3,-94,109,0,0,5.39,0.45,2.44,281.818999999999
0,3,0,-19,-6,0,2,0,2,145,11,0,-2,0,2,-82,45,0,0,5.39,0.45,2.44,282.108999999999
0,2,0,-20,-5,0,1,0,2,177,34,0,-1,0,2,-36,36,0,0,5.39,0.45,2.44,282.39899999999903
0,2,0,-19,-6,0,1,0,2,191,47,0,-1,0,2,-3,40,0,0,5.39,0.45,2.44,282.68899999999906
0,2,0,-15,-6,0,2,0,3,224,46,0,-1,0,1,19,-12,0,0,5.39,0.45,2.44,282.9789999999991
0,2,0,-12,-2,0,2,0,3,249,32,0,-2,0,0,48,-69,0,0,5.39,0.45,2.44,283.2689999999991
0,2,0,-10,4,0,3,-1,5,71,30,0,-1,0,0,68,-117,0,0,5.39,0.45,2.44,283.5589999999991
0,2,0,-10,7,0,3,0,3,121,23,0,-2,0,0,68,-141,0,0,5.39,0.45,2.44,283.84899999999914
0,2,0,-9,13,0,3,1,4,131,44,0,-1,0,0,77,-170,0,0,5.39,0.45,2.44,284.13899999999916
0,3,0,-7,12,0,4,0,3,159,91,0,0,0,0,89,-182,0,0,5.39,0.45,2.44,284.4289999999992
0,3,0,-4,8,0,4,0,3,188,76,0,0,0,0,133,-161,0,0,5.39,0.45,2.44,284.7189999999992
0,2,0,0,6,0,4,0,3,149,46,0,0,0,0,156,-158,0,0,5.39,0.45,2.44,285.0089999999992
0,2,0,0,6,0,4,-1,3,147,-3,0,0,0,0,162,-168,0,0,5.39,0.45,2.44,285.29899999999924
0,2,0,3,-3,0,5,0,3,111,-33,0,0,0,0,170,-180,0,0,5.39,0.45,2.44,285.58899999999926
0,1,0,7,0,0,3,0,3,121,-32,0,0,0,0,160,-195,0,0,5.39,0.45,2.44,285.8789999999993
0,1,0,11,5,0,3,-2,2,25,-1,0,0,0,0,162,-219,0,0,5.39,0.45,2.44,286.1689999999993
0,1,0,13,6,0,2,-1,2,1,61,0,0,0,0,173,-220,0,0,5.39,0.45,2.44,286.4589999999993
0,2,0,12,5,0,2,0,2,-13,63,0,0,0,0,169,-219,0,0,5.4,0.45,2.46,286.7519999999993
0,2,0,8,12,0,2,-1,1,-22,76,0,1,0,1,222,-175,0,0,5.4,0.45,2.46,287.04499999999933
0,3,0,-2,19,0,2,0,1,-37,109,0,0,0,1,240,-158,0,0,5.4,0.45,2.46,287.33799999999934
0,3,0,-12,27,0,2,0,1,-77,139,0,0,1,0,206,-133,0,0,5.4,0.45,2.46,287.63099999999935
0,3,0,-15,29,0,2,0,1,-94,145,0,0,1,0,190,-131,0,0,5.4,0.45,2.46,287.92399999999935
0,3,0,-21,27,0,1,0,1,-120,133,0,0,1,1,142,-115,0,0,5.4,0.45,2.46,288.21699999999936
0,3,0,-19,16,0,1,1,1,-131,88,0,-1,1,2,88,-87,0,0,5.4,0.45,2.46,288.50999999999937
0,2,0,-21,5,0,1,0,0,-141,68,0,0,1,2,51,-73,0,0,5.4,0.45,2.46,288.8029999999994
0,2,0,-22,0,0,1,0,0,-151,88,0,0,1,2,36,-4,0,0,5.4,0.45,2.46,289.0959999999994
0,2,0,-20,1,0,2,0,0,-144,124,0,0,1,2,48,80,0,0,5.4,0.45,2.46,289.3889999999994
0,2,0,-18,2,0,2,0,0,-143,135,0,0,1,2,55,103,0,0,5.4,0.45,2.46,289.6819999999994
0,2,0,-12,0,0,1,0,0,-149,138,0,0,1,2,44,132,0,0,5.4,0.45,2.46,289.9749999999994
0,2,0,-7,-3,0,0,0,1,-171,68,0,0,1,2,37,110,0,0,5.4,0.45,2.46,290.2679999999994
0,2,0,-2,-9,0,1,0,1,-163,12,0,-1,0,2,32,94,0,0,5.4,0.45,2.46,290.5609999999994
0,2,0,0,-11,0,1,0,1,-155,2,0,-1,0,2,40,96,0,0,5.4,0.45,2.46,290.8539999999994
0,2,0,-1,-18,0,1,0,2,-141,-10,0,-1,0,3,10,137,0,0,5.4,0.45,2.46,291.1469999999994
0,2,0,-4,-19,0,1,0,2,-146,-22,0,0,0,2,-1,181,0,0,5.4,0.45,2.46,291.43999999999943
0,2,0,-5,-18,0,1,0,1,-166,-29,0,-1,0,3,-60,230,0,0,5.4,0.45,2.46,291.73299999999944
0,2,0,-3,-19,0,1,0,1,-188,-44,0,0,0,5,-62,250,0,0,5.4,0.45,2.46,292.02599999999944
0,2,0,-3,-20,0,1,0,1,-187,-53,0,-2,0,4,-112,179,0,0,5.4,0.45,2.46,292.31899999999945
0,2,0,0,-19,0,0,0,1,-167,-67,0,-1,0,3,-121,169,0,0,5.4,0.45,2.46,292.61199999999945
0,1,0,1,-15,0,0,1,1,-142,-92,0,-1,0,3,-162,128,0,0,5.4,0.45,2.43,292.90099999999944
0,1,0,5,-8,0,0,1,1,-116,-121,0,-1,0,3,-150,183,0,0,5.4,0.45,2.43,293.18999999999943
0,1,0,11,-3,0,0,0,1,-94,-130,0,-1,0,3,-150,207,0,0,5.4,0.45,2.43,293.4789999999994
0,1,0,14,-2,0,0,0,1,-85,-125,0,-1,0,3,-140,202,0,0,5.4,0.45,2.43,293.7679999999994
0,2,0,20,-2,0,1,0,2,-46,-79,0,-1,0,3,-126,170,0,0,5.4,0.45,2.43,294.0569999999994
0,2,0,23,-3,0,1,0,3,5,-5,0,-2,0,3,-112,139,0,0,5.4,0.45,2.43,294.3459999999994
