0,2,0,-9,-2,0,4,-1,1,161,-86,0,-3,2,0,-35,-88,0,0,5.04,0.48,2.44,593.755999999996
0,2,0,-5,3,0,3,0,1,176,-64,0,-3,1,0,-2,-111,0,0,5.04,0.48,2.44,594.361999999996
0,2,0,-3,4,0,3,0,0,175,-58,0,-2,1,0,12,-125,0,0,5.04,0.48,2.44,594.967999999996
0,2,0,-3,4,0,3,0,0,173,-60,0,-2,1,0,13,-123,0,0,5.04,0.48,2.44,595.573999999996
0,2,0,-4,0,0,2,0,0,157,-76,0,-1,1,0,49,-126,0,0,5.04,0.48,2.44,596.179999999996
0,2,0,-4,-6,0,2,1,0,136,-86,0,-1,1,0,55,-140,0,0,5.04,0.48,2.44,596.785999999996
0,2,0,-6,-11,0,2,1,0,125,-76,0,0,1,0,59,-129,0,0,5.04,0.48,2.44,597.391999999996
0,2,0,-7,-12,0,2,1,0,106,-40,0,0,1,0,59,-117,0,0,5.04,0.48,2.44,597.997999999996
0,2,0,-8,-11,0,2,1,0,83,0,0,0,1,0,41,-118,0,0,5.04,0.48,2.44,598.603999999996
0,2,0,-9,-10,0,1,1,0,75,9,0,0,1,-1,22,-101,0,0,5.04,0.48,2.44,599.209999999996
0,2,0,-9,-8,0,0,1,0,54,15,0,1,1,-1,26,-102,0,0,5.04,0.48,2.44,599.8159999999959
0,2,0,-9,-5,0,0,2,0,31,4,0,1,1,-1,-13,-90,0,0,5.04,0.48,2.44,600.4219999999959
0,2,0,-9,-3,0,0,2,0,11,-5,0,2,1,-1,-17,-69,0,0,5.04,0.48,2.44,601.0279999999959
0,2,0,-7,-2,0,0,2,0,0,-3,0,2,1,-1,-34,-84,0,0,5.04,0.48,2.44,601.6339999999959
0,2,0,-5,-1,0,0,2,0,-7,5,0,2,1,-1,-56,-89,0,0,5.04,0.48,2.44,602.2399999999959
0,2,0,-4,-1,0,-1,2,0,-7,15,0,3,1,-1,-56,-80,0,0,5.04,0.48,2.44,602.8459999999959
0,2,0,-3,0,0,-1,2,0,-8,15,0,3,1,-1,-50,-71,0,0,5.04,0.48,2.44,603.4519999999959
0,2,0,-1,0,0,-1,2,0,-9,8,0,3,1,-1,-41,-34,0,0,5.06,0.57,2.89,604.170999999996
0,2,0,0,0,0,-2,2,0,-10,-13,0,3,1,-1,-44,19,0,0,5.06,0.57,2.89,604.889999999996
0,2,0,2,2,0,-2,2,0,-11,-36,0,3,1,-1,-38,58,0,0,5.06,0.57,2.89,605.6089999999961
0,2,0,2,5,0,-2,2,0,-9,-49,0,3,1,-1,-30,92,0,0,5.06,0.57,2.89,606.3279999999961
0,2,0,2,9,0,-1,2,0,-8,-43,0,3,1,-1,-19,122,0,0,5.06,0.57,2.89,607.0469999999962
0,2,0,2,9,0,-1,2,0,-8,-41,0,2,1,-1,-16,131,0,0,5.06,0.57,2.89,607.7659999999962
0,2,0,4,11,0,-1,2,0,-13,-39,0,2,0,-1,-20,151,0,0,5.06,0.57,2.89,608.4849999999963
0,2,0,7,13,0,-1,2,0,-22,-41,0,1,0,0,-30,165,0,0,5.06,0.57,2.89,609.2039999999963
0,2,0,10,16,0,-1,2,0,-36,-37,0,1,0,-1,-31,177,0,0,5.06,0.57,2.89,609.9229999999964
0,2,0,12,20,0,0,1,0,-42,-22,0,0,0,-1,-21,190,0,0,5.06,0.57,2.89,610.6419999999964
0,2,0,14,21,0,0,1,0,-43,-11,0,0,0,-1,-9,192,0,0,5.06,0.57,2.89,611.3609999999965
0,2,0,16,24,0,0,1,0,-59,12,0,0,0,0,5,198,0,0,5.06,0.57,2.89,612.0799999999965
0,2,0,20,27,0,1,0,0,-120,27,0,-3,0,0,26,171,0,0,5.06,0.57,2.89,612.7989999999966
0,3,0,19,33,0,2,-1,0,-142,25,0,-4,0,0,20,152,0,0,5.06,0.57,2.89,613.5179999999966
0,4,0,13,38,0,4,-1,0,-130,61,0,-4,1,0,19,133,0,0,5.06,0.57,2.89,614.2369999999967
0,4,0,11,38,0,4,-2,0,-131,77,0,-5,1,0,22,118,0,0,5.06,0.57,2.89,614.9559999999967
-1,4,0,6,29,0,4,-2,1,-85,88,0,-5,1,-1,43,78,0,0,5.06,0.57,2.89,615.6749999999968
-1,3,0,-8,6,0,4,-2,2,-52,30,0,-5,1,-1,74,61,0,0,5.06,0.57,2.89,616.3939999999968
0,2,0,-23,-16,0,5,-2,3,-42,-33,0,-5,2,0,91,49,0,0,5.06,0.57,2.89,617.1129999999969
0,1,0,-28,-28,0,5,-2,3,-35,-50,0,-5,2,0,35,41,0,0,5.06,0.57,2.89,617.8319999999969
0,1,0,-30,-36,0,5,-2,2,-10,-39,0,-5,2,0,27,23,0,0,5.06,0.57,2.89,618.550999999997
0,1,0,-29,-35,0,5,-2,2,17,-30,0,-5,2,0,-57,-65,0,0,5.07,0.62,3.15,619.333999999997
0,1,0,-29,-32,0,5,-1,2,25,-33,0,-5,1,0,-80,-85,0,0,5.07,0.62,3.15,620.116999999997
0,1,0,-22,-21,0,4,-1,1,50,-49,0,-5,1,0,-45,-129,0,0,5.07,0.62,3.15,620.899999999997
0,2,0,-12,-8,0,4,0,1,71,-52,0,-4,1,0,-24,-150,0,0,5.07,0.62,3.15,621.682999999997
0,2,0,-5,-1,0,4,0,0,84,-37,0,-3,1,0,15,-122,0,0,5.07,0.62,3.15,622.465999999997
0,3,0,8,13,0,3,-3,4,62,-51,0,-5,1,2,54,-5,0,0,5.05,0.5,2.54,24.694999999999983
0,4,0,6,13,0,3,-3,3,89,-83,0,-5,1,1,65,-3,0,0,5.05,0.5,2.54,25.313999999999982
-1,5,0,0,10,0,3,-2,3,153,-164,0,-5,2,1,108,-20,0,0,5.05,0.5,2.54,25.932999999999982
-1,4,0,-10,-3,0,4,-1,2,204,-174,0,-4,1,0,118,-50,0,0,5.05,0.5,2.54,26.551999999999982
-1,3,0,-20,-19,0,4,-1,1,245,-135,0,-4,2,0,110,-75,0,0,5.05,0.5,2.54,27.17099999999998
-1,2,0,-25,-26,0,4,0,0,248,-124,0,-3,2,0,107,-97,0,0,5.05,0.5,2.54,27.78999999999998
0,1,0,-26,-46,0,4,0,0,232,-109,0,-2,1,0,91,-168,0,0,5.05,0.5,2.54,28.40899999999998
0,1,0,-23,-52,0,4,0,-1,212,-103,0,-1,1,0,95,-203,0,0,5.05,0.5,2.54,29.02799999999998
0,1,0,-20,-53,0,3,1,-1,150,-76,0,0,0,-1,84,-222,0,0,5.05,0.5,2.54,30.26599999999998
0,1,0,-18,-42,0,3,1,-1,96,-21,0,0,0,-1,73,-219,0,0,5.05,0.5,2.54,30.88499999999998
0,2,0,-17,-30,0,2,1,-1,68,18,0,0,0,-1,59,-221,0,0,5.05,0.5,2.54,31.50399999999998
0,2,0,-13,-21,0,1,1,-1,41,60,0,0,0,-1,34,-220,0,0,5.05,0.5,2.54,32.12299999999998
0,2,0,-11,-18,0,1,1,-1,34,75,0,0,0,-1,26,-224,0,0,5.05,0.5,2.54,32.74199999999998
0,2,0,-5,-12,0,0,1,-1,19,102,0,1,0,-2,7,-242,0,0,5.05,0.5,2.54,33.36099999999998
0,3,0,0,-7,0,-1,1,-1,7,110,0,1,1,-2,-24,-235,0,0,5.05,0.5,2.54,33.97999999999998
0,2,0,2,-4,0,-2,2,-1,0,118,0,2,0,-2,-66,-198,0,0,5.05,0.5,2.54,34.59899999999998
0,2,0,2,-3,0,-2,2,-1,0,118,0,2,1,-2,-52,-183,0,0,5.05,0.5,2.54,35.21799999999998
0,2,0,1,-4,0,-3,2,0,-16,115,0,2,1,-2,-40,-121,0,0,5.05,0.5,2.54,35.83699999999998
0,2,0,0,-6,0,-3,3,0,-41,108,0,3,1,-1,-21,-97,0,0,5.05,0.5,2.54,36.45599999999998
0,2,0,-1,-7,0,-3,3,0,-60,92,0,3,1,-1,-26,-65,0,0,5.04,0.48,2.43,37.04999999999998
0,2,0,-2,-8,0,-3,3,0,-68,84,0,3,1,-1,-31,-60,0,0,5.04,0.48,2.43,37.643999999999984
0,2,0,-2,-8,0,-3,3,0,-83,50,0,3,1,-1,-50,-33,0,0,5.04,0.48,2.43,38.237999999999985
0,2,0,-2,-6,0,-2,2,0,-86,11,0,3,1,-1,-68,10,0,0,5.04,0.48,2.43,38.83199999999999
0,2,0,0,-2,0,-2,2,0,-88,-14,0,3,1,-1,-74,49,0,0,5.04,0.48,2.43,39.42599999999999
0,2,0,0,0,0,-1,2,0,-86,-21,0,3,1,-1,-67,70,0,0,5.04,0.48,2.43,40.01999999999999
0,2,0,0,4,0,-1,2,0,-77,-25,0,3,1,-1,-54,113,0,0,5.04,0.48,2.43,40.61399999999999
0,2,0,0,6,0,0,2,0,-78,-30,0,2,1,-1,-47,136,0,0,5.04,0.48,2.43,41.20799999999999
0,2,0,1,5,0,-1,2,0,-84,-51,0,2,0,-1,-56,150,0,0,5.04,0.48,2.43,41.80199999999999
0,2,0,2,4,0,-1,2,0,-103,-88,0,2,0,-2,-66,185,0,0,5.04,0.48,2.43,42.395999999999994
0,2,0,1,4,0,-1,2,0,-115,-101,0,2,0,-2,-71,203,0,0,5.04,0.48,2.43,42.989999999999995
0,2,0,2,4,0,0,1,0,-135,-125,0,1,0,-2,-76,250,0,0,5.04,0.48,2.43,43.583999999999996
0,2,0,2,3,0,0,1,-1,-154,-116,0,0,0,-2,-84,250,0,0,5.04,0.48,2.43,44.178
0,2,0,4,4,0,0,1,-1,-170,-104,0,0,0,-1,-90,250,0,0,5.04,0.48,2.43,44.772
0,2,0,5,5,0,0,0,-1,-178,-100,0,0,0,0,-90,250,0,0,5.04,0.48,2.43,45.366
0,2,0,8,8,0,0,0,-1,-202,-107,0,-2,0,0,-78,242,0,0,5.04,0.48,2.43,45.96
0,2,0,10,12,0,0,0,-1,-250,-107,0,-2,0,0,-72,238,0,0,5.04,0.48,2.43,46.554
0,2,0,14,14,0,3,-2,0,-231,-82,0,-5,0,0,-28,212,0,0,5.04,0.48,2.43,47.742000000000004
0,2,0,17,15,0,4,-3,0,-237,-12,0,-5,0,0,3,166,0,0,5.04,0.48,2.43,48.336000000000006
0,2,0,19,19,0,4,-3,0,-201,53,0,-5,1,1,13,127,0,0,5.04,0.48,2.43,48.93000000000001
0,2,0,18,25,0,5,-4,1,-156,65,0,-5,2,1,7,117,0,0,5.07,0.57,2.9,49.638000000000005
0,2,0,17,27,0,5,-4,2,-138,57,0,-5,2,1,6,116,0,0,5.07,0.57,2.9,50.346000000000004
0,2,0,13,30,0,5,-5,3,-80,12,0,-5,2,1,-3,88,0,0,5.07,0.57,2.9,51.054
0,3,0,6,30,0,5,-5,4,-33,-28,0,-5,2,1,-3,63,0,0,5.07,0.57,2.9,51.762
0,3,0,2,26,0,5,-4,4,28,-49,0,-5,2,1,-13,19,0,0,5.07,0.57,2.9,52.47
-1,4,0,2,24,0,5,-4,3,55,-59,0,-5,2,1,34,6,0,0,5.07,0.57,2.9,53.178
-1,5,0,0,17,0,4,-3,2,124,-96,0,-5,2,1,16,-52,0,0,5.07,0.57,2.9,53.885999999999996
-1,4,0,-3,5,0,4,-2,2,175,-145,0,-4,1,1,-55,-107,0,0,5.07,0.57,2.9,54.593999999999994
-1,3,0,-14,0,0,4,-1,1,199,-158,0,-3,2,0,51,-129,0,0,5.07,0.57,2.9,55.30199999999999
-1,2,0,-17,-14,0,4,-1,1,202,-150,0,-3,1,0,31,-135,0,0,5.07,0.57,2.9,56.00999999999999
0,2,0,-23,-33,0,5,0,0,202,-109,0,-3,2,0,27,-192,0,0,5.07,0.57,2.9,56.71799999999999
0,1,0,-20,-36,0,4,0,0,187,-53,0,-1,1,0,69,-187,0,0,5.07,0.57,2.9,57.42599999999999
0,1,0,-21,-37,0,3,0,0,182,-2,0,-1,1,0,80,-188,0,0,5.07,0.57,2.9,58.133999999999986
0,1,0,-21,-37,0,3,0,-1,173,14,0,-1,1,0,84,-183,0,0,5.07,0.57,2.9,58.841999999999985
0,1,0,-24,-32,0,2,1,-1,134,49,0,0,1,0,77,-186,0,0,5.07,0.57,2.9,59.54999999999998
0,2,0,-25,-28,0,2,1,-1,92,76,0,0,0,-1,63,-204,0,0,5.07,0.57,2.9,60.25799999999998
0,2,0,-25,-23,0,1,1,-1,74,107,0,0,1,-1,39,-204,0,0,5.07,0.57,2.9,60.96599999999998
0,2,0,-23,-21,0,1,1,-1,68,116,0,0,1,-1,34,-207,0,0,5.07,0.57,2.9,61.67399999999998
0,2,0,-18,-16,0,0,1,-1,50,137,0,0,1,-1,18,-190,0,0,5.07,0.57,2.9,62.38199999999998
0,3,0,-10,-11,0,0,1,-1,35,152,0,1,1,-1,12,-158,0,0,5.07,0.57,2.9,63.089999999999975
0,3,0,-4,-6,0,0,1,-1,28,154,0,0,1,-1,7,-158,0,0,5.07,0.57,2.9,63.79799999999997
0,2,0,-3,-6,0,-1,1,-1,26,148,0,1,1,-1,-8,-158,0,0,5.03,0.42,2.14,64.31999999999998
0,2,0,-2,-8,0,-1,2,-1,15,124,0,1,1,-1,-40,-154,0,0,5.03,0.42,2.14,64.84199999999998
0,2,0,-2,-12,0,-2,2,-1,0,86,0,2,1,-1,-14,-139,0,0,5.03,0.42,2.14,65.36399999999999
0,2,0,-1,-14,0,-3,3,0,-19,58,0,2,1,-2,16,-94,0,0,5.03,0.42,2.14,65.886
0,2,0,-1,-14,0,-3,3,0,-27,52,0,2,1,-1,15,-79,0,0,5.03,0.42,2.14,66.408
0,2,0,-1,-14,0,-2,2,0,-52,43,0,2,1,-1,-9,-47,0,0,5.03,0.42,2.14,66.93
0,2,0,-1,-14,0,-2,2,0,-68,43,0,2,1,-1,-22,-25,0,0,5.03,0.42,2.14,67.45200000000001
0,2,0,-1,-12,0,-2,2,0,-73,38,0,2,1,-1,-38,-14,0,0,5.03,0.42,2.14,67.97400000000002
0,2,0,-1,-6,0,-1,2,0,-72,24,0,2,1,-1,-48,-6,0,0,5.03,0.42,2.14,68.49600000000002
0,2,0,-1,-3,0,-1,2,0,-68,16,0,2,1,-1,-49,0,0,0,5.03,0.42,2.14,69.01800000000003
0,2,0,0,4,0,-1,2,0,-61,0,0,2,1,-1,-47,26,0,0,5.03,0.42,2.14,69.54000000000003
0,2,0,0,7,0,-1,2,0,-49,-16,0,2,1,-1,-37,63,0,0,5.03,0.42,2.14,70.06200000000004
0,2,0,2,7,0,-1,2,0,-43,-44,0,2,1,-1,-37,97,0,0,5.03,0.42,2.14,70.58400000000005
0,2,0,1,6,0,-1,2,0,-43,-58,0,2,1,-1,-38,106,0,0,5.03,0.42,2.14,71.10600000000005
0,2,0,2,4,0,-1,2,0,-45,-95,0,1,1,-1,-49,122,0,0,5.03,0.42,2.14,71.62800000000006
0,2,0,1,4,0,0,2,0,-53,-119,0,1,1,-1,-55,145,0,0,5.03,0.42,2.14,72.15000000000006
0,2,0,0,6,0,0,2,0,-61,-123,0,1,1,-1,-53,183,0,0,5.03,0.42,2.14,72.67200000000007
0,2,0,0,5,0,0,2,0,-67,-117,0,1,1,-1,-53,228,0,0,5.03,0.42,2.14,73.19400000000007
0,2,0,0,5,0,0,2,0,-71,-111,0,0,1,-1,-56,237,0,0,5.03,0.42,2.14,73.71600000000008
0,2,0,0,4,0,0,1,0,-87,-89,0,0,1,-1,-66,236,0,0,5.03,0.42,2.14,74.23800000000008
0,2,0,2,4,0,0,1,0,-100,-78,0,0,1,-1,-68,216,0,0,5.03,0.42,2.14,74.76000000000009
0,2,0,5,5,0,0,1,-1,-146,-57,0,0,0,-1,-64,222,0,0,5.03,0.44,2.25,75.3090000000001
0,2,0,6,6,0,0,1,-1,-156,-57,0,0,0,-1,-59,230,0,0,5.03,0.44,2.25,75.8580000000001
0,2,0,9,6,0,0,0,-1,-174,-67,0,-1,0,-1,-44,243,0,0,5.03,0.44,2.25,76.40700000000011
0,2,0,11,7,0,1,0,0,-175,-67,0,-2,0,0,-29,243,0,0,5.03,0.44,2.25,76.95600000000012
0,2,0,14,11,0,3,-1,0,-209,-5,0,-4,0,0,-28,208,0,0,5.03,0.44,2.25,77.50500000000012
0,2,0,15,13,0,4,-2,1,-223,20,0,-5,0,0,-26,192,0,0,5.03,0.44,2.25,78.05400000000013
0,2,0,17,19,0,5,-3,1,-221,85,0,-5,1,0,-31,150,0,0,5.03,0.44,2.25,78.60300000000014
0,2,0,16,23,0,4,-2,0,-179,111,0,-5,1,0,-15,124,0,0,5.03,0.44,2.25,79.15200000000014
0,2,0,10,28,0,3,-3,1,-138,58,0,-5,1,0,-6,113,0,0,5.03,0.44,2.25,79.70100000000015
0,3,0,7,30,0,3,-3,1,-123,24,0,-5,0,0,11,127,0,0,5.03,0.44,2.25,80.25000000000016
0,3,0,0,33,0,5,-4,3,-78,-34,0,-5,2,0,20,125,0,0,5.03,0.44,2.25,80.79900000000016
0,3,0,-4,30,0,5,-4,3,-22,-34,0,-5,2,0,9,110,0,0,5.03,0.44,2.25,81.34800000000017
-1,4,0,-7,19,0,5,-4,3,40,-47,0,-5,2,1,12,41,0,0,5.03,0.44,2.25,81.89700000000018
-1,3,0,-11,5,0,4,-3,2,96,-89,0,-5,2,0,-104,-42,0,0,5.03,0.44,2.25,82.44600000000018
-1,3,0,-17,1,0,4,-2,2,106,-108,0,-5,2,0,-25,-56,0,0,5.03,0.44,2.25,82.99500000000019
0,2,0,-24,-13,0,4,-1,2,126,-130,0,-5,2,0,-17,-111,0,0,5.03,0.44,2.25,83.5440000000002
0,2,0,-28,-23,0,5,-1,1,139,-107,0,-4,2,0,25,-141,0,0,5.03,0.44,2.25,84.0930000000002
0,2,0,-29,-28,0,5,-1,0,147,-60,0,-3,1,0,49,-154,0,0,5.03,0.44,2.25,84.64200000000021
0,2,0,-29,-27,0,4,0,0,160,-6,0,-3,1,0,39,-193,0,0,5.03,0.44,2.25,85.19100000000022
0,2,0,-28,-27,0,4,0,0,160,4,0,-2,1,0,30,-214,0,0,5.03,0.44,2.25,85.74000000000022
0,2,0,-29,-25,0,3,0,0,149,22,0,-2,1,0,37,-250,0,0,5.03,0.44,2.25,86.28900000000023
0,2,0,-29,-23,0,2,1,0,125,27,0,-1,1,0,41,-250,0,0,5.04,0.46,2.32,86.85600000000022
0,2,0,-29,-18,0,2,1,0,107,36,0,0,1,0,49,-250,0,0,5.04,0.46,2.32,87.42300000000021
0,2,0,-27,-15,0,2,1,0,102,44,0,0,1,-1,47,-250,0,0,5.04,0.46,2.32,87.99000000000021
0,2,0,-21,-5,0,1,1,-1,95,72,0,0,1,-1,44,-250,0,0,5.04,0.46,2.32,88.5570000000002
0,2,0,-13,0,0,1,1,-1,90,105,0,0,0,-1,53,-249,0,0,5.04,0.46,2.32,89.1240000000002
0,2,0,-7,1,0,0,1,0,87,128,0,1,1,-2,53,-226,0,0,5.04,0.46,2.32,89.69100000000019
0,2,0,-6,0,0,0,1,0,85,134,0,1,1,-2,53,-213,0,0,5.04,0.46,2.32,90.25800000000018
0,2,0,-4,-4,0,0,1,0,79,128,0,1,1,-1,24,-180,0,0,5.04,0.46,2.32,90.82500000000017
0,2,0,-4,-9,0,-1,2,0,65,101,0,1,1,-1,12,-131,0,0,5.04,0.46,2.32,91.39200000000017
0,2,0,-2,-13,0,-1,2,0,12,84,0,2,1,-1,-51,-84,0,0,5.03,0.45,2.27,91.94600000000017
0,2,0,0,-8,0,-2,2,0,2,60,0,2,1,-1,-53,-63,0,0,5.03,0.45,2.27,92.50000000000017
0,2,0,2,-2,0,-2,2,0,-7,33,0,2,1,-1,-50,-45,0,0,5.03,0.45,2.27,93.05400000000017
0,2,0,6,3,0,-2,2,0,-15,20,0,2,1,-1,-37,-21,0,0,5.03,0.45,2.27,93.60800000000017
0,2,0,6,4,0,-2,2,0,-17,22,0,2,1,-1,-35,-9,0,0,5.04,0.46,2.34,94.18100000000017
0,2,0,7,5,0,-1,2,0,-21,35,0,2,1,-1,-36,24,0,0,5.04,0.46,2.34,94.75400000000016
0,2,0,7,4,0,-1,2,0,-23,46,0,1,1,-1,-44,40,0,0,5.04,0.46,2.34,95.32700000000015
0,2,0,7,5,0,-1,2,0,-26,40,0,1,1,-1,-52,47,0,0,5.04,0.46,2.34,95.90000000000015
0,2,0,8,8,0,-1,2,0,-30,18,0,2,1,-1,-49,56,0,0,5.04,0.46,2.34,96.47300000000014
0,2,0,9,9,0,-1,2,0,-32,7,0,2,1,-2,-46,66,0,0,5.04,0.46,2.34,97.04600000000013
0,2,0,11,11,0,-2,2,0,-41,-23,0,2,1,-2,-43,120,0,0,5.04,0.46,2.34,97.61900000000013
0,2,0,12,11,0,-1,2,-1,-63,-50,0,1,1,-2,-47,165,0,0,5.04,0.46,2.34,98.19200000000012
0,2,0,13,13,0,-1,2,-1,-95,-64,0,1,1,-1,-72,187,0,0,5.04,0.46,2.34,98.76500000000011
0,2,0,12,14,0,-1,2,0,-108,-65,0,0,1,-1,-84,183,0,0,5.04,0.46,2.34,99.33800000000011
0,2,0,12,18,0,-1,2,0,-140,-77,0,0,1,-1,-108,175,0,0,5.04,0.46,2.34,99.9110000000001
0,2,0,13,22,0,-1,1,-1,-160,-99,0,0,0,-2,-107,185,0,0,5.04,0.46,2.34,100.4840000000001
0,2,0,14,26,0,0,1,-1,-178,-120,0,0,0,-1,-104,217,0,0,5.04,0.46,2.34,101.05700000000009
0,2,0,16,27,0,0,0,-1,-173,-130,0,0,0,-1,-108,233,0,0,5.04,0.46,2.34,101.63000000000008
0,2,0,19,32,0,0,0,0,-235,-135,0,-2,0,0,-110,238,0,0,5.04,0.46,2.34,102.20300000000007
0,3,0,21,39,0,2,-1,0,-154,-130,0,-4,0,1,-94,210,0,0,5.04,0.46,2.34,102.77600000000007
0,3,0,18,45,0,4,-2,0,-193,-51,0,-5,1,1,-70,172,0,0,5.04,0.46,2.34,103.34900000000006
0,3,0,16,45,0,3,-2,0,-172,-30,0,-5,1,1,-55,156,0,0,5.04,0.46,2.34,103.92200000000005
0,4,0,6,42,0,4,-3,0,-150,9,0,-5,1,1,-48,133,0,0,5.04,0.46,2.34,104.49500000000005
-1,3,-1,1,30,0,5,-4,1,-120,16,0,-5,1,1,-7,97,0,0,5.04,0.46,2.34,105.06800000000004
-1,3,-1,-4,13,0,5,-5,1,-75,10,0,-5,3,1,53,116,0,0,5.04,0.46,2.34,105.64100000000003
-1,2,0,-8,6,0,5,-5,2,-59,0,0,-5,2,1,65,117,0,0,5.03,0.42,2.14,106.16500000000003
-1,2,0,-18,-12,0,5,-4,2,-39,-34,0,-5,3,1,47,84,0,0,5.03,0.42,2.14,106.68900000000004
0,1,0,-25,-25,0,5,-4,2,-20,-66,0,-5,2,1,29,65,0,0,5.03,0.42,2.14,107.21300000000004
0,1,0,-30,-34,0,5,-3,2,7,-90,0,-5,2,1,40,34,0,0,5.03,0.42,2.14,107.73700000000004
0,1,0,-31,-35,0,5,-2,2,38,-91,0,-4,2,0,26,9,0,0,5.03,0.42,2.14,108.26100000000004
0,2,0,-31,-34,0,5,-2,2,52,-82,0,-3,1,0,-4,20,0,0,5.03,0.42,2.14,108.78500000000004
0,2,0,-30,-25,0,5,-1,1,83,-51,0,-3,2,0,32,-41,0,0,5.03,0.42,2.14,109.30900000000004
0,2,0,-28,-15,0,4,-1,0,103,-27,0,-3,1,0,12,-104,0,0,5.03,0.42,2.14,109.83300000000004
0,2,0,-25,-9,0,3,0,0,108,-27,0,-2,1,0,21,-148,0,0,5.03,0.42,2.14,110.35700000000004
0,2,0,-21,-7,0,3,0,0,107,-25,0,-2,1,0,18,-161,0,0,5.03,0.42,2.14,110.88100000000004
0,2,0,-19,-5,0,3,0,0,107,-20,0,-1,1,0,4,-175,0,0,5.03,0.42,2.14,111.40500000000004
0,2,0,-15,-5,0,3,0,0,102,13,0,0,1,0,22,-183,0,0,5.03,0.42,2.14,111.92900000000004
0,2,0,-11,-8,0,2,1,0,96,57,0,0,1,0,45,-183,0,0,5.03,0.42,2.14,112.45300000000005
0,2,0,-10,-11,0,1,1,0,90,93,0,0,1,0,31,-203,0,0,5.03,0.42,2.14,112.97700000000005
0,2,0,-9,-12,0,1,1,0,86,100,0,0,1,0,20,-211,0,0,5.03,0.42,2.14,113.50100000000005
0,2,0,-9,-14,0,0,1,0,74,106,0,0,1,0,10,-227,0,0,5.03,0.42,2.14,114.02500000000005
0,2,0,-7,-16,0,0,1,0,60,100,0,1,1,-1,13,-218,0,0,5.03,0.42,2.14,114.54900000000005
0,2,0,-6,-16,0,0,1,0,49,98,0,1,1,-1,7,-186,0,0,5.03,0.42,2.14,115.07300000000005
0,2,0,-6,-16,0,0,2,0,46,100,0,1,1,-1,3,-167,0,0,5.03,0.42,2.14,115.59700000000005
0,2,0,-4,-14,0,0,2,0,34,105,0,1,1,-1,-4,-149,0,0,5.03,0.42,2.14,116.12100000000005
0,2,0,-2,-14,0,0,2,0,26,104,0,1,1,-1,-31,-134,0,0,5.03,0.42,2.14,116.64500000000005
0,2,0,-2,-14,0,-1,2,0,15,89,0,2,1,-1,-17,-113,0,0,5.04,0.46,2.36,117.22400000000005
0,2,0,-2,-13,0,-1,2,0,12,81,0,2,1,-1,-19,-98,0,0,5.04,0.46,2.36,117.80300000000004
0,2,0,-3,-10,0,-1,2,0,2,54,0,2,1,-1,-11,-78,0,0,5.04,0.46,2.36,118.38200000000003
0,2,0,-2,-5,0,-1,2,0,-5,30,0,2,1,-1,-17,-53,0,0,5.04,0.46,2.36,118.96100000000003
0,2,0,-1,-2,0,-1,2,0,-11,16,0,2,1,-1,-18,-29,0,0,5.04,0.46,2.36,119.54000000000002
0,2,0,0,0,0,-1,2,0,-17,13,0,2,1,-1,-24,8,0,0,5.04,0.46,2.36,120.11900000000001
0,2,0,1,0,0,-1,2,0,-18,12,0,2,1,-1,-25,20,0,0,5.04,0.46,2.36,120.69800000000001
0,2,0,1,1,0,-1,2,0,-23,5,0,2,1,-1,-31,46,0,0,5.04,0.46,2.36,121.277
0,2,0,2,3,0,-1,2,0,-27,-10,0,2,1,-1,-36,57,0,0,5.04,0.46,2.36,121.856
0,2,0,3,6,0,-1,2,0,-30,-34,0,2,1,-1,-35,72,0,0,5.04,0.46,2.36,122.43499999999999
0,2,0,3,8,0,-1,2,0,-31,-44,0,2,1,-2,-33,89,0,0,5.04,0.46,2.36,123.01399999999998
0,2,0,4,9,0,-1,2,0,-37,-63,0,2,1,-2,-29,132,0,0,5.04,0.46,2.36,123.59299999999998
0,2,0,6,10,0,-1,2,0,-43,-68,0,1,1,-1,-47,169,0,0,5.04,0.46,2.36,124.17199999999997
0,2,0,6,11,0,-1,2,0,-56,-71,0,1,1,-1,-74,179,0,0,5.04,0.46,2.36,124.75099999999996
0,2,0,6,12,0,0,2,0,-60,-69,0,0,1,-1,-83,177,0,0,5.04,0.46,2.36,125.32999999999996
0,2,0,7,15,0,0,2,0,-79,-69,0,0,1,-1,-91,179,0,0,5.04,0.46,2.36,125.90899999999995
0,2,0,9,19,0,0,1,0,-98,-68,0,0,1,-1,-75,191,0,0,5.04,0.46,2.36,126.48799999999994
0,2,0,13,22,0,0,1,0,-141,-35,0,0,1,-1,-62,217,0,0,5.04,0.46,2.36,127.06699999999994
0,2,0,16,25,0,0,0,0,-166,-35,0,-1,0,0,-62,227,0,0,5.04,0.46,2.36,127.64599999999993
0,2,0,17,26,0,0,0,0,-178,-32,0,-2,1,0,-65,221,0,0,5.04,0.46,2.36,128.22499999999994
0,2,0,19,31,0,1,0,0,-174,-43,0,-3,1,0,-63,186,0,0,5.04,0.46,2.36,128.80399999999995
0,2,0,20,35,0,3,-1,0,-179,-12,0,-4,1,0,-51,165,0,0,5.03,0.46,2.31,129.37099999999995
0,3,0,18,39,0,4,-2,1,-166,21,0,-4,1,0,-18,144,0,0,5.03,0.46,2.31,129.93799999999996
0,3,0,13,39,0,5,-2,1,-141,59,0,-5,1,0,16,123,0,0,5.03,0.46,2.31,130.50499999999997
0,4,0,10,38,0,5,-2,1,-122,62,0,-5,2,0,19,108,0,0,5.03,0.46,2.31,131.07199999999997
-1,4,-1,6,29,0,4,-3,1,-71,23,0,-5,2,0,20,99,0,0,5.03,0.46,2.31,131.63899999999998
-1,3,0,-1,15,0,5,-3,2,-35,-38,0,-5,2,0,38,71,0,0,5.03,0.46,2.31,132.206
-1,2,0,-14,-2,0,5,-3,3,-19,-67,0,-5,2,1,44,66,0,0,5.03,0.46,2.31,132.773
0,2,0,-17,-10,0,5,-3,3,-14,-65,0,-5,2,1,38,63,0,0,5.03,0.46,2.31,133.34
0,1,0,-23,-25,0,5,-3,3,18,-46,0,-5,3,1,27,61,0,0,5.03,0.46,2.31,133.907
0,1,0,-26,-37,0,5,-2,2,58,-47,0,-5,2,0,41,24,0,0,5.03,0.46,2.31,134.47400000000002
0,1,0,-28,-39,0,5,-1,2,90,-64,0,-5,2,0,38,-7,0,0,5.03,0.46,2.31,135.04100000000003
0,1,0,-28,-37,0,5,-1,2,100,-68,0,-4,2,0,37,-21,0,0,5.03,0.46,2.31,135.60800000000003
0,2,0,-28,-30,0,5,-1,1,118,-60,0,-4,1,0,-13,-76,0,0,5.03,0.46,2.31,136.17500000000004
0,2,0,-26,-21,0,5,0,0,124,-36,0,-3,2,0,-26,-120,0,0,5.03,0.46,2.31,136.74200000000005
0,2,0,-22,-12,0,4,0,0,129,-2,0,-3,1,0,-29,-153,0,0,5.03,0.46,2.31,137.30900000000005
0,2,0,-21,-10,0,4,0,0,129,9,0,-3,1,0,-27,-169,0,0,5.03,0.46,2.31,137.87600000000006
0,2,0,-17,-4,0,3,0,0,126,31,0,-2,1,0,-9,-197,0,0,5.03,0.46,2.31,138.44300000000007
0,2,0,-12,0,0,2,0,0,122,40,0,-1,1,0,19,-194,0,0,5.03,0.46,2.31,139.01000000000008
0,2,0,-10,-1,0,2,0,0,118,53,0,0,1,-1,60,-179,0,0,5.03,0.46,2.31,139.57700000000008
0,2,0,-9,-4,0,1,1,0,104,75,0,0,1,0,61,-179,0,0,5.03,0.46,2.31,140.1440000000001
0,2,0,-8,-6,0,1,1,0,96,86,0,0,1,0,42,-176,0,0,5.03,0.46,2.31,140.7110000000001
0,2,0,-7,-9,0,1,1,0,82,116,0,0,1,-1,18,-167,0,0,5.03,0.43,2.18,141.2450000000001
0,2,0,-5,-10,0,0,1,0,72,128,0,1,1,-1,-1,-161,0,0,5.03,0.43,2.18,141.77900000000008
0,2,0,-5,-10,0,0,1,0,59,128,0,1,1,-1,-25,-151,0,0,5.03,0.43,2.18,142.31300000000007
0,2,0,-5,-10,0,0,2,0,53,127,0,1,1,-1,-30,-149,0,0,5.03,0.43,2.18,142.84700000000007
0,2,0,-5,-10,0,0,2,0,40,121,0,1,1,-1,-44,-136,0,0,5.03,0.43,2.18,143.38100000000006
0,2,0,-5,-9,0,-1,2,0,29,110,0,2,1,-1,-36,-131,0,0,5.03,0.43,2.18,143.91500000000005
0,2,0,-5,-6,0,-1,2,0,19,93,0,2,1,-1,-15,-114,0,0,5.03,0.43,2.18,144.44900000000004
0,2,0,-5,-4,0,-1,2,0,14,89,0,2,1,-1,-18,-100,0,0,5.03,0.43,2.18,144.98300000000003
0,2,0,-4,1,0,-1,2,0,2,79,0,2,1,-1,-24,-85,0,0,5.03,0.43,2.18,145.51700000000002
0,2,0,-2,6,0,-1,2,0,-8,73,0,2,1,-1,-31,-67,0,0,5.03,0.43,2.18,146.05100000000002
0,2,0,0,9,0,-1,2,0,-20,62,0,2,1,-1,-34,-46,0,0,5.03,0.43,2.18,146.585
0,2,0,1,12,0,-1,2,0,-30,46,0,2,1,-1,-44,-24,0,0,5.03,0.43,2.18,147.119
0,2,0,2,14,0,-1,2,0,-32,39,0,2,1,-1,-47,-16,0,0,5.03,0.43,2.18,147.653
0,2,0,3,17,0,-1,2,0,-36,15,0,2,1,-1,-49,13,0,0,5.03,0.43,2.18,148.18699999999998
0,2,0,3,18,0,-1,2,0,-37,-5,0,2,1,-1,-45,40,0,0,5.03,0.43,2.18,148.72099999999998
0,2,0,4,18,0,-1,2,0,-37,-28,0,2,1,-1,-46,66,0,0,5.03,0.43,2.18,149.25499999999997
0,2,0,4,17,0,-2,2,0,-39,-59,0,2,1,-1,-50,93,0,0,5.03,0.43,2.18,149.78899999999996
0,2,0,4,17,0,-2,2,0,-42,-72,0,2,1,-1,-55,104,0,0,5.03,0.43,2.18,150.32299999999995
0,2,0,4,20,0,-1,2,0,-53,-90,0,2,1,-1,-66,132,0,0,5.03,0.43,2.18,150.85699999999994
0,2,0,6,24,0,0,2,0,-71,-86,0,1,1,-1,-73,167,0,0,5.03,0.43,2.18,151.39099999999993
0,2,0,8,25,0,0,2,0,-95,-67,0,1,1,-1,-78,196,0,0,5.03,0.43,2.18,151.92499999999993
0,2,0,10,25,0,0,2,0,-104,-63,0,0,1,-1,-80,203,0,0,5.04,0.46,2.35,152.50099999999992
0,2,0,12,23,0,0,1,-1,-121,-71,0,0,1,-1,-86,209,0,0,5.04,0.46,2.35,153.0769999999999
0,2,0,14,23,0,0,1,-1,-166,-81,0,0,0,-1,-76,211,0,0,5.04,0.46,2.35,153.6529999999999
0,2,0,17,23,0,0,0,-1,-178,-130,0,-1,0,-1,-75,221,0,0,5.04,0.46,2.35,154.2289999999999
0,2,0,18,23,0,0,0,-1,-185,-141,0,-1,0,0,-75,223,0,0,5.04,0.46,2.35,154.8049999999999
0,2,0,20,25,0,1,0,0,-135,-133,0,-2,0,0,-73,216,0,0,5.04,0.46,2.35,155.3809999999999
0,2,0,22,28,0,2,-1,0,-170,-79,0,-3,0,0,-61,187,0,0,5.04,0.46,2.35,155.95699999999988
0,2,0,22,31,0,4,-2,0,-172,-15,0,-4,0,0,-49,162,0,0,5.04,0.46,2.35,156.53299999999987
0,3,0,21,32,0,5,-2,1,-174,17,0,-5,0,1,-45,154,0,0,5.04,0.46,2.35,157.10899999999987
0,4,0,15,33,0,5,-3,1,-150,60,0,-5,1,1,-16,93,0,0,5.04,0.46,2.35,157.68499999999986
-1,4,-1,13,32,0,4,-3,1,-105,30,0,-5,1,1,10,52,0,0,5.04,0.46,2.35,158.26099999999985
-1,3,0,5,18,0,4,-3,1,-75,-28,0,-5,1,1,68,78,0,0,5.04,0.46,2.35,158.83699999999985
0,2,0,-10,0,0,5,-3,2,-50,-64,0,-5,2,1,76,80,0,0,5.04,0.46,2.35,159.41299999999984
0,2,0,-15,-6,0,5,-3,2,-41,-68,0,-5,2,1,73,83,0,0,5.04,0.46,2.35,159.98899999999983
0,1,0,-24,-20,0,5,-3,3,-15,-62,0,-5,2,1,57,85,0,0,5.04,0.46,2.35,160.56499999999983
0,1,0,-29,-29,0,5,-2,3,13,-65,0,-5,2,1,56,71,0,0,5.04,0.46,2.35,161.14099999999982
0,1,0,-32,-31,0,5,-2,2,41,-77,0,-4,2,0,9,69,0,0,5.04,0.46,2.35,161.7169999999998
0,1,0,-31,-31,0,5,-2,2,53,-78,0,-5,2,0,58,28,0,0,5.04,0.46,2.35,162.2929999999998
0,2,0,-28,-22,0,5,-1,1,85,-70,0,-3,1,0,26,-44,0,0,5.04,0.46,2.35,162.8689999999998
0,2,0,-24,-12,0,5,-1,1,103,-46,0,-3,2,0,11,-93,0,0,5.04,0.46,2.35,163.4449999999998
0,2,0,-19,-7,0,4,0,0,118,-17,0,-2,1,0,28,-118,0,0,5.04,0.46,2.35,164.0209999999998
0,3,0,-17,-5,0,4,0,0,119,10,0,-2,1,0,18,-138,0,0,5.03,0.44,2.24,164.5699999999998
0,3,0,-17,-5,0,4,0,0,116,17,0,-2,1,0,20,-156,0,0,5.03,0.44,2.24,165.1189999999998
0,3,0,-15,-5,0,3,0,0,109,46,0,-1,1,0,5,-157,0,0,5.03,0.44,2.24,165.6679999999998
0,2,0,-14,-8,0,2,1,0,106,76,0,0,1,0,36,-170,0,0,5.03,0.44,2.24,166.2169999999998
0,2,0,-13,-12,0,2,1,0,102,104,0,0,1,0,15,-177,0,0,5.03,0.44,2.24,166.76599999999982
0,2,0,-12,-16,0,1,1,0,93,124,0,0,1,0,5,-182,0,0,5.03,0.44,2.24,167.31499999999983
0,2,0,-12,-16,0,1,1,0,90,128,0,0,1,0,3,-183,0,0,5.03,0.44,2.24,167.86399999999983
0,2,0,-11,-17,0,0,1,0,77,134,0,0,1,-1,-24,-197,0,0,5.03,0.44,2.24,168.41299999999984
0,2,0,-11,-16,0,0,1,0,66,131,0,1,1,-1,-16,-161,0,0,5.03,0.44,2.24,168.96199999999985
0,2,0,-11,-16,0,0,1,0,55,122,0,1,1,-1,-3,-142,0,0,5.03,0.44,2.24,169.51099999999985
0,2,0,-11,-15,0,0,2,0,48,117,0,1,1,-1,0,-137,0,0,5.03,0.44,2.24,170.05999999999986
0,2,0,-10,-14,0,-1,2,0,32,103,0,1,1,-1,-10,-128,0,0,5.03,0.44,2.24,170.60899999999987
0,2,0,-9,-12,0,-1,2,0,21,73,0,2,1,-1,-31,-109,0,0,5.03,0.44,2.24,171.15799999999987
0,2,0,-8,-8,0,-2,2,0,7,32,0,2,1,-1,-20,-85,0,0,5.03,0.44,2.24,171.70699999999988
0,2,0,-8,-5,0,-2,2,0,3,12,0,2,1,-1,-17,-68,0,0,5.03,0.44,2.24,172.2559999999999
0,2,0,-6,0,0,-2,2,0,-15,-30,0,2,1,-1,-15,-38,0,0,5.03,0.44,2.24,172.8049999999999
0,2,0,-4,3,0,-2,2,0,-27,-33,0,2,1,-1,-14,-11,0,0,5.03,0.44,2.24,173.3539999999999
0,2,0,-1,4,0,-1,2,0,-29,-1,0,2,1,-1,-12,6,0,0,5.03,0.44,2.24,173.9029999999999
0,2,0,0,3,0,-1,2,0,-27,23,0,2,1,-1,-13,25,0,0,5.03,0.44,2.24,174.4519999999999
0,2,0,0,2,0,-1,2,0,-25,27,0,2,1,-1,-15,31,0,0,5.03,0.44,2.24,175.00099999999992
0,2,0,1,3,0,-1,2,0,-22,20,0,2,1,-1,-15,51,0,0,5.03,0.44,2.24,175.54999999999993
0,2,0,2,6,0,-1,2,0,-22,-3,0,2,1,-1,-12,74,0,0,5.03,0.44,2.22,176.0949999999999
0,2,0,4,7,0,-1,2,0,-23,-35,0,2,1,-1,-12,101,0,0,5.03,0.44,2.22,176.6399999999999
0,2,0,4,7,0,-1,2,0,-24,-47,0,2,1,-1,-15,111,0,0,5.03,0.44,2.22,177.1849999999999
0,2,0,7,7,0,-1,2,0,-29,-82,0,2,1,-1,-25,134,0,0,5.03,0.44,2.22,177.72999999999988
0,2,0,9,8,0,-1,2,0,-40,-119,0,1,1,-1,-33,151,0,0,5.03,0.44,2.22,178.27499999999986
0,2,0,12,10,0,-1,2,0,-54,-149,0,1,1,-1,-41,172,0,0,5.03,0.44,2.22,178.81999999999985
0,2,0,12,11,0,0,2,0,-61,-156,0,1,1,-1,-44,178,0,0,5.03,0.44,2.22,179.36499999999984
0,2,0,15,14,0,0,1,0,-71,-146,0,1,1,-1,-51,193,0,0,5.03,0.44,2.22,179.90999999999983
0,2,0,17,17,0,0,1,-1,-93,-97,0,0,1,-1,-52,195,0,0,5.03,0.44,2.22,180.4549999999998
0,2,0,19,19,0,0,1,-1,-104,-89,0,0,0,0,-54,194,0,0,5.03,0.44,2.22,180.9999999999998
0,2,0,20,21,0,0,0,-1,-138,-97,0,0,0,-1,-49,190,0,0,5.03,0.44,2.22,181.5449999999998
0,2,0,20,22,0,0,0,-1,-148,-101,0,0,0,-1,-44,192,0,0,5.03,0.44,2.22,182.08999999999978
0,2,0,21,26,0,1,0,0,-130,-110,0,-1,0,-1,-30,193,0,0,5.03,0.44,2.22,182.63499999999976
0,3,0,20,34,0,3,-1,0,-157,-55,0,-3,0,0,-9,172,0,0,5.03,0.44,2.22,183.17999999999975
0,4,0,15,39,0,5,-2,0,-152,14,0,-4,0,0,-4,131,0,0,5.03,0.44,2.22,183.72499999999974
-1,4,0,12,37,0,5,-2,0,-123,59,0,-5,1,0,-5,95,0,0,5.03,0.44,2.22,184.26999999999973
-1,4,0,9,32,0,4,-2,0,-108,59,0,-5,1,0,-4,95,0,0,5.03,0.44,2.22,184.8149999999997
0,2,0,-11,-13,0,5,-3,2,-46,-28,0,-5,3,0,44,75,0,0,5.03,0.45,2.27,185.3719999999997
0,1,0,-17,-23,0,5,-3,2,-27,-51,0,-5,3,0,-11,54,0,0,5.03,0.45,2.27,185.9289999999997
0,1,0,-22,-27,0,5,-3,2,7,-56,0,-5,2,0,8,22,0,0,5.03,0.45,2.27,186.48599999999968
0,1,0,-23,-26,0,5,-2,2,43,-60,0,-5,2,0,-25,-61,0,0,5.03,0.45,2.27,187.04299999999967
0,2,0,-21,-22,0,5,-2,2,70,-62,0,-4,1,0,-54,-146,0,0,5.03,0.45,2.27,187.59999999999965
0,2,0,-18,-17,0,5,-2,2,79,-62,0,-4,1,0,-57,-153,0,0,5.03,0.45,2.27,188.15699999999964
0,2,0,-17,-11,0,4,-1,1,100,-45,0,-4,1,0,-8,-161,0,0,5.03,0.45,2.27,188.71399999999963
0,3,0,-16,-10,0,4,0,0,112,-20,0,-3,1,0,3,-145,0,0,5.03,0.45,2.27,189.27099999999962
0,3,0,-17,-12,0,4,0,0,124,20,0,-2,1,0,12,-120,0,0,5.03,0.45,2.27,189.8279999999996
0,2,0,-15,-15,0,3,0,0,129,59,0,-1,0,-1,13,-133,0,0,5.03,0.45,2.27,190.3849999999996
0,2,0,-14,-17,0,3,0,0,128,70,0,-1,0,-1,20,-141,0,0,5.03,0.45,2.27,190.94199999999958
0,2,0,-10,-17,0,2,0,0,122,84,0,0,1,-1,32,-173,0,0,5.03,0.45,2.27,191.49899999999957
0,2,0,-8,-18,0,1,1,0,113,82,0,0,1,-1,30,-183,0,0,5.03,0.45,2.27,192.05599999999956
0,2,0,-8,-19,0,1,1,-1,98,84,0,0,1,0,13,-160,0,0,5.03,0.45,2.27,192.61299999999954
0,2,0,-7,-22,0,0,1,-1,77,96,0,0,1,0,-21,-150,0,0,5.03,0.45,2.27,193.16999999999953
0,2,0,-7,-23,0,0,1,-1,70,104,0,0,1,-1,-19,-154,0,0,5.03,0.45,2.27,193.72699999999952
0,2,0,-6,-27,0,0,1,-1,50,126,0,1,0,-1,-17,-152,0,0,5.03,0.45,2.27,194.2839999999995
0,2,0,-6,-27,0,0,2,-1,32,136,0,1,0,-1,-24,-158,0,0,5.04,0.46,2.34,194.8589999999995
0,2,0,-6,-24,0,0,2,-1,10,138,0,2,0,-1,-25,-118,0,0,5.04,0.46,2.34,195.4339999999995
0,2,0,-6,-23,0,0,2,-1,3,136,0,2,1,-1,-39,-109,0,0,5.04,0.46,2.34,196.00899999999947
0,2,0,-5,-18,0,-1,2,0,-13,131,0,2,1,-1,-40,-94,0,0,5.04,0.46,2.34,196.58399999999946
0,2,0,-4,-13,0,-2,2,0,-25,117,0,2,1,0,-76,-89,0,0,5.04,0.46,2.34,197.15899999999945
0,2,0,-4,-10,0,-2,2,0,-35,99,0,2,1,-1,-66,-83,0,0,5.04,0.46,2.34,197.73399999999944
0,2,0,-4,-9,0,-2,2,0,-38,89,0,2,1,-1,-69,-80,0,0,5.04,0.46,2.34,198.30899999999943
0,2,0,-3,-7,0,-2,2,0,-53,69,0,2,1,-1,-54,-71,0,0,5.04,0.46,2.34,198.88399999999942
0,2,0,-1,-5,0,-2,2,0,-63,56,0,2,1,0,-46,-44,0,0,5.04,0.46,2.34,199.4589999999994
0,2,0,0,-5,0,-2,2,0,-70,50,0,2,1,0,-43,-10,0,0,5.04,0.46,2.34,200.0339999999994
0,2,0,0,-5,0,-1,2,0,-71,48,0,2,1,0,-42,-2,0,0,5.04,0.46,2.34,200.60899999999938
0,2,0,1,-3,0,-1,2,0,-70,39,0,2,1,-1,-37,16,0,0,5.04,0.46,2.34,201.18399999999937
0,2,0,2,-1,0,-1,2,0,-65,19,0,2,1,-1,-40,32,0,0,5.04,0.46,2.34,201.75899999999936
0,2,0,3,0,0,-2,2,0,-62,-26,0,2,1,-1,-37,64,0,0,5.04,0.46,2.34,202.33399999999935
0,2,0,4,2,0,-1,2,0,-64,-85,0,2,1,-1,-38,111,0,0,5.04,0.46,2.34,202.90899999999934
0,2,0,4,3,0,-1,2,0,-65,-104,0,2,1,-1,-38,125,0,0,5.04,0.46,2.34,203.48399999999933
0,2,0,5,4,0,-1,1,0,-69,-140,0,1,0,-1,-35,146,0,0,5.04,0.46,2.34,204.05899999999932
0,2,0,6,5,0,0,1,0,-71,-158,0,1,0,-1,-29,150,0,0,5.04,0.46,2.34,204.6339999999993
0,2,0,7,8,0,-1,1,0,-74,-186,0,1,0,-1,-27,164,0,0,5.04,0.46,2.34,205.2089999999993
0,2,0,8,9,0,0,1,-1,-97,-181,0,0,0,-1,-30,171,0,0,5.04,0.46,2.34,205.78399999999928
0,2,0,10,13,0,0,0,-1,-88,-189,0,0,0,-1,-45,193,0,0,5.04,0.46,2.34,206.35899999999927
0,2,0,11,16,0,0,0,0,-109,-154,0,0,0,-1,-60,204,0,0,5.03,0.42,2.12,206.87999999999926
0,2,0,13,20,0,0,0,0,-133,-123,0,-1,0,-1,-52,191,0,0,5.03,0.42,2.12,207.40099999999924
0,2,0,15,25,0,1,0,0,-109,-113,0,-2,0,0,-33,162,0,0,5.03,0.42,2.12,207.92199999999923
0,2,0,15,28,0,1,0,-1,-96,-107,0,-2,0,0,-37,164,0,0,5.03,0.42,2.12,208.44299999999922
0,2,0,15,35,0,2,0,-1,-135,-69,0,-3,0,0,-23,153,0,0,5.03,0.42,2.12,208.9639999999992
0,2,0,12,41,0,4,-1,0,-153,-20,0,-4,1,0,-13,146,0,0,5.03,0.42,2.12,209.4849999999992
0,3,0,7,45,0,5,-1,1,-158,30,0,-5,1,1,-5,135,0,0,5.03,0.42,2.12,210.00599999999918
0,3,0,4,41,0,5,-1,1,-131,29,0,-5,2,1,9,117,0,0,5.03,0.42,2.12,210.52699999999916
-1,4,0,2,39,0,5,-1,1,-117,14,0,-5,2,0,28,111,0,0,5.03,0.42,2.12,211.04799999999915
-1,3,0,-1,27,0,5,-2,1,-83,-36,0,-5,2,0,57,79,0,0,5.03,0.42,2.12,211.56899999999914
-1,2,0,-10,8,0,5,-2,2,-58,-80,0,-5,2,0,101,51,0,0,5.03,0.42,2.12,212.08999999999912
0,2,0,-20,-6,0,5,-3,2,-36,-91,0,-5,2,0,48,36,0,0,5.03,0.42,2.12,212.6109999999991
0,2,0,-22,-11,0,5,-3,3,-26,-85,0,-5,2,0,34,45,0,0,5.03,0.42,2.12,213.1319999999991
0,1,0,-24,-21,0,5,-2,3,0,-73,0,-5,3,0,3,0,0,0,5.03,0.42,2.12,213.65299999999908
0,1,0,-24,-24,0,5,-2,3,22,-68,0,-5,1,0,-42,-55,0,0,5.03,0.42,2.12,214.17399999999907
0,2,0,-24,-24,0,5,-2,2,44,-65,0,-4,1,0,-20,-92,0,0,5.03,0.42,2.12,214.69499999999906
0,2,0,-24,-22,0,5,-2,2,52,-59,0,-4,1,0,-13,-95,0,0,5.03,0.42,2.12,215.21599999999904
0,2,0,-21,-16,0,5,-1,1,80,-40,0,-3,1,0,30,-90,0,0,5.03,0.42,2.12,215.73699999999903
0,2,0,-17,-12,0,4,-1,1,103,-19,0,-3,1,0,42,-74,0,0,5.03,0.42,2.12,216.25799999999902
0,3,0,-13,-10,0,4,-1,0,118,8,0,-2,1,0,40,-100,0,0,5.03,0.42,2.12,217.299999999999
0,2,0,-12,-10,0,3,0,0,123,24,0,-2,1,0,27,-123,0,0,5.04,0.46,2.36,217.879999999999
0,2,0,-10,-9,0,3,0,0,120,39,0,-1,1,0,12,-148,0,0,5.04,0.46,2.36,218.459999999999
0,2,0,-9,-13,0,2,0,0,114,58,0,0,1,0,15,-149,0,0,5.04,0.46,2.36,219.03999999999903
0,2,0,-9,-13,0,2,0,0,111,67,0,0,1,0,16,-150,0,0,5.04,0.46,2.36,219.61999999999904
0,2,0,-6,-16,0,2,0,0,102,87,0,0,1,-1,5,-158,0,0,5.04,0.46,2.36,220.19999999999905
0,2,0,-5,-18,0,1,1,-1,92,108,0,0,1,-1,-2,-171,0,0,5.04,0.46,2.36,220.77999999999906
0,2,0,-5,-19,0,0,1,-1,84,126,0,1,1,-1,-2,-171,0,0,5.04,0.46,2.36,221.35999999999908
0,2,0,-6,-19,0,0,1,-1,80,132,0,1,1,-1,-4,-170,0,0,5.04,0.46,2.36,221.9399999999991
0,2,0,-7,-18,0,0,1,-1,69,138,0,1,1,-1,-16,-155,0,0,5.04,0.46,2.36,222.5199999999991
0,2,0,-8,-17,0,0,1,-1,58,137,0,2,1,-1,-30,-147,0,0,5.04,0.46,2.36,223.0999999999991
0,2,0,-8,-12,0,0,2,-1,45,129,0,2,1,-1,-37,-117,0,0,5.04,0.46,2.36,223.67999999999913
0,2,0,-8,-10,0,-1,2,-1,39,126,0,2,1,0,-38,-104,0,0,5.04,0.46,2.36,224.25999999999914
0,2,0,-7,-5,0,-1,2,-1,22,114,0,2,1,-1,-36,-98,0,0,5.04,0.46,2.36,224.83999999999915
0,2,0,-6,0,0,-2,2,0,7,95,0,2,1,-1,-65,-83,0,0,5.04,0.46,2.36,225.41999999999916
0,2,0,-5,3,0,-2,2,0,-9,75,0,3,1,-1,-43,-64,0,0,5.04,0.46,2.36,225.99999999999918
0,2,0,-4,6,0,-2,2,0,-25,57,0,3,1,-1,-17,-36,0,0,5.04,0.46,2.36,226.5799999999992
0,2,0,-3,7,0,-2,2,0,-32,49,0,2,1,-1,-15,-21,0,0,5.04,0.46,2.36,227.1599999999992
0,2,0,-1,8,0,-2,2,0,-44,29,0,2,1,-1,-25,6,0,0,5.04,0.46,2.36,227.7399999999992
0,2,0,2,9,0,-2,2,0,-48,13,0,2,1,-1,-29,47,0,0,5.04,0.46,2.36,228.31999999999923
0,2,0,5,9,0,-1,2,0,-49,1,0,2,1,-1,-19,88,0,0,5.04,0.46,2.36,228.89999999999924
0,2,0,6,7,0,-1,2,0,-47,-11,0,2,1,-1,-19,107,0,0,5.04,0.46,2.36,229.47999999999925
0,2,0,6,7,0,-1,2,0,-48,-14,0,2,1,-1,-24,109,0,0,5.04,0.46,2.36,230.05899999999926
0,2,0,7,9,0,-1,2,0,-55,-30,0,1,1,-1,-49,120,0,0,5.04,0.46,2.36,230.63799999999927
0,2,0,8,10,0,0,2,0,-64,-30,0,1,1,-1,-70,136,0,0,5.04,0.46,2.36,231.21699999999927
0,2,0,10,12,0,0,2,0,-72,-22,0,1,1,-1,-79,165,0,0,5.04,0.46,2.36,231.79599999999928
0,2,0,11,11,0,0,2,0,-74,-11,0,1,1,-1,-80,175,0,0,5.04,0.46,2.36,232.3749999999993
0,2,0,13,9,0,0,2,0,-87,22,0,0,1,-1,-78,192,0,0,5.04,0.46,2.36,232.9539999999993
0,2,0,13,8,0,0,1,0,-110,24,0,0,0,-1,-56,195,0,0,5.04,0.46,2.36,233.5329999999993
0,2,0,12,9,0,0,1,0,-136,4,0,0,0,-1,-47,203,0,0,5.04,0.46,2.36,234.1119999999993
0,2,0,12,10,0,0,1,0,-150,0,0,0,0,-1,-47,207,0,0,5.04,0.46,2.36,234.69099999999932
0,2,0,10,15,0,0,1,0,-184,-42,0,-1,0,0,-50,201,0,0,5.04,0.46,2.36,235.26999999999933
0,3,0,7,22,0,1,0,0,-193,-86,0,-2,0,2,31,250,0,0,5.04,0.46,2.36,235.84899999999934
0,3,0,4,26,0,3,0,0,-195,-36,0,-4,0,0,-6,163,0,0,5.04,0.46,2.36,236.42799999999934
0,3,0,1,22,0,4,-1,1,-181,37,0,-4,0,0,-20,120,0,0,5.04,0.46,2.36,237.00699999999935
0,3,0,0,19,0,4,-1,1,-177,54,0,-4,0,0,-8,117,0,0,5.04,0.46,2.36,237.58599999999936
0,3,0,-6,4,0,3,-1,1,-151,53,0,-4,1,0,24,117,0,0,5.04,0.46,2.36,238.16499999999937
0,2,0,-16,-8,0,2,-1,1,-137,2,0,-5,1,0,51,116,0,0,5.04,0.46,2.36,238.74399999999937
0,2,0,-21,-19,0,3,-2,2,-112,-43,0,-5,2,1,84,123,0,0,5.04,0.46,2.36,239.32299999999938
0,2,0,-21,-23,0,4,-2,2,-102,-48,0,-5,2,0,73,95,0,0,5.04,0.46,2.36,239.9019999999994
0,1,0,-22,-28,0,4,-2,3,-82,-32,0,-5,2,0,39,70,0,0,5.04,0.46,2.36,240.4809999999994
0,1,0,-22,-29,0,4,-2,3,-50,-24,0,-5,2,0,47,46,0,0,5.04,0.46,2.36,241.0599999999994
0,1,0,-21,-24,0,4,-2,3,-11,-33,0,-5,1,0,4,7,0,0,5.04,0.46,2.36,241.6389999999994
0,1,0,-19,-21,0,4,-2,3,4,-43,0,-5,2,0,-111,20,0,0,5.02,0.42,2.13,242.16399999999942
0,2,0,-17,-12,0,3,-1,3,39,-72,0,-4,2,0,41,-20,0,0,5.02,0.42,2.13,242.68899999999942
0,2,0,-12,-4,0,3,-1,2,74,-89,0,-4,2,0,-55,-60,0,0,5.02,0.42,2.13,243.21399999999943
0,3,0,-6,1,0,3,-1,2,110,-85,0,-4,1,0,-62,-82,0,0,5.02,0.42,2.13,243.73899999999944
0,3,0,-1,0,0,3,-1,2,139,-78,0,-3,2,0,-20,-75,0,0,5.02,0.42,2.13,244.26399999999944
0,3,0,0,-1,0,3,0,2,147,-78,0,-3,1,0,-5,-74,0,0,5.02,0.42,2.13,244.78899999999945
0,2,0,-1,-5,0,3,0,1,164,-86,0,-3,1,0,6,-62,0,0,5.02,0.42,2.13,245.31399999999945
0,2,0,-3,-9,0,3,0,0,171,-76,0,-2,1,0,29,-58,0,0,5.02,0.42,2.13,245.83899999999946
0,2,0,-3,-13,0,4,0,0,172,-40,0,-2,2,0,22,-73,0,0,5.02,0.42,2.13,246.36399999999946
0,2,0,-3,-14,0,3,0,0,172,-24,0,-2,1,0,15,-85,0,0,5.02,0.42,2.13,246.88899999999947
0,2,0,-3,-15,0,3,0,0,160,5,0,-1,1,0,2,-99,0,0,5.02,0.42,2.13,247.41399999999948
0,2,0,-4,-17,0,3,1,-1,135,14,0,-1,1,0,-9,-114,0,0,5.02,0.42,2.13,247.93899999999948
0,2,0,-6,-16,0,2,1,-1,106,15,0,0,1,0,-8,-128,0,0,5.02,0.42,2.13,248.4639999999995
0,2,0,-8,-13,0,1,1,-1,78,13,0,0,1,0,-8,-142,0,0,5.02,0.42,2.13,248.9889999999995
0,2,0,-10,-13,0,1,1,-1,69,15,0,0,1,0,-8,-144,0,0,5.02,0.42,2.13,249.5139999999995
0,2,0,-11,-12,0,1,1,-1,54,33,0,0,1,0,-11,-146,0,0,5.02,0.42,2.13,250.0389999999995
0,2,0,-11,-11,0,0,2,-1,45,59,0,1,1,0,-24,-144,0,0,5.02,0.42,2.13,250.5639999999995
0,2,0,-8,-9,0,0,2,-1,36,71,0,1,1,0,-28,-128,0,0,5.02,0.42,2.13,251.08899999999952
0,2,0,-6,-7,0,0,2,-1,33,72,0,1,1,0,-28,-133,0,0,5.02,0.42,2.13,251.61399999999952
0,2,0,-3,-2,0,-1,2,-1,19,64,0,2,1,0,-48,-133,0,0,5.02,0.42,2.13,252.13899999999953
0,2,0,0,0,0,-1,2,-1,5,52,0,2,0,-1,-31,-108,0,0,5.02,0.42,2.13,252.66399999999953
0,2,0,0,0,0,-1,3,-1,-5,60,0,3,1,0,-25,-108,0,0,5.04,0.48,2.46,253.26999999999953
0,2,0,0,-1,0,-1,3,-1,-9,67,0,3,1,-1,-46,-97,0,0,5.04,0.48,2.46,253.87599999999952
0,2,0,0,-3,0,-2,3,-1,-18,88,0,3,1,-1,-53,-65,0,0,5.04,0.48,2.46,254.48199999999952
0,2,0,-1,-1,0,-2,3,0,-35,83,0,3,1,0,-20,-39,0,0,5.04,0.48,2.46,255.0879999999995
0,2,0,-1,2,0,-2,3,0,-54,47,0,3,1,0,-23,-1,0,0,5.04,0.48,2.46,255.6939999999995
0,2,0,-1,6,0,-1,2,0,-67,13,0,2,1,0,-24,17,0,0,5.04,0.48,2.46,256.2999999999995
0,2,0,-1,8,0,-1,2,0,-70,6,0,2,1,0,-24,25,0,0,5.04,0.48,2.46,256.9059999999995
0,2,0,-1,9,0,0,2,0,-70,9,0,2,1,-1,-16,48,0,0,5.04,0.48,2.46,257.5119999999995
0,2,0,-2,9,0,-1,2,0,-72,12,0,2,1,-1,-2,80,0,0,5.04,0.48,2.46,258.1179999999995
0,2,0,-3,9,0,-1,2,0,-77,-6,0,2,1,-1,0,119,0,0,5.04,0.48,2.46,258.7239999999995
0,2,0,-3,9,0,-1,2,0,-79,-18,0,1,1,-1,-3,135,0,0,5.04,0.48,2.46,259.3299999999995
0,2,0,-2,9,0,-1,2,0,-79,-50,0,1,1,-1,-22,162,0,0,5.04,0.48,2.46,259.93599999999947
0,2,0,0,9,0,0,1,0,-69,-73,0,0,1,-1,-49,166,0,0,5.04,0.48,2.46,260.54199999999946
0,2,0,4,9,0,0,1,0,-71,-60,0,0,1,0,-65,164,0,0,5.04,0.48,2.46,261.14799999999946
0,2,0,5,9,0,0,1,0,-77,-45,0,0,1,-1,-68,165,0,0,5.04,0.48,2.46,261.75399999999945
0,2,0,10,12,0,0,1,0,-109,-13,0,0,0,-1,-53,167,0,0,5.04,0.48,2.46,262.35999999999945
0,2,0,14,15,0,0,1,-1,-146,-14,0,0,0,-1,-27,173,0,0,5.04,0.48,2.46,262.96599999999944
0,2,0,15,21,0,0,0,-1,-190,-28,0,-1,0,0,-11,177,0,0,5.04,0.48,2.46,263.57199999999943
0,2,0,15,26,0,1,0,0,-209,-30,0,-2,0,0,-15,162,0,0,5.04,0.48,2.46,264.17799999999943
0,2,0,15,28,0,2,0,0,-202,-22,0,-2,0,0,-21,156,0,0,5.04,0.48,2.46,264.7839999999994
0,3,0,15,32,0,3,-1,0,-211,37,0,-3,0,0,-30,123,0,0,5.04,0.48,2.46,265.3899999999994
0,3,0,11,35,0,3,-2,0,-204,69,0,-5,1,0,-28,89,0,0,5.05,0.51,2.58,266.02399999999943
-1,4,0,7,35,0,3,-2,1,-182,66,0,-5,1,0,-31,67,0,0,5.05,0.51,2.58,266.65799999999945
-1,3,0,1,28,0,4,-3,2,-153,26,0,-5,1,0,19,60,0,0,5.05,0.51,2.58,267.29199999999946
-1,3,0,-1,23,0,4,-4,2,-138,15,0,-5,1,0,30,45,0,0,5.05,0.51,2.58,267.9259999999995
-1,2,0,-10,5,0,5,-4,4,-90,4,0,-5,2,0,56,22,0,0,5.05,0.51,2.58,268.5599999999995
0,2,0,-18,-10,0,5,-3,4,-47,-17,0,-5,2,0,65,25,0,0,5.05,0.51,2.58,269.1939999999995
0,1,0,-23,-22,0,4,-3,4,-3,-60,0,-5,2,0,0,44,0,0,5.05,0.51,2.58,269.8279999999995
0,1,0,-25,-25,0,4,-3,4,12,-78,0,-5,2,0,42,39,0,0,5.05,0.51,2.58,270.46199999999953
0,1,0,-28,-26,0,4,-2,3,58,-113,0,-5,2,0,-30,21,0,0,5.05,0.51,2.58,271.09599999999955
0,2,0,-29,-20,0,4,-2,3,106,-122,0,-5,1,0,-22,-11,0,0,5.05,0.51,2.58,271.72999999999956
0,2,0,-26,-11,0,4,-1,2,146,-117,0,-4,1,0,0,-40,0,0,5.05,0.51,2.58,272.3639999999996
0,2,0,-24,-8,0,4,-1,2,158,-114,0,-4,2,0,14,-48,0,0,5.05,0.51,2.58,272.9979999999996
0,2,0,-18,1,0,4,-1,1,179,-102,0,-4,2,0,45,-50,0,0,5.05,0.51,2.58,273.6319999999996
0,2,0,-12,6,0,4,0,0,183,-95,0,-3,1,0,38,-61,0,0,5.05,0.51,2.58,274.2659999999996
0,3,0,-9,7,0,4,0,0,178,-81,0,-2,1,0,15,-73,0,0,5.05,0.51,2.58,274.89999999999964
0,2,0,-8,4,0,4,0,-1,162,-54,0,-2,1,0,11,-96,0,0,5.05,0.51,2.58,275.53399999999965
0,2,0,-8,2,0,4,0,0,152,-42,0,-1,1,0,15,-105,0,0,5.05,0.51,2.58,276.16799999999967
0,2,0,-7,-3,0,3,0,0,118,-17,0,-1,1,0,11,-130,0,0,5.05,0.51,2.58,276.8019999999997
0,2,0,-7,-8,0,2,1,-1,91,-13,0,0,1,0,24,-139,0,0,5.05,0.51,2.58,277.4359999999997
0,2,0,-6,-13,0,1,1,-1,71,-3,0,0,1,0,10,-152,0,0,5.05,0.51,2.58,278.0699999999997
0,2,0,-6,-14,0,1,1,-1,62,5,0,0,1,0,4,-156,0,0,5.05,0.51,2.58,278.7039999999997
0,2,0,-8,-14,0,1,1,-1,46,46,0,0,0,-1,-6,-165,0,0,5.04,0.45,2.29,279.2669999999997
0,2,0,-8,-11,0,0,1,-1,34,80,0,2,0,-1,-6,-177,0,0,5.04,0.45,2.29,279.8299999999997
0,2,0,-6,-5,0,0,1,-1,19,91,0,2,0,-1,-14,-168,0,0,5.04,0.45,2.29,280.3929999999997
0,2,0,-6,-3,0,0,2,-1,10,86,0,2,0,-1,-8,-160,0,0,5.04,0.45,2.29,280.9559999999997
0,2,0,-5,-3,0,-1,2,0,-5,72,0,3,0,-1,-29,-147,0,0,5.04,0.45,2.29,281.51899999999966
0,2,0,-5,-5,0,-1,2,0,-20,55,0,3,0,-1,-39,-110,0,0,5.04,0.45,2.29,282.08199999999965
0,2,0,-4,-4,0,-1,2,0,-29,52,0,2,0,-1,-49,-104,0,0,5.04,0.45,2.29,282.64499999999964
0,2,0,-6,-9,0,-2,2,0,-29,74,0,2,1,-1,-44,-43,0,0,5.03,0.45,2.29,283.20899999999966
0,2,0,-6,-7,0,-2,2,0,-30,72,0,2,1,-1,-67,-22,0,0,5.03,0.45,2.29,283.7729999999997
0,2,0,-5,-5,0,-2,2,0,-28,63,0,2,1,-1,-56,-11,0,0,5.03,0.45,2.29,284.3369999999997
0,2,0,-4,-2,0,-2,2,0,-25,42,0,2,1,0,-52,14,0,0,5.03,0.45,2.29,284.9009999999997
0,2,0,-4,-2,0,-2,2,0,-24,31,0,2,1,0,-49,26,0,0,5.03,0.45,2.29,285.46499999999975
0,2,0,-3,0,0,-2,2,0,-22,0,0,2,1,-1,-48,61,0,0,5.03,0.45,2.29,286.02899999999977
0,2,0,-2,1,0,-2,2,0,-20,-26,0,2,1,-1,-29,99,0,0,5.05,0.51,2.57,286.6629999999998
0,2,0,-2,3,0,-1,2,0,-19,-43,0,1,1,-1,-9,126,0,0,5.05,0.51,2.57,287.2969999999998
0,2,0,-2,2,0,-1,2,0,-19,-52,0,1,1,-1,-7,133,0,0,5.05,0.51,2.57,287.9309999999998
0,2,0,-3,5,0,-1,2,0,-20,-54,0,1,1,-1,-11,136,0,0,5.05,0.51,2.57,288.5649999999998
0,2,0,-2,7,0,-1,2,0,-30,-57,0,1,1,-1,-25,149,0,0,5.05,0.51,2.57,289.19899999999984
0,2,0,-2,8,0,-1,2,0,-48,-74,0,1,1,-1,-38,171,0,0,5.05,0.51,2.57,289.83299999999986
0,2,0,0,11,0,0,1,0,-68,-94,0,0,1,-1,-48,185,0,0,5.05,0.51,2.57,290.46699999999987
0,2,0,0,11,0,0,1,0,-72,-96,0,0,1,-1,-52,186,0,0,5.05,0.51,2.57,291.1009999999999
0,2,0,3,13,0,0,1,0,-87,-82,0,0,1,-1,-48,181,0,0,5.05,0.51,2.57,291.7349999999999
0,2,0,6,17,0,1,1,-1,-122,-53,0,0,0,-1,-31,183,0,0,5.05,0.51,2.57,292.3689999999999
0,2,0,9,22,0,1,0,0,-137,-53,0,-1,0,-1,-18,168,0,0,5.05,0.51,2.57,293.00299999999993
0,2,0,12,27,0,3,0,0,-161,-41,0,-2,1,0,-28,175,0,0,5.05,0.51,2.57,293.63699999999994
0,2,0,14,29,0,3,0,0,-151,-26,0,-2,1,0,-31,168,0,0,5.05,0.51,2.57,294.27099999999996
0,2,0,16,34,0,5,-1,0,-162,25,0,-3,0,0,-53,152,0,0,5.05,0.51,2.57,294.905
0,2,0,15,40,0,5,-2,1,-161,71,0,-4,1,0,-42,111,0,0,5.05,0.51,2.57,295.539
0,3,0,11,42,0,5,-2,1,-139,78,0,-5,1,0,-16,66,0,0,5.05,0.51,2.57,296.173
0,3,0,9,42,0,5,-2,1,-125,65,0,-5,1,0,2,72,0,0,5.05,0.51,2.57,296.807
-1,4,0,1,35,0,4,-2,2,-86,-1,0,-5,2,0,36,9,0,0,5.05,0.51,2.57,297.44100000000003
-1,4,0,-3,22,0,4,-2,2,-44,-68,0,-5,2,0,14,-16,0,0,5.05,0.51,2.57,298.07500000000005
-1,3,0,-10,8,0,5,-2,2,-6,-97,0,-5,2,0,112,8,0,0,5.05,0.51,2.57,298.70900000000006
-1,2,0,-19,-6,0,5,-2,3,29,-95,0,-5,2,0,-38,5,0,0,5.05,0.51,2.57,299.3430000000001
0,2,0,-19,-12,0,5,-2,3,40,-90,0,-5,3,0,-27,5,0,0,5.04,0.46,2.33,299.91800000000006
0,1,0,-22,-22,0,5,-1,2,64,-83,0,-5,2,1,-5,-1,0,0,5.04,0.46,2.33,300.49300000000005
0,1,0,-23,-29,0,4,-1,2,85,-80,0,-5,2,1,3,-36,0,0,5.04,0.46,2.33,301.06800000000004
0,1,0,-23,-27,0,4,-1,1,102,-64,0,-5,2,0,53,-80,0,0,5.04,0.46,2.33,301.64300000000003
0,1,0,-23,-25,0,4,-1,1,108,-55,0,-4,1,0,67,-92,0,0,5.04,0.46,2.33,302.218
0,2,0,-21,-17,0,4,0,0,126,-29,0,-3,1,0,72,-120,0,0,5.04,0.46,2.33,302.793
0,2,0,-18,-9,0,4,0,0,135,-2,0,-3,1,0,80,-138,0,0,5.04,0.46,2.33,303.368
0,2,0,-16,-4,0,3,0,0,130,10,0,-2,1,0,73,-136,0,0,5.04,0.46,2.33,303.943
0,2,0,-16,-3,0,3,0,0,125,10,0,-2,1,0,69,-133,0,0,5.04,0.46,2.33,304.518
0,3,0,-14,-2,0,2,0,0,111,11,0,-1,1,0,65,-138,0,0,5.04,0.46,2.33,305.09299999999996
0,3,0,-10,-1,0,2,1,0,98,20,0,0,1,-1,61,-140,0,0,5.04,0.46,2.33,305.66799999999995
0,2,0,-6,-1,0,2,1,0,87,42,0,0,1,-1,51,-158,0,0,5.04,0.46,2.33,306.24299999999994
0,2,0,-2,-2,0,1,1,0,74,59,0,0,1,-1,35,-174,0,0,5.04,0.46,2.33,306.8179999999999
0,2,0,-1,-3,0,1,1,0,66,63,0,0,1,-1,33,-180,0,0,5.04,0.46,2.33,307.3929999999999
0,2,0,0,-5,0,1,1,0,51,72,0,0,0,-1,24,-191,0,0,5.04,0.46,2.33,307.9679999999999
0,2,0,1,-8,0,0,2,0,37,77,0,1,1,-1,0,-172,0,0,5.04,0.46,2.33,308.5429999999999
0,2,0,0,-11,0,0,2,0,29,80,0,2,0,-2,-26,-158,0,0,5.04,0.46,2.33,309.1179999999999
0,2,0,0,-11,0,0,2,0,28,82,0,2,0,-2,-41,-135,0,0,5.04,0.46,2.33,309.69299999999987
0,2,0,-2,-13,0,0,2,0,19,77,0,3,0,-2,-17,-95,0,0,5.04,0.46,2.33,310.26799999999986
0,2,0,-4,-11,0,-1,2,0,9,62,0,2,0,-2,-53,-85,0,0,5.04,0.46,2.33,310.84299999999985
0,2,0,-4,-9,0,-2,2,0,-5,34,0,3,0,-2,-101,-63,0,0,5.04,0.46,2.33,311.41799999999984
0,2,0,-3,-8,0,-2,2,0,-17,8,0,3,1,-2,-92,-35,0,0,5.04,0.47,2.41,312.01099999999985
0,2,0,-3,-7,0,-2,2,0,-23,3,0,3,1,-1,-85,-28,0,0,5.04,0.47,2.41,312.60399999999987
0,2,0,-3,-4,0,-2,2,0,-36,3,0,3,1,-1,-80,-1,0,0,5.04,0.47,2.41,313.1969999999999
0,2,0,-4,0,0,-2,2,0,-40,14,0,2,1,-1,-82,20,0,0,5.04,0.47,2.41,313.7899999999999
0,2,0,-3,3,0,-2,2,0,-39,27,0,2,1,-1,-80,53,0,0,5.04,0.47,2.41,314.3829999999999
0,2,0,-3,4,0,-2,2,0,-38,28,0,2,1,-1,-78,66,0,0,5.04,0.47,2.41,314.97599999999994
0,2,0,-2,4,0,-2,2,0,-38,21,0,2,1,-1,-67,103,0,0,5.04,0.47,2.41,315.56899999999996
0,2,0,0,4,0,-1,2,0,-38,2,0,2,1,-1,-56,137,0,0,5.04,0.47,2.41,316.162
0,2,0,1,6,0,-1,2,0,-37,-19,0,1,1,-1,-54,158,0,0,5.04,0.47,2.41,316.755
0,2,0,1,7,0,-1,2,0,-37,-31,0,1,1,-1,-53,169,0,0,5.04,0.47,2.41,317.348
0,2,0,1,8,0,-1,2,0,-38,-31,0,1,1,-1,-54,174,0,0,5.04,0.47,2.41,317.94100000000003
0,2,0,2,8,0,0,2,0,-50,-17,0,0,1,-1,-59,178,0,0,5.04,0.47,2.41,318.53400000000005
0,2,0,3,8,0,0,1,0,-65,1,0,0,1,-1,-67,182,0,0,5.04,0.47,2.41,319.12700000000007
0,2,0,3,9,0,0,1,0,-91,9,0,0,0,-1,-61,183,0,0,5.04,0.47,2.41,319.7200000000001
0,2,0,4,9,0,0,1,-1,-105,9,0,0,0,-1,-55,180,0,0,5.04,0.47,2.41,320.3130000000001
0,2,0,5,13,0,0,1,-1,-131,-15,0,-1,0,-1,-40,172,0,0,5.04,0.47,2.41,320.9060000000001
0,2,0,7,17,0,0,0,0,-161,-39,0,-2,0,0,-47,150,0,0,5.04,0.47,2.41,321.49900000000014
0,2,0,9,20,0,1,0,0,-178,-22,0,-3,0,0,-57,111,0,0,5.04,0.47,2.41,322.09200000000016
0,2,0,10,21,0,2,-1,0,-177,-13,0,-3,0,0,-58,102,0,0,5.04,0.47,2.41,322.6850000000002
0,2,0,12,19,0,2,-1,0,-161,0,0,-3,0,0,-58,113,0,0,5.04,0.47,2.41,323.2780000000002
0,2,0,12,18,0,3,-2,0,-186,1,0,-3,0,0,-50,139,0,0,5.04,0.47,2.41,323.8710000000002
0,2,0,10,18,0,4,-3,1,-178,10,0,-4,1,1,-36,146,0,0,5.03,0.45,2.29,324.43500000000023
0,3,0,5,20,0,5,-3,2,-151,35,0,-5,2,1,-23,137,0,0,5.03,0.45,2.29,324.99900000000025
0,3,0,2,19,0,5,-4,2,-133,39,0,-5,2,1,-12,125,0,0,5.03,0.45,2.29,325.5630000000003
-1,4,0,-3,9,0,5,-4,2,-63,19,0,-5,2,0,19,66,0,0,5.03,0.45,2.29,326.1270000000003
-1,3,0,-11,-7,0,4,-3,2,-14,-45,0,-5,2,1,74,45,0,0,5.03,0.45,2.29,326.6910000000003
0,2,0,-20,-25,0,5,-2,2,13,-113,0,-5,2,1,15,21,0,0,5.03,0.45,2.29,327.25500000000034
0,2,0,-22,-31,0,5,-2,2,24,-122,0,-5,3,1,3,22,0,0,5.03,0.45,2.29,327.81900000000036
0,2,0,-24,-40,0,5,-2,2,47,-104,0,-5,2,1,-27,-12,0,0,5.03,0.45,2.29,328.3830000000004
0,1,0,-24,-39,0,5,-1,2,70,-71,0,-4,2,1,-24,-38,0,0,5.03,0.45,2.29,328.9470000000004
0,1,0,-22,-38,0,5,-1,1,81,-51,0,-4,2,0,51,-62,0,0,5.03,0.45,2.29,329.5110000000004
0,2,0,-21,-31,0,4,0,0,85,-45,0,-4,1,0,53,-77,0,0,5.03,0.45,2.29,330.07500000000044
0,2,0,-19,-26,0,4,0,0,88,-44,0,-4,2,0,66,-76,0,0,5.03,0.45,2.29,330.63900000000046
0,2,0,-15,-17,0,4,0,0,92,-38,0,-3,1,0,93,-85,0,0,5.03,0.45,2.29,331.2030000000005
0,2,0,-10,-12,0,3,0,0,98,-31,0,-2,1,0,83,-93,0,0,5.03,0.45,2.29,331.7670000000005
0,3,0,-6,-8,0,3,0,0,93,-22,0,-2,1,0,73,-95,0,0,5.03,0.45,2.29,332.33100000000053
0,2,0,-4,-8,0,2,0,0,87,-9,0,-1,1,0,66,-106,0,0,5.03,0.45,2.29,332.89500000000055
0,2,0,-4,-8,0,2,1,0,83,-3,0,-1,1,0,67,-109,0,0,5.03,0.45,2.29,333.4590000000006
0,2,0,-4,-8,0,1,1,0,71,8,0,0,0,-1,77,-143,0,0,5.03,0.45,2.29,334.0230000000006
0,2,0,-3,-10,0,1,1,0,61,16,0,0,1,-1,71,-161,0,0,5.03,0.45,2.29,334.5870000000006
0,2,0,-1,-12,0,0,1,0,46,21,0,0,1,-1,49,-174,0,0,5.03,0.45,2.29,335.15100000000064
0,2,0,-1,-13,0,0,1,0,41,24,0,0,1,-1,35,-172,0,0,5.03,0.45,2.29,335.71500000000066
0,2,0,-2,-15,0,0,1,0,28,33,0,1,1,-1,20,-158,0,0,5.03,0.46,2.32,336.28700000000066
0,2,0,-2,-14,0,0,1,0,18,42,0,1,1,-1,-4,-149,0,0,5.03,0.46,2.32,336.85900000000066
0,2,0,-4,-13,0,0,2,0,11,46,0,1,1,-1,-15,-141,0,0,5.03,0.46,2.32,337.43100000000067
0,2,0,-4,-13,0,0,2,0,9,46,0,1,1,-1,-9,-143,0,0,5.03,0.46,2.32,338.00300000000067
0,2,0,-3,-13,0,-1,2,0,3,41,0,1,1,-1,-31,-146,0,0,5.03,0.46,2.32,338.57500000000067
0,2,0,-4,-11,0,-1,2,0,-1,35,0,2,1,-1,-23,-104,0,0,5.03,0.46,2.32,339.1470000000007
0,2,0,-3,-6,0,-2,2,0,-1,30,0,2,1,-1,-33,-64,0,0,5.03,0.46,2.32,339.7190000000007
0,2,0,-3,-4,0,-2,2,0,-1,29,0,2,1,-1,-38,-57,0,0,5.03,0.46,2.32,340.2910000000007
0,2,0,-2,0,0,-2,2,0,3,29,0,2,1,-1,-55,-34,0,0,5.03,0.46,2.32,340.8630000000007
0,2,0,-1,5,0,-2,2,0,3,36,0,2,1,-1,-65,-6,0,0,5.03,0.46,2.32,341.4350000000007
0,2,0,0,8,0,-2,2,0,3,39,0,2,1,-1,-55,9,0,0,5.03,0.46,2.32,342.0070000000007
0,2,0,0,9,0,-2,2,0,3,40,0,2,1,-1,-54,7,0,0,5.03,0.46,2.32,342.5790000000007
0,2,0,1,10,0,-2,2,0,-1,38,0,2,1,-1,-55,26,0,0,5.03,0.46,2.32,343.1510000000007
0,2,0,2,12,0,-2,2,0,-9,25,0,2,1,-1,-57,50,0,0,5.03,0.46,2.32,343.7230000000007
0,2,0,1,14,0,-1,2,0,-14,2,0,2,1,-1,-50,92,0,0,5.03,0.46,2.32,344.2950000000007
0,2,0,2,17,0,-1,2,0,-24,-17,0,2,1,-1,-40,128,0,0,5.03,0.46,2.32,344.8670000000007
0,2,0,2,18,0,-1,2,0,-29,-21,0,1,1,-1,-38,138,0,0,5.03,0.46,2.32,345.4390000000007
0,2,0,3,20,0,0,2,0,-46,-22,0,1,1,-1,-36,157,0,0,5.03,0.46,2.32,346.0110000000007
0,2,0,4,22,0,0,1,0,-68,-10,0,1,1,-1,-35,168,0,0,5.03,0.46,2.32,346.5830000000007
0,2,0,6,22,0,0,1,0,-89,1,0,0,1,-1,-39,174,0,0,5.03,0.46,2.32,347.1550000000007
0,2,0,7,22,0,0,1,0,-96,8,0,0,1,-1,-40,177,0,0,5.03,0.46,2.32,347.7270000000007
0,2,0,9,23,0,0,1,0,-119,17,0,0,1,-1,-55,187,0,0,5.03,0.43,2.19,348.2660000000007
0,2,0,11,23,0,0,0,0,-144,14,0,0,0,-1,-54,189,0,0,5.03,0.43,2.19,348.8050000000007
0,2,0,14,26,0,1,0,0,-171,19,0,-1,1,0,-55,183,0,0,5.03,0.43,2.19,349.3440000000007
0,2,0,16,28,0,2,-1,0,-177,18,0,-2,1,0,-51,159,0,0,5.03,0.43,2.19,349.88300000000066
0,2,0,16,29,0,2,-1,0,-164,11,0,-2,1,0,-52,155,0,0,5.03,0.43,2.19,350.42200000000065
0,2,0,17,29,0,3,-1,0,-169,7,0,-3,0,0,-38,133,0,0,5.03,0.43,2.19,350.96100000000064
0,3,0,15,28,0,4,-2,1,-153,19,0,-4,1,0,-16,122,0,0,5.03,0.43,2.19,351.5000000000006
0,3,0,10,26,0,5,-2,1,-135,40,0,-5,1,0,-39,124,0,0,5.03,0.43,2.19,352.0390000000006
0,3,0,8,25,0,5,-2,2,-124,42,0,-5,2,0,-47,119,0,0,5.03,0.43,2.19,352.5780000000006
0,3,0,2,18,0,5,-2,2,-83,27,0,-5,2,0,-31,107,0,0,5.03,0.43,2.19,353.1170000000006
0,3,0,-3,5,0,4,-2,2,-43,-18,0,-5,2,0,-2,95,0,0,5.03,0.43,2.19,353.6560000000006
0,2,0,-9,-6,0,5,-2,2,-12,-64,0,-5,2,0,41,64,0,0,5.03,0.43,2.19,354.19500000000056
0,2,0,-12,-10,0,5,-2,2,0,-75,0,-5,2,0,62,36,0,0,5.03,0.43,2.19,354.73400000000055
0,2,0,-17,-18,0,5,-2,2,30,-88,0,-5,2,1,-44,-13,0,0,5.03,0.43,2.19,355.27300000000054
0,2,0,-19,-22,0,5,-2,2,54,-83,0,-5,2,1,-49,-53,0,0,5.03,0.43,2.19,355.8120000000005
0,2,0,-20,-25,0,5,-1,2,70,-70,0,-5,2,0,-23,-74,0,0,5.03,0.43,2.19,356.3510000000005
0,2,0,-19,-26,0,5,-1,1,81,-56,0,-4,2,0,10,-78,0,0,5.03,0.43,2.19,356.8900000000005
0,2,0,-19,-25,0,5,-1,1,85,-53,0,-4,1,0,30,-81,0,0,5.03,0.43,2.19,357.4290000000005
0,2,0,-18,-23,0,4,0,0,94,-48,0,-4,1,0,68,-88,0,0,5.03,0.43,2.19,357.9680000000005
0,2,0,-16,-21,0,4,0,0,97,-37,0,-3,1,0,67,-106,0,0,5.03,0.43,2.19,358.50700000000046
0,2,0,-14,-17,0,4,0,0,96,-17,0,-2,1,0,66,-132,0,0,5.03,0.43,2.19,359.04600000000045
0,2,0,-13,-15,0,4,0,0,95,-8,0,-2,1,0,68,-137,0,0,5.03,0.44,2.25,359.60200000000043
0,2,0,-10,-13,0,3,0,0,92,13,0,-1,1,0,63,-159,0,0,5.03,0.44,2.25,360.1580000000004
0,2,0,-7,-12,0,2,0,0,89,26,0,-1,1,-1,64,-170,0,0,5.03,0.44,2.25,360.7140000000004
0,2,0,-5,-12,0,1,1,0,80,35,0,0,1,-1,59,-172,0,0,5.03,0.44,2.25,361.2700000000004
0,2,0,-5,-13,0,1,1,0,74,40,0,0,1,-1,57,-172,0,0,5.03,0.44,2.25,361.82600000000036
0,2,0,-3,-14,0,1,1,0,56,53,0,0,1,-1,46,-182,0,0,5.03,0.44,2.25,362.38200000000035
0,2,0,-1,-13,0,0,1,0,39,72,0,0,1,-2,33,-207,0,0,5.03,0.44,2.25,362.93800000000033
0,2,0,0,-14,0,0,1,0,29,93,0,1,1,-2,22,-208,0,0,5.03,0.44,2.25,363.4940000000003
0,2,0,1,-14,0,0,1,0,27,99,0,1,1,-2,19,-207,0,0,5.03,0.44,2.25,364.0500000000003
0,2,0,1,-15,0,0,1,0,21,110,0,2,0,-2,-11,-201,0,0,5.03,0.44,2.25,364.6060000000003
0,2,0,0,-15,0,-1,2,0,11,104,0,2,1,-2,-13,-152,0,0,5.03,0.44,2.25,365.16200000000026
0,2,0,0,-13,0,-1,2,0,1,85,0,2,1,-2,-36,-130,0,0,5.03,0.44,2.25,365.71800000000025
0,2,0,0,-9,0,-2,2,0,-8,62,0,3,1,-2,-79,-120,0,0,5.03,0.44,2.25,366.2740000000002
0,2,0,0,-8,0,-2,2,0,-11,54,0,3,1,-1,-95,-115,0,0,5.03,0.44,2.25,366.8300000000002
0,2,0,-1,-4,0,-2,2,0,-20,39,0,3,1,-1,-109,-99,0,0,5.03,0.44,2.25,367.3860000000002
0,2,0,-1,0,0,-2,2,0,-28,30,0,3,1,-1,-104,-73,0,0,5.03,0.44,2.25,367.9420000000002
0,2,0,0,3,0,-2,2,0,-34,26,0,3,1,-1,-90,-40,0,0,5.03,0.44,2.25,368.49800000000016
0,2,0,0,6,0,-2,2,0,-37,24,0,3,1,-1,-85,6,0,0,5.03,0.44,2.25,369.05400000000014
0,2,0,0,8,0,-2,2,0,-37,22,0,2,1,-1,-99,29,0,0,5.03,0.44,2.25,369.6100000000001
0,2,0,1,10,0,-2,2,0,-40,12,0,2,1,-1,-80,78,0,0,5.03,0.44,2.25,370.1660000000001
0,2,0,1,10,0,-1,2,0,-44,-8,0,2,1,-1,-60,130,0,0,5.03,0.44,2.25,370.7220000000001
0,2,0,2,10,0,-1,2,0,-52,-38,0,2,1,-1,-51,151,0,0,5.04,0.48,2.45,371.3280000000001
0,2,0,2,10,0,-1,2,0,-55,-49,0,1,1,-1,-51,154,0,0,5.04,0.48,2.45,371.9340000000001
0,2,0,3,11,0,-1,1,0,-62,-68,0,1,1,-1,-50,156,0,0,5.04,0.48,2.45,372.5400000000001
0,2,0,5,12,0,0,1,0,-68,-78,0,1,1,-1,-45,177,0,0,5.04,0.48,2.45,373.1460000000001
0,2,0,7,13,0,0,1,0,-74,-78,0,0,1,-1,-40,213,0,0,5.04,0.48,2.45,373.75200000000007
0,2,0,7,13,0,0,1,0,-75,-75,0,0,1,-1,-39,226,0,0,5.04,0.48,2.45,374.35800000000006
0,2,0,9,13,0,0,1,-1,-86,-59,0,0,1,-1,-42,243,0,0,5.04,0.48,2.45,374.96400000000006
0,2,0,9,14,0,0,1,-1,-119,-49,0,0,1,0,-53,226,0,0,5.04,0.48,2.45,375.57000000000005
0,2,0,10,16,0,0,1,0,-138,-68,0,-1,1,0,-57,194,0,0,5.04,0.48,2.45,376.17600000000004
0,2,0,12,19,0,1,0,0,-166,-67,0,-2,1,0,-62,179,0,0,5.04,0.48,2.45,376.78200000000004
0,2,0,12,21,0,2,0,0,-174,-54,0,-2,1,0,-59,176,0,0,5.04,0.48,2.45,377.38800000000003
0,2,0,14,26,0,3,-1,0,-174,-8,0,-2,1,0,-56,169,0,0,5.04,0.48,2.45,377.994
0,3,0,13,27,0,3,-1,0,-170,32,0,-3,1,0,-26,148,0,0,5.04,0.48,2.45,378.6
0,3,0,8,29,0,4,-2,1,-171,56,0,-5,1,0,-29,127,0,0,5.04,0.48,2.45,379.206
0,3,0,7,27,0,4,-2,1,-159,62,0,-5,1,0,-26,108,0,0,5.04,0.48,2.45,379.812
0,3,0,1,20,0,4,-2,2,-130,56,0,-5,1,0,-12,92,0,0,5.04,0.48,2.45,380.418
-1,3,0,-19,1,0,5,-2,2,-31,-52,0,-5,2,0,33,45,0,0,5.03,0.45,2.31,380.99
0,2,0,-26,-13,0,5,-2,2,-8,-53,0,-5,2,0,81,55,0,0,5.03,0.45,2.31,381.562
0,2,0,-29,-24,0,5,-2,2,16,-53,0,-5,3,0,75,66,0,0,5.03,0.45,2.31,382.134
0,1,0,-28,-28,0,5,-2,2,33,-64,0,-5,2,0,-57,-24,0,0,5.03,0.45,2.31,382.706
0,1,0,-31,-28,0,5,-1,2,38,-66,0,-5,2,0,-44,-41,0,0,5.03,0.45,2.31,383.278
0,1,0,-28,-28,0,5,-1,2,48,-58,0,-5,2,0,-31,-74,0,0,5.03,0.45,2.31,383.85
0,1,0,-24,-23,0,5,-1,1,64,-28,0,-4,1,0,14,-81,0,0,5.03,0.45,2.31,384.422
0,2,0,-22,-17,0,4,-1,0,86,2,0,-4,1,0,11,-79,0,0,5.03,0.45,2.31,384.994
0,2,0,-19,-12,0,4,0,0,98,15,0,-3,1,0,26,-97,0,0,5.03,0.45,2.31,385.56600000000003
0,2,0,-18,-10,0,4,0,0,100,14,0,-3,1,0,25,-110,0,0,5.03,0.45,2.31,386.13800000000003
0,2,0,-13,-7,0,3,0,0,97,6,0,-2,1,0,17,-158,0,0,5.03,0.45,2.31,386.71000000000004
0,2,0,-8,-8,0,3,0,0,96,4,0,-1,1,0,33,-188,0,0,5.03,0.45,2.31,387.28200000000004
0,2,0,-5,-12,0,2,0,0,96,24,0,0,1,-1,39,-196,0,0,5.03,0.45,2.31,387.85400000000004
0,2,0,-4,-14,0,2,0,0,95,34,0,0,1,-1,36,-193,0,0,5.03,0.45,2.31,388.42600000000004
0,2,0,-2,-17,0,2,1,0,89,59,0,0,1,-1,29,-195,0,0,5.03,0.45,2.31,388.99800000000005
0,2,0,0,-19,0,1,1,0,79,67,0,1,1,-1,16,-184,0,0,5.03,0.45,2.31,389.57000000000005
0,2,0,0,-21,0,0,1,0,67,62,0,1,0,-1,2,-157,0,0,5.03,0.45,2.31,390.14200000000005
0,2,0,0,-21,0,0,2,0,61,59,0,1,1,-1,-2,-155,0,0,5.03,0.45,2.31,390.71400000000006
0,2,0,0,-22,0,0,2,0,43,51,0,2,1,-1,-38,-149,0,0,5.03,0.43,2.17,391.25100000000003
0,2,0,-2,-22,0,0,2,0,25,50,0,2,0,-1,-24,-113,0,0,5.03,0.43,2.17,391.788
0,2,0,-4,-19,0,0,2,0,15,61,0,2,1,-1,-35,-105,0,0,5.03,0.43,2.17,392.325
0,2,0,-5,-13,0,-1,2,0,3,70,0,2,1,-1,-76,-97,0,0,5.03,0.43,2.17,392.86199999999997
0,2,0,-6,-10,0,-1,2,0,0,71,0,2,1,-1,-89,-88,0,0,5.03,0.43,2.17,393.39899999999994
0,2,0,-5,-6,0,-2,2,0,-13,61,0,2,1,-1,-91,-58,0,0,5.03,0.43,2.17,393.9359999999999
0,2,0,-3,-2,0,-2,2,0,-26,42,0,3,0,-1,-56,-37,0,0,5.03,0.43,2.17,394.4729999999999
0,2,0,-1,0,0,-2,2,0,-37,24,0,2,1,-1,-59,-31,0,0,5.03,0.43,2.17,395.0099999999999
0,2,0,0,0,0,-2,2,0,-41,19,0,2,1,-1,-60,-25,0,0,5.03,0.43,2.17,395.54699999999985
0,2,0,1,1,0,-2,2,0,-47,14,0,2,1,-1,-67,-7,0,0,5.03,0.43,2.17,396.08399999999983
0,2,0,2,4,0,-2,2,0,-47,12,0,2,1,-1,-62,28,0,0,5.03,0.43,2.17,396.6209999999998
0,2,0,4,6,0,-2,2,0,-45,6,0,2,1,-1,-56,72,0,0,5.03,0.43,2.17,397.1579999999998
0,2,0,4,7,0,-2,2,0,-45,3,0,2,1,-1,-53,90,0,0,5.03,0.43,2.17,397.69499999999977
0,2,0,5,10,0,-2,2,0,-48,-10,0,2,1,-1,-37,131,0,0,5.03,0.43,2.17,398.23199999999974
0,2,0,7,11,0,-2,2,0,-55,-39,0,2,1,-1,-18,151,0,0,5.03,0.43,2.17,398.7689999999997
0,2,0,8,11,0,-2,2,0,-62,-68,0,2,1,-1,-16,160,0,0,5.03,0.43,2.17,399.3059999999997
0,2,0,9,12,0,-1,2,0,-64,-73,0,2,1,-1,-20,165,0,0,5.03,0.43,2.17,399.8429999999997
0,2,0,11,15,0,-1,2,0,-68,-70,0,2,1,-1,-29,182,0,0,5.03,0.43,2.17,400.37999999999965
0,2,0,12,19,0,-1,1,0,-68,-55,0,1,0,-1,-26,207,0,0,5.03,0.43,2.17,400.91699999999963
0,2,0,15,22,0,-1,1,0,-80,-55,0,1,0,-1,-20,222,0,0,5.03,0.43,2.17,401.4539999999996
0,2,0,17,25,0,-1,1,0,-107,-66,0,0,0,-1,-9,216,0,0,5.03,0.43,2.17,401.9909999999996
0,2,0,17,26,0,-1,0,0,-112,-75,0,0,0,-1,-12,212,0,0,5.04,0.47,2.4,402.5849999999996
0,2,0,19,28,0,0,0,0,-139,-101,0,0,0,-1,-27,202,0,0,5.04,0.47,2.4,403.1789999999996
0,2,0,21,30,0,1,-1,0,-135,-80,0,-2,0,0,-34,192,0,0,5.04,0.47,2.4,403.77299999999957
0,2,0,21,33,0,3,-1,0,-100,-26,0,-2,1,0,-48,190,0,0,5.04,0.47,2.4,404.36699999999956
0,3,0,20,35,0,3,-1,0,-110,-6,0,-3,1,0,-52,191,0,0,5.04,0.47,2.4,404.96099999999956
0,3,0,13,36,0,3,-2,0,-96,0,0,-3,1,0,-38,153,0,0,5.04,0.47,2.4,405.55499999999955
-1,4,0,3,31,0,5,-2,0,-97,-3,0,-5,1,0,0,78,0,0,5.04,0.47,2.4,406.14899999999955
-1,4,0,0,18,0,5,-3,1,-91,12,0,-5,1,0,49,12,0,0,5.04,0.47,2.4,406.74299999999954
-1,3,0,0,8,0,5,-3,2,-82,17,0,-5,1,0,56,9,0,0,5.04,0.47,2.4,407.33699999999953
-1,2,0,-8,-11,0,5,-3,2,-61,8,0,-5,2,0,61,14,0,0,5.04,0.47,2.4,407.93099999999953
0,2,0,-16,-26,0,5,-3,1,-52,-26,0,-5,2,0,44,43,0,0,5.04,0.47,2.4,408.5249999999995
0,1,0,-24,-35,0,5,-3,1,-39,-74,0,-5,3,0,24,82,0,0,5.04,0.47,2.4,409.1189999999995
0,1,0,-26,-35,0,5,-3,2,-33,-84,0,-5,2,0,81,83,0,0,5.04,0.47,2.4,409.7129999999995
0,1,0,-31,-34,0,5,-3,2,-11,-83,0,-5,2,0,46,69,0,0,5.04,0.47,2.4,410.3069999999995
0,2,0,-31,-26,0,5,-2,2,7,-67,0,-5,1,0,-54,-22,0,0,5.04,0.47,2.4,410.9009999999995
0,2,0,-28,-16,0,5,-2,1,26,-53,0,-4,1,0,-16,-42,0,0,5.04,0.47,2.4,411.4949999999995
0,2,0,-24,-10,0,5,-1,0,41,-48,0,-4,2,0,-2,-50,0,0,5.04,0.47,2.4,412.0889999999995
0,2,0,-23,-10,0,5,-1,0,46,-45,0,-3,2,0,6,-48,0,0,5.04,0.47,2.4,412.6829999999995
0,2,0,-18,-10,0,4,0,0,56,-29,0,-3,1,0,31,-35,0,0,5.04,0.47,2.4,413.2769999999995
0,2,0,-15,-11,0,4,0,0,64,-2,0,-2,1,0,15,-45,0,0,5.04,0.47,2.4,413.87099999999947
0,2,0,-14,-12,0,3,0,0,69,31,0,-2,2,0,15,-67,0,0,5.04,0.47,2.4,414.46499999999946
0,2,0,-12,-13,0,2,0,0,69,48,0,-1,1,0,-6,-107,0,0,5.04,0.48,2.44,415.0679999999995
0,2,0,-11,-14,0,2,0,0,68,49,0,-1,1,0,-6,-126,0,0,5.04,0.48,2.44,415.6709999999995
0,2,0,-10,-16,0,1,1,0,61,43,0,0,1,0,-6,-164,0,0,5.04,0.48,2.44,416.2739999999995
0,2,0,-10,-19,0,1,1,0,48,38,0,0,1,0,-3,-183,0,0,5.04,0.48,2.44,416.8769999999995
0,2,0,-8,-20,0,0,1,0,28,45,0,0,0,0,-2,-196,0,0,5.04,0.48,2.44,417.4799999999995
0,2,0,-8,-19,0,0,1,0,21,54,0,0,0,0,-3,-198,0,0,5.04,0.48,2.44,418.0829999999995
0,2,0,-7,-15,0,0,1,0,11,86,0,1,0,0,-2,-206,0,0,5.04,0.48,2.44,418.6859999999995
0,2,0,-7,-11,0,0,1,0,6,108,0,1,0,-1,0,-207,0,0,5.04,0.48,2.44,419.28899999999953
0,2,0,-7,-8,0,-1,1,0,6,108,0,1,0,-1,8,-217,0,0,5.04,0.48,2.44,419.89199999999954
0,2,0,-6,-8,0,-1,1,0,6,101,0,2,0,-1,8,-209,0,0,5.04,0.48,2.44,420.49499999999955
0,2,0,-6,-8,0,-2,2,0,0,67,0,2,0,-1,7,-166,0,0,5.04,0.48,2.44,421.09799999999956
0,2,0,-5,-6,0,-2,2,0,-3,25,0,2,1,-1,-1,-131,0,0,5.04,0.48,2.44,421.70099999999957
0,2,0,-3,-5,0,-2,2,0,-13,-6,0,2,1,-1,-32,-96,0,0,5.04,0.48,2.44,422.3039999999996
0,2,0,-2,-4,0,-2,2,0,-17,-14,0,2,1,-1,-45,-88,0,0,5.04,0.48,2.44,422.9069999999996
0,2,0,0,-2,0,-2,2,0,-27,-18,0,2,1,-1,-87,-74,0,0,5.04,0.48,2.44,423.5099999999996
0,2,0,1,0,0,-2,2,0,-30,-7,0,2,1,-1,-83,-63,0,0,5.04,0.48,2.44,424.1129999999996
0,2,0,2,4,0,-2,2,0,-26,5,0,2,1,-1,-64,-51,0,0,5.04,0.48,2.44,424.7159999999996
0,2,0,2,5,0,-1,2,0,-22,7,0,2,1,-1,-54,-40,0,0,5.04,0.48,2.44,425.3189999999996
0,2,0,2,9,0,-1,2,0,-9,17,0,2,1,-1,-46,-10,0,0,5.04,0.48,2.44,425.9219999999996
0,2,0,1,13,0,0,2,0,0,22,0,2,1,-1,-48,39,0,0,5.04,0.48,2.44,426.52499999999964
0,2,0,1,14,0,0,2,0,5,19,0,2,1,-1,-44,98,0,0,5.04,0.48,2.44,427.12799999999964
0,2,0,1,13,0,0,2,0,9,16,0,3,1,-1,-42,122,0,0,5.03,0.44,2.23,427.68099999999964
0,2,0,2,10,0,0,2,0,15,3,0,2,1,-1,-36,169,0,0,5.03,0.44,2.23,428.23399999999964
0,2,0,3,8,0,0,2,0,19,-5,0,2,1,-1,-40,197,0,0,5.03,0.44,2.23,428.78699999999964
0,2,0,6,9,0,0,2,0,10,-20,0,2,0,-1,-51,215,0,0,5.03,0.44,2.23,429.33999999999963
0,2,0,7,12,0,0,2,0,-13,-40,0,1,0,-1,-53,232,0,0,5.03,0.44,2.23,429.89299999999963
0,2,0,8,14,0,0,2,0,-25,-42,0,1,0,-1,-53,239,0,0,5.03,0.44,2.23,430.44599999999963
0,2,0,11,17,0,0,2,0,-64,-31,0,0,0,-1,-44,250,0,0,5.03,0.44,2.23,430.9989999999996
0,2,0,14,19,0,0,1,-1,-84,-13,0,0,0,-1,-19,248,0,0,5.03,0.44,2.23,431.5519999999996
0,2,0,17,21,0,0,1,-1,-107,11,0,-1,0,0,0,230,0,0,5.03,0.44,2.23,432.1049999999996
0,2,0,20,24,0,1,0,0,-122,42,0,-2,0,0,11,182,0,0,5.03,0.44,2.23,432.6579999999996
0,2,0,21,26,0,1,0,0,-132,50,0,-2,0,0,7,176,0,0,5.03,0.44,2.23,433.2109999999996
0,3,0,21,32,0,3,0,0,-138,78,0,-4,0,0,17,130,0,0,5.03,0.44,2.23,433.7639999999996
0,3,0,18,33,0,4,-1,1,-166,113,0,-5,1,0,21,95,0,0,5.03,0.44,2.23,434.3169999999996
0,3,0,13,28,0,5,-2,1,-147,151,0,-5,1,0,30,89,0,0,5.03,0.44,2.23,434.8699999999996
0,3,0,10,25,0,5,-2,1,-134,150,0,-5,2,0,34,100,0,0,5.03,0.44,2.23,435.4229999999996
-1,3,0,5,16,0,4,-3,1,-82,107,0,-5,2,0,44,100,0,0,5.03,0.44,2.23,435.9759999999996
-1,2,0,0,5,0,4,-3,2,-32,13,0,-5,3,0,28,96,0,0,5.03,0.44,2.23,436.5289999999996
0,2,0,-8,-8,0,5,-3,3,-3,-67,0,-5,3,0,16,64,0,0,5.03,0.44,2.23,437.0819999999996
0,2,0,-11,-13,0,5,-3,3,3,-85,0,-5,4,0,69,15,0,0,5.03,0.44,2.23,437.6349999999996
0,2,0,-17,-24,0,5,-2,3,20,-110,0,-5,3,1,-81,-52,0,0,5.03,0.44,2.23,438.1879999999996
0,2,0,-20,-30,0,5,-2,2,31,-113,0,-4,2,0,-86,-102,0,0,5.03,0.44,2.23,438.7409999999996
0,2,0,-23,-31,0,5,-1,2,44,-102,0,-4,2,0,-41,-114,0,0,5.06,0.53,2.69,439.4059999999996
0,2,0,-24,-28,0,4,-1,1,59,-90,0,-3,1,0,-37,-97,0,0,5.06,0.53,2.69,440.07099999999963
0,2,0,-25,-27,0,4,-1,1,64,-86,0,-3,1,0,-26,-92,0,0,5.06,0.53,2.69,440.73599999999965
0,2,0,-26,-25,0,4,0,0,72,-78,0,-2,1,0,38,-95,0,0,5.06,0.53,2.69,441.40099999999967
0,3,0,-27,-23,0,3,0,0,80,-72,0,-1,1,0,16,-112,0,0,5.06,0.53,2.69,442.0659999999997
0,3,0,-27,-22,0,2,0,0,77,-71,0,-1,1,0,33,-111,0,0,5.06,0.53,2.69,442.7309999999997
0,3,0,-26,-23,0,2,0,0,73,-67,0,-1,1,0,28,-117,0,0,5.06,0.53,2.69,443.39599999999973
0,2,0,-25,-24,0,2,1,0,59,-55,0,0,1,0,17,-114,0,0,5.06,0.53,2.69,444.06099999999975
0,2,0,-22,-26,0,2,1,0,43,-29,0,0,1,0,-7,-118,0,0,5.06,0.53,2.69,444.7259999999998
0,2,0,-18,-28,0,1,1,0,32,3,0,0,1,-1,-21,-125,0,0,5.06,0.53,2.69,445.3909999999998
0,2,0,-17,-29,0,1,1,0,27,13,0,0,1,-1,-24,-129,0,0,5.06,0.53,2.69,446.0559999999998
0,2,0,-15,-28,0,0,1,0,18,32,0,0,0,-1,-26,-123,0,0,5.06,0.53,2.69,446.72099999999983
0,2,0,-15,-25,0,0,1,0,14,45,0,1,0,-1,-20,-145,0,0,5.06,0.53,2.69,447.38599999999985
0,2,0,-15,-23,0,0,1,0,13,49,0,1,1,-1,-25,-121,0,0,5.06,0.53,2.69,448.0509999999999
0,2,0,-11,-18,0,-1,2,0,8,34,0,2,1,-1,-5,-98,0,0,5.06,0.53,2.69,449.3809999999999
0,2,0,-7,-16,0,-1,2,0,-2,14,0,2,1,-1,-33,-84,0,0,5.06,0.53,2.69,450.04599999999994
0,2,0,-5,-12,0,-1,2,0,-15,5,0,3,1,-1,-41,-70,0,0,5.06,0.53,2.69,450.71099999999996
0,2,0,-3,-10,0,-2,2,0,-21,10,0,3,1,-1,-36,-61,0,0,5.06,0.53,2.69,451.376
0,2,0,-3,-8,0,-2,2,0,-23,16,0,3,1,-1,-33,-54,0,0,5.06,0.53,2.69,452.041
0,2,0,-2,-6,0,-2,2,0,-21,16,0,3,1,-1,-34,-50,0,0,5.06,0.53,2.69,452.706
0,2,0,-2,-4,0,-2,2,0,-19,6,0,3,1,-1,-40,-33,0,0,5.04,0.51,2.62,453.35400000000004
0,2,0,-2,0,0,-2,2,0,-16,-3,0,3,1,-1,-33,-3,0,0,5.04,0.51,2.62,454.00200000000007
0,2,0,-1,2,0,-1,2,0,-13,-7,0,3,1,0,-29,32,0,0,5.04,0.51,2.62,454.6500000000001
0,2,0,0,2,0,-1,2,0,-12,-7,0,3,1,0,-26,48,0,0,5.04,0.51,2.62,455.2980000000001
0,2,0,0,5,0,-1,2,0,-11,-7,0,2,1,-1,-18,94,0,0,5.04,0.51,2.62,455.94600000000014
0,2,0,0,9,0,-1,2,0,-12,-8,0,2,1,-1,-10,134,0,0,5.04,0.51,2.62,456.59400000000016
0,2,0,1,11,0,0,2,0,-18,-9,0,2,1,-1,-1,154,0,0,5.04,0.51,2.62,457.2420000000002
0,2,0,1,12,0,0,2,0,-20,-10,0,2,1,-1,2,155,0,0,5.04,0.51,2.62,457.8900000000002
0,2,0,3,12,0,0,1,0,-33,-16,0,1,1,-1,2,147,0,0,5.04,0.51,2.62,458.53800000000024
0,2,0,6,10,0,0,1,0,-50,-23,0,1,0,-1,7,142,0,0,5.04,0.51,2.62,459.18600000000026
0,2,0,7,8,0,0,1,0,-76,-6,0,1,0,-1,26,154,0,0,5.04,0.51,2.62,459.8340000000003
0,2,0,7,6,0,0,1,0,-97,-33,0,0,0,-1,37,169,0,0,5.04,0.51,2.62,460.4820000000003
0,2,0,7,6,0,0,1,0,-109,-46,0,0,0,-1,34,190,0,0,5.04,0.51,2.62,461.13000000000034
0,2,0,6,5,0,0,0,0,-144,-73,0,-1,1,0,1,168,0,0,5.04,0.51,2.62,461.77800000000036
0,2,0,7,6,0,1,0,0,-169,-60,0,-2,0,0,-18,136,0,0,5.04,0.51,2.62,462.4260000000004
0,2,0,8,9,0,3,-1,0,-131,1,0,-4,0,0,-16,87,0,0,5.04,0.51,2.62,463.0740000000004
0,2,0,8,11,0,4,-1,0,-150,32,0,-4,1,0,-16,74,0,0,5.04,0.51,2.62,463.72200000000043
0,2,0,8,13,0,4,-1,0,-150,100,0,-4,1,0,1,46,0,0,5.04,0.51,2.62,464.37000000000046
0,2,0,6,15,0,4,-1,1,-126,116,0,-4,1,0,9,56,0,0,5.04,0.51,2.62,465.0180000000005
0,3,0,0,18,0,3,-2,1,-91,62,0,-5,1,0,21,79,0,0,5.04,0.51,2.62,465.6660000000005
0,3,0,-3,17,0,3,-2,1,-76,23,0,-5,1,0,25,86,0,0,5.04,0.51,2.62,466.31400000000053
-1,4,0,-12,12,0,4,-2,1,-39,-58,0,-5,2,0,62,60,0,0,5.04,0.49,2.51,466.93600000000055
-1,4,0,-20,-4,0,5,-2,2,-19,-87,0,-5,1,0,-4,47,0,0,5.04,0.49,2.51,467.55800000000056
0,2,0,-28,-24,0,5,-2,2,-10,-83,0,-5,2,0,18,30,0,0,5.04,0.49,2.51,468.1800000000006
0,2,0,-30,-30,0,5,-2,2,-6,-76,0,-5,2,0,6,19,0,0,5.04,0.49,2.51,468.8020000000006
0,1,0,-32,-38,0,5,-2,2,4,-68,0,-5,2,0,-21,11,0,0,5.04,0.49,2.51,469.4240000000006
0,1,0,-31,-40,0,5,-1,1,17,-72,0,-5,1,0,0,-3,0,0,5.04,0.49,2.51,470.0460000000006
0,1,0,-28,-34,0,5,-1,1,35,-71,0,-5,2,0,13,-28,0,0,5.04,0.49,2.51,470.66800000000063
0,1,0,-23,-21,0,5,-1,1,54,-55,0,-4,1,0,8,-49,0,0,5.04,0.49,2.51,471.29000000000065
0,1,0,-20,-17,0,5,-1,1,60,-48,0,-4,1,0,9,-51,0,0,5.04,0.49,2.51,471.91200000000066
0,2,0,-12,-8,0,4,0,0,77,-24,0,-3,1,0,9,-57,0,0,5.04,0.49,2.51,472.5340000000007
0,2,0,-6,-4,0,4,0,0,87,-4,0,-3,1,0,8,-70,0,0,5.04,0.49,2.51,473.1560000000007
0,3,0,-3,-1,0,3,0,0,90,-2,0,-2,2,0,1,-90,0,0,5.04,0.49,2.51,473.7780000000007
0,3,0,-2,0,0,3,0,0,91,-6,0,-2,2,0,-5,-93,0,0,5.04,0.49,2.51,474.4000000000007
0,3,0,-3,3,0,3,0,0,88,-13,0,-2,1,0,6,-110,0,0,5.04,0.49,2.51,475.02200000000073
0,2,0,-4,1,0,3,0,0,83,0,0,-1,1,0,9,-120,0,0,5.04,0.49,2.51,475.64400000000074
0,2,0,-4,0,0,2,1,0,77,29,0,-1,1,0,5,-136,0,0,5.04,0.49,2.51,476.26600000000076
0,2,0,-4,-4,0,2,1,0,68,51,0,0,1,0,-11,-142,0,0,5.04,0.49,2.51,476.8880000000008
0,2,0,-4,-4,0,1,1,0,63,53,0,0,1,0,-19,-140,0,0,5.04,0.49,2.51,477.5100000000008
0,2,0,-3,-4,0,1,1,0,48,51,0,0,0,-1,-16,-134,0,0,5.04,0.49,2.51,478.1320000000008
0,2,0,-3,-4,0,0,1,0,32,43,0,1,0,-1,-19,-126,0,0,5.04,0.49,2.51,478.7540000000008
0,2,0,-3,-4,0,0,1,0,16,40,0,1,0,-1,-3,-127,0,0,5.04,0.49,2.51,479.37600000000083
0,2,0,-3,-4,0,0,1,0,10,41,0,1,0,0,-11,-137,0,0,5.05,0.54,2.75,480.05800000000085
0,2,0,-3,-3,0,0,1,0,-1,49,0,2,1,-1,-26,-117,0,0,5.05,0.54,2.75,480.74000000000086
0,2,0,-8,6,0,-1,2,0,-34,51,0,2,1,-1,-50,-102,0,0,5.04,0.51,2.59,481.3810000000009
0,2,0,-6,9,0,-2,2,0,-33,48,0,2,0,-1,-13,-75,0,0,5.04,0.51,2.59,482.0220000000009
0,2,0,-3,11,0,-2,2,0,-39,42,0,2,1,-1,-32,-71,0,0,5.04,0.51,2.59,482.6630000000009
0,2,0,-1,10,0,-2,2,0,-41,30,0,2,1,-1,-67,-51,0,0,5.04,0.51,2.59,483.30400000000094
0,2,0,0,10,0,-2,2,0,-35,13,0,2,1,-1,-72,-15,0,0,5.04,0.51,2.59,483.94500000000096
0,2,0,1,9,0,-2,2,0,-32,6,0,2,1,-1,-54,-2,0,0,5.04,0.51,2.59,484.586000000001
0,2,0,2,10,0,-2,2,0,-24,-5,0,2,1,-1,-23,19,0,0,5.04,0.51,2.59,485.227000000001
0,2,0,3,11,0,-1,2,0,-16,-11,0,2,1,-1,-25,48,0,0,5.04,0.51,2.59,485.868000000001
0,2,0,4,10,0,-1,2,0,-12,-23,0,2,1,-1,-21,91,0,0,5.04,0.51,2.59,486.50900000000104
0,2,0,3,10,0,-1,2,0,-11,-27,0,2,1,-1,-22,107,0,0,5.04,0.51,2.59,487.15000000000106
0,2,0,3,12,0,-1,2,0,-17,-28,0,2,1,-1,-27,138,0,0,5.04,0.51,2.59,487.7910000000011
0,2,0,2,14,0,-1,2,0,-26,-15,0,1,1,-1,-41,162,0,0,5.05,0.53,2.68,488.45500000000106
0,2,0,2,16,0,0,1,0,-38,14,0,1,1,-1,-46,178,0,0,5.05,0.53,2.68,489.11900000000105
0,2,0,2,16,0,0,1,0,-41,26,0,0,1,-1,-47,184,0,0,5.05,0.53,2.68,489.78300000000104
0,2,0,2,16,0,0,1,0,-49,48,0,0,0,-1,-43,204,0,0,5.05,0.53,2.68,490.447000000001
0,2,0,2,15,0,0,1,0,-76,48,0,-1,0,0,-28,183,0,0,5.05,0.53,2.68,491.111000000001
0,2,0,5,14,0,1,0,0,-123,38,0,-2,1,0,-18,142,0,0,5.05,0.53,2.68,491.775000000001
0,2,0,9,14,0,2,0,0,-154,12,0,-3,1,0,-29,134,0,0,5.05,0.53,2.68,492.439000000001
0,2,0,10,13,0,3,-1,1,-154,2,0,-4,1,0,-32,123,0,0,5.05,0.53,2.68,493.103000000001
0,2,0,11,12,0,4,-1,0,-166,-1,0,-4,1,0,-37,118,0,0,5.05,0.53,2.68,493.76700000000096
0,2,0,9,11,0,3,-1,0,-157,-4,0,-4,1,0,-20,81,0,0,5.05,0.53,2.68,494.43100000000095
0,3,0,2,9,0,4,-2,0,-128,-38,0,-5,1,0,0,58,0,0,5.05,0.53,2.68,495.09500000000094
0,3,0,0,7,0,4,-2,0,-110,-54,0,-5,2,1,-10,64,0,0,5.05,0.53,2.68,495.7590000000009
-1,4,-1,-2,4,0,4,-2,1,-59,-88,0,-5,2,0,-6,36,0,0,5.05,0.53,2.68,496.4230000000009
0,3,0,-6,0,0,5,-2,1,-25,-106,0,-5,1,0,-2,40,0,0,5.05,0.53,2.68,497.0870000000009
0,2,0,-17,-11,0,5,-2,2,-12,-107,0,-5,1,0,26,63,0,0,5.05,0.53,2.68,497.7510000000009
0,2,0,-20,-16,0,5,-1,2,-10,-108,0,-5,1,0,6,65,0,0,5.05,0.53,2.68,498.4150000000009
0,2,0,-26,-26,0,5,-1,1,-6,-109,0,-5,2,0,48,76,0,0,5.05,0.53,2.68,499.07900000000086
0,1,0,-29,-30,0,5,-1,1,2,-101,0,-5,2,0,-1,38,0,0,5.05,0.53,2.68,499.74300000000085
0,1,0,-27,-30,0,5,-1,1,20,-84,0,-4,1,0,-32,-4,0,0,5.05,0.53,2.68,500.40700000000083
0,1,0,-25,-29,0,5,-1,1,27,-74,0,-4,1,0,-22,-16,0,0,5.05,0.53,2.68,501.0710000000008
0,1,0,-21,-24,0,5,0,0,46,-51,0,-4,1,0,9,-44,0,0,5.05,0.53,2.68,501.7350000000008
0,2,0,-12,-18,0,4,0,0,70,-31,0,-3,1,0,27,-48,0,0,5.04,0.51,2.6,502.3810000000008
0,2,0,-3,-9,0,4,0,0,75,-35,0,-3,1,0,25,-54,0,0,5.04,0.51,2.6,503.67300000000085
0,2,0,-3,-7,0,4,0,0,70,-34,0,-2,1,0,24,-61,0,0,5.04,0.51,2.6,504.31900000000087
0,3,0,-6,-4,0,3,0,0,56,-15,0,-2,2,0,17,-81,0,0,5.04,0.51,2.6,504.9650000000009
0,3,0,-9,-4,0,3,0,0,47,9,0,-2,2,0,37,-99,0,0,5.04,0.51,2.6,505.6110000000009
0,2,0,-9,-10,0,2,0,-1,37,34,0,-1,1,0,39,-106,0,0,5.04,0.51,2.6,506.2570000000009
0,2,0,-10,-12,0,2,1,-1,34,41,0,-1,1,0,36,-109,0,0,5.04,0.51,2.6,506.90300000000093
0,2,0,-8,-17,0,0,1,0,0,56,0,0,1,-1,14,-117,0,0,5.04,0.51,2.6,508.19500000000096
0,2,0,-7,-15,0,0,1,0,-22,59,0,0,1,-1,-5,-122,0,0,5.04,0.51,2.6,508.841000000001
0,2,0,-6,-15,0,0,1,0,-30,61,0,0,1,-1,-10,-124,0,0,5.04,0.51,2.6,509.487000000001
0,2,0,-5,-12,0,0,2,0,-52,58,0,1,1,-1,-20,-118,0,0,5.04,0.51,2.6,510.133000000001
0,2,0,-3,-9,0,0,2,0,-66,51,0,1,1,-1,-29,-132,0,0,5.04,0.51,2.6,510.779000000001
0,2,0,-3,-6,0,-1,2,0,-69,41,0,2,1,-1,-43,-137,0,0,5.04,0.51,2.6,511.42500000000103
0,2,0,-3,-2,0,-2,2,0,-64,35,0,2,1,-1,-36,-116,0,0,5.04,0.51,2.6,512.071000000001
0,2,0,-3,0,0,-2,2,0,-61,32,0,2,1,-1,-32,-106,0,0,5.04,0.51,2.6,512.717000000001
0,2,0,-3,3,0,-2,2,0,-51,27,0,2,1,-1,-40,-86,0,0,5.04,0.51,2.6,513.363000000001
0,2,0,-3,4,0,-2,2,0,-43,19,0,3,1,0,-43,-62,0,0,5.04,0.51,2.6,514.0090000000009
0,2,0,-2,5,0,-2,2,0,-38,10,0,2,1,0,-59,-47,0,0,5.04,0.51,2.6,514.6550000000009
0,2,0,-2,6,0,-2,2,0,-37,8,0,2,1,0,-66,-46,0,0,5.04,0.51,2.6,515.3010000000008
0,2,0,-2,7,0,-2,2,0,-28,5,0,2,1,0,-65,-26,0,0,5.04,0.5,2.55,515.9330000000008
0,2,0,-1,8,0,-2,2,0,-16,5,0,2,1,0,-50,1,0,0,5.04,0.5,2.55,516.5650000000007
0,2,0,0,10,0,-1,2,0,-3,8,0,2,0,0,-25,32,0,0,5.04,0.5,2.55,517.1970000000007
0,2,0,0,10,0,-1,2,0,0,10,0,2,1,0,-19,52,0,0,5.04,0.5,2.55,517.8290000000006
0,2,0,1,10,0,-1,2,0,7,6,0,2,1,0,-3,86,0,0,5.04,0.5,2.55,518.4610000000006
0,2,0,2,10,0,-1,2,0,9,0,0,2,1,0,10,115,0,0,5.04,0.5,2.55,519.0930000000005
0,2,0,3,9,0,-1,2,0,7,-6,0,1,0,-1,20,130,0,0,5.04,0.5,2.55,519.7250000000005
0,2,0,3,9,0,0,2,0,4,-6,0,1,0,-1,23,133,0,0,5.04,0.5,2.55,520.3570000000004
0,2,0,4,10,0,0,1,0,-7,5,0,1,0,-1,26,137,0,0,5.04,0.5,2.55,520.9890000000004
0,2,0,5,11,0,0,1,0,-24,25,0,0,0,-1,21,142,0,0,5.04,0.5,2.55,521.6210000000003
0,2,0,7,12,0,0,1,0,-42,46,0,0,0,-1,15,147,0,0,5.04,0.5,2.55,522.2530000000003
0,2,0,8,12,0,0,1,0,-51,45,0,0,0,-1,10,144,0,0,5.04,0.5,2.55,522.8850000000002
0,2,0,10,11,0,0,1,0,-83,18,0,-1,0,0,-2,123,0,0,5.04,0.5,2.55,523.5170000000002
0,2,0,13,12,0,1,0,0,-125,-5,0,-2,0,0,-8,96,0,0,5.04,0.5,2.55,524.1490000000001
0,2,0,16,16,0,2,-1,0,-127,-7,0,-3,0,0,-8,92,0,0,5.04,0.5,2.55,524.7810000000001
0,3,0,16,22,0,2,-1,0,-134,-2,0,-3,1,0,-12,107,0,0,5.04,0.5,2.55,525.413
0,3,0,14,25,0,3,-1,0,-143,0,0,-4,1,0,-11,109,0,0,5.04,0.5,2.55,526.045
0,4,0,8,26,0,4,-2,0,-131,7,0,-5,1,0,-4,82,0,0,5.04,0.5,2.55,526.6769999999999
-1,4,0,2,20,0,5,-3,0,-104,16,0,-5,1,0,29,43,0,0,5.04,0.5,2.55,527.3089999999999
-1,3,0,-8,2,0,5,-3,0,-63,0,0,-5,2,0,33,11,0,0,5.04,0.5,2.55,527.9409999999998
0,2,0,-20,-17,0,5,-3,1,-39,-41,0,-5,2,0,52,6,0,0,5.04,0.5,2.55,528.5729999999998
0,2,0,-22,-24,0,5,-2,1,-37,-56,0,-5,2,0,54,8,0,0,5.05,0.53,2.72,529.2469999999997
0,1,0,-26,-33,0,5,-2,2,-35,-79,0,-5,2,0,-27,38,0,0,5.05,0.53,2.72,529.9209999999997
0,1,0,-27,-38,0,5,-2,2,-24,-79,0,-5,2,0,0,5,0,0,5.05,0.53,2.72,530.5949999999997
0,1,0,-25,-34,0,5,-2,2,-13,-73,0,-5,1,0,-48,-26,0,0,5.05,0.53,2.72,531.2689999999997
0,1,0,-23,-28,0,5,-2,1,-3,-69,0,-4,2,0,-45,-34,0,0,5.05,0.53,2.72,531.9429999999996
0,2,0,-17,-19,0,5,-1,1,25,-61,0,-4,1,0,-34,-43,0,0,5.05,0.53,2.72,532.6169999999996
0,2,0,-12,-8,0,5,-1,0,52,-50,0,-4,2,0,-16,-52,0,0,5.05,0.53,2.72,533.2909999999996
0,2,0,-7,-1,0,5,-1,0,69,-39,0,-3,1,0,2,-56,0,0,5.05,0.53,2.72,533.9649999999996
0,2,0,-6,0,0,4,0,0,75,-34,0,-3,1,0,4,-59,0,0,5.05,0.53,2.72,534.6389999999996
0,3,0,-4,2,0,4,0,0,85,-20,0,-2,1,0,-4,-55,0,0,5.05,0.53,2.72,535.3129999999995
0,2,0,-4,4,0,4,0,0,89,-7,0,-2,2,0,10,-36,0,0,5.05,0.53,2.72,535.9869999999995
0,2,0,-3,2,0,3,0,0,93,7,0,-2,1,0,-3,-58,0,0,5.05,0.53,2.72,536.6609999999995
0,2,0,-3,2,0,3,0,0,93,11,0,-1,1,0,2,-69,0,0,5.05,0.53,2.72,537.3349999999995
0,2,0,-2,1,0,2,1,0,86,15,0,-1,1,0,11,-105,0,0,5.05,0.53,2.72,538.0089999999994
0,2,0,-2,-1,0,2,1,0,71,21,0,0,1,0,10,-118,0,0,5.05,0.53,2.72,538.6829999999994
0,2,0,-3,-2,0,1,1,0,48,35,0,0,1,0,12,-111,0,0,5.05,0.53,2.72,539.3569999999994
0,2,0,-4,-3,0,1,1,0,36,43,0,0,1,0,7,-109,0,0,5.05,0.53,2.72,540.0309999999994
0,2,0,-5,-2,0,1,1,0,13,70,0,0,1,0,-14,-109,0,0,5.05,0.53,2.72,540.7049999999994
0,2,0,-5,0,0,0,1,0,0,89,0,1,0,0,-20,-106,0,0,5.05,0.53,2.72,541.3789999999993
0,2,0,-5,0,0,0,1,0,-6,102,0,1,0,-1,2,-122,0,0,5.05,0.53,2.72,542.0529999999993
0,2,0,-5,2,0,0,1,0,-10,107,0,2,1,-1,-23,-115,0,0,5.05,0.53,2.72,542.7269999999993
0,2,0,-6,3,0,0,1,0,-9,106,0,2,0,-1,-18,-109,0,0,5.04,0.5,2.53,543.3539999999992
0,2,0,-5,5,0,-1,1,0,-8,96,0,3,1,-1,-1,-95,0,0,5.04,0.5,2.53,543.9809999999992
0,2,0,-4,7,0,-1,2,0,-9,77,0,3,1,-1,-24,-70,0,0,5.04,0.5,2.53,544.6079999999992
0,2,0,-3,7,0,-1,2,0,-12,57,0,3,1,-1,-33,-55,0,0,5.04,0.5,2.53,545.2349999999991
0,2,0,-2,6,0,-1,2,0,-15,49,0,3,1,-1,-41,-50,0,0,5.04,0.5,2.53,545.8619999999991
0,2,0,-1,4,0,-1,2,0,-24,30,0,3,1,-1,-40,-18,0,0,5.04,0.5,2.53,546.488999999999
0,2,0,0,4,0,-2,2,0,-29,14,0,3,1,-1,-35,8,0,0,5.04,0.5,2.53,547.115999999999
0,2,0,0,7,0,-2,2,0,-30,0,0,2,1,-1,-40,30,0,0,5.04,0.5,2.53,547.7429999999989
0,2,0,3,9,0,-1,2,0,-28,-8,0,2,1,-1,-37,54,0,0,5.04,0.5,2.53,548.3699999999989
0,2,0,3,10,0,-1,2,0,-24,-10,0,2,1,-1,-32,70,0,0,5.04,0.5,2.53,548.9969999999988
0,2,0,5,10,0,-1,2,0,-16,-13,0,2,1,-1,-21,104,0,0,5.04,0.5,2.53,549.6239999999988
0,2,0,7,10,0,-1,2,0,-11,-15,0,2,1,-1,-29,125,0,0,5.04,0.5,2.53,550.2509999999987
0,2,0,9,13,0,-1,2,0,-13,-25,0,1,1,-1,-43,137,0,0,5.04,0.5,2.53,550.8779999999987
0,2,0,9,16,0,-1,2,0,-16,-27,0,1,1,-1,-47,139,0,0,5.04,0.5,2.53,551.5049999999986
0,2,0,11,22,0,-1,2,0,-25,-29,0,1,1,-1,-51,149,0,0,5.04,0.5,2.53,552.1319999999986
0,2,0,14,27,0,0,2,0,-34,-17,0,1,0,-1,-49,166,0,0,5.04,0.5,2.53,552.7589999999985
0,2,0,16,29,0,0,1,0,-48,4,0,0,0,-1,-47,179,0,0,5.04,0.5,2.53,553.3859999999985
0,2,0,17,31,0,0,1,0,-64,25,0,0,0,0,-47,185,0,0,5.04,0.5,2.53,554.0129999999984
0,2,0,18,31,0,0,1,0,-71,33,0,0,0,0,-48,171,0,0,5.04,0.5,2.53,554.6399999999984
0,3,0,17,34,0,0,0,-1,-100,35,0,-1,0,0,-33,162,0,0,5.04,0.5,2.53,555.2669999999983
0,3,0,13,36,0,1,0,0,-141,10,0,-2,0,0,-28,153,0,0,5.04,0.5,2.53,555.8939999999983
0,3,0,8,32,0,2,-1,0,-135,-24,0,-3,0,0,-14,131,0,0,5.05,0.52,2.66,556.5549999999982
0,3,0,5,29,0,2,-1,0,-152,-27,0,-4,0,0,-15,134,0,0,5.05,0.52,2.66,557.2159999999982
0,3,0,-2,16,0,2,-2,0,-170,-27,0,-4,1,0,-19,128,0,0,5.05,0.52,2.66,557.8769999999981
0,2,0,-13,-1,0,4,-3,1,-170,7,0,-5,1,0,8,101,0,0,5.05,0.52,2.66,558.5379999999981
0,2,0,-20,-17,0,5,-3,1,-143,57,0,-5,1,0,34,94,0,0,5.05,0.52,2.66,559.198999999998
0,2,0,-23,-21,0,5,-3,2,-124,69,0,-5,1,0,52,102,0,0,5.05,0.52,2.66,559.859999999998
0,2,0,-27,-32,0,5,-3,2,-77,59,0,-5,1,0,60,65,0,0,5.05,0.52,2.66,560.5209999999979
0,1,0,-31,-38,0,4,-3,2,-44,-1,0,-5,1,0,64,47,0,0,5.05,0.52,2.66,561.1819999999979
0,1,0,-32,-38,0,4,-3,3,-10,-61,0,-5,1,0,55,39,0,0,5.05,0.52,2.66,561.8429999999978
0,1,0,-32,-37,0,5,-3,2,3,-77,0,-5,1,0,61,33,0,0,5.05,0.52,2.66,562.5039999999977
0,2,0,-27,-28,0,5,-2,2,40,-94,0,-5,1,0,-31,3,0,0,5.05,0.52,2.66,563.1649999999977
0,2,0,-21,-16,0,5,-1,1,76,-95,0,-5,1,0,-3,-54,0,0,5.05,0.52,2.66,563.8259999999976
0,2,0,-15,-6,0,5,-1,1,105,-84,0,-4,1,0,-59,-81,0,0,5.05,0.52,2.66,564.4869999999976
0,2,0,-11,-2,0,5,-1,1,114,-81,0,-4,1,0,-35,-97,0,0,5.05,0.52,2.66,565.1479999999975
0,3,0,-6,4,0,4,0,0,126,-73,0,-4,1,0,11,-107,0,0,5.05,0.52,2.66,565.8089999999975
0,3,0,-4,7,0,4,0,0,127,-61,0,-4,2,0,36,-117,0,0,5.05,0.52,2.66,566.4699999999974
0,2,0,-5,6,0,4,0,0,118,-40,0,-3,2,0,21,-120,0,0,5.05,0.52,2.66,567.1309999999974
0,2,0,-6,2,0,3,0,0,107,-24,0,-1,1,-1,18,-131,0,0,5.05,0.52,2.66,567.7919999999973
0,2,0,-6,-1,0,3,1,0,103,-19,0,-1,1,-1,20,-120,0,0,5.05,0.52,2.66,568.4529999999972
0,2,0,-8,-7,0,2,1,0,84,-3,0,-1,1,-1,29,-112,0,0,5.05,0.52,2.66,569.1139999999972
0,2,0,-9,-10,0,2,1,0,61,13,0,0,1,0,23,-116,0,0,5.05,0.52,2.66,569.7749999999971
0,2,0,-10,-10,0,1,1,0,34,24,0,0,1,0,9,-119,0,0,5.05,0.51,2.58,570.4159999999971
0,2,0,-10,-6,0,0,1,0,12,36,0,0,1,-1,0,-127,0,0,5.05,0.51,2.58,571.0569999999971
0,2,0,-10,-3,0,0,1,0,4,40,0,0,1,-1,-4,-132,0,0,5.05,0.51,2.58,571.697999999997
0,2,0,-9,0,0,0,1,0,-8,54,0,1,0,-1,-15,-136,0,0,5.05,0.51,2.58,572.338999999997
0,2,0,-8,3,0,0,1,0,-15,73,0,1,0,-1,-2,-139,0,0,5.05,0.51,2.58,572.979999999997
0,2,0,-7,3,0,0,1,0,-18,98,0,1,0,-1,-38,-128,0,0,5.05,0.51,2.58,573.6209999999969
0,2,0,-7,5,0,0,1,0,-18,105,0,2,1,-1,-39,-116,0,0,5.05,0.51,2.58,574.2619999999969
0,2,0,-6,6,0,-1,1,0,-17,112,0,2,0,-1,-17,-92,0,0,5.05,0.51,2.58,574.9029999999968
0,2,0,-6,9,0,-1,1,0,-15,98,0,2,1,-1,-34,-78,0,0,5.05,0.51,2.58,575.5439999999968
0,2,0,-4,9,0,-1,2,0,-13,67,0,2,0,-1,-61,-66,0,0,5.05,0.51,2.58,576.1849999999968
0,2,0,-3,8,0,-2,2,0,-13,53,0,3,1,-1,-52,-53,0,0,5.05,0.51,2.58,576.8259999999967
0,2,0,-1,5,0,-2,2,0,-12,19,0,3,1,-1,-21,-25,0,0,5.05,0.51,2.58,577.4669999999967
0,2,0,0,2,0,-2,2,0,-13,-4,0,3,1,-1,-12,0,0,0,5.05,0.51,2.58,578.1079999999967
0,2,0,0,1,0,-2,2,0,-3,-17,0,3,1,-1,-25,26,0,0,5.05,0.51,2.58,578.7489999999966
0,2,0,0,1,0,-1,2,0,2,-20,0,3,1,-1,-31,37,0,0,5.05,0.51,2.58,579.3899999999966
0,2,0,1,6,0,-1,2,0,22,-31,0,3,1,-1,-29,78,0,0,5.05,0.51,2.58,580.0309999999965
0,2,0,2,5,0,-1,2,0,-9,-13,0,3,1,-2,-16,124,0,0,5.05,0.51,2.58,580.6719999999965
0,2,0,3,6,0,-1,2,0,-17,-12,0,2,1,-1,-5,165,0,0,5.05,0.51,2.58,581.3129999999965
0,2,0,4,7,0,-1,2,0,-13,-18,0,1,1,-1,-11,187,0,0,5.05,0.51,2.58,581.9539999999964
0,2,0,5,7,0,0,2,0,-19,-22,0,1,1,-1,-16,191,0,0,5.05,0.51,2.58,582.5949999999964
0,2,0,7,9,0,0,1,0,-36,-35,0,1,0,-1,-24,195,0,0,5.05,0.51,2.58,583.2359999999964
0,2,0,10,11,0,0,1,0,-65,-28,0,0,0,-1,-24,206,0,0,5.03,0.42,2.13,583.7659999999963
0,2,0,12,12,0,0,1,0,-75,-50,0,0,0,-1,-8,218,0,0,5.03,0.42,2.13,584.2959999999963
0,2,0,13,12,0,0,1,0,-82,-58,0,0,0,-1,-2,223,0,0,5.03,0.42,2.13,584.8259999999963
0,2,0,14,13,0,0,0,0,-108,-73,0,-1,0,0,6,225,0,0,5.03,0.42,2.13,585.3559999999962
0,2,0,15,15,0,1,0,0,-129,-72,0,-3,0,0,20,177,0,0,5.03,0.42,2.13,585.8859999999962
0,3,0,16,20,0,2,0,0,-105,-36,0,-4,1,0,8,149,0,0,5.03,0.42,2.13,586.4159999999962
0,3,0,16,23,0,3,0,0,-122,-15,0,-5,1,0,3,137,0,0,5.03,0.42,2.13,586.9459999999962
0,4,0,12,30,0,4,-1,0,-148,44,0,-5,1,0,4,108,0,0,5.03,0.42,2.13,587.4759999999961
-1,3,0,-16,-10,0,2,-2,1,-175,122,0,-5,1,0,45,81,0,0,5.04,0.51,2.62,588.1259999999961
0,2,0,-25,-24,0,4,-3,3,-141,12,0,-5,1,0,48,48,0,0,5.04,0.51,2.62,588.7759999999961
0,2,0,-30,-32,0,5,-3,4,-94,-12,0,-5,1,1,51,48,0,0,5.04,0.51,2.62,589.4259999999961
0,2,0,-30,-35,0,5,-3,4,-48,-1,0,-5,1,0,48,42,0,0,5.04,0.51,2.62,590.075999999996
0,2,0,-29,-35,0,5,-3,4,-31,1,0,-5,1,0,61,43,0,0,5.04,0.51,2.62,590.725999999996
0,1,0,-28,-32,0,4,-2,3,16,-17,0,-5,1,0,23,37,0,0,5.04,0.48,2.44,591.331999999996
0,2,0,-27,-27,0,3,-1,2,66,-66,0,-5,2,0,81,27,0,0,5.04,0.48,2.44,591.937999999996
0,2,0,-20,-15,0,3,-1,2,114,-98,0,-4,1,0,-23,-27,0,0,5.04,0.48,2.44,592.543999999996
0,2,0,-17,-10,0,3,-1,2,129,-100,0,-4,1,0,-20,-47,0,0,5.04,0.48,2.44,593.149999999996
