0,1,0,-4,-8,0,-1,2,0,-1,80,0,1,0,-1,-29,-62,0,0,5.03,0.45,2.28,1324.6479999999992
0,1,0,-3,-9,0,-1,2,0,-5,68,0,1,0,-1,-27,-55,0,0,5.03,0.45,2.28,1325.9259999999992
0,2,0,0,-12,0,-1,2,0,-13,40,0,1,0,-1,-29,-35,0,0,5.03,0.45,2.28,1327.2039999999993
0,2,0,1,-14,0,-1,2,0,-21,14,0,1,0,-1,-31,-6,0,0,5.03,0.45,2.28,1328.4819999999993
0,2,0,2,-15,0,-1,2,0,-23,0,0,1,0,-1,-42,-3,0,0,5.03,0.45,2.28,1329.7599999999993
0,2,0,4,-17,0,-2,2,0,-22,-32,0,2,0,-1,-33,23,0,0,5.03,0.45,2.28,1331.0379999999993
0,2,0,5,-20,0,-2,2,0,-16,-76,0,2,1,-1,-31,33,0,0,5.03,0.45,2.28,1332.3159999999993
0,2,0,5,-23,0,-2,2,0,-11,-121,0,2,1,-1,-22,41,0,0,5.03,0.45,2.28,1333.5939999999994
0,2,0,5,-25,0,-2,2,0,-11,-136,0,2,1,-1,-22,47,0,0,5.03,0.45,2.28,1334.8719999999994
0,1,0,7,-28,0,-2,2,0,-15,-170,0,2,1,-1,-42,65,0,0,5.03,0.45,2.31,1336.1619999999994
0,2,0,11,-31,0,-1,2,0,-23,-201,0,2,1,-1,-67,84,0,0,5.03,0.45,2.31,1337.4519999999993
0,2,0,15,-35,0,-1,2,0,-16,-229,0,2,1,-2,-70,97,0,0,5.03,0.45,2.31,1338.7419999999993
0,2,0,17,-34,0,-1,2,0,-15,-232,0,2,1,-2,-65,97,0,0,5.03,0.45,2.31,1340.0319999999992
0,2,0,19,-37,0,-1,1,0,-6,-240,0,1,1,-2,-51,85,0,0,5.03,0.45,2.31,1341.3219999999992
0,2,0,19,-39,0,0,1,0,2,-250,0,0,1,-1,-49,70,0,0,5.03,0.45,2.31,1342.6119999999992
0,2,-1,20,-40,0,1,1,0,-8,-249,0,0,1,-1,-67,75,0,0,5.03,0.45,2.31,1343.9019999999991
0,2,-1,21,-40,0,2,1,0,-17,-246,0,-1,1,0,-78,81,0,0,5.03,0.45,2.31,1345.191999999999
0,2,-1,23,-36,0,4,1,0,-59,-243,0,-2,1,0,-99,112,0,0,5.03,0.45,2.31,1346.481999999999
0,3,0,25,-28,0,5,0,0,-103,-229,0,-4,1,0,-82,104,0,0,5.03,0.45,2.31,1347.771999999999
0,3,0,25,-18,0,5,0,-1,-57,-173,0,-5,1,2,-15,16,0,0,5.03,0.45,2.31,1349.061999999999
0,4,0,23,-12,0,5,0,-1,-44,-148,0,-5,1,2,-3,0,0,0,5.03,0.45,2.31,1350.351999999999
0,5,0,-3,0,0,5,0,-2,-43,-53,0,-5,1,2,31,1,0,0,5.03,0.45,2.31,1351.641999999999
1,5,0,-22,0,0,5,0,-1,-32,84,0,-5,2,3,65,15,0,0,5.03,0.45,2.31,1352.9319999999989
1,4,0,-24,4,0,5,0,-1,-20,136,0,-5,2,3,66,31,0,0,5.03,0.45,2.31,1354.2219999999988
0,2,0,-24,29,0,5,0,0,-5,228,0,-5,3,3,69,38,0,0,5.03,0.45,2.31,1355.5119999999988
0,2,0,-26,46,0,5,0,0,10,250,0,-5,2,2,64,26,0,0,5.03,0.45,2.31,1356.8019999999988
0,1,0,-28,49,0,5,0,0,32,234,0,-5,2,1,61,118,0,0,5.03,0.45,2.31,1358.0919999999987
0,1,0,-28,50,0,4,0,0,40,227,0,-4,3,1,131,132,0,0,5.03,0.45,2.31,1359.3819999999987
0,2,-1,-25,49,0,3,0,0,51,229,0,-4,3,0,107,139,0,0,5.03,0.45,2.31,1360.6719999999987
-1,2,-1,-19,44,0,2,0,-1,53,244,0,-3,1,0,114,17,0,0,5.03,0.45,2.31,1361.9619999999986
-1,2,-1,-17,36,0,0,1,-1,47,250,0,-1,1,-1,99,-70,0,0,5.04,0.46,2.36,1363.2829999999985
0,2,0,-20,23,0,0,1,-1,41,249,0,0,1,-2,61,-114,0,0,5.04,0.46,2.36,1364.6039999999985
0,2,0,-22,20,0,0,1,-1,40,245,0,0,1,-2,38,-115,0,0,5.04,0.46,2.36,1365.9249999999984
0,2,0,-18,15,0,-1,1,-1,34,231,0,0,1,-2,-4,-122,0,0,5.04,0.46,2.36,1367.2459999999983
0,2,0,-11,19,0,-2,2,-1,17,196,0,1,0,-2,-2,-141,0,0,5.04,0.46,2.36,1368.5669999999982
0,1,0,-8,19,0,-3,2,-1,5,161,0,1,0,-2,-40,-128,0,0,5.04,0.46,2.36,1369.887999999998
0,1,0,-8,18,0,-3,2,-1,4,143,0,2,0,-2,-49,-111,0,0,5.04,0.46,2.36,1371.208999999998
0,1,0,-8,14,0,-3,2,0,-3,105,0,2,0,-2,-54,-91,0,0,5.04,0.46,2.36,1372.529999999998
0,1,0,-10,12,0,-3,1,0,-10,71,0,2,0,-2,-74,-65,0,0,5.04,0.46,2.36,1373.8509999999978
0,1,0,-11,8,0,-3,1,0,-12,40,0,2,0,-2,-78,-31,0,0,5.04,0.46,2.36,1375.1719999999978
0,1,0,-10,6,0,-3,1,0,-11,27,0,2,0,-1,-77,-25,0,0,5.04,0.46,2.36,1376.4929999999977
0,2,0,-9,1,0,-2,1,0,-17,-7,0,2,0,-1,-75,-3,0,0,5.04,0.46,2.36,1377.8139999999976
0,1,0,-3,13,0,-2,1,0,-5,-3,0,2,0,-2,-37,3,0,0,5.04,0.47,2.38,58.05500000000004
0,2,0,-5,12,0,-2,1,0,-7,-32,0,2,0,-2,-52,47,0,0,5.04,0.47,2.38,59.374000000000045
0,2,0,-4,8,0,-2,2,0,-13,-69,0,1,0,-2,-47,64,0,0,5.04,0.47,2.38,60.69300000000005
0,2,0,-3,6,0,-2,2,0,-16,-84,0,1,0,-2,-44,70,0,0,5.04,0.47,2.38,62.01200000000005
0,2,0,0,0,0,-2,2,0,-22,-117,0,1,0,-2,-43,81,0,0,5.04,0.47,2.38,63.33100000000005
0,2,0,1,-6,0,-1,1,0,-25,-134,0,1,0,-2,-53,85,0,0,5.04,0.47,2.38,64.65000000000005
0,2,0,3,-11,0,-1,1,0,-25,-134,0,1,0,-2,-54,89,0,0,5.04,0.47,2.38,65.96900000000005
0,2,0,4,-13,0,-1,1,0,-24,-136,0,1,0,-2,-55,95,0,0,5.04,0.47,2.38,67.28800000000005
0,2,0,6,-19,0,-1,1,-1,-20,-148,0,1,0,-2,-52,116,0,0,5.04,0.47,2.38,68.60700000000006
0,2,0,6,-22,0,-1,1,-1,-23,-176,0,1,0,-2,-52,143,0,0,5.05,0.51,2.61,70.05700000000006
0,1,0,10,-25,0,0,1,-1,-38,-206,0,0,0,-2,-52,161,0,0,5.05,0.51,2.61,71.50700000000006
0,1,0,11,-25,0,0,1,-1,-49,-214,0,0,0,-2,-54,166,0,0,5.05,0.51,2.61,72.95700000000006
0,1,0,13,-27,0,0,0,-1,-75,-242,0,0,0,-1,-64,177,0,0,5.05,0.51,2.61,74.40700000000007
0,1,0,14,-29,0,0,0,-1,-94,-250,0,0,0,-1,-77,180,0,0,5.05,0.51,2.61,75.85700000000007
0,1,0,12,-27,0,2,0,-1,-53,-250,0,-1,0,-1,-90,206,0,0,5.05,0.51,2.61,77.30700000000007
0,1,0,10,-27,0,2,0,-1,-76,-250,0,-1,0,0,-96,221,0,0,5.05,0.51,2.61,78.75700000000008
0,2,0,6,-20,0,5,0,0,-127,-250,0,-4,0,0,-83,202,0,0,5.05,0.51,2.61,80.20700000000008
0,3,0,-1,-13,0,5,-1,0,-126,-238,0,-5,1,0,-52,118,0,0,5.05,0.51,2.61,81.65700000000008
0,4,-1,-12,0,0,5,-1,0,-104,-170,0,-5,1,1,-47,95,0,0,5.05,0.51,2.61,83.10700000000008
0,4,-1,-14,7,0,5,-1,0,-91,-139,0,-5,1,1,-42,92,0,0,5.05,0.51,2.61,84.55700000000009
0,5,0,-28,13,0,5,-2,0,-65,-37,0,-5,1,2,0,79,0,0,5.05,0.51,2.61,86.00700000000009
0,5,0,-38,5,0,5,-2,1,-28,103,0,-5,2,2,54,83,0,0,5.05,0.51,2.61,87.4570000000001
0,3,0,-45,7,0,5,-1,2,16,227,0,-5,5,1,56,86,0,0,5.05,0.51,2.61,88.9070000000001
0,3,-1,-46,9,0,5,-1,1,29,250,0,-5,1,0,250,114,0,0,5.05,0.51,2.61,90.3570000000001
0,3,-1,-51,15,0,5,0,0,64,250,0,-5,3,0,34,85,0,0,5.05,0.51,2.61,91.8070000000001
0,3,0,-47,24,0,5,0,0,92,209,0,-5,2,0,-2,27,0,0,5.05,0.51,2.61,93.2570000000001
0,2,0,-41,22,0,4,0,-1,117,169,0,-5,2,0,41,-8,0,0,5.05,0.51,2.61,94.70700000000011
0,2,0,-33,26,0,3,1,-1,119,164,0,-5,2,0,47,-36,0,0,5.05,0.51,2.61,96.15700000000011
0,2,-1,-23,25,0,0,2,-2,110,186,0,-3,1,-2,25,-61,0,0,5.05,0.51,2.61,97.60700000000011
-1,2,-1,-19,23,0,0,1,-2,89,245,0,-2,0,-2,20,-3,0,0,5.05,0.51,2.61,99.05700000000012
-1,2,0,-21,17,0,0,1,-2,52,250,0,-1,1,-2,6,42,0,0,5.04,0.46,2.36,100.36900000000011
0,2,0,-21,14,0,-1,1,-2,41,250,0,-1,0,-2,8,17,0,0,5.04,0.46,2.36,101.68100000000011
0,2,0,-23,-2,0,-3,1,-2,9,250,0,-1,0,-2,31,-69,0,0,5.04,0.46,2.36,102.99300000000011
0,1,0,-22,-15,0,-4,1,-2,-33,248,0,0,0,-2,13,-165,0,0,5.04,0.46,2.36,104.3050000000001
-1,1,0,-14,-27,0,-5,1,-2,-68,159,0,0,-1,-3,9,-209,0,0,5.04,0.46,2.36,105.6170000000001
-1,1,0,-9,-31,0,-4,1,-1,-81,125,0,0,-1,-3,21,-218,0,0,5.04,0.46,2.36,106.9290000000001
-1,1,0,0,-36,0,-4,1,0,-104,50,0,1,-1,-3,20,-224,0,0,5.04,0.46,2.36,108.2410000000001
-1,0,0,3,-34,0,-3,1,0,-111,14,0,2,0,-3,15,-222,0,0,5.04,0.46,2.36,109.5530000000001
0,0,0,-1,-35,0,-2,1,1,-100,6,0,2,0,-2,9,-203,0,0,5.04,0.46,2.36,110.8650000000001
0,0,0,-1,-34,0,-1,1,1,-93,7,0,2,0,-2,4,-193,0,0,5.04,0.46,2.36,112.17700000000009
0,1,0,0,-33,0,-1,1,1,-65,-1,0,2,0,-2,-24,-190,0,0,5.04,0.46,2.36,113.48900000000009
0,1,0,6,-37,0,-1,1,1,-36,-45,0,3,0,-2,-28,-171,0,0,5.04,0.46,2.36,114.80100000000009
0,1,0,12,-44,0,0,1,1,-16,-110,0,4,0,-3,-29,-98,0,0,5.04,0.46,2.36,116.11300000000008
0,1,0,13,-47,0,0,1,1,-12,-131,0,5,1,-3,-32,-62,0,0,5.04,0.46,2.36,117.42500000000008
0,2,0,14,-40,0,0,1,0,1,-160,0,5,1,-3,-58,22,0,0,5.04,0.46,2.36,118.73700000000008
0,2,0,5,-18,0,0,1,1,8,-155,0,4,2,-2,-79,91,0,0,5.04,0.46,2.36,120.04900000000008
0,3,0,-1,-4,0,-1,1,0,17,-139,0,3,2,-1,-81,56,0,0,5.04,0.46,2.36,121.36100000000008
-1,4,0,0,-17,0,-2,2,0,54,-158,0,3,2,-1,-99,44,0,0,5.04,0.46,2.36,122.67300000000007
-1,4,-1,3,-18,0,-2,2,0,68,-181,0,3,2,-2,-99,47,0,0,5.04,0.46,2.36,123.98500000000007
-1,2,-1,19,-34,0,-2,2,0,96,-229,0,3,1,-2,-75,69,0,0,5.04,0.46,2.36,125.29700000000007
0,2,0,32,-39,0,-1,2,0,97,-247,0,3,2,-2,-42,84,0,0,5.04,0.46,2.36,126.60900000000007
0,1,0,33,-45,0,-1,2,0,86,-249,0,3,1,-2,-28,94,0,0,5.05,0.5,2.56,128.03200000000007
0,1,-1,37,-43,0,-1,2,0,69,-246,0,2,1,-2,-13,119,0,0,5.05,0.5,2.56,129.45500000000007
0,2,-1,37,-37,0,-1,1,-1,52,-250,0,1,1,-2,-33,154,0,0,5.05,0.5,2.56,130.87800000000007
0,2,-1,35,-28,0,0,1,-2,30,-250,0,0,1,-2,-39,179,0,0,5.05,0.5,2.56,132.30100000000007
0,3,0,31,-26,0,0,0,-2,22,-250,0,0,1,-2,-39,179,0,0,5.05,0.5,2.56,133.72400000000007
0,2,0,22,-24,0,0,0,-2,6,-250,0,0,0,-2,-54,168,0,0,5.05,0.5,2.56,135.14700000000008
0,2,0,15,-26,0,1,0,-1,23,-243,0,0,0,-1,-66,163,0,0,5.05,0.5,2.56,136.57000000000008
0,2,0,11,-25,0,3,0,-1,-16,-202,0,-2,0,0,-74,160,0,0,5.05,0.5,2.56,137.99300000000008
0,2,0,10,-25,0,4,-1,-1,-32,-183,0,-3,0,0,-71,155,0,0,5.05,0.5,2.56,139.41600000000008
0,2,0,5,-24,0,5,0,-1,-44,-138,0,-5,-1,0,-36,109,0,0,5.05,0.5,2.56,140.83900000000008
0,3,0,-5,-19,0,5,-2,-1,169,35,0,-5,0,1,32,20,0,0,5.05,0.5,2.56,142.26200000000009
0,4,0,-19,-3,0,5,0,0,34,-10,0,-5,0,2,58,-42,0,0,5.05,0.5,2.56,143.6850000000001
0,4,0,-22,9,0,5,0,-1,41,-21,0,-5,0,2,58,-54,0,0,5.05,0.5,2.56,145.1080000000001
1,3,0,-22,27,0,5,0,0,-47,-8,0,-5,1,1,46,-32,0,0,5.05,0.5,2.56,146.5310000000001
0,2,0,-20,46,0,5,0,0,-34,32,0,-5,2,1,51,0,0,0,5.05,0.5,2.56,147.9540000000001
0,2,0,-16,57,0,5,0,0,29,106,0,-5,2,0,61,-2,0,0,5.05,0.5,2.56,149.3770000000001
0,2,0,-15,58,0,5,0,0,37,120,0,-5,2,0,74,-27,0,0,5.05,0.5,2.56,150.8000000000001
0,1,0,-12,59,0,5,0,0,59,150,0,-5,5,1,-130,46,0,0,5.05,0.5,2.56,152.2230000000001
0,1,-1,-6,55,0,5,0,0,60,171,0,-4,2,1,112,-97,0,0,5.05,0.5,2.56,153.6460000000001
0,2,-1,-6,42,0,3,0,0,56,184,0,-3,1,-1,-40,-127,0,0,5.05,0.5,2.56,155.0690000000001
0,2,-1,-3,39,0,3,0,0,54,186,0,-2,2,-2,-36,-116,0,0,5.05,0.5,2.56,156.4920000000001
0,2,-1,0,26,0,2,0,-1,45,195,0,-1,2,-2,7,-90,0,0,5.04,0.47,2.38,157.8150000000001
0,2,-1,3,22,0,1,1,-1,45,225,0,-1,2,-2,-6,-99,0,0,5.04,0.47,2.38,159.13800000000012
0,2,0,1,31,0,0,1,-1,53,249,0,0,2,-2,-44,-96,0,0,5.04,0.47,2.38,160.46100000000013
0,2,0,0,34,0,0,1,-1,56,250,0,0,2,-1,-50,-103,0,0,5.04,0.47,2.38,161.78400000000013
0,3,0,0,41,0,0,1,-1,52,239,0,0,1,-2,-24,-97,0,0,5.04,0.47,2.38,163.10700000000014
0,2,0,0,38,0,-1,1,-1,29,212,0,0,1,-2,-8,-131,0,0,5.04,0.47,2.38,164.43000000000015
0,2,-1,2,35,0,-1,2,-1,14,184,0,0,1,-1,-26,-201,0,0,5.04,0.47,2.38,165.75300000000016
0,2,-1,2,34,0,-1,2,-1,9,173,0,1,1,-2,-29,-184,0,0,5.04,0.47,2.38,167.07600000000016
0,2,0,0,34,0,-1,2,0,-2,139,0,1,1,-1,-33,-135,0,0,5.04,0.47,2.38,168.39900000000017
0,2,0,0,36,0,-1,2,0,0,123,0,1,1,-1,-54,-114,0,0,5.04,0.47,2.38,169.72200000000018
0,2,0,0,37,0,-1,2,0,-2,109,0,2,1,-2,-69,-77,0,0,5.04,0.47,2.38,171.0450000000002
0,2,0,1,36,0,-1,2,0,-5,102,0,2,1,-2,-67,-58,0,0,5.04,0.47,2.38,172.3680000000002
0,2,0,3,30,0,-2,2,0,-14,71,0,2,1,-2,-63,-23,0,0,5.04,0.47,2.38,173.6910000000002
0,2,0,4,22,0,-2,2,0,-22,26,0,2,1,-1,-42,1,0,0,5.04,0.47,2.38,175.0140000000002
0,2,0,6,15,0,-2,2,0,-28,-16,0,2,1,-1,-35,17,0,0,5.04,0.47,2.38,176.33700000000022
0,2,0,6,11,0,-1,2,0,-30,-31,0,2,1,-1,-40,24,0,0,5.04,0.47,2.38,177.66000000000022
0,2,0,6,4,0,-1,2,0,-35,-60,0,2,1,-1,-55,44,0,0,5.04,0.47,2.38,178.98300000000023
0,2,0,7,-3,0,-2,2,0,-36,-89,0,2,1,-1,-58,74,0,0,5.04,0.47,2.38,180.30600000000024
0,2,0,8,-8,0,-1,2,0,-30,-120,0,1,0,-1,-66,107,0,0,5.04,0.47,2.38,181.62900000000025
0,2,0,8,-10,0,-1,2,0,-30,-132,0,1,0,-1,-68,119,0,0,5.04,0.47,2.38,182.95200000000025
0,2,0,8,-14,0,-1,1,0,-26,-168,0,1,0,-1,-72,137,0,0,5.04,0.47,2.38,184.27500000000026
0,2,0,7,-17,0,-2,1,0,-26,-214,0,1,0,-1,-69,143,0,0,5.04,0.45,2.3,185.55300000000025
0,1,0,7,-23,0,-1,1,-1,-29,-238,0,0,0,-1,-63,144,0,0,5.04,0.45,2.3,186.83100000000024
0,1,0,8,-26,0,-1,1,-1,-32,-240,0,0,0,-1,-61,145,0,0,5.04,0.45,2.3,188.10900000000024
0,1,0,8,-34,0,0,0,-1,-41,-234,0,0,0,-1,-60,151,0,0,5.04,0.45,2.3,189.38700000000023
0,1,0,8,-41,0,0,0,0,-62,-219,0,0,0,0,-59,147,0,0,5.04,0.45,2.3,190.66500000000022
0,1,0,10,-47,0,1,0,-1,-18,-239,0,-2,0,0,-61,137,0,0,5.04,0.45,2.3,191.9430000000002
0,1,0,10,-49,0,1,0,0,-31,-242,0,-2,0,0,-56,120,0,0,5.04,0.45,2.3,193.2210000000002
0,2,0,14,-51,0,3,0,-1,-70,-250,0,-4,0,0,-22,58,0,0,5.04,0.45,2.3,194.4990000000002
0,2,0,13,-44,0,5,0,-1,-88,-250,0,-5,1,0,2,32,0,0,5.04,0.45,2.3,195.77700000000019
0,3,0,3,-34,0,5,-1,-1,-82,-229,0,-5,1,1,23,44,0,0,5.04,0.45,2.3,197.05500000000018
0,4,0,-4,-26,0,5,-1,-1,-82,-206,0,-5,1,1,31,46,0,0,5.04,0.45,2.3,198.33300000000017
0,5,0,-23,-5,0,5,-1,-1,-91,-119,0,-5,2,1,39,60,0,0,5.04,0.45,2.3,199.61100000000016
1,5,0,-41,1,0,5,-1,0,-58,-6,0,-5,2,2,50,40,0,0,5.04,0.45,2.3,200.88900000000015
0,4,0,-47,28,0,5,-1,0,-20,76,0,-5,3,1,46,27,0,0,5.04,0.45,2.3,202.16700000000014
0,3,0,6,43,0,0,1,-1,38,250,0,0,1,-2,-94,-101,0,0,5.05,0.5,2.52,203.56800000000015
0,3,0,-7,31,0,-1,1,0,30,250,0,0,1,-2,-87,-107,0,0,5.05,0.5,2.52,204.96900000000016
0,2,0,-12,22,0,-1,1,0,19,224,0,0,0,-2,-113,-124,0,0,5.05,0.5,2.52,206.37000000000018
0,2,0,-9,21,0,-2,1,0,4,158,0,0,1,-1,-102,-102,0,0,5.05,0.5,2.52,207.77100000000019
0,1,0,-8,21,0,-2,1,0,2,131,0,1,1,-1,-113,-103,0,0,5.05,0.5,2.52,209.1720000000002
0,1,0,-5,20,0,-3,1,0,11,70,0,1,0,-1,-112,-121,0,0,5.05,0.5,2.52,210.5730000000002
0,1,0,0,17,0,-3,1,0,18,18,0,2,0,-1,-102,-92,0,0,5.05,0.5,2.52,211.97400000000022
0,1,0,3,11,0,-2,1,0,20,-14,0,2,0,-1,-88,-58,0,0,5.05,0.5,2.52,213.37500000000023
0,1,0,3,8,0,-2,1,0,18,-26,0,2,0,-1,-87,-46,0,0,5.05,0.5,2.52,214.77600000000024
0,2,0,5,0,0,-2,1,0,3,-52,0,2,0,-1,-74,-19,0,0,5.05,0.5,2.52,216.17700000000025
0,2,0,7,-12,0,-2,2,0,-11,-85,0,2,0,-1,-51,-4,0,0,5.05,0.5,2.52,217.57800000000026
0,2,0,8,-21,0,-2,2,0,-25,-135,0,2,0,-1,-32,9,0,0,5.05,0.5,2.52,218.97900000000027
0,2,0,8,-23,0,-2,2,0,-28,-154,0,2,0,-1,-28,15,0,0,5.05,0.5,2.52,220.38000000000028
0,2,0,9,-29,0,-2,2,0,-31,-201,0,2,0,-1,-24,34,0,0,5.05,0.5,2.52,221.7810000000003
0,2,0,10,-33,0,-1,1,0,-33,-232,0,2,0,-1,-17,55,0,0,5.05,0.5,2.52,223.1820000000003
0,2,0,11,-38,0,0,1,0,-38,-238,0,1,0,-1,-14,69,0,0,5.05,0.5,2.52,224.5830000000003
0,2,0,11,-40,0,0,1,0,-40,-236,0,0,0,-1,-15,70,0,0,5.05,0.5,2.52,225.98400000000032
0,2,0,12,-45,0,0,1,0,-46,-226,0,0,0,-1,-21,68,0,0,5.05,0.5,2.52,227.38500000000033
0,2,0,13,-51,0,1,1,0,-64,-246,0,0,0,-1,-31,68,0,0,5.05,0.5,2.52,228.78600000000034
0,2,0,14,-57,0,2,0,0,-59,-250,0,-1,0,0,-29,70,0,0,5.05,0.5,2.52,230.18700000000035
0,2,0,14,-62,0,4,1,0,-56,-250,0,-2,0,0,-6,63,0,0,5.05,0.49,2.52,231.58700000000036
0,2,-1,13,-65,0,4,1,0,-76,-250,0,-3,0,0,6,61,0,0,5.05,0.49,2.52,232.98700000000036
0,2,0,12,-67,0,5,0,-1,-105,-215,0,-4,1,1,32,60,0,0,5.05,0.49,2.52,234.38700000000037
0,3,0,11,-58,0,5,0,-1,-90,-172,0,-5,1,2,35,25,0,0,5.05,0.49,2.52,235.78700000000038
0,3,0,7,-39,0,5,0,-1,-104,-118,0,-5,1,1,39,0,0,0,5.05,0.49,2.52,237.18700000000038
0,3,0,6,-33,0,5,0,-1,-103,-87,0,-5,2,1,41,-14,0,0,5.05,0.49,2.52,238.5870000000004
0,4,0,1,-16,0,5,0,0,-71,-1,0,-5,2,1,51,-21,0,0,5.05,0.49,2.52,239.9870000000004
0,4,0,-8,1,0,5,0,0,-49,67,0,-5,2,1,85,-3,0,0,5.05,0.49,2.52,241.3870000000004
0,4,0,-19,25,0,5,0,0,-20,118,0,-3,5,0,-89,212,0,0,5.05,0.49,2.52,242.7870000000004
0,4,0,-27,28,0,5,0,0,-10,129,0,-5,5,1,184,91,0,0,5.05,0.49,2.52,244.1870000000004
0,3,0,-28,49,0,5,0,0,6,139,0,-5,4,-1,45,20,0,0,5.05,0.49,2.52,245.58700000000042
0,3,0,-31,58,0,4,0,0,31,149,0,-4,3,0,6,-22,0,0,5.05,0.49,2.52,246.98700000000042
0,2,0,-30,50,0,3,0,0,57,161,0,-3,2,0,60,-24,0,0,5.05,0.49,2.52,248.38700000000043
0,2,0,-28,48,0,3,0,0,64,165,0,-4,2,0,78,-41,0,0,5.05,0.49,2.52,249.78700000000043
0,2,0,-25,39,0,2,1,0,80,175,0,-2,2,-1,64,-81,0,0,5.05,0.49,2.52,251.18700000000044
0,1,0,-25,31,0,2,1,0,82,184,0,-1,1,-1,74,-62,0,0,5.05,0.49,2.52,252.58700000000044
0,1,0,-24,26,0,2,1,0,84,194,0,-1,1,-1,69,-24,0,0,5.05,0.49,2.52,253.98700000000045
0,1,0,-23,24,0,1,1,0,82,197,0,-1,1,-1,51,-31,0,0,5.05,0.49,2.52,255.38700000000046
0,1,0,-23,21,0,1,1,0,82,203,0,-1,1,-1,29,-33,0,0,5.05,0.49,2.52,256.78700000000043
0,1,0,-23,16,0,1,1,0,75,181,0,-1,1,-1,10,-79,0,0,5.05,0.49,2.52,258.1870000000004
0,2,0,-21,8,0,1,2,0,76,153,0,-1,0,-1,-6,-124,0,0,5.05,0.49,2.52,259.5870000000004
0,2,0,-20,5,0,0,2,0,75,141,0,0,0,-1,-23,-124,0,0,5.04,0.45,2.3,260.8660000000004
0,2,0,-15,-2,0,0,2,0,68,114,0,0,0,-1,-28,-98,0,0,5.04,0.45,2.3,262.1450000000004
0,1,0,-12,-8,0,0,1,0,60,93,0,0,0,-1,-23,-99,0,0,5.04,0.45,2.3,263.4240000000004
0,1,0,-11,-9,0,0,1,0,55,78,0,0,0,-1,-1,-114,0,0,5.04,0.45,2.3,264.7030000000004
0,1,0,-9,-8,0,0,1,0,49,78,0,0,0,-1,10,-104,0,0,5.04,0.45,2.3,265.98200000000037
0,2,0,-7,-7,0,0,1,0,45,78,0,0,0,-1,18,-95,0,0,5.04,0.45,2.3,267.26100000000037
0,2,0,-5,-7,0,0,1,0,34,70,0,0,0,-1,12,-98,0,0,5.04,0.45,2.3,268.54000000000036
0,2,0,-3,-7,0,0,1,0,28,59,0,1,1,-1,10,-97,0,0,5.04,0.45,2.3,269.81900000000036
0,2,0,-2,-9,0,-1,2,0,20,34,0,1,1,-2,-1,-78,0,0,5.04,0.45,2.3,271.09800000000035
0,2,0,-2,-10,0,-1,2,0,16,20,0,1,1,-1,-3,-67,0,0,5.04,0.45,2.3,272.37700000000035
0,2,0,-1,-11,0,-1,2,0,8,-15,0,2,1,-2,-11,-26,0,0,5.04,0.45,2.3,273.65600000000035
0,2,0,0,-15,0,-2,2,0,4,-45,0,1,1,-1,-14,3,0,0,5.04,0.45,2.3,274.93500000000034
0,2,0,2,-18,0,-2,2,0,0,-73,0,2,2,-2,-15,38,0,0,5.04,0.45,2.3,276.21400000000034
0,1,0,2,-20,0,-2,2,0,-2,-85,0,2,2,-2,-17,47,0,0,5.04,0.45,2.3,277.49300000000034
0,1,0,4,-26,0,-2,2,0,-14,-116,0,2,2,-2,-25,65,0,0,5.04,0.45,2.3,278.77200000000033
0,1,0,7,-35,0,-2,2,0,-32,-150,0,1,2,-1,-35,70,0,0,5.04,0.45,2.3,280.05100000000033
0,1,0,10,-42,0,-2,2,0,-47,-184,0,1,1,-1,-40,81,0,0,5.04,0.45,2.3,281.3300000000003
0,2,-1,13,-46,0,-1,2,0,-57,-226,0,1,1,-2,-50,101,0,0,5.04,0.45,2.3,282.6090000000003
0,2,-1,14,-45,0,-1,2,0,-58,-241,0,1,1,-2,-55,108,0,0,5.04,0.45,2.3,283.8880000000003
0,2,-1,18,-40,0,0,1,-1,-57,-250,0,1,2,-1,-72,115,0,0,5.04,0.45,2.3,285.1670000000003
0,2,-1,22,-33,0,0,1,-1,-56,-250,0,0,1,-1,-79,126,0,0,5.04,0.45,2.3,286.4460000000003
0,3,-1,27,-27,0,1,1,-1,-64,-250,0,0,1,-1,-84,133,0,0,5.04,0.47,2.4,287.7810000000003
0,3,-1,27,-25,0,2,0,-1,-71,-250,0,0,1,0,-84,133,0,0,5.04,0.47,2.4,289.11600000000027
0,3,0,21,-22,0,4,0,-1,-69,-250,0,-2,1,0,-73,119,0,0,5.04,0.47,2.4,290.45100000000025
0,4,0,7,-27,0,5,0,-1,-25,-250,0,-3,1,0,-52,94,0,0,5.04,0.47,2.4,291.78600000000023
0,4,0,1,-26,0,5,0,-1,-38,-232,0,-4,1,0,-40,83,0,0,5.04,0.47,2.4,293.1210000000002
0,4,0,-15,-26,0,5,0,-1,-41,-209,0,-5,1,1,2,41,0,0,5.04,0.47,2.4,294.4560000000002
0,3,0,-19,-13,0,5,0,-1,-31,-160,0,-5,1,2,50,31,0,0,5.04,0.47,2.4,295.79100000000017
0,3,0,-20,11,0,5,0,-1,-6,-66,0,-5,2,2,65,40,0,0,5.04,0.47,2.4,297.12600000000015
0,2,0,-21,17,0,5,0,0,-5,-30,0,-5,2,2,72,51,0,0,5.04,0.47,2.4,298.4610000000001
0,2,0,-16,27,0,5,0,0,-9,44,0,-5,2,1,82,56,0,0,5.04,0.47,2.4,299.7960000000001
0,2,0,-13,34,0,5,0,0,3,111,0,-5,2,1,107,54,0,0,5.04,0.47,2.4,301.1310000000001
0,2,0,-13,39,0,5,0,0,13,167,0,-5,2,0,112,51,0,0,5.04,0.47,2.4,302.46600000000007
0,2,0,-11,38,0,4,0,0,29,200,0,-4,2,0,120,57,0,0,5.04,0.47,2.4,303.80100000000004
0,2,0,-13,36,0,4,0,0,37,209,0,-4,2,0,103,102,0,1,5.04,0.47,2.4,305.136
0,2,0,-12,29,0,3,0,0,51,224,0,-3,2,-1,72,109,0,0,5.04,0.47,2.4,306.471
0,2,0,-9,28,0,2,0,-1,53,231,0,-2,1,-1,36,20,0,0,5.04,0.47,2.4,307.806
0,2,0,-6,26,0,1,0,-1,60,238,0,-2,2,-1,19,-41,0,0,5.04,0.47,2.4,309.14099999999996
0,1,0,-7,27,0,0,1,0,60,242,0,-1,1,-1,-1,-86,0,0,5.04,0.47,2.4,310.47599999999994
0,1,0,-6,26,0,0,1,0,56,244,0,-1,1,-1,-8,-106,0,0,5.04,0.47,2.4,311.8109999999999
0,1,0,-7,23,0,0,1,0,51,248,0,-1,1,-1,-20,-163,0,0,5.04,0.47,2.4,313.1459999999999
0,1,0,-7,19,0,0,1,0,43,242,0,0,1,-2,-24,-150,0,0,5.04,0.47,2.4,314.4809999999999
0,1,0,-9,11,0,0,1,-1,31,212,0,0,1,-2,-55,-161,0,1,5.05,0.5,2.57,315.9089999999999
0,1,0,-9,8,0,-1,1,-1,27,198,0,0,1,-1,-58,-155,0,1,5.05,0.5,2.57,317.3369999999999
0,1,0,-8,3,0,-1,1,0,18,151,0,0,0,-2,-61,-172,0,0,5.05,0.5,2.57,318.7649999999999
0,1,0,-5,-2,0,-1,1,0,2,107,0,1,0,-2,-76,-161,0,1,5.05,0.5,2.57,320.19299999999987
0,2,0,-1,-7,0,-1,2,0,-11,76,0,1,0,-2,-86,-153,0,1,5.05,0.5,2.57,321.62099999999987
0,2,0,0,-8,0,-1,2,0,-14,70,0,2,0,-2,-82,-142,0,0,5.05,0.5,2.57,323.04899999999986
0,2,0,2,-9,0,-2,2,0,-21,59,0,3,0,-2,-69,-91,0,0,5.05,0.5,2.57,324.47699999999986
0,2,0,3,-7,0,-2,2,0,-24,35,0,3,1,-2,-37,-42,0,0,5.05,0.5,2.57,325.90499999999986
0,2,0,5,-4,0,-3,2,0,-18,2,0,3,1,-2,-39,0,0,0,5.05,0.5,2.57,327.33299999999986
0,2,0,5,-3,0,-2,2,0,-17,-14,0,3,1,-2,-44,16,0,0,5.05,0.5,2.57,328.76099999999985
0,2,0,8,-3,0,-2,2,0,-19,-66,0,2,1,-2,-54,46,0,0,5.05,0.5,2.57,330.18899999999985
0,2,0,10,-5,0,-2,2,0,-26,-132,0,2,1,-2,-53,71,0,0,5.05,0.5,2.57,331.61699999999985
0,2,0,10,-6,0,-2,2,0,-23,-190,0,1,1,-1,-55,84,0,0,5.05,0.5,2.57,333.04499999999985
0,2,0,10,-6,0,-2,2,0,-21,-208,0,1,1,-1,-56,89,0,0,5.05,0.5,2.57,334.47299999999984
0,1,0,10,-6,0,-2,2,0,-17,-238,0,1,1,-1,-65,98,0,0,5.05,0.5,2.57,335.90099999999984
0,1,0,11,-7,0,-1,1,0,-29,-247,0,1,1,-1,-74,102,0,0,5.05,0.5,2.57,337.32899999999984
0,2,0,11,-12,0,0,1,0,-50,-250,0,0,1,-1,-108,95,0,0,5.05,0.5,2.57,338.75699999999983
0,2,0,9,-15,0,0,1,0,-55,-250,0,0,1,-1,-112,93,0,0,5.05,0.5,2.57,340.18499999999983
0,2,0,7,-19,0,0,1,-1,-60,-250,0,0,1,0,-133,112,0,0,5.05,0.5,2.57,341.61299999999983
0,3,0,0,-14,0,1,0,-1,-55,-250,0,-1,1,0,-147,143,0,0,5.05,0.5,2.57,343.0409999999998
0,4,0,-19,-1,0,4,0,0,0,-250,0,-2,1,0,-115,149,0,0,5.05,0.5,2.57,344.4689999999998
0,5,0,-22,2,0,5,0,0,-15,-250,0,-3,1,0,-87,136,0,0,5.04,0.45,2.29,345.7429999999998
0,5,0,-30,8,0,5,0,-1,-25,-229,0,-5,0,0,-18,107,0,0,5.04,0.45,2.29,347.0169999999998
1,3,0,-26,37,0,5,0,-2,15,-163,0,-5,1,2,24,84,0,0,5.04,0.45,2.29,348.2909999999998
0,2,0,-18,57,0,5,0,-1,14,-71,0,-5,2,2,62,24,0,0,5.04,0.45,2.29,349.5649999999998
0,2,0,-11,51,0,5,0,-1,10,32,0,-5,2,2,47,27,0,0,5.04,0.45,2.29,350.8389999999998
0,2,0,-9,50,0,5,0,-1,15,67,0,-5,2,2,58,36,0,0,5.04,0.45,2.29,352.11299999999983
0,2,-1,-6,45,0,5,0,0,18,155,0,-5,2,1,87,46,0,0,5.04,0.45,2.29,353.38699999999983
0,2,-1,-4,44,0,5,0,0,39,213,0,-5,2,0,143,89,0,0,5.04,0.45,2.29,354.66099999999983
-1,2,0,-8,34,0,5,0,0,55,238,0,-4,2,0,161,127,0,0,5.04,0.45,2.29,355.93499999999983
-1,2,0,-9,32,0,5,0,0,58,239,0,-4,2,0,176,126,0,0,5.04,0.45,2.29,357.20899999999983
-1,2,0,-7,28,0,4,0,0,60,237,0,-4,2,-1,177,236,0,0,5.04,0.45,2.29,358.48299999999983
0,2,0,-5,26,0,2,0,0,62,241,0,-3,3,-2,35,172,0,0,5.04,0.45,2.29,359.75699999999983
0,2,0,-1,20,0,1,1,0,61,248,0,-2,1,-1,-22,37,0,0,5.04,0.45,2.29,361.03099999999984
0,1,0,0,18,0,0,1,0,66,250,0,-1,1,-1,-24,-28,0,0,5.04,0.45,2.29,362.30499999999984
0,1,0,-1,11,0,0,1,-1,67,250,0,0,1,-1,-48,-118,0,0,5.04,0.45,2.29,363.57899999999984
0,1,0,-3,7,0,0,1,-1,59,230,0,0,0,-1,-58,-165,0,0,5.04,0.45,2.29,364.85299999999984
0,1,0,-7,6,0,-1,1,-1,48,213,0,0,0,-1,-91,-218,0,0,5.04,0.45,2.29,366.12699999999984
0,1,0,-10,8,0,-1,1,0,26,207,0,1,0,-2,-95,-177,0,0,5.04,0.45,2.29,367.40099999999984
0,1,0,-10,8,0,-1,1,0,19,208,0,1,0,-1,-100,-161,0,0,5.04,0.45,2.29,368.67499999999984
0,1,0,-9,8,0,-2,1,0,10,196,0,1,0,-2,-96,-132,0,0,5.04,0.45,2.29,369.94899999999984
0,2,0,-6,5,0,-3,1,-1,13,136,0,2,0,-1,-77,-110,0,0,5.04,0.45,2.29,371.22299999999984
0,2,0,-4,3,0,-3,1,0,24,65,0,1,0,-1,-91,-159,0,0,5.05,0.48,2.45,372.58599999999984
0,2,0,-3,2,0,-3,2,0,25,38,0,2,0,-1,-97,-176,0,0,5.05,0.48,2.45,373.94899999999984
0,2,0,0,0,0,-3,2,0,20,-24,0,2,0,-1,-120,-128,0,0,5.05,0.48,2.45,375.31199999999984
0,2,0,3,-6,0,-3,1,0,1,-65,0,4,0,-2,-83,-78,0,0,5.05,0.48,2.45,376.67499999999984
0,2,0,5,-12,0,-2,1,0,-10,-96,0,3,0,-1,-45,-29,0,0,5.05,0.48,2.45,378.03799999999984
0,2,0,5,-14,0,-2,1,0,-11,-107,0,3,1,-1,-40,-16,0,0,5.05,0.48,2.45,379.40099999999984
0,2,0,6,-19,0,-2,1,0,-12,-137,0,2,1,-1,-65,0,0,0,5.05,0.48,2.45,380.76399999999984
0,1,0,5,-23,0,-2,1,0,-12,-161,0,2,1,-1,-56,4,0,0,5.05,0.48,2.45,382.12699999999984
0,1,0,5,-24,0,-1,1,0,-18,-186,0,2,1,-1,-48,21,0,0,5.05,0.48,2.45,383.48999999999984
0,1,0,7,-24,0,-1,1,0,-21,-194,0,1,1,-1,-52,31,0,0,5.05,0.48,2.45,384.85299999999984
0,1,0,6,-28,0,0,1,0,-34,-213,0,1,1,-1,-58,66,0,0,5.05,0.48,2.45,386.21599999999984
0,1,0,8,-34,0,0,1,0,-50,-226,0,0,1,0,-69,97,0,0,5.05,0.48,2.45,387.57899999999984
0,1,0,9,-39,0,1,1,0,-65,-223,0,0,1,0,-73,96,0,0,5.05,0.48,2.45,388.94199999999984
0,2,-1,9,-42,0,3,1,0,-80,-203,0,-1,1,0,-83,82,0,0,5.05,0.48,2.45,390.30499999999984
0,2,-1,10,-42,0,3,1,0,-77,-196,0,-1,1,0,-104,73,0,0,5.05,0.48,2.45,391.66799999999984
0,3,-1,13,-35,0,5,1,0,-53,-198,0,-4,1,1,-67,41,0,0,5.05,0.48,2.45,393.03099999999984
0,3,-1,18,-20,0,5,0,-1,-47,-190,0,-5,1,2,-22,5,0,0,5.05,0.48,2.45,394.39399999999983
0,4,0,14,-1,0,5,0,0,-38,-170,0,-5,2,2,19,-2,0,0,5.05,0.48,2.45,395.75699999999983
0,4,0,5,7,0,5,0,0,-30,-145,0,-5,2,3,38,-2,0,0,5.05,0.48,2.45,397.11999999999983
0,5,0,-18,10,0,5,0,0,-24,-72,0,-5,2,2,78,0,0,0,5.05,0.48,2.45,398.48299999999983
0,4,-1,-27,16,0,5,0,0,-8,-8,0,-5,2,2,114,-3,0,0,5.05,0.48,2.45,399.84599999999983
0,2,0,-28,35,0,5,0,0,1,50,0,-5,3,2,118,1,0,0,5.04,0.47,2.39,401.1739999999998
0,2,0,-27,42,0,5,0,0,2,71,0,-5,3,2,114,7,0,0,5.04,0.47,2.39,402.5019999999998
0,2,0,-19,45,0,5,0,0,15,131,0,-5,2,1,124,10,0,0,5.04,0.47,2.39,403.82999999999976
0,2,0,-11,47,0,4,0,0,31,166,0,-3,2,0,126,26,0,0,5.04,0.47,2.39,405.15799999999973
0,2,-1,-9,50,0,3,1,0,53,186,0,-3,2,0,163,115,0,0,5.04,0.47,2.39,406.4859999999997
0,2,0,-14,43,0,2,1,0,68,198,0,-2,2,-1,177,235,0,0,5.04,0.47,2.39,407.8139999999997
0,2,0,-14,40,0,2,1,0,72,201,0,-2,2,-1,111,216,0,0,5.04,0.47,2.39,409.14199999999965
0,2,0,-18,31,0,1,1,0,74,200,0,-1,2,-1,48,95,0,0,5.04,0.47,2.39,410.46999999999963
0,2,0,-11,27,0,0,1,0,73,204,0,-1,1,-2,16,-28,0,0,5.04,0.47,2.39,411.7979999999996
0,1,0,-5,22,0,0,1,0,65,203,0,0,1,-1,-13,-134,0,0,5.04,0.47,2.39,413.1259999999996
0,1,0,-5,21,0,0,1,0,60,200,0,0,1,-1,-19,-165,0,0,5.04,0.47,2.39,414.45399999999955
0,1,0,-4,15,0,0,1,0,46,189,0,0,1,-1,-29,-218,0,0,5.04,0.47,2.39,415.7819999999995
0,1,0,-4,10,0,0,1,0,31,173,0,0,1,-2,-37,-229,0,0,5.04,0.47,2.39,417.1099999999995
0,1,0,-5,5,0,0,1,0,19,153,0,1,0,-2,-38,-170,0,0,5.04,0.47,2.39,418.4379999999995
0,1,0,0,-24,0,-2,2,0,-32,-136,0,2,1,-1,-32,36,0,0,5.04,0.48,2.43,419.78699999999947
0,1,0,-1,-28,0,-2,2,0,-37,-184,0,1,1,-1,-27,41,0,0,5.04,0.48,2.43,421.13599999999946
0,1,0,-2,-33,0,-1,1,0,-44,-218,0,1,1,-1,-25,40,0,0,5.04,0.48,2.43,422.48499999999945
0,1,0,-5,-38,0,0,1,0,-65,-219,0,0,1,-1,-32,38,0,0,5.04,0.48,2.43,423.83399999999943
0,1,0,-4,-41,0,0,1,0,-75,-209,0,0,1,-1,-37,36,0,0,5.04,0.48,2.43,425.1829999999994
0,1,0,-5,-45,0,0,1,0,-88,-193,0,0,1,0,-81,40,0,0,5.04,0.48,2.43,426.5319999999994
0,1,0,-4,-46,0,0,1,0,-95,-198,0,0,1,0,-120,49,0,0,5.04,0.48,2.43,427.8809999999994
0,2,0,-3,-43,0,1,1,0,-99,-219,0,-1,1,0,-123,76,0,0,5.04,0.48,2.43,429.2299999999994
0,3,0,-4,-40,0,2,1,0,-96,-224,0,-1,1,0,-113,84,0,0,5.04,0.48,2.43,430.5789999999994
0,5,0,-15,-17,0,4,0,0,-97,-231,0,-2,0,0,-61,83,0,0,5.04,0.48,2.43,431.9279999999994
1,5,0,-19,4,0,5,0,-1,-70,-228,0,-4,0,0,26,59,0,0,5.04,0.48,2.43,433.27699999999936
0,3,-1,-20,25,0,5,0,-1,-21,-187,0,-5,1,1,65,26,0,0,5.04,0.48,2.43,434.62599999999935
0,3,0,-20,28,0,5,0,-1,-7,-166,0,-5,1,2,78,8,0,0,5.04,0.48,2.43,435.97499999999934
0,2,0,-17,23,0,5,0,0,-11,-75,0,-5,2,2,69,2,0,0,5.04,0.48,2.43,437.32399999999933
0,2,-1,-13,11,0,5,0,0,-5,2,0,-5,2,2,36,67,0,0,5.04,0.48,2.43,438.6729999999993
0,3,-1,-10,0,0,5,0,0,16,64,0,-5,2,2,76,69,0,0,5.04,0.48,2.43,440.0219999999993
-1,3,-1,-7,-2,0,5,0,0,20,84,0,-5,2,1,95,62,0,0,5.04,0.48,2.43,441.3709999999993
0,3,-1,-4,-1,0,5,0,0,26,121,0,-5,3,1,137,109,0,0,5.04,0.48,2.43,442.7199999999993
0,3,0,0,10,0,5,1,0,44,134,0,-5,2,0,136,133,0,0,5.04,0.48,2.43,444.0689999999993
0,3,-1,2,20,0,4,1,0,58,125,0,-5,5,0,145,152,0,0,5.04,0.48,2.43,445.41799999999927
0,2,0,3,23,0,4,1,0,63,121,0,-5,2,-1,250,188,0,0,5.03,0.44,2.24,446.6669999999993
0,2,0,8,21,0,3,1,0,71,122,0,-4,3,-2,48,124,0,0,5.03,0.44,2.24,447.9159999999993
0,2,0,15,18,0,2,1,0,72,140,0,-2,2,-1,46,10,0,0,5.03,0.44,2.24,449.16499999999934
0,2,-1,14,12,0,2,2,0,74,178,0,-2,2,-1,29,-75,0,0,5.03,0.44,2.24,450.41399999999936
0,2,0,10,10,0,1,2,0,73,191,0,-2,1,-1,14,-103,0,0,5.03,0.44,2.24,451.6629999999994
0,2,0,0,8,0,0,2,0,59,211,0,-1,2,-1,-34,-156,0,0,5.03,0.44,2.24,452.9119999999994
0,2,0,-6,12,0,0,1,-1,48,222,0,0,1,-1,-56,-158,0,0,5.03,0.44,2.24,454.16099999999943
0,2,0,-7,18,0,0,1,0,35,220,0,0,1,-1,-58,-125,0,0,5.03,0.44,2.24,455.40999999999946
0,2,0,-5,20,0,0,1,0,30,219,0,0,1,-1,-58,-115,0,0,5.03,0.44,2.24,456.6589999999995
0,1,0,-3,21,0,0,1,0,16,210,0,0,1,-1,-66,-127,0,0,5.03,0.44,2.24,457.9079999999995
0,1,0,-3,21,0,-1,1,0,10,195,0,0,0,-1,-66,-154,0,0,5.03,0.44,2.24,459.1569999999995
0,1,0,-3,15,0,-2,1,0,8,159,0,1,0,-1,-65,-148,0,0,5.03,0.44,2.24,460.40599999999955
0,1,0,-4,7,0,-2,1,0,15,113,0,1,0,-1,-66,-104,0,0,5.03,0.44,2.24,461.6549999999996
0,1,0,-5,4,0,-2,1,0,18,95,0,1,0,-2,-61,-88,0,0,5.03,0.44,2.24,462.9039999999996
0,1,0,-4,-2,0,-2,1,0,22,55,0,2,0,-2,-57,-33,0,0,5.03,0.44,2.24,464.1529999999996
0,1,0,-2,-8,0,-2,1,0,21,27,0,2,0,-1,-33,-17,0,0,5.03,0.44,2.24,465.40199999999965
0,1,0,0,-14,0,-2,1,0,17,0,0,1,0,-1,-41,-8,0,0,5.03,0.44,2.24,466.65099999999967
0,1,0,1,-17,0,-2,1,0,14,-13,0,1,0,-1,-42,-8,0,0,5.03,0.44,2.24,467.8999999999997
0,1,0,2,-22,0,-2,1,0,-1,-62,0,1,0,-1,-40,-6,0,0,5.03,0.44,2.24,469.1489999999997
0,2,0,2,-28,0,-2,2,0,-9,-104,0,1,0,-1,-43,5,0,0,5.03,0.44,2.24,470.39799999999974
0,1,0,2,-33,0,-2,2,0,-18,-140,0,2,0,-2,-41,23,0,0,5.03,0.44,2.24,471.64699999999976
0,1,0,2,-34,0,-2,2,0,-20,-149,0,2,0,-2,-41,32,0,0,5.05,0.52,2.63,473.11199999999974
0,1,0,1,-37,0,-1,2,0,-32,-171,0,1,1,-2,-53,57,0,0,5.05,0.52,2.63,474.5769999999997
0,1,0,2,-41,0,-1,2,-1,-47,-193,0,1,1,-1,-69,75,0,0,5.05,0.52,2.63,476.0419999999997
0,1,0,1,-43,0,0,2,0,-60,-215,0,0,1,-1,-79,77,0,0,5.05,0.52,2.63,477.50699999999966
0,2,0,1,-43,0,0,2,0,-66,-222,0,0,1,-1,-83,72,0,0,5.05,0.52,2.63,478.97199999999964
0,3,0,-1,-38,0,0,2,0,-76,-248,0,0,1,-1,-98,69,0,0,5.05,0.52,2.63,480.4369999999996
0,4,0,-7,-17,0,1,1,0,-81,-250,0,0,1,0,-101,104,0,0,5.05,0.52,2.63,481.9019999999996
0,5,0,-17,8,0,4,0,0,-74,-250,0,-2,1,0,-82,129,0,0,5.05,0.52,2.63,483.36699999999956
1,5,0,-15,17,0,5,0,0,-76,-250,0,-3,1,0,-63,126,0,0,5.05,0.52,2.63,484.83199999999954
0,3,0,-20,19,0,5,0,-1,-14,-245,0,-5,1,1,-10,95,0,0,5.05,0.52,2.63,486.2969999999995
0,3,-1,-21,16,0,5,0,-1,14,-205,0,-5,1,2,12,63,0,0,5.05,0.52,2.63,487.7619999999995
0,3,-1,-23,7,0,5,0,-1,-20,-116,0,-5,1,2,71,21,0,0,5.05,0.52,2.63,489.22699999999946
0,3,-1,-22,4,0,5,0,-1,-26,-80,0,-5,1,2,61,28,0,0,5.05,0.52,2.63,490.69199999999944
0,3,-1,-21,0,0,5,0,0,-7,-3,0,-5,1,2,88,41,0,0,5.05,0.52,2.63,492.1569999999994
0,3,-1,-20,2,0,5,0,0,6,60,0,-5,1,2,132,53,0,0,5.05,0.52,2.63,493.6219999999994
0,3,-1,-19,12,0,5,0,0,21,106,0,-5,2,1,169,84,0,0,5.05,0.52,2.63,495.08699999999936
0,3,0,-19,16,0,5,1,0,26,115,0,-5,2,0,216,86,0,0,5.05,0.52,2.63,496.55199999999934
0,2,-1,-13,25,0,5,1,0,31,136,0,-5,3,-1,250,113,0,0,5.05,0.52,2.63,498.0169999999993
0,2,0,-7,28,0,4,1,0,39,155,0,-4,2,-1,95,115,0,0,5.05,0.52,2.63,499.4819999999993
0,2,0,0,34,0,3,1,0,45,175,0,-3,2,0,86,65,0,0,5.05,0.52,2.63,500.94699999999926
0,2,0,1,34,0,3,1,0,46,181,0,-3,2,0,78,48,0,0,5.05,0.52,2.63,502.41199999999924
0,2,0,3,32,0,2,1,0,49,196,0,-2,2,-1,53,-24,0,0,5.04,0.47,2.4,503.74999999999926
0,2,0,0,30,0,1,1,0,40,212,0,-1,1,-1,32,-92,0,0,5.04,0.47,2.4,505.0879999999993
0,2,0,-9,22,0,0,1,0,33,228,0,-1,1,-1,7,-113,0,0,5.04,0.47,2.4,506.4259999999993
0,1,0,-13,18,0,0,1,-1,28,235,0,0,1,-1,-18,-124,0,0,5.04,0.47,2.4,507.7639999999993
0,1,0,-13,17,0,0,1,-1,27,235,0,0,1,-1,-20,-106,0,0,5.04,0.47,2.4,509.10199999999935
0,1,0,-11,13,0,-1,1,-1,27,224,0,0,1,-1,-26,-103,0,0,5.04,0.47,2.4,510.4399999999994
0,1,0,-7,11,0,-2,1,-1,19,189,0,0,1,-2,-32,-100,0,0,5.04,0.47,2.4,511.7779999999994
0,1,0,-5,9,0,-2,1,0,7,143,0,0,0,-2,-42,-103,0,0,5.04,0.47,2.4,513.1159999999994
0,1,0,-5,7,0,-2,1,0,1,122,0,0,0,-2,-46,-107,0,0,5.04,0.47,2.4,514.4539999999994
0,1,0,-3,0,0,-2,1,0,-17,78,0,1,0,-2,-45,-99,0,0,5.04,0.47,2.4,515.7919999999993
0,1,0,-2,-10,0,-3,1,0,-32,29,0,1,0,-2,-42,-61,0,0,5.04,0.47,2.4,517.1299999999993
0,2,0,0,-18,0,-3,1,0,-42,-20,0,1,0,-2,-44,-34,0,0,5.04,0.47,2.4,518.4679999999993
0,2,0,0,-20,0,-3,1,0,-44,-33,0,1,0,-2,-44,-26,0,0,5.04,0.47,2.4,519.8059999999992
0,2,0,0,-22,0,-3,1,0,-39,-56,0,2,0,-2,-37,-1,0,0,5.04,0.47,2.4,521.1439999999992
0,2,0,2,-21,0,-3,1,0,-31,-76,0,2,1,-2,-47,24,0,0,5.04,0.47,2.4,522.4819999999992
0,2,0,3,-19,0,-2,1,0,-28,-95,0,2,1,-2,-44,49,0,0,5.04,0.47,2.4,523.8199999999991
0,2,0,4,-18,0,-2,1,0,-27,-105,0,2,1,-2,-48,58,0,0,5.04,0.47,2.4,525.1579999999991
0,2,0,5,-16,0,-2,1,0,-25,-147,0,1,1,-2,-67,79,0,0,5.04,0.47,2.4,526.4959999999991
0,1,0,5,-15,0,-2,1,0,-23,-205,0,1,1,-2,-73,82,0,0,5.04,0.47,2.4,527.833999999999
0,1,0,6,-16,0,-2,1,0,-13,-250,0,1,1,-1,-76,62,0,0,5.04,0.47,2.4,529.171999999999
0,1,0,6,-18,0,-2,1,0,-8,-250,0,1,1,-2,-79,69,0,0,5.04,0.47,2.4,530.509999999999
0,1,0,8,-24,0,-1,1,-1,-1,-250,0,0,1,-1,-88,53,0,0,5.03,0.45,2.3,531.787999999999
0,1,0,8,-30,0,0,0,-1,1,-250,0,0,1,-1,-103,41,0,0,5.03,0.45,2.3,533.065999999999
0,1,0,6,-34,0,1,0,-1,-25,-237,0,0,1,0,-116,43,0,0,5.03,0.45,2.3,534.343999999999
0,2,0,6,-36,0,2,0,-1,-29,-220,0,0,1,0,-132,55,0,0,5.03,0.45,2.3,535.621999999999
0,3,-1,7,-33,0,3,0,-1,-29,-228,0,-1,1,0,-165,75,0,0,5.03,0.45,2.3,536.8999999999991
0,4,-1,14,-24,0,5,0,-1,-58,-230,0,-3,0,0,-125,50,0,0,5.03,0.45,2.3,538.1779999999991
0,5,0,14,-6,0,5,0,-2,-43,-222,0,-5,0,1,-43,-4,0,0,5.03,0.45,2.3,539.4559999999991
0,5,0,9,5,0,5,0,-2,-28,-221,0,-5,0,1,-15,-15,0,0,5.03,0.45,2.3,540.7339999999991
0,5,0,-4,17,0,5,0,-2,-20,-174,0,-5,1,3,67,-49,0,0,5.03,0.45,2.3,542.0119999999991
0,3,0,-22,13,0,5,0,-1,-3,-62,0,-5,2,3,46,-8,0,0,5.03,0.45,2.3,543.2899999999992
0,3,0,-27,10,0,5,0,0,-5,33,0,-5,2,3,57,44,0,0,5.03,0.45,2.3,544.5679999999992
0,2,0,-27,9,0,5,0,0,-7,130,0,-5,2,2,79,61,0,0,5.03,0.45,2.3,545.8459999999992
0,2,-1,-27,9,0,5,0,0,-1,157,0,-5,2,2,87,72,0,0,5.03,0.45,2.3,547.1239999999992
0,2,-1,-21,12,0,5,0,0,18,202,0,-2,4,1,-114,250,0,0,5.03,0.45,2.3,548.4019999999992
0,2,-1,-13,14,0,5,1,0,28,222,0,-4,2,2,169,152,0,0,5.03,0.45,2.3,549.6799999999993
0,2,-1,-1,18,0,4,1,0,35,230,0,-4,2,0,138,37,0,0,5.03,0.45,2.3,550.9579999999993
0,2,-1,0,20,0,3,1,-1,36,230,0,-3,2,0,144,17,0,0,5.03,0.45,2.3,552.2359999999993
0,2,0,10,22,0,2,1,-1,40,220,0,-3,2,-1,127,-37,0,0,5.03,0.45,2.3,553.5139999999993
0,2,0,17,26,0,0,1,-1,44,205,0,-2,2,-1,97,-103,0,0,5.03,0.45,2.3,554.7919999999993
0,2,0,18,27,0,0,1,-1,35,206,0,-1,1,-2,56,-150,0,0,5.03,0.45,2.3,556.0699999999994
0,2,0,6,24,0,0,1,0,20,214,0,-1,1,-2,28,-159,0,0,5.03,0.45,2.3,557.3479999999994
0,2,0,0,19,0,0,1,0,16,222,0,-1,1,-2,20,-141,0,0,5.05,0.5,2.57,558.7769999999994
0,2,0,-13,12,0,0,1,0,6,231,0,0,1,-2,2,-115,0,0,5.05,0.5,2.57,560.2059999999993
0,1,0,-15,9,0,0,0,0,-9,228,0,0,0,-2,1,-98,0,0,5.05,0.5,2.57,561.6349999999993
0,1,0,-14,7,0,-1,0,0,-23,221,0,0,0,-2,-21,-107,0,0,5.05,0.5,2.57,563.0639999999993
0,1,0,-12,6,0,-1,0,0,-24,213,0,0,0,-1,-44,-120,0,0,5.05,0.5,2.57,564.4929999999993
0,1,0,-10,7,0,-2,1,0,-16,194,0,0,0,-2,-69,-129,0,0,5.05,0.5,2.57,565.9219999999992
0,1,0,-7,3,0,-2,1,0,-8,164,0,1,0,-1,-83,-103,0,0,5.05,0.5,2.57,567.3509999999992
0,1,0,-5,0,0,-3,1,0,1,121,0,1,0,-2,-81,-70,0,0,5.05,0.5,2.57,568.7799999999992
0,1,0,-4,-2,0,-3,1,0,8,104,0,1,0,-1,-67,-68,0,0,5.05,0.5,2.57,570.2089999999992
0,1,0,-1,-7,0,-3,1,0,15,55,0,2,0,-2,-58,-48,0,0,5.05,0.5,2.57,571.6379999999991
0,1,0,4,-12,0,-3,1,0,15,0,0,2,0,-1,-57,-21,0,0,5.05,0.5,2.57,573.0669999999991
0,1,0,9,-17,0,-3,2,0,5,-59,0,2,0,-2,-22,0,0,0,5.05,0.5,2.57,574.4959999999991
0,1,0,9,-19,0,-3,2,0,1,-83,0,2,0,-2,-10,10,0,0,5.05,0.5,2.57,575.924999999999
0,1,0,11,-25,0,-3,2,0,-7,-142,0,2,1,-1,-4,23,0,0,5.05,0.5,2.57,577.353999999999
0,1,0,10,-29,0,-3,2,0,-13,-186,0,2,1,-1,-14,24,0,0,5.05,0.5,2.57,578.782999999999
0,1,0,11,-34,0,-2,2,0,-19,-219,0,2,1,-2,-31,25,0,0,5.05,0.5,2.57,580.211999999999
0,1,0,11,-35,0,-2,1,0,-21,-230,0,2,1,-2,-35,29,0,0,5.05,0.5,2.57,581.6409999999989
0,1,0,12,-39,0,-1,1,0,-29,-249,0,1,1,-2,-49,51,0,0,5.05,0.5,2.57,583.0699999999989
0,2,0,12,-42,0,0,1,-1,-35,-250,0,1,1,-2,-68,75,0,0,5.05,0.5,2.57,584.4989999999989
0,2,0,13,-42,0,0,1,-1,-44,-250,0,0,1,-1,-82,84,0,0,5.05,0.5,2.57,585.9279999999989
0,2,0,14,-41,0,0,1,0,-51,-250,0,0,1,-1,-87,85,0,0,5.05,0.5,2.57,587.3569999999988
0,3,-1,15,-37,0,1,1,0,-44,-250,0,0,1,-1,-97,93,0,0,5.03,0.43,2.19,588.5739999999988
0,4,-1,12,-20,0,4,1,0,-69,-226,0,0,1,-1,-122,130,0,0,5.03,0.43,2.19,589.7909999999988
0,5,-1,-8,6,0,5,0,-1,-69,-238,0,-2,0,0,-104,160,0,0,5.03,0.43,2.19,591.0079999999988
0,5,0,-17,12,0,5,0,-1,-24,-199,0,-5,0,0,-52,136,0,0,5.03,0.43,2.19,592.2249999999988
0,4,0,-14,23,0,5,0,-1,5,-184,0,-5,1,1,-36,126,0,0,5.03,0.43,2.19,593.4419999999988
0,3,0,-18,19,0,5,0,-1,29,-141,0,-5,2,2,-2,79,0,0,5.03,0.43,2.19,594.6589999999987
0,2,-1,-21,15,0,5,0,-1,6,-46,0,-5,2,2,2,73,0,0,5.03,0.43,2.19,595.8759999999987
0,2,-1,-20,9,0,5,0,0,9,11,0,-5,2,2,30,71,0,0,5.03,0.43,2.19,597.0929999999987
0,2,-1,-20,7,0,5,0,0,11,38,0,-5,2,2,46,65,0,0,5.03,0.43,2.19,598.3099999999987
0,2,-1,-14,4,0,5,0,0,12,105,0,-5,2,2,101,33,0,0,5.03,0.43,2.19,599.5269999999987
0,2,-1,-11,10,0,5,0,0,26,151,0,-5,2,1,116,53,0,0,5.03,0.43,2.19,600.7439999999987
0,2,0,-7,24,0,5,1,0,29,187,0,-4,5,2,-63,152,0,0,5.03,0.43,2.19,601.9609999999986
0,2,0,-6,28,0,5,1,0,32,203,0,-5,2,0,250,65,0,0,5.03,0.43,2.19,603.1779999999986
0,2,0,-5,30,0,3,1,0,39,234,0,-3,2,0,83,89,0,0,5.03,0.43,2.19,604.3949999999986
0,2,0,-3,36,0,2,1,-1,51,242,0,-2,2,0,74,52,0,0,5.03,0.43,2.19,605.6119999999986
0,2,0,-5,32,0,1,1,-1,54,228,0,-2,2,0,53,-22,0,0,5.03,0.43,2.19,606.8289999999986
0,2,0,-6,28,0,0,1,-1,52,221,0,-2,1,-1,46,-57,0,0,5.03,0.43,2.19,608.0459999999986
0,2,0,-8,21,0,0,1,-1,35,208,0,-1,1,-1,28,-107,0,0,5.03,0.43,2.19,609.2629999999986
0,1,0,-8,15,0,0,1,-1,21,201,0,0,1,-1,4,-125,0,0,5.03,0.43,2.19,610.4799999999985
0,1,0,-10,12,0,-1,1,-1,0,192,0,0,1,-2,-14,-127,0,0,5.03,0.43,2.19,611.6969999999985
0,1,0,-10,12,0,-1,1,-1,-5,192,0,0,1,-2,-13,-99,0,0,5.03,0.43,2.19,612.9139999999985
0,1,0,-10,15,0,-1,1,0,-25,196,0,0,1,-2,-28,-86,0,0,5.04,0.45,2.29,614.1879999999985
0,2,0,-10,15,0,-2,1,0,-41,178,0,0,1,-2,-41,-80,0,0,5.04,0.45,2.29,615.4619999999985
0,2,0,-4,7,0,-3,1,0,-30,102,0,2,0,-2,-62,-74,0,0,5.04,0.45,2.29,616.7359999999985
0,1,0,-2,1,0,-3,1,0,-5,72,0,2,1,-2,-68,-34,0,0,5.04,0.45,2.29,618.0099999999985
0,1,0,-1,-1,0,-3,1,0,1,62,0,2,1,-2,-67,-30,0,0,5.04,0.45,2.29,619.2839999999985
0,1,0,2,-7,0,-3,1,0,14,41,0,2,1,-2,-46,-17,0,0,5.04,0.45,2.29,620.5579999999985
0,1,0,5,-13,0,-4,1,0,18,0,0,2,1,-2,-51,9,0,0,5.04,0.45,2.29,621.8319999999985
0,1,0,8,-17,0,-4,2,0,11,-64,0,2,1,-2,-55,35,0,0,5.04,0.45,2.29,623.1059999999985
0,1,0,9,-18,0,-4,2,0,6,-95,0,2,1,-2,-55,41,0,0,5.04,0.45,2.29,624.3799999999985
0,1,0,11,-21,0,-4,2,0,0,-175,0,2,1,-2,-63,60,0,0,5.04,0.45,2.29,625.6539999999985
0,1,0,14,-24,0,-3,1,0,0,-240,0,2,1,-2,-67,57,0,0,5.04,0.45,2.29,626.9279999999985
0,1,0,15,-27,0,-2,1,-1,0,-250,0,2,0,-2,-68,57,0,0,5.04,0.45,2.29,628.2019999999985
0,1,0,16,-28,0,-2,1,-1,-5,-250,0,2,0,-2,-70,60,0,0,5.04,0.45,2.29,629.4759999999985
0,2,0,16,-32,0,-1,1,-1,-20,-250,0,1,0,-2,-77,61,0,0,5.04,0.45,2.29,630.7499999999985
0,2,0,17,-37,0,0,1,-1,-45,-250,0,0,0,-1,-92,46,0,0,5.04,0.45,2.29,632.0239999999985
0,2,0,19,-38,0,0,0,-1,-60,-250,0,0,0,-1,-114,38,0,0,5.04,0.45,2.29,633.2979999999985
0,2,-1,-26,0,0,5,0,0,53,179,0,-5,2,0,250,114,0,0,5.04,0.47,2.37,634.6209999999985
0,2,0,-16,0,0,4,0,0,67,168,0,-5,1,0,147,77,0,0,5.04,0.47,2.37,635.9439999999985
0,2,0,-12,10,0,2,0,0,86,153,0,-4,1,0,169,1,0,0,5.04,0.47,2.37,637.2669999999985
0,2,0,-6,11,0,1,0,0,75,160,0,-4,2,-1,97,-55,0,0,5.04,0.47,2.37,638.5899999999984
0,2,0,-2,11,0,1,1,0,64,178,0,-3,2,-1,94,-77,0,0,5.04,0.47,2.37,639.9129999999984
0,2,-1,0,5,0,0,1,0,41,231,0,-2,0,-1,100,-125,0,0,5.04,0.47,2.37,641.2359999999984
0,2,-1,1,-4,0,0,1,-1,30,250,0,-1,1,-2,71,-130,0,0,5.04,0.47,2.37,642.5589999999984
0,2,-1,1,-9,0,0,1,-1,30,250,0,0,1,-2,61,-106,0,0,5.04,0.47,2.37,643.8819999999984
0,2,-1,0,-11,0,0,1,-1,29,250,0,0,1,-2,53,-108,0,0,5.04,0.47,2.37,645.2049999999983
0,2,0,0,-9,0,-1,1,-1,17,250,0,0,1,-2,33,-119,0,0,5.04,0.47,2.37,646.5279999999983
0,2,0,-1,-4,0,-2,1,0,2,240,0,0,0,-2,-2,-79,0,0,5.04,0.47,2.37,647.8509999999983
0,2,0,-3,-1,0,-2,1,0,-2,189,0,1,0,-2,-34,-58,0,0,5.04,0.47,2.37,649.1739999999983
0,2,0,-4,2,0,-3,1,0,-2,124,0,1,1,-1,-62,-68,0,0,5.04,0.47,2.37,650.4969999999983
0,2,0,-4,-2,0,-3,1,0,0,97,0,1,1,-1,-75,-76,0,0,5.04,0.47,2.37,651.8199999999982
0,2,0,-4,-5,0,-3,1,0,3,24,0,2,0,-1,-55,-31,0,0,5.04,0.47,2.37,653.1429999999982
0,2,0,-3,-8,0,-3,1,0,0,-33,0,2,1,-1,-82,0,0,0,5.04,0.47,2.37,654.4659999999982
0,1,0,-2,-15,0,-3,1,0,-8,-67,0,2,0,-1,-65,20,0,0,5.04,0.47,2.37,655.7889999999982
0,1,0,-1,-17,0,-2,1,0,-12,-76,0,2,0,-1,-62,21,0,0,5.04,0.47,2.37,657.1119999999981
0,1,0,0,-24,0,-2,1,0,-22,-98,0,2,0,-1,-65,38,0,0,5.04,0.47,2.41,658.4519999999982
0,1,0,0,-30,0,-2,1,0,-28,-132,0,2,0,-1,-61,50,0,0,5.04,0.47,2.41,659.7919999999982
0,1,0,2,-32,0,-2,1,0,-32,-175,0,2,0,-1,-57,59,0,0,5.04,0.47,2.41,661.1319999999982
0,1,0,3,-34,0,-2,1,0,-33,-193,0,2,0,-1,-52,63,0,0,5.04,0.47,2.41,662.4719999999983
0,1,0,7,-35,0,-2,1,0,-36,-238,0,2,0,-2,-30,83,0,0,5.04,0.47,2.41,663.8119999999983
0,1,0,10,-36,0,-1,1,0,-29,-250,0,2,0,-2,-21,125,0,0,5.04,0.47,2.41,665.1519999999983
0,2,0,14,-39,0,0,1,0,-43,-250,0,1,0,-1,-37,151,0,0,5.04,0.47,2.41,666.4919999999984
0,2,0,15,-39,0,0,1,-1,-46,-250,0,1,0,-1,-45,151,0,0,5.04,0.47,2.41,667.8319999999984
0,2,-1,19,-40,0,0,1,-1,-52,-250,0,0,0,-1,-58,130,0,0,5.04,0.47,2.41,669.1719999999984
0,2,-1,23,-37,0,2,0,-1,-56,-250,0,0,0,0,-59,101,0,0,5.04,0.47,2.41,670.5119999999985
0,3,-1,23,-26,0,4,0,0,-77,-247,0,-1,0,0,-62,96,0,0,5.04,0.47,2.41,671.8519999999985
0,4,-1,19,-18,0,5,0,0,-87,-231,0,-1,1,0,-60,92,0,0,5.04,0.47,2.41,673.1919999999985
0,5,0,-20,1,0,5,0,0,-61,-174,0,-4,0,0,-24,39,0,0,5.04,0.47,2.41,674.5319999999986
1,4,0,-35,1,0,5,0,-1,-17,-135,0,-5,0,0,55,-13,0,0,5.04,0.47,2.41,675.8719999999986
0,3,0,-30,20,0,5,-1,-1,-13,-91,0,-5,2,1,99,1,0,0,5.04,0.47,2.41,677.2119999999986
0,2,-1,-30,24,0,5,-1,-1,7,-47,0,-5,2,1,87,34,0,0,5.04,0.47,2.41,678.5519999999987
0,2,-1,-32,32,0,5,0,0,6,-1,0,-5,2,2,79,86,0,0,5.04,0.47,2.41,679.8919999999987
0,1,0,-37,27,0,5,0,0,-1,61,0,-5,2,1,89,105,0,0,5.04,0.47,2.41,681.2319999999987
0,2,-1,-36,17,0,5,0,0,16,101,0,-4,2,0,-42,250,0,0,5.04,0.47,2.41,682.5719999999988
0,2,-1,-35,15,0,5,0,0,25,108,0,-5,5,1,106,144,0,0,5.04,0.47,2.41,683.9119999999988
0,2,-1,-24,14,0,5,0,0,41,126,0,-5,3,1,228,143,0,0,5.04,0.47,2.41,685.2519999999988
0,2,0,-18,22,0,4,0,0,51,143,0,-5,2,0,-17,58,0,0,5.03,0.42,2.12,686.4339999999988
0,2,0,-10,26,0,3,0,0,57,164,0,-3,2,-1,19,0,0,0,5.03,0.42,2.12,687.6159999999988
0,2,0,-6,28,0,2,0,0,58,170,0,-3,2,-1,25,-21,0,0,5.03,0.42,2.12,688.7979999999989
0,2,0,-2,29,0,1,1,0,66,187,0,-2,1,-1,28,-72,0,0,5.03,0.42,2.12,689.9799999999989
0,2,0,-2,18,0,0,1,0,64,211,0,-2,1,-1,5,-99,0,0,5.03,0.42,2.12,691.1619999999989
0,2,-1,-1,8,0,0,1,0,57,234,0,-1,1,-1,-27,-120,0,0,5.03,0.42,2.12,692.3439999999989
0,2,-1,-2,-3,0,0,1,-1,48,225,0,0,1,-2,-27,-73,0,0,5.03,0.42,2.12,693.5259999999989
0,2,0,-5,-6,0,0,1,0,45,222,0,0,1,-2,-18,-54,0,0,5.03,0.42,2.12,694.707999999999
0,2,0,-1,-5,0,-1,1,-1,31,207,0,0,1,-1,-21,-52,0,0,5.03,0.42,2.12,695.889999999999
0,2,0,-1,0,0,-1,1,0,15,186,0,0,0,-2,-23,-46,0,0,5.03,0.42,2.12,697.071999999999
0,2,0,-1,4,0,-2,2,0,1,157,0,0,1,-1,-38,-33,0,0,5.03,0.42,2.12,698.253999999999
0,2,0,-1,6,0,-2,2,0,-4,143,0,0,0,-1,-48,-40,0,0,5.03,0.42,2.12,699.435999999999
0,2,0,-4,8,0,-2,2,0,-15,106,0,1,0,-1,-72,-43,0,0,5.03,0.42,2.12,700.617999999999
0,2,0,-6,7,0,-2,2,0,-14,66,0,2,0,-2,-69,-9,0,0,5.03,0.42,2.12,701.799999999999
0,2,0,-4,4,0,-2,2,0,-18,29,0,2,1,-1,-79,23,0,0,5.03,0.42,2.12,702.9819999999991
0,2,0,-3,1,0,-2,1,0,-19,15,0,1,0,-1,-55,26,0,0,5.03,0.42,2.12,704.1639999999991
0,2,0,0,-5,0,-2,1,0,-22,-19,0,2,1,-1,-20,6,0,0,5.03,0.42,2.12,705.3459999999991
0,1,0,4,-13,0,-2,2,0,-21,-66,0,2,1,-1,-20,0,0,0,5.03,0.42,2.12,706.5279999999991
0,1,0,6,-21,0,-2,2,0,-18,-121,0,2,1,-1,-28,4,0,0,5.03,0.42,2.12,707.7099999999991
0,1,0,7,-23,0,-2,2,0,-16,-144,0,2,1,-2,-35,12,0,0,5.03,0.42,2.12,708.8919999999991
0,1,0,9,-28,0,-2,1,0,-9,-195,0,2,1,-2,-42,32,0,0,5.03,0.42,2.12,710.0739999999992
0,1,0,11,-32,0,-2,1,0,-4,-231,0,2,1,-2,-52,39,0,0,5.04,0.48,2.45,711.4369999999992
0,1,0,14,-35,0,-1,1,0,-6,-230,0,1,1,-1,-59,46,0,0,5.04,0.48,2.45,712.7999999999993
0,1,0,15,-37,0,-1,1,0,-12,-218,0,1,1,-1,-64,47,0,0,5.04,0.48,2.45,714.1629999999993
0,1,0,17,-42,0,-1,1,-1,-22,-194,0,1,1,-1,-65,46,0,0,5.04,0.48,2.45,715.5259999999994
0,2,-1,18,-45,0,-1,1,-1,-17,-197,0,1,1,-1,-62,45,0,0,5.04,0.48,2.45,716.8889999999994
0,2,-1,21,-44,0,0,1,-2,-41,-224,0,0,1,-1,-68,45,0,0,5.04,0.48,2.45,718.2519999999995
0,2,-1,22,-43,0,0,1,-2,-53,-236,0,0,1,0,-66,40,0,0,5.04,0.48,2.45,719.6149999999996
0,2,-1,29,-39,0,3,0,-2,-96,-250,0,-1,1,0,-56,26,0,0,5.04,0.48,2.45,720.9779999999996
0,3,-1,37,-35,0,5,0,-1,-124,-250,0,-4,1,0,-46,-3,0,0,5.04,0.48,2.45,722.3409999999997
0,4,0,35,-16,0,5,0,0,-85,-250,0,-5,1,1,2,-79,0,0,5.04,0.48,2.45,723.7039999999997
0,5,0,16,-2,0,5,0,0,-74,-244,0,-5,1,1,15,-96,0,0,5.04,0.48,2.45,725.0669999999998
1,5,0,-22,9,0,5,0,-1,-69,-161,0,-5,1,2,35,-41,0,0,5.04,0.48,2.45,726.4299999999998
1,3,-1,-32,23,0,5,-1,-1,-38,-16,0,-5,2,2,44,2,0,0,5.04,0.48,2.45,727.7929999999999
0,2,-1,-35,33,0,5,-1,0,13,124,0,-5,3,2,-56,182,0,0,5.04,0.48,2.45,729.156
0,2,-1,-32,40,0,5,-1,0,9,169,0,-5,4,2,97,86,0,0,5.04,0.48,2.45,730.519
0,1,0,-29,36,0,5,0,0,7,233,0,-5,3,1,58,58,0,0,5.04,0.48,2.45,731.8820000000001
0,1,-1,-25,31,0,5,0,0,58,230,0,-5,2,1,64,5,0,0,5.04,0.48,2.45,733.2450000000001
0,2,-1,-18,20,0,4,0,0,92,230,0,-4,2,0,63,-32,0,0,5.04,0.48,2.45,734.6080000000002
0,2,-1,-14,24,0,3,0,0,100,223,0,-4,2,0,82,-46,0,0,5.04,0.48,2.45,735.9710000000002
0,2,-1,-10,26,0,2,0,0,116,203,0,-2,2,0,99,-83,0,0,5.04,0.48,2.45,737.3340000000003
0,2,0,-14,28,0,1,1,0,120,186,0,-2,2,-1,84,-107,0,0,5.04,0.48,2.45,738.6970000000003
0,2,0,-16,27,0,0,1,-1,113,206,0,-1,1,-1,70,-97,0,0,5.04,0.46,2.31,739.9870000000003
0,2,0,-13,27,0,0,1,-1,92,243,0,0,1,-2,47,-81,0,0,5.04,0.46,2.31,741.2770000000003
0,2,0,-14,24,0,0,1,-1,84,250,0,0,1,-2,36,-64,0,0,5.04,0.46,2.31,742.5670000000002
0,1,0,-11,20,0,0,1,-1,70,250,0,0,1,-2,20,-33,0,0,5.04,0.46,2.31,743.8570000000002
0,1,0,-9,17,0,-1,1,-1,57,246,0,0,1,-2,14,-55,0,0,5.04,0.46,2.31,745.1470000000002
0,1,-1,-8,16,0,-1,1,-1,38,211,0,1,1,-2,5,-35,0,0,5.04,0.46,2.31,746.4370000000001
0,1,0,-7,19,0,-1,1,-1,31,190,0,1,1,-2,2,-25,0,0,5.04,0.46,2.31,747.7270000000001
0,1,0,-8,21,0,-2,1,-1,20,129,0,1,1,-2,-24,-28,0,0,5.04,0.46,2.31,749.017
0,2,0,-7,20,0,-2,2,-1,8,77,0,1,1,-1,-43,-29,0,0,5.04,0.46,2.31,750.307
0,2,0,-6,15,0,-2,2,0,-1,37,0,1,1,-1,-58,-35,0,0,5.04,0.46,2.31,751.597
0,2,0,-5,12,0,-2,2,0,-5,23,0,2,1,-1,-61,-32,0,0,5.04,0.46,2.31,752.887
0,2,0,0,5,0,-2,2,0,-15,-2,0,1,1,-1,-65,-23,0,0,5.04,0.46,2.31,754.1769999999999
0,2,0,3,-1,0,-2,2,0,-27,-30,0,1,1,-1,-73,-4,0,0,5.04,0.46,2.31,755.4669999999999
0,1,0,7,-7,0,-2,2,0,-37,-64,0,2,1,-1,-66,9,0,0,5.04,0.46,2.31,756.7569999999998
0,1,0,9,-10,0,-2,2,0,-39,-77,0,1,1,-1,-63,27,0,0,5.04,0.46,2.31,758.0469999999998
0,1,0,12,-15,0,-2,2,0,-40,-109,0,1,0,-1,-53,46,0,0,5.04,0.46,2.31,759.3369999999998
0,1,0,14,-18,0,-2,2,0,-40,-140,0,1,1,-1,-43,68,0,0,5.04,0.46,2.31,760.6269999999997
0,2,0,16,-17,0,-2,2,0,-41,-180,0,1,1,-1,-27,73,0,0,5.04,0.46,2.31,761.9169999999997
0,2,0,17,-16,0,-2,2,0,-42,-198,0,1,1,-1,-18,75,0,0,5.04,0.46,2.31,763.2069999999997
0,2,0,18,-18,0,-2,1,0,-42,-250,0,2,1,-2,6,79,0,0,5.04,0.46,2.31,764.4969999999996
0,2,0,25,-20,0,-2,1,-1,-39,-250,0,1,0,-2,36,88,0,0,5.04,0.46,2.31,765.7869999999996
0,2,-1,18,-30,0,-1,1,-1,-24,-250,0,1,1,-2,41,106,0,0,5.03,0.44,2.21,767.0209999999996
0,2,-1,17,-33,0,0,1,0,-34,-250,0,0,1,-1,31,107,0,0,5.03,0.44,2.21,768.2549999999997
0,2,-1,20,-41,0,0,0,-1,-60,-250,0,0,1,-1,-18,108,0,0,5.03,0.44,2.21,769.4889999999997
0,3,-1,25,-45,0,1,0,-1,-54,-250,0,-1,0,-1,-62,137,0,0,5.03,0.44,2.21,770.7229999999997
0,4,-1,26,-36,0,4,0,-1,-50,-250,0,-2,0,-1,-62,175,0,0,5.03,0.44,2.21,771.9569999999998
0,4,-1,21,-29,0,5,0,-1,-51,-250,0,-3,0,-1,-50,166,0,0,5.03,0.44,2.21,773.1909999999998
1,5,0,-8,-4,0,5,0,-1,-20,-241,0,-5,0,0,23,105,0,0,5.03,0.44,2.21,774.4249999999998
1,4,0,-30,17,0,5,0,-2,0,-165,0,-5,1,0,76,71,0,0,5.03,0.44,2.21,775.6589999999999
0,3,0,-33,34,0,5,0,-2,-6,-108,0,-5,2,1,37,63,0,0,5.03,0.44,2.21,776.8929999999999
0,2,0,-33,38,0,5,0,-1,-9,-59,0,-5,4,1,37,53,0,0,5.03,0.44,2.21,778.127
0,2,0,-36,38,0,5,0,0,-11,50,0,-5,2,-2,250,60,0,0,5.03,0.44,2.21,779.361
0,1,0,-35,36,0,5,0,0,-9,138,0,-5,4,0,-5,24,0,0,5.03,0.44,2.21,780.595
0,1,-1,-35,22,0,5,0,0,22,226,0,-5,2,0,-29,-14,0,0,5.03,0.44,2.21,781.8290000000001
0,2,-1,-29,12,0,5,0,0,38,250,0,-5,3,0,-48,-41,0,0,5.03,0.44,2.21,783.0630000000001
0,2,-1,-25,11,0,4,0,0,44,250,0,-5,2,-1,-6,-59,0,0,5.03,0.44,2.21,784.2970000000001
0,2,-1,-16,11,0,2,0,-1,58,240,0,-3,2,-1,-8,-74,0,0,5.03,0.44,2.21,785.5310000000002
0,2,0,-9,15,0,1,0,-1,64,225,0,-2,2,-1,-13,-85,0,0,5.03,0.44,2.21,786.7650000000002
0,2,0,-6,18,0,0,1,-1,49,237,0,-1,1,-1,-11,-86,0,0,5.03,0.44,2.21,787.9990000000003
0,2,0,-5,17,0,0,1,-1,40,245,0,-1,1,-1,-7,-90,0,0,5.03,0.44,2.21,789.2330000000003
0,2,0,-5,16,0,-1,1,-1,22,250,0,0,1,-1,-16,-97,0,0,5.03,0.44,2.21,790.4670000000003
0,2,0,-5,12,0,-1,1,-1,14,250,0,0,1,-2,-11,-62,0,0,5.03,0.44,2.21,791.7010000000004
0,2,0,-5,11,0,-1,1,-1,5,250,0,0,1,-1,-24,-57,0,0,5.04,0.48,2.42,793.0520000000004
0,2,0,-5,13,0,-1,1,-1,-2,250,0,0,1,-1,-29,-63,0,0,5.04,0.48,2.42,794.4030000000004
0,1,0,-2,15,0,-2,1,-1,-25,234,0,0,1,-1,-38,-81,0,0,5.04,0.48,2.42,795.7540000000004
0,2,0,-1,14,0,-3,1,-1,-32,166,0,1,1,-1,-39,-61,0,0,5.04,0.48,2.42,797.1050000000004
0,2,0,0,11,0,-3,1,-1,-16,100,0,1,1,-1,-48,-44,0,0,5.04,0.48,2.42,798.4560000000004
0,2,0,0,11,0,-3,2,0,-12,78,0,1,1,-1,-58,-55,0,0,5.04,0.48,2.42,799.8070000000004
0,2,0,0,5,0,-3,2,0,-12,19,0,2,0,-1,-55,-4,0,0,5.04,0.48,2.42,801.1580000000004
0,2,0,2,-1,0,-2,1,0,-14,-13,0,1,1,-1,-39,18,0,0,5.04,0.48,2.42,802.5090000000004
0,2,0,4,-6,0,-2,1,0,-19,-36,0,2,0,-1,-64,-1,0,0,5.04,0.48,2.42,803.8600000000004
0,2,0,5,-9,0,-2,1,0,-22,-45,0,2,0,-1,-55,-7,0,0,5.04,0.48,2.42,805.2110000000004
0,2,0,7,-16,0,-3,2,0,-28,-78,0,2,0,-1,-60,8,0,0,5.04,0.48,2.42,806.5620000000004
0,2,0,8,-24,0,-3,2,0,-28,-120,0,2,0,-1,-54,42,0,0,5.04,0.48,2.42,807.9130000000004
0,1,0,9,-30,0,-2,2,0,-21,-165,0,3,0,-1,-34,55,0,0,5.04,0.48,2.42,809.2640000000004
0,1,0,9,-32,0,-2,1,0,-18,-179,0,2,0,-1,-27,59,0,0,5.04,0.48,2.42,810.6150000000004
0,1,0,10,-35,0,-2,1,0,-14,-211,0,2,0,-1,-12,75,0,0,5.04,0.48,2.42,811.9660000000003
0,2,0,11,-37,0,-1,1,0,-10,-241,0,2,0,-1,-10,98,0,0,5.04,0.48,2.42,813.3170000000003
0,2,0,12,-41,0,-1,1,0,-2,-250,0,1,0,-1,-17,108,0,0,5.04,0.48,2.42,814.6680000000003
0,2,0,11,-42,0,-1,1,0,0,-250,0,1,0,-1,-22,113,0,0,5.04,0.48,2.42,816.0190000000003
0,2,-1,10,-43,0,0,1,0,22,-250,0,0,0,-1,-27,94,0,0,5.04,0.48,2.42,817.3700000000003
0,2,-1,8,-48,0,1,0,0,20,-250,0,0,0,-1,-20,69,0,0,5.04,0.48,2.42,818.7210000000003
0,2,-1,8,-43,0,3,0,-1,-25,-250,0,-2,0,0,-1,49,0,0,5.04,0.48,2.42,820.0720000000003
0,2,-1,10,-39,0,4,0,-1,-32,-249,0,-3,0,0,11,41,0,0,5.03,0.44,2.24,821.3220000000003
0,3,-1,16,-29,0,5,0,-2,-37,-250,0,-5,0,0,42,4,0,0,5.03,0.44,2.24,822.5720000000003
0,3,-1,22,-17,0,5,0,-1,-46,-212,0,-5,2,1,39,13,0,0,5.03,0.44,2.24,823.8220000000003
0,4,-1,23,-4,0,5,0,-2,-27,-160,0,-5,2,1,-23,57,0,0,5.03,0.44,2.24,825.0720000000003
0,4,0,4,10,0,5,-1,-2,-31,-66,0,-5,2,0,-8,44,0,0,5.03,0.44,2.24,826.3220000000003
1,4,0,-7,15,0,5,0,-2,-25,-14,0,-5,2,0,8,39,0,0,5.03,0.44,2.24,827.5720000000003
0,3,0,-37,14,0,5,0,0,-29,107,0,-5,2,0,10,103,0,0,5.03,0.44,2.24,828.8220000000003
0,2,-1,-40,19,0,5,0,0,-26,197,0,-5,3,0,203,53,0,0,5.03,0.44,2.24,830.0720000000003
0,2,0,-37,30,0,5,0,0,10,217,0,-5,3,0,13,6,0,0,5.03,0.44,2.24,832.5720000000003
0,2,-1,-29,33,0,4,0,0,20,214,0,-4,2,0,19,-50,0,0,5.03,0.44,2.24,833.8220000000003
0,2,-1,-19,32,0,3,0,0,35,220,0,-3,2,-1,16,-82,0,0,5.03,0.44,2.24,835.0720000000003
0,2,0,-10,-11,0,-2,1,0,-25,-21,0,2,1,-1,-92,-3,0,0,5.04,0.47,2.38,836.3990000000003
0,2,0,-7,-19,0,-2,1,0,-19,-35,0,2,0,0,-48,-20,0,0,5.03,0.42,2.15,837.5990000000004
0,2,0,-4,-28,0,-2,1,0,-17,-66,0,3,0,-1,-45,-14,0,0,5.03,0.42,2.15,838.7990000000004
0,2,0,-2,-38,0,-2,2,0,-12,-115,0,3,0,-1,-44,24,0,0,5.03,0.42,2.15,839.9990000000005
0,1,0,-2,-43,0,-2,1,0,-6,-175,0,3,0,-2,-24,40,0,0,5.03,0.42,2.15,841.1990000000005
0,1,0,-2,-44,0,-2,1,0,-3,-198,0,2,0,-2,-8,25,0,0,5.03,0.42,2.15,842.3990000000006
0,1,0,-3,-46,0,-2,1,0,-4,-239,0,2,1,-2,18,-18,0,0,5.03,0.42,2.15,843.5990000000006
0,1,0,-5,-48,0,-1,1,0,-3,-250,0,1,1,-2,-4,-28,0,0,5.03,0.42,2.15,844.7990000000007
0,1,0,-6,-50,0,-1,1,0,-2,-250,0,1,1,-2,-45,23,0,0,5.03,0.42,2.15,845.9990000000007
0,1,-1,-7,-51,0,-1,1,0,-1,-250,0,0,1,-2,-60,44,0,0,5.03,0.42,2.15,847.1990000000008
0,2,-1,-7,-48,0,0,1,-1,-8,-250,0,0,1,-1,-84,67,0,0,5.03,0.42,2.15,848.3990000000008
0,2,-1,-4,-40,0,0,1,-1,-22,-236,0,-2,1,0,-106,66,0,0,5.03,0.42,2.15,849.5990000000008
0,3,-1,6,-29,0,2,0,-1,-35,-202,0,-4,1,0,-100,35,0,0,5.03,0.42,2.15,850.7990000000009
0,3,-1,12,-23,0,3,0,-2,-29,-199,0,-4,1,1,-102,25,0,0,5.03,0.42,2.15,851.9990000000009
0,4,-1,22,-9,0,5,0,-2,-24,-250,0,-5,2,2,-92,31,0,0,5.03,0.42,2.15,853.199000000001
0,4,0,22,4,0,5,0,-2,-62,-242,0,-5,2,3,-33,27,0,0,5.03,0.42,2.15,854.399000000001
0,4,0,4,1,0,5,0,-2,-22,-167,0,-5,2,3,15,16,0,0,5.03,0.42,2.15,855.5990000000011
0,4,0,-6,1,0,5,0,-2,-32,-143,0,-5,3,4,26,25,0,0,5.03,0.42,2.15,856.7990000000011
0,3,0,-33,0,0,5,0,-1,-22,-8,0,-5,3,4,52,26,0,0,5.03,0.42,2.15,857.9990000000012
0,3,0,-43,7,0,5,0,0,-12,112,0,-5,3,3,93,15,0,0,5.03,0.42,2.15,859.1990000000012
0,2,0,-44,11,0,5,0,0,-12,216,0,-5,3,2,110,7,0,0,5.03,0.42,2.15,860.3990000000013
0,2,0,-42,11,0,5,0,0,-10,219,0,-5,2,1,122,9,0,0,5.03,0.42,2.15,861.5990000000013
0,2,-1,-33,14,0,5,1,0,4,201,0,-3,2,0,160,80,0,0,5.04,0.46,2.34,862.9040000000012
0,2,-1,-23,17,0,4,1,0,24,211,0,-4,2,0,181,197,0,0,5.04,0.46,2.34,864.2090000000012
0,2,0,-8,21,0,3,1,0,35,236,0,-2,2,0,93,108,0,0,5.04,0.46,2.34,865.5140000000011
0,2,0,-4,21,0,2,1,0,37,245,0,-2,2,0,84,42,0,0,5.04,0.46,2.34,866.8190000000011
0,1,0,6,23,0,1,1,-1,43,250,0,-1,2,-1,57,-70,0,0,5.04,0.46,2.34,868.124000000001
0,1,0,11,20,0,0,1,-1,37,250,0,-1,1,-1,26,-109,0,0,5.04,0.46,2.34,869.429000000001
0,1,0,11,11,0,0,0,-1,30,250,0,0,1,-1,2,-148,0,0,5.04,0.46,2.34,870.734000000001
0,1,0,10,7,0,0,0,-1,27,250,0,0,1,-1,-4,-159,0,0,5.04,0.46,2.34,872.0390000000009
0,2,0,5,0,0,0,1,-1,26,250,0,0,1,-1,-24,-173,0,0,5.04,0.46,2.34,873.3440000000008
0,2,0,2,-7,0,-1,1,-1,18,240,0,0,0,-2,-23,-136,0,0,5.04,0.46,2.34,874.6490000000008
0,1,0,0,-9,0,-1,1,-1,7,180,0,0,0,-1,-21,-175,0,0,5.04,0.46,2.34,875.9540000000007
0,1,0,0,-9,0,-1,1,-1,3,159,0,0,0,-1,-26,-212,0,0,5.04,0.46,2.34,877.2590000000007
0,1,0,0,-6,0,-2,1,0,-6,105,0,0,0,-1,-34,-250,0,0,5.04,0.46,2.34,878.5640000000006
0,1,0,0,-4,0,-2,1,0,-16,69,0,0,0,-1,-57,-250,0,0,5.04,0.46,2.34,879.8690000000006
0,2,0,0,-6,0,-2,1,0,-19,54,0,1,0,-1,-60,-250,0,0,5.04,0.46,2.34,881.1740000000005
0,2,0,0,-10,0,-2,1,0,-15,48,0,1,0,-2,-58,-237,0,0,5.04,0.46,2.34,882.4790000000005
0,2,0,0,-12,0,-2,1,0,-13,46,0,1,0,-2,-68,-217,0,0,5.04,0.46,2.34,883.7840000000004
0,2,0,0,-16,0,-2,1,0,-8,34,0,1,1,-2,-90,-165,0,0,5.04,0.46,2.34,885.0890000000004
0,2,0,1,-22,0,-2,1,0,-5,-11,0,3,0,-3,-97,-69,0,0,5.04,0.46,2.34,886.3940000000003
0,1,0,1,-26,0,-2,1,0,-2,-75,0,3,1,-3,-57,-28,0,0,5.04,0.46,2.34,887.6990000000003
0,1,0,1,-28,0,-2,1,0,0,-100,0,3,1,-2,-46,-6,0,0,5.04,0.46,2.34,889.0040000000002
0,1,0,1,-32,0,-2,1,0,3,-160,0,2,1,-2,-81,51,0,0,5.04,0.47,2.41,890.3480000000003
0,1,0,2,-35,0,-2,1,0,9,-213,0,1,1,-1,-126,90,0,0,5.04,0.47,2.41,891.6920000000003
0,2,0,4,-37,0,-1,1,0,15,-245,0,1,1,-2,-131,135,0,0,5.04,0.47,2.41,893.0360000000004
0,2,0,5,-39,0,-1,1,0,14,-250,0,1,1,-2,-128,154,0,0,5.04,0.47,2.41,894.3800000000005
0,2,-1,9,-40,0,-1,1,0,15,-250,0,1,1,-2,-116,194,0,0,5.04,0.47,2.41,895.7240000000005
0,2,-1,13,-42,0,0,1,0,26,-250,0,0,1,-1,-105,215,0,0,5.04,0.47,2.41,897.0680000000006
0,2,-1,18,-42,0,0,1,-1,-3,-250,0,-2,1,0,-99,160,0,0,5.04,0.47,2.41,898.4120000000006
0,2,-1,21,-43,0,0,1,-1,-23,-250,0,-2,1,0,-101,123,0,0,5.04,0.47,2.41,899.7560000000007
0,2,-1,28,-45,0,1,1,-2,-70,-250,0,-4,1,0,-107,20,0,0,5.04,0.47,2.41,901.1000000000007
0,3,-1,34,-47,0,3,0,-2,-98,-250,0,-4,1,1,-228,-37,0,0,5.04,0.47,2.41,902.4440000000008
0,4,-1,35,-42,0,5,0,-3,-63,-250,0,-5,1,2,-205,-56,0,0,5.04,0.47,2.41,903.7880000000008
0,4,-1,34,-36,0,5,0,-3,-56,-250,0,-4,1,3,-191,-66,0,0,5.04,0.47,2.41,905.1320000000009
0,4,0,26,-18,0,5,-1,-2,-87,-157,0,-4,0,4,-166,-63,0,0,5.04,0.47,2.41,906.4760000000009
1,5,0,-24,3,0,5,0,-2,-82,-67,0,-4,0,5,-98,-9,0,0,5.04,0.47,2.41,907.820000000001
1,3,0,-50,3,0,5,0,0,-77,-11,0,-5,0,5,-6,52,0,0,5.04,0.47,2.41,909.164000000001
0,3,-1,-49,14,0,5,0,0,-72,14,0,-5,0,5,49,48,0,0,5.04,0.47,2.41,910.5080000000011
0,2,0,-46,36,0,5,0,1,-49,96,0,-5,0,5,118,92,0,0,5.04,0.47,2.41,911.8520000000011
0,2,0,-42,43,0,5,0,0,-24,162,0,-4,1,4,117,112,0,0,5.04,0.47,2.41,913.1960000000012
0,2,-1,-37,41,0,5,0,0,12,194,0,-3,1,3,160,152,0,0,5.04,0.47,2.41,914.5400000000012
0,2,-1,-34,39,0,5,0,0,30,203,0,-2,1,2,182,190,0,0,5.04,0.47,2.41,915.8840000000013
0,2,-1,-25,37,0,3,0,0,59,219,0,-2,2,1,242,250,0,0,5.04,0.47,2.41,917.2280000000013
0,2,0,-14,40,0,2,0,0,61,224,0,-5,1,0,231,250,0,0,5.03,0.42,2.14,918.4210000000013
0,2,0,-5,43,0,1,0,-1,70,233,0,-3,2,0,190,209,0,0,5.03,0.42,2.14,919.6140000000013
0,2,0,-1,43,0,0,0,-1,74,231,0,-2,2,0,162,181,0,0,5.03,0.42,2.14,920.8070000000013
0,2,0,4,41,0,0,1,-1,75,220,0,-1,2,-1,121,106,0,0,5.03,0.42,2.14,922.0000000000013
-1,2,0,-2,34,0,0,1,-1,63,221,0,-1,1,-1,88,48,0,0,5.03,0.42,2.14,923.1930000000012
0,2,0,-9,19,0,0,1,-1,46,228,0,0,1,-1,58,4,0,0,5.03,0.42,2.14,924.3860000000012
0,2,0,-11,15,0,0,1,-1,38,226,0,0,1,-1,41,-17,0,0,5.03,0.42,2.14,925.5790000000012
0,2,0,-10,8,0,-1,1,-1,13,208,0,0,1,-2,8,-61,0,0,5.03,0.42,2.14,926.7720000000012
0,1,0,-8,4,0,-1,1,-1,-3,172,0,0,0,-2,-14,-23,0,0,5.03,0.42,2.14,927.9650000000012
0,1,0,-6,1,0,-2,1,0,-12,123,0,0,0,-2,-33,-34,0,0,5.03,0.42,2.14,929.1580000000012
0,1,0,-4,0,0,-2,2,0,-19,80,0,1,0,-2,-56,-49,0,0,5.03,0.42,2.14,930.3510000000011
0,1,0,-4,-3,0,-2,2,0,-21,67,0,0,0,-1,-62,-56,0,0,5.03,0.42,2.14,931.5440000000011
0,1,0,-2,-9,0,-2,2,0,-28,33,0,1,0,-1,-100,-40,0,0,5.03,0.42,2.14,932.7370000000011
0,1,0,0,-18,0,-2,1,0,-35,-5,0,2,0,-2,-106,-28,0,0,5.03,0.42,2.14,933.9300000000011
0,1,0,2,-25,0,-2,1,0,-37,-47,0,3,0,-2,-87,-14,0,0,5.03,0.42,2.14,935.1230000000011
0,1,0,8,-31,0,-2,1,0,-31,-99,0,3,1,-2,-82,26,0,0,5.03,0.42,2.14,936.316000000001
0,1,0,7,-36,0,-2,1,0,-29,-119,0,3,1,-2,-73,28,0,0,5.03,0.42,2.14,937.509000000001
0,1,0,9,-36,0,-2,1,0,-24,-162,0,3,1,-1,-65,56,0,0,5.03,0.42,2.14,938.702000000001
0,1,0,11,-36,0,-2,1,0,-18,-194,0,2,1,-1,-101,85,0,0,5.03,0.42,2.14,939.895000000001
0,1,0,13,-34,0,-3,2,0,-4,-236,0,2,1,-1,-99,91,0,0,5.03,0.42,2.14,941.088000000001
0,2,-1,14,-32,0,-3,2,0,6,-250,0,2,1,-1,-96,92,0,0,5.03,0.42,2.14,942.281000000001
0,2,-1,22,-31,0,-3,1,0,44,-250,0,2,1,-2,-90,104,0,0,5.05,0.49,2.49,943.671000000001
0,3,-1,29,-27,0,-1,1,-1,67,-250,0,1,1,-2,-90,129,0,0,5.05,0.49,2.49,945.061000000001
0,2,-1,31,-23,0,0,0,-1,50,-250,0,0,1,-1,-97,155,0,0,5.05,0.49,2.49,946.4510000000009
0,2,-1,31,-23,0,0,0,-1,41,-250,0,0,1,-1,-102,154,0,0,5.05,0.49,2.49,947.8410000000009
0,2,-1,31,-25,0,2,0,-2,12,-250,0,-2,1,0,-117,129,0,0,5.05,0.49,2.49,949.2310000000009
0,2,-1,37,-28,0,4,0,-2,-16,-250,0,-5,1,1,-127,82,0,0,5.05,0.49,2.49,950.6210000000009
0,3,-1,39,-27,0,5,0,-2,-1,-250,0,-5,2,2,-112,1,0,0,5.05,0.49,2.49,952.0110000000009
0,3,-1,38,-24,0,5,-1,-3,131,-250,0,-5,2,2,-100,-26,0,0,5.05,0.49,2.49,953.4010000000009
0,5,0,5,-9,0,5,0,-3,208,-167,0,-5,1,2,-59,3,0,0,5.05,0.49,2.49,954.7910000000008
0,5,0,-37,-21,0,5,-1,-4,22,-146,0,-5,0,3,-25,7,0,0,5.05,0.49,2.49,956.1810000000008
0,3,0,-29,7,0,5,0,-2,-66,-33,0,-5,1,3,29,-7,0,0,5.05,0.49,2.49,957.5710000000008
0,2,0,-30,9,0,5,0,-1,-83,12,0,-5,1,3,44,6,0,0,5.05,0.49,2.49,958.9610000000008
0,1,-1,-26,28,0,5,0,0,-102,144,0,-5,2,3,84,11,0,0,5.05,0.49,2.49,960.3510000000008
0,1,0,-23,31,0,5,0,0,-87,250,0,-5,1,2,160,25,0,0,5.05,0.49,2.49,961.7410000000008
0,1,-1,-18,29,0,5,0,0,-66,250,0,-4,0,2,250,102,0,0,5.05,0.49,2.49,963.1310000000008
0,1,-1,-17,27,0,4,0,-1,-51,250,0,-4,1,1,198,30,0,0,5.05,0.49,2.49,964.5210000000008
0,2,-1,-14,23,0,3,0,-1,-10,250,0,-3,1,0,85,56,0,0,5.05,0.49,2.49,965.9110000000007
0,2,0,-14,18,0,2,0,-1,16,250,0,-2,2,0,98,-19,0,0,5.05,0.49,2.49,967.3010000000007
0,2,0,-16,20,0,1,0,-1,40,250,0,-1,1,0,97,-96,0,0,5.05,0.49,2.49,968.6910000000007
0,2,0,-16,20,0,1,0,-1,46,250,0,-1,1,0,94,-115,0,0,5.05,0.49,2.49,970.0810000000007
0,2,0,-15,22,0,0,0,-1,48,247,0,-1,1,-1,77,-141,0,0,5.05,0.49,2.49,971.4710000000007
0,2,0,-12,22,0,0,0,0,45,249,0,0,1,-1,65,-129,0,0,5.04,0.47,2.39,972.8070000000007
0,1,0,-9,20,0,0,1,0,41,250,0,0,1,-1,65,-117,0,0,5.04,0.47,2.39,974.1430000000007
0,1,0,-8,17,0,0,1,0,34,250,0,0,1,-2,54,-130,0,0,5.04,0.47,2.39,975.4790000000007
0,1,0,-9,16,0,0,1,0,32,249,0,0,1,-2,55,-131,0,0,5.04,0.47,2.39,976.8150000000007
0,2,0,-9,14,0,0,1,0,29,221,0,0,1,-2,34,-117,0,0,5.04,0.47,2.39,978.1510000000007
0,2,0,-11,11,0,-1,1,0,28,180,0,0,1,-2,23,-60,0,0,5.04,0.47,2.39,979.4870000000008
0,2,0,-12,5,0,-1,1,0,27,133,0,1,1,-1,7,-45,0,0,5.04,0.47,2.39,980.8230000000008
0,2,0,-11,9,0,-1,2,0,25,114,0,1,1,-1,-1,-40,0,0,5.04,0.47,2.39,982.1590000000008
0,2,0,-9,6,0,-1,2,0,18,74,0,1,1,-2,-22,-30,0,0,5.04,0.47,2.39,983.4950000000008
0,2,0,-8,1,0,-2,2,0,9,37,0,2,1,-2,-40,-10,0,0,5.04,0.47,2.39,984.8310000000008
0,1,0,-6,-5,0,-2,2,0,2,4,0,3,1,-1,-15,4,0,0,5.04,0.47,2.39,986.1670000000008
0,1,0,-2,-13,0,-2,2,0,-4,-30,0,2,1,-1,-15,23,0,0,5.04,0.47,2.39,988.8390000000009
0,1,0,2,-17,0,-2,2,0,-9,-62,0,2,1,-1,-32,42,0,0,5.04,0.47,2.39,990.1750000000009
0,1,0,8,-21,0,-2,2,0,-18,-117,0,3,1,-1,-45,66,0,0,5.04,0.47,2.39,991.5110000000009
0,1,0,9,-23,0,-2,2,0,-20,-136,0,3,1,-2,-41,69,0,0,5.04,0.47,2.39,992.8470000000009
0,1,0,13,-25,0,-2,1,0,-25,-181,0,2,1,-2,-34,84,0,0,5.04,0.47,2.39,994.1830000000009
0,2,0,15,-28,0,-1,1,0,-33,-225,0,1,0,-2,-36,90,0,0,5.04,0.47,2.39,995.5190000000009
0,2,0,16,-30,0,0,1,0,-50,-245,0,0,0,-1,-49,81,0,0,5.04,0.47,2.39,996.8550000000009
0,2,0,16,-31,0,0,1,0,-60,-247,0,0,0,-1,-58,73,0,0,5.04,0.47,2.39,998.1910000000009
0,2,-1,17,-28,0,0,0,-1,-59,-250,0,0,0,0,-86,75,0,0,5.04,0.47,2.39,999.527000000001
0,2,-1,17,-24,0,1,0,-1,-52,-250,0,-2,0,0,-105,91,0,0,5.03,0.43,2.17,1000.7390000000009
0,2,-1,18,-15,0,3,0,-2,-78,-250,0,-5,0,0,-58,62,0,0,5.03,0.43,2.17,1001.9510000000009
0,2,-1,20,-12,0,5,0,-2,-92,-250,0,-5,0,0,-30,29,0,0,5.03,0.43,2.17,1003.1630000000009
0,3,-1,26,-8,0,5,0,-1,-95,-250,0,-5,1,2,24,-18,0,0,5.03,0.43,2.17,1004.3750000000009
0,3,-1,30,3,0,5,0,-1,-11,-193,0,-5,2,2,-16,2,0,0,5.03,0.43,2.17,1005.5870000000009
0,5,0,2,26,0,5,0,-2,-44,-81,0,-5,2,2,-2,16,0,0,5.03,0.43,2.17,1006.7990000000009
0,5,0,-21,22,0,5,0,-2,-75,-46,0,-5,2,2,19,27,0,0,5.03,0.43,2.17,1008.0110000000009
1,4,0,-39,15,0,5,0,-1,-101,79,0,-5,2,2,66,31,0,0,5.03,0.43,2.17,1009.2230000000009
0,2,0,-37,32,0,5,0,0,-37,167,0,-5,5,3,-140,118,0,0,5.03,0.43,2.17,1010.4350000000009
0,1,-1,-38,57,0,5,0,0,-4,225,0,-5,2,2,106,14,0,0,5.03,0.43,2.17,1011.6470000000008
0,1,0,-32,64,0,5,0,0,-3,216,0,-5,3,0,42,35,0,0,5.03,0.43,2.17,1012.8590000000008
0,1,0,-34,60,0,5,0,0,27,179,0,-4,2,0,52,-8,0,0,5.03,0.43,2.17,1014.0710000000008
0,1,-1,-25,52,0,4,0,0,60,170,0,-4,2,0,70,-4,0,0,5.03,0.43,2.17,1015.2830000000008
-1,2,-1,-18,37,0,3,0,0,71,186,0,-2,2,-1,76,-27,0,0,5.03,0.43,2.17,1016.4950000000008
0,2,-1,-15,34,0,2,0,0,71,198,0,-1,1,-1,79,-38,0,0,5.03,0.43,2.17,1017.7070000000008
-1,2,0,-12,22,0,1,0,-1,63,222,0,-1,1,-1,72,-52,0,0,5.03,0.43,2.17,1018.9190000000008
-1,2,0,-14,18,0,0,0,-1,51,239,0,0,1,-1,42,-69,0,0,5.03,0.43,2.17,1020.1310000000008
0,2,0,-14,15,0,0,1,-1,38,250,0,0,1,-2,25,-47,0,0,5.03,0.43,2.17,1021.3430000000008
0,2,0,-10,12,0,0,1,-1,27,250,0,0,1,-1,7,-41,0,0,5.03,0.43,2.17,1022.5550000000007
0,2,0,-10,9,0,-1,1,-1,25,250,0,0,1,-1,0,-54,0,0,5.03,0.43,2.17,1023.7670000000007
0,1,0,-7,4,0,-1,1,0,17,235,0,0,0,-1,-27,-104,0,0,5.03,0.43,2.17,1024.9790000000007
0,1,0,-7,0,0,-2,1,0,8,217,0,1,0,-1,-47,-132,0,0,5.04,0.48,2.45,1026.3470000000007
0,1,0,-7,-2,0,-2,1,0,3,195,0,1,0,-2,-40,-97,0,0,5.04,0.48,2.45,1027.7150000000006
0,1,0,-7,-2,0,-2,1,0,2,184,0,2,0,-2,-34,-76,0,0,5.04,0.48,2.45,1029.0830000000005
0,1,0,-10,0,0,-2,1,0,0,154,0,3,0,-2,-30,-17,0,0,5.04,0.48,2.45,1030.4510000000005
0,2,0,-8,3,0,-3,1,0,-7,110,0,2,0,-1,-23,1,0,0,5.04,0.48,2.45,1031.8190000000004
0,2,0,-6,6,0,-3,2,0,-11,53,0,2,0,-1,-29,24,0,0,5.04,0.48,2.45,1033.1870000000004
0,2,0,-5,7,0,-3,2,0,-13,24,0,2,1,-1,-34,35,0,0,5.04,0.48,2.45,1034.5550000000003
0,2,0,-3,6,0,-3,2,0,-11,-54,0,3,0,-1,-44,55,0,0,5.04,0.48,2.45,1035.9230000000002
0,2,0,-1,3,0,-3,1,0,-16,-119,0,2,0,-1,-49,80,0,0,5.04,0.48,2.45,1037.2910000000002
0,2,-1,16,-37,0,4,0,-1,-38,-250,0,-3,1,0,-94,66,0,0,5.03,0.46,2.32,1038.5850000000003
0,3,0,16,-30,0,5,0,-1,-88,-206,0,-5,1,1,-71,49,0,0,5.03,0.46,2.32,1039.8790000000004
0,4,0,8,-5,0,5,0,-2,-70,-122,0,-5,1,1,-56,17,0,0,5.03,0.46,2.32,1041.1730000000005
0,5,0,-14,17,0,5,0,-2,-44,-56,0,-5,1,2,-16,-24,0,0,5.03,0.46,2.32,1042.4670000000006
1,5,0,-22,17,0,5,0,-2,-38,-28,0,-5,1,2,4,-28,0,0,5.04,0.48,2.45,1043.8330000000005
1,3,-1,-29,41,0,5,0,-1,-8,81,0,-5,2,3,41,-6,0,0,5.04,0.48,2.45,1045.1990000000005
0,2,0,-33,53,0,5,0,0,2,178,0,-5,3,3,42,37,0,0,5.04,0.48,2.45,1046.5650000000005
0,2,-1,-31,53,0,5,0,0,22,222,0,-5,3,3,207,52,0,0,5.04,0.48,2.45,1047.9310000000005
0,2,0,-28,53,0,5,0,0,35,224,0,-5,2,2,121,31,0,0,5.04,0.48,2.45,1049.2970000000005
0,2,-1,-21,47,0,5,0,0,51,197,0,-5,3,1,63,44,0,0,5.04,0.48,2.45,1050.6630000000005
0,2,-1,-10,39,0,4,0,0,51,171,0,-3,3,0,78,27,0,0,5.04,0.48,2.45,1052.0290000000005
0,2,-1,-2,33,0,3,0,0,61,164,0,-3,2,0,105,11,0,0,5.04,0.48,2.45,1053.3950000000004
0,2,-1,0,33,0,3,0,0,63,164,0,-3,2,0,106,-2,0,0,5.04,0.48,2.45,1054.7610000000004
0,2,0,0,37,0,1,1,0,65,166,0,-2,2,0,74,-24,0,0,5.04,0.48,2.45,1056.1270000000004
-1,2,0,-6,37,0,1,1,-1,71,182,0,-1,2,-1,69,-51,0,0,5.04,0.48,2.45,1057.4930000000004
0,2,0,-9,33,0,0,1,-1,72,192,0,-1,2,-1,62,-62,0,0,5.04,0.48,2.45,1058.8590000000004
-1,2,0,-12,24,0,0,1,-1,68,208,0,-1,1,-1,39,-68,0,0,5.04,0.48,2.45,1060.2250000000004
0,2,-1,-5,17,0,0,1,-1,53,217,0,0,1,-1,21,-78,0,0,5.04,0.48,2.45,1061.5910000000003
0,1,-1,-2,7,0,0,1,-1,39,208,0,0,1,-1,16,-87,0,0,5.04,0.48,2.45,1062.9570000000003
0,1,-1,-2,4,0,-1,1,-1,31,200,0,0,1,-1,14,-88,0,0,5.04,0.48,2.45,1064.3230000000003
0,1,0,-3,0,0,-1,1,-1,11,181,0,0,1,-1,2,-97,0,0,5.04,0.48,2.45,1065.6890000000003
0,1,0,-4,0,0,-1,1,0,-8,158,0,0,0,-1,-3,-100,0,0,5.04,0.48,2.45,1067.0550000000003
0,2,0,-6,1,0,-1,1,0,-22,131,0,0,0,-1,-19,-85,0,0,5.04,0.48,2.45,1068.4210000000003
0,2,0,-6,0,0,-1,1,0,-23,121,0,0,0,-1,-20,-71,0,0,5.04,0.48,2.45,1069.7870000000003
0,2,0,-6,0,0,-2,1,0,-25,86,0,1,0,-1,-19,-35,0,0,5.04,0.48,2.45,1071.1530000000002
0,2,0,-5,1,0,-2,1,0,-19,43,0,1,0,-1,-24,0,0,0,5.03,0.42,2.15,1072.3530000000003
0,2,0,-3,0,0,-2,1,0,-10,-1,0,1,0,-1,-27,12,0,0,5.03,0.42,2.15,1073.5530000000003
0,2,0,-3,0,0,-2,1,0,-7,-15,0,1,0,-1,-29,16,0,0,5.03,0.42,2.15,1074.7530000000004
0,1,0,0,-1,0,-2,1,0,-1,-45,0,2,0,-1,-33,29,0,0,5.03,0.42,2.15,1075.9530000000004
0,1,0,0,-5,0,-2,1,0,2,-60,0,2,1,-1,-26,36,0,0,5.03,0.42,2.15,1077.1530000000005
0,1,0,2,-10,0,-2,1,0,2,-75,0,1,1,-1,-21,28,0,0,5.03,0.42,2.15,1078.3530000000005
0,1,0,2,-12,0,-2,1,0,0,-82,0,1,1,-1,-24,23,0,0,5.03,0.42,2.15,1079.5530000000006
0,1,0,4,-17,0,-2,1,0,0,-118,0,1,1,-1,-32,21,0,0,5.03,0.42,2.15,1080.7530000000006
0,1,0,5,-21,0,-2,1,0,6,-166,0,1,1,-1,-43,22,0,0,5.03,0.42,2.15,1081.9530000000007
0,2,0,8,-23,0,-1,1,0,15,-197,0,1,1,-1,-36,37,0,0,5.03,0.42,2.15,1083.1530000000007
0,2,0,10,-25,0,-1,1,0,16,-207,0,1,1,-1,-31,40,0,0,5.03,0.42,2.15,1084.3530000000007
0,2,0,12,-29,0,-1,1,0,15,-228,0,1,1,-1,-31,52,0,0,5.03,0.42,2.15,1085.5530000000008
0,1,0,12,-32,0,-1,1,0,16,-243,0,0,1,-1,-50,49,0,0,5.03,0.42,2.15,1086.7530000000008
0,2,0,7,-34,0,0,1,-1,7,-250,0,0,1,-1,-76,35,0,0,5.03,0.42,2.15,1087.9530000000009
0,2,-1,9,-32,0,0,1,-1,0,-250,0,0,1,-1,-81,29,0,0,5.03,0.42,2.15,1089.153000000001
0,2,-1,8,-32,0,1,1,-1,-23,-237,0,-1,1,0,-97,28,0,0,5.03,0.42,2.15,1090.353000000001
0,2,-1,9,-27,0,3,0,-1,-51,-233,0,-2,1,0,-103,49,0,0,5.03,0.42,2.15,1091.553000000001
0,3,-1,12,-22,0,5,0,-1,-63,-225,0,-3,1,0,-83,51,0,0,5.03,0.42,2.15,1092.753000000001
0,3,-1,13,-19,0,5,0,-1,-90,-221,0,-4,1,0,-66,40,0,0,5.03,0.42,2.15,1093.953000000001
0,4,0,5,-9,0,5,0,-1,-87,-188,0,-4,1,1,-45,47,0,0,5.03,0.42,2.15,1095.1530000000012
0,5,0,-18,-5,0,5,0,-1,-51,-159,0,-5,1,2,4,72,0,0,5.03,0.42,2.15,1096.3530000000012
0,5,0,-17,1,0,5,0,-1,-51,-145,0,-5,1,2,18,85,0,0,5.04,0.49,2.51,1097.7540000000013
0,4,-1,-36,12,0,5,0,0,-27,-54,0,-5,2,2,40,94,0,0,5.04,0.49,2.51,1099.1550000000013
0,3,-1,-37,33,0,5,0,0,-8,72,0,-5,2,2,47,114,0,0,5.04,0.49,2.51,1100.5560000000014
0,2,-1,-32,39,0,5,0,0,4,215,0,-5,3,2,-87,182,0,0,5.04,0.49,2.51,1101.9570000000015
0,2,-1,-28,41,0,5,0,0,16,243,0,-5,3,0,194,97,0,0,5.04,0.49,2.51,1103.3580000000015
0,2,-1,-18,39,0,5,0,0,40,250,0,-5,3,0,75,57,0,0,5.04,0.49,2.51,1104.7590000000016
0,2,-1,-8,38,0,4,0,0,60,250,0,-5,2,0,81,4,0,0,5.04,0.49,2.51,1106.1600000000017
0,2,-1,0,29,0,3,0,0,77,250,0,-4,3,0,67,-26,0,0,5.04,0.49,2.51,1107.5610000000017
0,2,-1,2,27,0,2,1,-1,80,250,0,-4,2,0,64,-38,0,0,5.04,0.49,2.51,1108.9620000000018
-1,2,0,0,24,0,1,1,-1,81,227,0,-3,2,-1,60,-72,0,0,5.04,0.49,2.51,1110.3630000000019
-1,3,0,-13,19,0,0,1,-1,76,186,0,-2,2,-1,39,-103,0,0,5.04,0.49,2.51,1111.764000000002
0,2,0,-20,14,0,0,1,0,57,167,0,-2,1,-1,25,-121,0,0,5.04,0.49,2.51,1113.165000000002
0,2,0,-20,13,0,0,1,0,46,166,0,-2,1,-1,19,-130,0,0,5.04,0.49,2.51,1114.566000000002
0,1,0,-18,10,0,0,1,0,23,175,0,-1,1,-1,1,-116,0,0,5.04,0.49,2.51,1115.9670000000021
0,1,0,-15,5,0,0,1,0,13,179,0,0,0,-1,3,-95,0,0,5.04,0.49,2.51,1117.3680000000022
0,1,0,-13,0,0,-1,1,0,8,179,0,0,0,-1,0,-78,0,0,5.04,0.49,2.51,1118.7690000000023
0,1,0,-14,0,0,-1,1,0,5,177,0,0,0,-1,0,-78,0,0,5.04,0.49,2.51,1120.1700000000023
0,1,0,-16,0,0,-1,1,0,1,173,0,0,0,-1,-1,-87,0,0,5.04,0.49,2.51,1121.5710000000024
0,1,0,-16,0,0,-1,1,0,2,166,0,0,0,-1,-19,-79,0,0,5.04,0.49,2.51,1122.9720000000025
0,1,0,-18,0,0,-1,1,0,-4,153,0,0,0,-1,-35,-22,0,0,5.04,0.49,2.51,1124.3730000000025
0,2,0,-16,0,0,-1,1,0,-8,144,0,1,0,-1,-38,1,0,0,5.04,0.49,2.51,1125.7740000000026
0,2,0,-12,-2,0,-2,1,0,-11,97,0,1,0,-1,-27,-13,0,0,5.04,0.47,2.41,1127.1220000000026
0,2,0,-6,-7,0,-2,1,0,0,36,0,2,0,-1,-20,-12,0,0,5.04,0.47,2.41,1128.4700000000025
0,2,0,-1,-13,0,-3,1,0,13,-24,0,2,0,-2,-28,6,0,0,5.04,0.47,2.41,1129.8180000000025
0,1,0,0,-15,0,-3,1,0,18,-44,0,2,0,-2,-27,14,0,0,5.04,0.47,2.41,1131.1660000000024
0,1,0,3,-21,0,-2,2,0,25,-78,0,2,0,-2,-41,47,0,0,5.04,0.47,2.41,1132.5140000000024
0,1,0,5,-29,0,-2,2,0,24,-107,0,2,0,-1,-24,63,0,0,5.04,0.47,2.41,1133.8620000000024
0,1,0,6,-35,0,-2,2,0,11,-149,0,2,1,-1,-31,76,0,0,5.04,0.47,2.41,1135.2100000000023
0,1,0,6,-36,0,-2,2,0,5,-171,0,2,1,-1,-37,81,0,0,5.04,0.47,2.41,1136.5580000000023
0,1,0,7,-38,0,-2,2,-1,-10,-233,0,2,1,-1,-44,83,0,0,5.04,0.47,2.41,1137.9060000000022
0,1,0,9,-39,0,-2,1,-1,-22,-250,0,2,1,-1,-31,75,0,0,5.04,0.47,2.41,1139.2540000000022
0,1,0,11,-39,0,-1,1,0,-29,-250,0,2,1,-1,-27,73,0,0,5.04,0.47,2.41,1140.6020000000021
0,1,0,11,-43,0,0,1,-1,-45,-250,0,1,1,-1,-28,74,0,0,5.04,0.47,2.41,1141.950000000002
0,1,0,12,-47,0,0,1,0,-67,-250,0,0,1,-1,-39,80,0,0,5.04,0.47,2.41,1143.298000000002
0,2,-1,12,-48,0,1,1,0,-72,-250,0,0,1,0,-52,89,0,0,5.04,0.47,2.41,1144.646000000002
0,2,-1,13,-49,0,1,1,0,-68,-250,0,-1,1,0,-53,91,0,0,5.04,0.47,2.41,1145.994000000002
0,2,-1,17,-43,0,4,0,0,-78,-250,0,-2,1,0,-43,79,0,0,5.04,0.47,2.41,1147.342000000002
0,3,-1,24,-36,0,5,0,-1,-99,-250,0,-5,1,1,-10,35,0,0,5.04,0.47,2.41,1148.6900000000019
0,4,-1,24,-26,0,5,0,-1,-69,-250,0,-5,2,1,28,-65,0,0,5.04,0.47,2.41,1150.0380000000018
0,5,-1,15,-20,0,5,0,-1,-59,-240,0,-5,2,2,35,-91,0,0,5.04,0.47,2.41,1151.3860000000018
0,5,0,-8,-25,0,5,0,-3,-43,-157,0,-5,1,1,71,-145,0,0,5.04,0.47,2.41,1152.7340000000017
0,4,-1,-13,-17,0,5,0,-3,-44,-85,0,-5,1,1,102,-71,0,0,5.04,0.47,2.41,1154.0820000000017
0,2,-1,-16,-1,0,5,1,-1,-26,7,0,-5,2,3,155,6,0,0,5.03,0.44,2.26,1155.3440000000016
0,2,-1,-14,5,0,5,0,-1,-25,48,0,-5,2,3,167,41,0,0,5.03,0.44,2.26,1156.6060000000016
0,2,-1,-11,12,0,5,0,0,-23,139,0,-5,2,2,138,110,0,0,5.03,0.44,2.26,1157.8680000000015
0,2,0,-7,17,0,5,1,0,-6,203,0,-5,4,1,70,166,0,0,5.03,0.44,2.26,1159.1300000000015
0,2,-1,-5,17,0,5,1,0,3,250,0,-4,2,0,61,135,0,0,5.03,0.44,2.26,1160.3920000000014
0,3,0,-6,15,0,4,1,0,8,250,0,-5,2,-1,74,121,0,0,5.03,0.44,2.26,1161.6540000000014
0,3,-1,-12,14,0,3,1,0,19,250,0,-4,2,-1,63,73,0,0,5.03,0.44,2.26,1162.9160000000013
0,2,0,-16,12,0,1,1,0,9,250,0,-3,2,-1,48,20,0,0,5.03,0.44,2.26,1164.1780000000012
0,2,0,-18,18,0,0,1,-1,0,250,0,-2,2,-1,22,-32,0,0,5.03,0.44,2.26,1165.4400000000012
0,2,0,-17,19,0,0,1,-1,-1,250,0,-2,2,-1,13,-49,0,0,5.03,0.44,2.26,1166.7020000000011
0,2,0,-15,21,0,0,1,-1,-7,250,0,-1,1,-1,-7,-92,0,0,5.03,0.44,2.26,1167.964000000001
0,1,0,-14,20,0,-1,1,-1,-14,250,0,0,1,-2,-26,-118,0,0,5.03,0.44,2.26,1169.226000000001
0,1,0,-12,12,0,-2,1,-1,-17,220,0,0,1,-2,-35,-97,0,0,5.03,0.44,2.26,1170.488000000001
0,1,0,-11,10,0,-2,1,-1,-16,199,0,0,0,-2,-39,-88,0,0,5.03,0.44,2.26,1171.750000000001
0,1,0,-10,5,0,-2,1,0,-15,153,0,0,0,-1,-44,-82,0,0,5.03,0.44,2.26,1173.0120000000009
0,1,0,-10,5,0,-2,1,0,-11,124,0,1,0,-1,-59,-82,0,0,5.03,0.44,2.26,1174.2740000000008
0,1,0,-11,7,0,-3,1,0,-16,93,0,2,0,-1,-77,-50,0,0,5.03,0.44,2.26,1175.5360000000007
0,1,0,-11,7,0,-3,1,0,-17,77,0,2,0,-2,-75,-34,0,0,5.03,0.44,2.26,1176.7980000000007
0,1,0,-9,4,0,-3,1,0,-21,33,0,2,0,-1,-34,-15,0,0,5.03,0.44,2.26,1178.0600000000006
0,1,0,-6,2,0,-3,1,0,-22,-15,0,3,0,-1,-8,-12,0,0,5.03,0.44,2.26,1179.3220000000006
0,2,0,-4,2,0,-3,1,0,-22,-34,0,3,0,-1,-6,-12,0,0,5.03,0.44,2.26,1180.5840000000005
0,2,0,-1,3,0,-3,1,0,-20,-78,0,3,0,-2,-14,0,0,0,5.04,0.48,2.42,1181.9370000000006
0,2,0,2,2,0,-3,1,0,-11,-118,0,3,0,-2,-27,19,0,0,5.04,0.48,2.42,1183.2900000000006
0,2,0,5,-1,0,-2,1,0,-2,-162,0,2,0,-1,-40,48,0,0,5.04,0.48,2.42,1184.6430000000007
0,2,0,6,-2,0,-2,1,0,2,-184,0,2,0,-1,-41,55,0,0,5.04,0.48,2.42,1185.9960000000008
0,1,0,7,-7,0,-2,1,0,17,-250,0,2,1,-1,-50,74,0,0,5.04,0.48,2.42,1187.3490000000008
0,1,0,8,-14,0,-2,1,0,33,-250,0,2,0,-1,-47,76,0,0,5.04,0.48,2.42,1188.702000000001
0,1,0,8,-21,0,-1,1,-1,42,-250,0,1,0,-1,-58,77,0,0,5.04,0.48,2.42,1190.055000000001
0,1,0,8,-24,0,-1,1,-1,41,-250,0,1,0,-1,-67,79,0,0,5.04,0.48,2.42,1191.408000000001
0,1,0,10,-29,0,0,0,-1,34,-250,0,0,0,-1,-84,82,0,0,5.04,0.48,2.42,1192.761000000001
0,1,0,13,-33,0,1,0,-1,4,-250,0,0,0,-1,-94,87,0,0,5.04,0.48,2.42,1194.1140000000012
0,1,0,18,-32,0,1,0,-2,2,-250,0,0,0,-1,-101,101,0,0,5.04,0.48,2.42,1195.4670000000012
0,1,0,18,-33,0,1,0,-2,9,-250,0,-1,0,0,-104,105,0,0,5.04,0.48,2.42,1196.8200000000013
0,1,0,22,-29,0,3,0,-2,17,-226,0,-2,0,0,-104,96,0,0,5.04,0.48,2.42,1198.1730000000014
0,1,0,23,-25,0,4,0,-2,-41,-194,0,-4,0,0,-89,74,0,0,5.04,0.48,2.42,1199.5260000000014
0,2,0,22,-21,0,5,0,-2,-67,-134,0,-5,1,0,-58,50,0,0,5.04,0.48,2.42,1200.8790000000015
0,2,0,22,-20,0,5,0,-2,-73,-117,0,-5,1,0,-43,37,0,0,5.04,0.48,2.42,1202.2320000000016
0,3,-1,12,-12,0,5,0,-1,-71,-74,0,-5,1,1,-26,14,0,0,5.04,0.48,2.42,1203.5850000000016
0,5,0,-13,2,0,5,0,-1,-48,-21,0,-5,1,1,-53,8,0,0,5.04,0.48,2.42,1204.9380000000017
0,5,0,-23,4,0,5,0,-1,-40,6,0,-5,1,1,-49,36,0,0,5.04,0.48,2.42,1206.2910000000018
1,4,0,-25,30,0,5,0,0,-18,77,0,-5,2,1,-57,2,0,0,5.04,0.48,2.42,1207.6440000000018
0,2,0,-21,54,0,5,0,0,11,144,0,-5,3,1,-33,15,0,0,5.04,0.48,2.42,1208.997000000002
0,2,0,-16,63,0,5,0,0,34,176,0,-5,2,0,-27,39,0,0,5.04,0.46,2.33,1210.2980000000018
0,2,-1,-10,53,0,5,0,0,55,183,0,-5,4,0,7,65,0,0,5.04,0.46,2.33,1211.5990000000018
0,2,-1,-6,50,0,5,0,0,57,186,0,-5,2,0,119,76,0,0,5.04,0.46,2.33,1212.9000000000017
-1,2,-1,0,38,0,4,0,0,54,194,0,-4,3,0,151,89,0,0,5.04,0.46,2.33,1214.2010000000016
-1,3,-1,-3,24,0,3,0,0,50,200,0,-3,3,0,22,12,0,0,5.04,0.46,2.33,1215.5020000000015
-1,3,0,-10,19,0,1,1,-1,51,213,0,-2,2,-1,37,-42,0,0,5.04,0.46,2.33,1216.8030000000015
0,3,0,-11,18,0,1,1,-1,49,217,0,-2,2,-1,29,-50,0,0,5.04,0.46,2.33,1218.1040000000014
0,2,0,-12,19,0,0,1,-1,48,231,0,-2,2,-1,8,-72,0,0,5.04,0.46,2.33,1219.4050000000013
0,2,0,-5,23,0,0,1,-1,46,238,0,-1,1,-1,-5,-101,0,0,5.04,0.46,2.33,1220.7060000000013
0,2,0,-3,25,0,0,1,-1,42,235,0,0,1,-1,-13,-104,0,0,5.04,0.46,2.33,1222.0070000000012
0,2,0,-3,26,0,-1,1,-1,29,215,0,0,1,-1,-15,-88,0,0,5.04,0.46,2.33,1223.3080000000011
0,1,0,-4,24,0,-1,1,-1,13,187,0,0,1,-1,-23,-81,0,0,5.04,0.46,2.33,1224.609000000001
0,1,0,-5,22,0,-1,1,-1,-4,153,0,0,1,0,-33,-99,0,0,5.04,0.46,2.33,1225.910000000001
0,1,0,-6,23,0,-1,1,0,-9,141,0,0,1,-1,-43,-96,0,0,5.04,0.46,2.33,1227.211000000001
0,1,0,7,-18,0,-3,1,0,17,-191,0,2,0,-1,-38,50,0,0,5.03,0.44,2.23,1228.4560000000008
0,1,0,10,-22,0,-2,1,0,21,-248,0,2,0,-1,-10,37,0,0,5.03,0.44,2.23,1229.7010000000007
0,1,0,12,-27,0,-2,1,0,22,-250,0,1,0,-1,-6,33,0,0,5.03,0.44,2.23,1230.9460000000006
0,1,0,12,-30,0,-1,1,0,22,-250,0,1,0,-1,-12,41,0,0,5.03,0.44,2.23,1232.1910000000005
0,1,0,13,-34,0,0,0,0,9,-245,0,1,0,-1,-22,59,0,0,5.03,0.44,2.23,1233.4360000000004
0,1,0,14,-34,0,0,0,0,5,-235,0,1,0,-1,-27,68,0,0,5.03,0.44,2.23,1234.6810000000003
0,1,0,14,-36,0,0,0,-1,1,-225,0,0,0,-1,-42,89,0,0,5.03,0.44,2.23,1235.9260000000002
0,1,0,15,-37,0,2,0,-1,-1,-203,0,0,1,0,-59,98,0,0,5.03,0.44,2.23,1237.171
0,2,0,17,-36,0,3,0,-1,12,-181,0,-1,1,0,-65,114,0,0,5.03,0.44,2.23,1238.416
0,2,-1,18,-35,0,4,0,-1,5,-172,0,-1,1,0,-58,119,0,0,5.03,0.44,2.23,1239.6609999999998
0,2,-1,23,-32,0,5,0,-2,-44,-158,0,-3,1,0,-31,116,0,0,5.03,0.44,2.23,1240.9059999999997
0,3,-1,24,-30,0,5,0,-1,-72,-97,0,-5,1,0,5,90,0,0,5.03,0.44,2.23,1242.1509999999996
0,5,0,0,-19,0,5,0,-1,-103,-5,0,-5,1,1,39,71,0,0,5.03,0.44,2.23,1243.3959999999995
0,5,0,-9,-15,0,5,0,-1,-102,33,0,-5,1,1,46,63,0,0,5.03,0.44,2.23,1244.6409999999994
0,5,0,-28,-19,0,5,0,-1,-61,113,0,-5,2,1,42,36,0,0,5.03,0.44,2.23,1245.8859999999993
0,3,0,-26,9,0,5,0,0,-28,137,0,-5,3,1,18,36,0,0,5.03,0.44,2.23,1247.1309999999992
0,3,0,-25,23,0,5,0,0,-11,145,0,-5,3,1,7,18,0,0,5.03,0.44,2.23,1248.375999999999
0,2,0,-21,44,0,5,0,0,26,164,0,-5,3,0,13,45,0,0,5.03,0.44,2.23,1249.620999999999
0,2,-1,-14,51,0,5,0,0,41,163,0,-5,4,0,18,105,0,0,5.03,0.44,2.23,1250.8659999999988
0,2,-1,-11,43,0,4,0,0,49,159,0,-5,3,0,86,61,0,0,5.03,0.44,2.23,1252.1109999999987
-1,3,-1,-8,46,0,3,0,0,50,157,0,-5,4,-1,34,47,0,0,5.04,0.46,2.33,1253.4159999999988
-1,3,-1,-7,38,0,2,1,0,52,158,0,-3,3,-1,11,-19,0,0,5.04,0.46,2.33,1254.7209999999989
-1,3,-1,-9,27,0,1,1,0,47,168,0,-2,2,-1,37,-65,0,0,5.04,0.46,2.33,1256.025999999999
0,3,0,-10,18,0,0,1,0,49,183,0,-2,2,-1,38,-100,0,0,5.04,0.46,2.33,1257.330999999999
0,2,0,-8,18,0,0,1,0,47,190,0,-1,2,-1,32,-101,0,0,5.04,0.46,2.33,1258.635999999999
0,2,0,-5,15,0,0,1,0,40,206,0,-1,2,-1,10,-119,0,0,5.04,0.46,2.33,1259.9409999999991
0,2,0,-2,15,0,0,1,0,26,208,0,0,1,-1,-9,-100,0,0,5.04,0.46,2.33,1261.2459999999992
0,1,0,-2,12,0,-1,2,0,5,195,0,0,1,-1,-10,-81,0,0,5.04,0.46,2.33,1262.5509999999992
0,1,0,-2,10,0,-1,1,0,1,187,0,0,1,-1,-7,-87,0,0,5.04,0.46,2.33,1263.8559999999993
0,1,0,-5,9,0,-1,1,0,-5,159,0,0,0,-1,-19,-122,0,0,5.04,0.46,2.33,1265.1609999999994
0,1,0,-8,7,0,-1,1,0,-8,132,0,0,0,-1,-40,-148,0,0,5.04,0.46,2.33,1266.4659999999994
0,1,0,-9,6,0,-1,1,0,-10,122,0,0,0,-1,-52,-145,0,0,5.04,0.46,2.33,1267.7709999999995
0,1,0,-12,5,0,-1,1,0,-16,102,0,0,0,-1,-50,-114,0,0,5.04,0.46,2.33,1269.0759999999996
0,1,0,-14,3,0,-1,1,0,-24,87,0,1,0,-1,-37,-92,0,0,5.04,0.46,2.33,1270.3809999999996
0,1,0,-15,2,0,-1,1,0,-32,69,0,1,0,-1,-29,-76,0,0,5.04,0.46,2.33,1271.6859999999997
0,1,0,-15,3,0,-1,1,0,-33,56,0,1,0,-1,-28,-71,0,0,5.04,0.46,2.33,1272.9909999999998
0,1,0,-14,5,0,-2,1,0,-32,15,0,1,0,-1,-34,-55,0,0,5.04,0.46,2.33,1274.2959999999998
0,1,0,-13,7,0,-2,1,0,-23,-21,0,1,0,-1,-39,-31,0,0,5.04,0.46,2.33,1275.6009999999999
0,2,0,-12,6,0,-2,1,0,-10,-50,0,1,0,-1,-38,-16,0,0,5.04,0.46,2.33,1276.906
0,2,0,-9,0,0,-1,1,0,3,-74,0,2,0,-1,-39,-5,0,0,5.04,0.46,2.33,1278.211
0,2,0,-8,-2,0,-1,1,0,8,-83,0,1,0,-1,-42,-8,0,0,5.04,0.46,2.33,1279.516
0,2,0,-6,-10,0,-1,1,0,23,-120,0,2,1,-1,-34,-11,0,0,5.04,0.48,2.43,1280.874
0,2,0,-5,-18,0,-2,1,0,35,-172,0,2,1,-1,-14,-2,0,0,5.04,0.48,2.43,1282.232
0,2,0,-4,-22,0,-1,1,0,40,-194,0,2,1,-1,-11,4,0,0,5.04,0.48,2.43,1283.59
0,2,0,0,-28,0,-1,1,0,47,-234,0,2,1,-1,-7,27,0,0,5.04,0.48,2.43,1284.9479999999999
0,2,0,4,-33,0,0,1,0,46,-247,0,1,1,-1,-17,54,0,0,5.04,0.48,2.43,1286.3059999999998
0,2,0,9,-36,0,0,1,0,45,-232,0,1,1,-1,-26,74,0,0,5.04,0.48,2.43,1287.6639999999998
0,2,0,11,-35,0,0,1,0,41,-225,0,1,1,-1,-30,80,0,0,5.04,0.48,2.43,1289.0219999999997
0,2,0,15,-34,0,1,1,0,24,-194,0,0,1,-1,-41,94,0,0,5.04,0.48,2.43,1290.3799999999997
0,2,0,18,-30,0,2,2,-1,-3,-184,0,0,1,-1,-46,116,0,0,5.04,0.48,2.43,1291.7379999999996
0,2,-1,20,-24,0,3,1,-1,-30,-190,0,-1,1,0,-66,136,0,0,5.04,0.48,2.43,1293.0959999999995
0,2,-1,20,-23,0,4,1,-1,-28,-200,0,-2,1,0,-64,135,0,0,5.04,0.48,2.43,1294.4539999999995
0,4,-1,10,-19,0,5,1,-1,-32,-201,0,-4,2,1,-38,104,0,0,5.04,0.48,2.43,1295.8119999999994
0,5,0,-13,-16,0,5,0,-2,-42,-183,0,-5,2,2,-2,45,0,0,5.04,0.48,2.43,1297.1699999999994
1,5,0,-22,-17,0,5,0,-2,-38,-127,0,-5,2,2,12,-4,0,0,5.04,0.48,2.43,1298.5279999999993
1,4,0,-21,-4,0,5,0,-2,-35,-97,0,-5,2,2,20,-6,0,0,5.04,0.48,2.43,1299.8859999999993
0,2,0,-21,24,0,5,0,-1,-27,-6,0,-5,2,2,54,-3,0,0,5.04,0.48,2.43,1301.2439999999992
0,2,0,-21,43,0,5,0,0,-26,95,0,-5,3,2,74,35,0,0,5.04,0.48,2.43,1302.6019999999992
0,2,0,-18,51,0,5,0,0,-21,160,0,-5,3,1,71,72,0,0,5.04,0.48,2.43,1303.9599999999991
0,2,0,-16,53,0,5,0,0,-13,182,0,-5,3,1,88,54,0,0,5.04,0.48,2.43,1305.317999999999
0,2,-1,-18,49,0,5,0,0,5,220,0,-5,3,0,119,150,0,0,5.04,0.48,2.43,1306.675999999999
0,3,-1,-21,45,0,3,0,0,11,227,0,-4,3,0,110,111,0,0,5.04,0.48,2.43,1308.033999999999
0,3,-1,-22,46,0,3,0,0,20,226,0,-4,3,-1,62,103,0,0,5.03,0.45,2.28,1309.311999999999
0,3,0,-25,38,0,2,0,0,46,214,0,-3,2,0,64,-6,0,0,5.03,0.45,2.28,1310.589999999999
0,2,0,-22,37,0,1,0,0,61,192,0,-2,2,-1,46,-62,0,0,5.03,0.45,2.28,1311.867999999999
0,2,0,-17,39,0,0,1,0,71,170,0,-2,1,-1,23,-93,0,0,5.03,0.45,2.28,1313.145999999999
0,2,0,-16,40,0,0,1,0,74,163,0,-1,1,-1,10,-99,0,0,5.03,0.45,2.28,1314.423999999999
0,1,0,-13,37,0,0,1,0,70,153,0,-1,1,-1,-8,-98,0,0,5.03,0.45,2.28,1315.701999999999
0,1,0,-10,31,0,0,1,0,56,165,0,0,1,-1,0,-94,0,0,5.03,0.45,2.28,1316.979999999999
0,1,0,-8,24,0,0,1,0,39,172,0,0,1,-1,0,-92,0,0,5.03,0.45,2.28,1318.2579999999991
0,1,0,-7,17,0,0,1,0,25,173,0,0,1,-1,-15,-126,0,0,5.03,0.45,2.28,1319.5359999999991
0,1,0,-8,13,0,-1,1,0,22,170,0,0,1,-1,-26,-133,0,0,5.03,0.45,2.28,1320.8139999999992
0,1,0,-8,6,0,-1,1,0,12,146,0,0,0,-1,-43,-85,0,0,5.03,0.45,2.28,1322.0919999999992
0,1,0,-7,-2,0,-1,2,0,6,114,0,0,0,-1,-43,-74,0,0,5.03,0.45,2.28,1323.3699999999992
