0,2,0,-17,-38,0,0,-2,0,-53,47,0,-1,-2,-1,-3,14,0,0,5.01,0.39,1.98,327.5959999999987
0,2,0,-17,-34,0,0,-2,0,-52,52,0,-1,-2,-1,-4,7,0,0,5.01,0.39,1.98,327.9249999999987
0,2,0,-16,-33,0,0,-2,0,-51,51,0,-1,-2,-1,-4,3,0,0,5.01,0.39,1.98,328.2539999999987
0,2,0,-16,-32,0,0,-2,0,-51,52,0,-1,-2,-1,-7,0,0,0,5.01,0.39,1.98,328.5829999999987
0,2,0,-15,-31,0,0,-2,0,-49,50,0,-1,-2,-1,-9,-3,0,0,5.01,0.39,1.96,328.90899999999874
0,2,0,-13,-27,0,0,-2,0,-44,43,0,-1,-2,-1,-15,-9,0,0,5.01,0.39,1.96,329.23499999999876
0,2,0,-13,-25,0,0,-2,0,-43,40,0,-1,-1,-1,-18,-12,0,0,5.01,0.39,1.96,329.5609999999988
0,2,0,-13,-23,0,0,-2,0,-42,38,0,0,-1,-1,-20,-14,0,0,5.01,0.39,1.96,329.8869999999988
0,2,0,-13,-20,0,0,-2,0,-40,35,0,0,-1,-1,-22,-15,0,0,5.01,0.39,1.96,330.21299999999883
0,2,0,-14,-11,0,0,-2,0,-36,28,0,0,-1,-1,-34,-14,0,0,5.01,0.39,1.96,330.53899999999885
0,2,0,-13,51,0,0,-2,0,21,-40,0,0,-2,0,-32,-30,0,0,5.02,0.45,2.3,330.92199999999883
0,2,0,-13,50,0,0,-2,0,21,-39,0,0,-2,-1,-31,-30,0,0,5.02,0.45,2.3,331.3049999999988
0,2,0,-11,47,0,0,-2,0,18,-37,0,0,-2,-1,-29,-28,0,0,5.02,0.45,2.3,331.6879999999988
0,2,0,-10,47,0,0,-2,0,17,-36,0,0,-2,-1,-28,-27,0,0,5.02,0.45,2.3,332.0709999999988
0,2,0,-10,47,0,0,-2,0,15,-35,0,0,-2,-1,-27,-27,0,0,5.02,0.45,2.3,332.45399999999876
0,2,0,-9,46,0,0,-2,0,13,-34,0,0,-2,-1,-25,-26,0,0,5.02,0.45,2.3,332.83699999999874
-1,2,0,-8,44,0,0,-2,0,10,-35,0,0,-2,-1,-19,-24,0,0,5.02,0.45,2.3,333.2199999999987
-1,2,0,-8,44,0,0,-2,0,10,-37,0,0,-2,-1,-17,-23,0,0,5.02,0.46,2.36,333.6119999999987
0,2,0,-8,44,0,0,-2,0,10,-39,0,0,-2,-1,-14,-23,0,0,5.02,0.46,2.36,334.0039999999987
-1,2,0,-9,43,0,0,-2,0,10,-40,0,0,-2,-1,-11,-23,0,0,5.02,0.46,2.36,334.3959999999987
-1,2,0,-9,42,0,0,-2,0,12,-42,0,0,-2,-1,-3,-18,0,0,5.02,0.46,2.36,334.7879999999987
-1,2,0,-9,41,0,0,-2,0,13,-42,0,0,-2,-1,0,-15,0,0,5.02,0.46,2.36,335.1799999999987
0,2,0,-8,29,0,0,-2,0,-16,-9,0,-1,-2,-1,-8,-21,0,0,5.01,0.39,1.98,7.205
0,2,0,-8,28,0,0,-2,0,-16,-10,0,-1,-2,-1,-8,-21,0,0,5.01,0.39,1.98,7.516
0,2,0,-8,28,0,0,-2,0,-16,-9,0,-1,-2,-1,-9,-22,0,0,5.01,0.39,1.98,7.827
0,2,0,-10,28,0,0,-2,0,-17,-8,0,-1,-2,-1,-12,-24,0,0,5.01,0.39,1.98,8.138
0,2,0,-11,29,0,0,-2,0,-17,-8,0,-1,-2,-1,-13,-25,0,0,5.01,0.39,1.98,8.449
0,2,0,-12,30,0,0,-2,0,-18,-8,0,-1,-2,-1,-14,-27,0,0,5.01,0.39,1.98,8.76
0,2,0,-14,31,0,0,-2,0,-17,-8,0,-1,-2,-1,-16,-28,0,0,5.01,0.39,1.98,9.071
-1,2,0,-4,21,0,0,-2,0,9,-33,0,-1,-2,-1,5,-4,0,0,5.01,0.39,2.0,9.385
-1,2,0,-4,22,0,0,-2,0,7,-33,0,-1,-2,-1,5,-7,0,0,5.01,0.39,2.0,9.699
-1,2,0,-4,21,0,0,-2,0,4,-31,0,-1,-2,-1,4,-15,0,0,5.01,0.39,2.0,10.013
-1,2,0,-4,19,0,0,-2,0,4,-30,0,-1,-2,-1,4,-17,0,0,5.01,0.39,2.0,10.327
-1,2,0,-3,18,0,0,-2,0,4,-30,0,-1,-2,-1,3,-20,0,0,5.01,0.39,2.0,10.641
-1,2,0,-2,17,0,0,-2,0,4,-29,0,-1,-2,-1,2,-22,0,0,5.02,0.45,2.26,10.997
-1,2,0,0,14,0,0,-2,0,4,-25,0,-1,-2,-1,2,-27,0,0,5.02,0.45,2.26,11.353
-1,2,0,0,13,0,0,-2,0,3,-23,0,-1,-2,-1,2,-27,0,0,5.02,0.45,2.26,11.709
-1,2,0,0,13,0,0,-2,0,2,-21,0,-1,-2,-1,2,-28,0,0,5.02,0.45,2.26,12.065
-1,2,0,0,13,0,0,-2,0,1,-19,0,-1,-2,-1,2,-28,0,0,5.02,0.45,2.26,12.421
-1,2,0,1,16,0,0,-2,0,-3,-16,0,-1,-2,-1,2,-29,0,0,5.02,0.45,2.26,12.777
-1,2,0,1,17,0,0,-2,0,-4,-15,0,-1,-2,-1,2,-30,0,0,5.02,0.45,2.26,13.133
-1,2,0,1,18,0,0,-2,0,-5,-15,0,-1,-2,-1,2,-30,0,0,5.02,0.45,2.26,13.488999999999999
-1,2,0,1,20,0,0,-2,0,-6,-16,0,-1,-2,-1,2,-30,0,0,5.02,0.45,2.26,13.844999999999999
-1,2,0,1,23,0,0,-2,0,-4,-21,0,-1,-2,-1,3,-31,0,0,5.02,0.45,2.26,14.200999999999999
-1,2,0,1,23,0,0,-2,0,-4,-23,0,-1,-2,-1,4,-31,0,0,5.02,0.45,2.26,14.556999999999999
0,1,0,-5,-8,0,0,-2,0,-16,5,0,0,-2,0,44,74,0,0,5.01,0.39,1.99,14.87
0,2,0,-1,-7,0,0,-2,0,-11,2,0,0,-2,0,35,78,0,0,5.01,0.39,1.99,15.183
0,2,0,-1,-10,0,0,-2,0,-10,0,0,0,-2,0,34,74,0,0,5.01,0.39,2.0,15.498
0,2,0,0,-10,0,0,-2,0,-8,-1,0,0,-2,0,34,66,0,0,5.01,0.39,2.0,15.812999999999999
0,2,0,0,-10,0,0,-2,0,-7,-3,0,0,-2,0,38,71,0,0,5.01,0.39,2.0,16.128
0,2,0,0,-11,0,0,-2,0,-6,-5,0,0,-2,0,40,71,0,0,5.01,0.39,2.0,16.443
0,2,0,2,-9,0,0,-2,0,-5,-7,0,0,-2,0,45,59,0,0,5.01,0.39,2.0,16.758000000000003
0,2,0,2,-9,0,0,-2,0,-6,-7,0,0,-2,0,47,55,0,0,5.01,0.39,2.0,17.073000000000004
0,2,0,2,-7,0,0,-2,0,-6,-6,0,0,-2,0,47,49,0,0,5.01,0.39,2.0,17.388000000000005
0,2,0,2,-6,0,0,-2,0,-6,-6,0,0,-2,0,49,43,0,0,5.01,0.39,2.0,17.703000000000007
0,2,0,0,2,0,0,-2,0,-6,-3,0,0,-2,0,55,36,0,0,5.01,0.39,2.0,18.018000000000008
0,2,0,0,4,0,0,-2,0,-5,-2,0,0,-2,0,66,31,0,0,5.01,0.39,2.0,18.33300000000001
0,2,0,0,5,0,0,-2,0,-5,-1,0,0,-2,0,77,27,0,0,5.01,0.39,2.0,18.64800000000001
0,2,0,0,6,0,0,-2,0,-5,0,0,0,-2,0,79,24,0,0,5.01,0.39,2.0,18.96300000000001
0,2,0,-1,8,0,1,-2,0,-4,5,0,0,-2,0,31,17,0,0,5.01,0.39,2.0,19.278000000000013
0,2,0,-2,9,0,1,-2,0,-3,7,0,0,-2,0,24,12,0,0,5.01,0.39,2.0,19.593000000000014
0,2,0,3,-31,0,0,-2,0,-6,31,0,0,-2,0,9,35,0,0,5.01,0.39,2.0,19.908000000000015
0,2,0,5,-31,0,0,-2,0,-5,34,0,0,-2,0,13,48,0,0,5.01,0.39,2.0,20.223000000000017
0,2,0,6,-30,0,0,-2,0,-4,34,0,0,-2,0,17,54,0,0,5.01,0.39,2.0,20.538000000000018
0,2,0,7,-29,0,0,-2,0,-4,34,0,0,-2,0,21,61,0,0,5.01,0.39,2.0,20.85300000000002
0,2,0,8,-28,0,0,-2,0,-4,34,0,0,-2,0,25,66,0,0,5.01,0.39,2.0,21.16800000000002
0,2,0,11,-26,0,0,-2,0,-2,35,0,0,-2,0,29,77,0,0,5.01,0.39,2.0,21.483000000000022
0,2,0,12,-25,0,0,-2,0,-2,34,0,0,-2,0,31,81,0,0,5.01,0.39,2.0,21.798000000000023
0,2,0,13,-24,0,0,-2,0,-1,34,0,0,-2,0,33,84,0,0,5.01,0.39,2.0,22.113000000000024
0,2,0,13,-23,0,0,-2,0,0,33,0,0,-2,0,35,87,0,0,5.01,0.39,2.0,22.428000000000026
0,2,0,13,-22,0,0,-2,0,3,29,0,0,-2,0,38,93,0,0,5.01,0.39,2.0,22.743000000000027
0,2,0,13,-20,0,1,-2,0,5,27,0,0,-2,0,38,94,0,0,5.01,0.39,2.0,23.05800000000003
0,2,0,13,-20,0,1,-2,0,5,27,0,0,-2,0,38,94,0,0,5.01,0.39,2.0,23.37300000000003
0,2,0,13,-18,0,1,-2,0,7,26,0,0,-2,0,38,94,0,0,5.01,0.39,2.0,23.68800000000003
0,2,0,13,-16,0,1,-2,0,9,24,0,0,-2,0,38,91,0,0,5.01,0.39,2.0,24.003000000000032
0,2,0,13,-15,0,1,-2,0,9,24,0,0,-2,0,37,88,0,0,5.01,0.39,2.0,24.318000000000033
0,2,0,13,-15,0,1,-2,0,9,24,0,0,-2,0,38,86,0,0,5.01,0.39,2.0,24.633000000000035
-1,2,0,-10,-31,0,0,-2,0,-49,41,0,0,-2,-1,-63,-76,0,0,5.01,0.4,2.04,24.954000000000036
0,2,0,-8,-18,0,0,-2,0,-53,42,0,0,-2,-1,-57,-55,0,0,5.01,0.4,2.04,25.275000000000038
0,2,0,-7,-13,0,0,-2,0,-53,40,0,0,-2,-1,-54,-47,0,0,5.01,0.4,2.04,25.59600000000004
0,2,0,-6,-7,0,0,-2,0,-53,38,0,0,-2,-1,-52,-40,0,0,5.01,0.4,2.04,25.91700000000004
0,2,0,-6,-3,0,0,-2,0,-52,35,0,0,-2,-1,-48,-35,0,0,5.01,0.4,2.04,26.238000000000042
0,2,0,-6,0,0,0,-2,0,-47,28,0,-1,-2,-1,-37,-27,0,0,5.01,0.4,2.04,26.559000000000044
0,2,0,-5,1,0,0,-2,0,-46,26,0,2,-4,-1,-11,0,0,0,5.01,0.4,2.04,26.880000000000045
-1,2,0,-6,0,0,0,-2,0,-44,23,0,-5,-3,0,-66,-107,0,0,5.01,0.4,2.04,27.201000000000047
-1,2,0,-6,0,0,0,-2,0,-43,20,0,0,0,-2,-30,-57,0,0,5.01,0.4,2.04,27.522000000000048
-1,2,0,-8,7,0,0,-2,0,-39,9,0,-2,-1,-1,-35,-73,0,0,5.01,0.4,2.04,27.84300000000005
-1,2,0,-7,0,0,0,-2,0,-37,4,0,1,-1,-1,-34,-28,0,0,5.01,0.4,2.04,28.16400000000005
0,2,0,-5,2,0,0,-2,0,-37,4,0,0,-2,-1,-26,-46,0,0,5.01,0.4,2.04,28.485000000000053
0,2,0,-7,9,0,0,-2,0,-34,0,0,2,-2,0,-88,-2,0,0,5.01,0.4,2.04,28.806000000000054
0,2,0,-8,11,0,0,-2,0,-29,-22,0,-1,-1,0,-30,-47,0,0,5.01,0.4,2.04,29.127000000000056
-1,2,0,-7,9,0,0,-2,0,-29,-29,0,0,-1,-1,-36,-51,0,0,5.01,0.4,2.04,29.448000000000057
0,1,0,-7,6,0,0,-2,0,-28,-37,0,0,-1,-1,-43,-40,0,0,5.01,0.4,2.04,29.76900000000006
0,1,0,-5,3,0,0,-2,0,-28,-46,0,0,-1,-1,-46,-34,0,0,5.01,0.4,2.04,30.09000000000006
0,2,0,-1,29,0,0,-3,0,45,-33,0,0,-2,-1,-16,-3,0,0,5.01,0.39,2.0,30.40500000000006
0,2,0,-2,29,0,0,-3,0,45,-38,0,0,-2,-1,-15,-1,0,0,5.01,0.39,2.0,30.720000000000063
0,2,0,-2,28,0,0,-2,0,43,-39,0,0,-2,-1,-14,0,0,0,5.01,0.39,2.0,31.035000000000064
0,2,0,-6,28,0,0,-2,0,38,-45,0,-1,-2,-1,-12,3,0,0,5.01,0.39,2.0,31.350000000000065
0,2,0,-7,29,0,0,-2,0,37,-49,0,-1,-2,-1,-11,4,0,0,5.01,0.39,2.0,31.665000000000067
0,2,0,-8,29,0,0,-2,0,37,-54,0,-1,-2,-1,-11,6,0,0,5.01,0.39,2.0,31.980000000000068
0,2,0,-9,29,0,0,-2,0,36,-59,0,-1,-2,-1,-11,7,0,0,5.01,0.39,2.0,32.295000000000066
0,2,0,-9,30,0,0,-2,0,36,-60,0,-1,-2,-1,-11,8,0,0,5.01,0.39,2.0,32.61000000000006
0,2,0,-9,31,0,1,-2,0,33,-59,0,-1,-2,-1,-13,9,0,0,5.01,0.39,2.0,32.92500000000006
0,2,0,-8,31,0,1,-2,0,33,-56,0,-1,-2,-1,-15,9,0,0,5.01,0.39,2.0,33.24000000000006
0,2,0,-8,31,0,1,-2,0,35,-52,0,-1,-2,-1,-14,8,0,0,5.01,0.39,2.0,33.55500000000006
0,2,0,-7,31,0,1,-2,0,36,-47,0,-1,-2,-1,-14,8,0,0,5.01,0.39,2.0,33.870000000000054
0,2,0,-5,32,0,1,-2,0,39,-44,0,-1,-2,-1,-14,3,0,0,5.01,0.39,2.0,34.18500000000005
0,2,0,-3,31,0,1,-2,0,41,-45,0,-1,-2,-1,-13,0,0,0,5.01,0.39,2.0,34.50000000000005
0,2,0,-3,31,0,1,-2,0,42,-45,0,-1,-2,-1,-17,-2,0,0,5.01,0.39,2.0,34.81500000000005
0,2,0,-2,31,0,1,-2,0,43,-47,0,-1,-2,-1,-20,-4,0,0,5.01,0.39,2.0,35.130000000000045
0,4,0,-29,15,0,1,-4,0,52,-89,0,0,-3,-1,1,-13,0,0,5.02,0.44,2.25,35.48600000000005
0,4,0,-26,8,0,1,-3,0,51,-87,0,-1,-3,-1,2,-12,0,0,5.02,0.44,2.25,35.84200000000005
0,3,0,-20,20,0,1,-2,0,33,-62,0,0,-3,-1,3,-18,0,0,5.02,0.44,2.25,36.19800000000005
0,2,0,-13,23,0,1,-2,0,22,-47,0,0,-2,-1,0,-20,0,0,5.02,0.44,2.25,36.55400000000005
0,2,0,-6,26,0,1,-2,0,14,-33,0,0,-2,-1,-3,-21,0,0,5.02,0.44,2.25,36.91000000000005
0,2,0,-4,32,0,1,-2,0,5,-24,0,0,-2,-1,-5,-21,0,0,5.02,0.44,2.25,37.266000000000055
0,2,0,0,33,0,1,-2,0,-3,-18,0,0,-2,0,-8,-19,0,0,5.02,0.44,2.25,37.62200000000006
0,2,0,1,34,0,1,-2,0,-19,-9,0,0,-2,0,-11,-10,0,0,5.02,0.44,2.25,37.97800000000006
0,2,0,1,30,0,1,-2,0,-21,-5,0,0,-2,0,-9,-7,0,0,5.02,0.44,2.25,38.33400000000006
0,2,0,2,24,0,1,-2,0,-21,0,0,0,-2,0,-8,-3,0,0,5.02,0.44,2.25,38.69000000000006
0,2,0,2,15,0,1,-2,0,-20,5,0,0,-2,0,-6,-1,0,0,5.01,0.39,2.0,39.006000000000064
0,3,0,1,-5,0,0,-2,0,-15,9,0,0,-2,0,-6,0,0,0,5.01,0.39,2.0,39.32200000000007
0,3,0,1,-2,0,0,-2,0,-12,7,0,0,-2,0,-6,-1,0,0,5.01,0.39,2.0,39.63800000000007
0,3,0,-5,-3,0,0,-2,0,-9,4,0,0,-2,0,-8,-3,0,0,5.01,0.39,2.0,39.95400000000007
0,2,0,-5,-2,0,0,-2,0,-6,2,0,0,-2,0,-6,-2,0,0,5.01,0.39,2.0,40.270000000000074
0,3,0,-4,-3,0,1,-2,0,-24,16,0,0,-2,0,-31,-41,0,0,5.01,0.39,1.98,40.58300000000008
0,2,0,-6,-6,0,1,-2,0,-23,21,0,0,-2,0,-25,-37,0,0,5.01,0.39,1.98,40.89600000000008
0,2,0,-6,-9,0,1,-2,0,-22,22,0,0,-2,0,-23,-35,0,0,5.01,0.39,1.98,41.20900000000008
0,2,0,-7,-11,0,0,-2,0,-22,23,0,0,-2,0,-22,-34,0,0,5.01,0.39,1.98,41.522000000000084
0,2,0,-8,-11,0,0,-2,0,-22,23,0,0,-2,0,-21,-32,0,0,5.01,0.39,1.98,41.835000000000086
0,2,0,-8,-10,0,1,-2,0,-24,21,0,0,-2,0,-21,-26,0,0,5.01,0.39,1.98,42.14800000000009
0,2,0,-9,-10,0,1,-2,0,-25,20,0,0,-2,0,-19,-23,0,0,5.01,0.39,1.98,42.46100000000009
0,2,0,-9,-8,0,1,-2,0,-25,20,0,0,-2,0,-17,-20,0,0,5.01,0.39,1.98,42.77400000000009
0,2,0,-9,-6,0,1,-2,0,-26,21,0,0,-2,0,-14,-18,0,0,5.01,0.42,2.11,43.10700000000009
0,2,0,-9,-3,0,1,-2,0,-28,25,0,0,-2,0,-7,-7,0,0,5.01,0.42,2.11,43.44000000000009
0,2,0,-9,-3,0,1,-2,0,-28,27,0,0,-2,0,-5,-4,0,0,5.01,0.42,2.11,43.77300000000009
0,2,0,-9,-4,0,1,-2,0,-29,28,0,0,-2,0,-3,-1,0,0,5.01,0.42,2.11,44.10600000000009
0,2,0,-9,-5,0,1,-2,0,-30,29,0,0,-2,0,-2,1,0,0,5.01,0.42,2.11,44.439000000000085
0,2,0,-9,-6,0,1,-2,0,-30,30,0,0,-2,0,-1,4,0,0,5.01,0.42,2.11,44.772000000000084
0,2,0,-9,-10,0,1,-2,0,-30,29,0,0,-2,0,0,9,0,0,5.01,0.42,2.11,45.10500000000008
0,2,0,-9,-10,0,1,-2,0,-31,28,0,0,-2,0,0,10,0,0,5.01,0.42,2.11,45.43800000000008
0,2,0,5,-39,0,0,-2,0,25,-5,0,0,-2,0,30,59,0,0,5.01,0.39,2.0,45.75400000000008
0,2,0,5,-40,0,0,-2,0,27,-7,0,0,-2,0,29,59,0,0,5.01,0.39,2.0,46.070000000000086
0,2,0,4,-40,0,0,-2,0,28,-8,0,0,-2,0,27,58,0,0,5.01,0.39,2.0,46.38600000000009
0,2,0,3,-40,0,0,-2,0,29,-9,0,0,-2,0,25,59,0,0,5.01,0.39,2.0,46.70200000000009
0,2,0,2,-39,0,1,-2,0,30,-6,0,0,-2,0,19,59,0,0,5.01,0.39,2.0,47.01800000000009
0,2,0,2,-39,0,0,-2,0,29,-5,0,0,-2,0,18,59,0,0,5.01,0.4,2.0,47.33500000000009
0,2,0,1,-39,0,0,-2,0,29,-3,0,0,-2,0,17,60,0,0,5.01,0.4,2.0,47.65200000000009
0,2,0,1,-39,0,1,-2,0,27,-1,0,0,-2,0,16,61,0,0,5.01,0.4,2.0,47.969000000000094
0,2,0,0,-41,0,0,-2,0,26,4,0,0,-2,0,13,63,0,0,5.01,0.4,2.0,48.286000000000094
0,2,0,0,-42,0,0,-2,0,26,5,0,0,-2,0,11,62,0,0,5.01,0.4,2.0,48.603000000000094
0,2,0,0,-43,0,0,-2,0,25,5,0,0,-2,0,10,59,0,0,5.01,0.4,2.0,48.920000000000094
0,2,0,0,-43,0,0,-2,0,25,3,0,0,-2,0,8,56,0,0,5.01,0.4,2.0,49.237000000000094
0,2,0,0,-37,0,0,-2,0,25,0,0,0,-2,0,0,47,0,0,5.01,0.4,2.0,49.554000000000094
0,3,0,-3,-28,0,0,-2,0,25,0,0,0,-2,0,-3,52,0,0,5.01,0.4,2.0,49.871000000000095
0,3,0,-5,-26,0,0,-2,0,25,0,0,0,-2,0,20,49,0,0,5.01,0.4,2.0,50.188000000000095
-1,2,0,-6,10,0,0,-2,0,-38,27,0,0,-2,-1,-21,-28,0,0,5.01,0.41,2.09,50.51800000000009
-1,2,0,-6,10,0,0,-2,0,-38,26,0,0,-2,-1,-20,-27,0,0,5.01,0.41,2.09,50.84800000000009
-1,2,0,-6,11,0,0,-2,0,-37,24,0,0,-2,-1,-18,-25,0,0,5.01,0.41,2.09,51.17800000000009
0,2,0,-4,12,0,0,-2,0,-37,22,0,0,-2,-1,-16,-24,0,0,5.01,0.39,1.99,51.49300000000009
0,2,0,-4,13,0,0,-2,0,-37,21,0,0,-2,-1,-16,-23,0,0,5.01,0.39,1.99,51.808000000000085
0,2,0,-3,13,0,0,-2,0,-37,21,0,0,-2,-1,-15,-22,0,0,5.01,0.39,1.99,52.12300000000008
0,2,0,-2,15,0,0,-2,0,-36,22,0,0,-2,-1,-15,-20,0,0,5.01,0.39,1.99,52.43800000000008
0,2,0,-2,16,0,0,-2,0,-35,22,0,0,-2,-1,-14,-17,0,0,5.01,0.39,1.99,52.75300000000008
0,2,0,0,20,0,0,-2,0,-33,22,0,0,-2,-1,-12,-10,0,0,5.01,0.39,1.99,53.068000000000076
0,2,0,0,21,0,0,-2,0,-32,21,0,0,-2,-1,-11,-7,0,0,5.01,0.39,1.99,53.383000000000074
0,2,0,0,22,0,0,-2,0,-31,20,0,0,-2,-1,-10,-4,0,0,5.01,0.39,1.99,53.69800000000007
0,2,0,0,23,0,0,-2,0,-29,18,0,0,-2,-1,-10,-1,0,0,5.01,0.39,1.99,54.01300000000007
0,2,0,0,25,0,0,-2,0,-25,11,0,0,-2,-1,-9,0,0,0,5.01,0.39,1.99,54.32800000000007
0,2,0,1,24,0,0,-2,0,-23,8,0,0,-2,-1,-10,0,0,0,5.01,0.39,1.99,54.643000000000065
0,2,0,1,24,0,0,-2,0,-22,4,0,0,-2,-1,-10,0,0,0,5.01,0.39,1.99,54.95800000000006
-1,2,0,-5,20,0,0,-2,0,22,-30,0,-1,-2,-1,-10,-5,0,0,5.01,0.39,1.99,55.27300000000006
-1,2,0,-5,20,0,0,-2,0,22,-30,0,-1,-2,-1,-8,-6,0,0,5.01,0.39,1.98,55.58700000000006
-1,2,0,-5,20,0,0,-2,0,22,-29,0,-1,-2,-1,-7,-7,0,0,5.01,0.39,1.98,55.90100000000006
-1,2,0,-5,17,0,0,-2,0,21,-30,0,-1,-2,-1,-4,-8,0,0,5.01,0.39,1.98,56.21500000000006
-1,2,0,-5,16,0,0,-2,0,20,-31,0,-1,-2,-1,-2,-9,0,0,5.01,0.39,1.98,56.52900000000006
-1,2,0,-5,16,0,0,-2,0,18,-31,0,-1,-2,-1,-1,-9,0,0,5.01,0.39,1.98,56.84300000000006
-1,2,0,-4,16,0,0,-2,0,17,-31,0,-1,-2,-1,0,-10,0,0,5.01,0.39,1.98,57.15700000000006
-1,2,0,-5,15,0,0,-2,0,14,-32,0,-1,-2,-1,0,-12,0,0,5.01,0.39,1.98,57.47100000000006
-1,2,0,-5,14,0,0,-2,0,13,-31,0,-1,-2,-1,0,-13,0,0,5.01,0.39,1.98,57.78500000000006
-1,2,0,-4,12,0,0,-2,0,12,-31,0,-1,-2,-1,-1,-14,0,0,5.01,0.39,1.98,58.09900000000006
-1,2,0,-4,12,0,0,-2,0,12,-32,0,-1,-2,-1,-1,-16,0,0,5.01,0.39,1.98,58.41300000000006
-1,2,0,-3,9,0,0,-2,0,10,-30,0,-1,-2,-1,-3,-20,0,0,5.01,0.39,1.98,58.72700000000006
-1,2,0,-2,8,0,0,-2,0,9,-30,0,-1,-2,-1,-4,-22,0,0,5.01,0.39,1.98,59.04100000000006
-1,2,0,-1,8,0,0,-2,0,7,-28,0,-1,-2,-1,-6,-23,0,0,5.01,0.39,1.98,59.35500000000006
-1,2,0,-1,8,0,0,-2,0,6,-28,0,-1,-2,-1,-6,-24,0,0,5.01,0.39,1.98,59.66900000000006
0,2,0,-15,16,0,0,-2,0,12,-38,0,0,-2,0,1,16,0,0,5.01,0.4,2.02,59.99000000000006
0,2,0,-14,17,0,0,-2,0,11,-39,0,0,-2,0,2,18,0,0,5.01,0.4,2.02,60.31100000000006
0,2,0,-13,19,0,0,-2,0,8,-39,0,0,-2,0,9,17,0,0,5.01,0.4,2.02,60.632000000000055
0,2,0,-13,19,0,0,-2,0,7,-38,0,0,-2,0,11,18,0,0,5.01,0.4,2.02,60.95300000000005
0,2,0,-13,17,0,0,-2,0,5,-36,0,0,-2,0,14,19,0,0,5.01,0.4,2.02,61.27400000000005
0,2,0,-14,16,0,0,-2,0,2,-34,0,0,-2,0,19,23,0,0,5.01,0.4,2.02,61.59500000000005
0,2,0,-14,14,0,0,-2,0,-1,-27,0,0,-2,0,23,24,0,0,5.01,0.4,2.02,61.91600000000005
0,2,0,-13,13,0,0,-2,0,-2,-24,0,0,-2,0,25,23,0,0,5.01,0.4,2.02,62.237000000000045
0,2,0,-12,11,0,0,-2,0,-4,-22,0,0,-2,0,26,24,0,0,5.01,0.4,2.02,62.55800000000004
0,2,0,-11,10,0,0,-2,0,-5,-19,0,0,-2,0,24,24,0,0,5.01,0.4,2.02,62.87900000000004
0,2,0,-9,7,0,0,-2,0,-8,-12,0,0,-2,0,20,28,0,0,5.01,0.4,2.02,63.20000000000004
0,2,0,-9,7,0,0,-2,0,-8,-11,0,0,-2,0,17,25,0,0,5.01,0.4,2.02,63.521000000000036
0,2,0,-8,7,0,0,-2,0,-9,-11,0,0,-2,0,19,24,0,0,5.01,0.4,2.02,63.842000000000034
0,2,0,-7,8,0,0,-2,0,-9,-12,0,0,-2,0,17,23,0,0,5.01,0.4,2.02,64.16300000000004
0,2,0,-5,10,0,0,-2,0,-10,-12,0,0,-2,0,19,23,0,0,5.01,0.4,2.02,64.48400000000004
0,2,0,-4,10,0,0,-2,0,-9,-12,0,0,-2,0,21,26,0,0,5.01,0.4,2.02,64.80500000000004
0,2,0,7,-14,0,0,-2,0,-18,6,0,0,-2,0,0,-1,0,0,5.01,0.4,2.04,65.12800000000003
0,2,0,6,-17,0,1,-2,0,-19,7,0,0,-2,0,0,-1,0,0,5.01,0.4,2.04,65.45100000000002
0,2,0,7,-18,0,1,-2,0,-19,9,0,0,-2,0,0,-2,0,0,5.01,0.4,2.04,65.77400000000002
0,2,0,4,-25,0,0,-2,0,-18,15,0,0,-2,0,1,-3,0,0,5.01,0.4,2.04,66.09700000000001
0,2,0,3,-27,0,1,-2,0,-18,17,0,0,-2,0,1,-3,0,0,5.01,0.4,2.04,66.42
0,2,0,2,-29,0,1,-2,0,-19,18,0,0,-2,0,2,-3,0,0,5.01,0.4,2.04,66.743
0,2,0,2,-30,0,0,-2,0,-19,19,0,0,-2,0,3,-3,0,0,5.01,0.4,2.04,67.06599999999999
0,2,0,0,-30,0,0,-2,0,-21,23,0,0,-2,0,6,-1,0,0,5.01,0.4,2.04,67.38899999999998
0,2,0,0,-30,0,1,-2,0,-22,24,0,0,-2,0,8,0,0,0,5.01,0.4,2.04,67.71199999999997
0,2,0,1,-29,0,1,-2,0,-23,26,0,0,-2,0,8,2,0,0,5.01,0.4,2.04,68.03499999999997
0,2,0,0,-31,0,1,-2,0,-23,28,0,0,-2,0,10,4,0,0,5.01,0.4,2.04,68.35799999999996
0,2,0,0,-32,0,1,-2,0,-26,33,0,0,-2,0,15,13,0,0,5.01,0.4,2.04,68.68099999999995
0,2,0,0,-33,0,1,-2,0,-26,34,0,0,-2,0,17,17,0,0,5.01,0.4,2.04,69.00399999999995
0,2,0,0,-33,0,1,-2,0,-26,35,0,0,-2,0,18,21,0,0,5.01,0.4,2.04,69.32699999999994
0,2,0,0,-34,0,1,-2,0,-27,37,0,0,-2,0,20,25,0,0,5.01,0.4,2.04,69.64999999999993
0,2,0,0,-34,0,1,-2,0,-27,37,0,0,-2,0,25,32,0,0,5.01,0.4,2.04,69.97299999999993
0,3,0,11,-24,0,0,-3,0,32,-8,0,-1,-2,0,-29,9,0,0,5.01,0.39,1.98,70.28799999999993
0,3,0,10,-25,0,0,-3,0,34,-11,0,-1,-2,0,-35,6,0,0,5.01,0.39,1.98,70.60299999999992
0,3,0,9,-25,0,0,-3,0,36,-14,0,-1,-2,0,-39,2,0,0,5.01,0.39,1.98,70.91799999999992
0,3,0,8,-27,0,0,-3,0,41,-23,0,-1,-2,0,-46,-7,0,0,5.01,0.39,1.98,71.23299999999992
0,3,0,7,-25,0,0,-3,0,43,-25,0,-1,-2,0,-49,-10,0,0,5.01,0.39,1.98,71.54799999999992
0,3,0,5,-24,0,0,-3,0,44,-27,0,-1,-2,0,-51,-13,0,0,5.01,0.39,1.98,71.86299999999991
0,3,0,3,-23,0,0,-3,0,45,-27,0,-1,-2,0,-53,-18,0,0,5.01,0.39,1.98,72.17799999999991
0,3,0,-2,-18,0,0,-3,0,44,-22,0,0,-3,0,-63,-26,0,0,5.01,0.39,1.98,72.49299999999991
0,3,0,-2,-18,0,0,-3,0,42,-20,0,0,-3,0,-64,-19,0,0,5.01,0.39,1.98,72.80799999999991
0,3,0,-2,-16,0,0,-3,0,40,-18,0,-1,-3,0,-65,-16,0,0,5.01,0.39,1.98,73.1229999999999
0,3,0,-2,-17,0,0,-3,0,35,-20,0,-1,-3,0,-62,-13,0,0,5.01,0.39,1.98,73.4379999999999
-1,3,0,-3,-13,0,0,-2,0,25,4,0,-1,-3,0,-49,-15,0,0,5.01,0.39,1.98,73.7529999999999
-1,3,0,-4,-15,0,0,-2,0,19,6,0,-1,-3,0,-47,-18,0,0,5.01,0.39,1.98,74.0679999999999
-1,3,0,-5,-14,0,0,-2,0,12,6,0,-1,-2,-1,-47,-23,0,0,5.01,0.39,1.98,74.3829999999999
-1,3,0,-7,-12,0,0,-2,0,5,9,0,-1,-2,-1,-46,-27,0,0,5.01,0.4,2.01,74.70299999999989
-1,2,0,-11,-6,0,0,-2,0,-10,23,0,0,-2,-1,-47,-36,0,0,5.01,0.4,2.01,75.02299999999988
0,2,0,-12,17,0,0,-2,0,-9,-18,0,0,-2,-1,-13,-17,0,0,5.01,0.41,2.09,75.35499999999988
0,2,0,-13,17,0,0,-2,0,-7,-19,0,0,-2,-1,-14,-18,0,0,5.01,0.41,2.09,75.68699999999987
0,2,0,-14,16,0,0,-2,0,-6,-20,0,0,-2,-1,-14,-19,0,0,5.01,0.41,2.09,76.01899999999986
0,2,0,-15,14,0,0,-2,0,-2,-23,0,0,-2,-1,-14,-22,0,0,5.01,0.41,2.09,76.35099999999986
0,2,0,-17,13,0,0,-2,0,-1,-24,0,0,-2,-1,-14,-22,0,0,5.01,0.41,2.09,76.68299999999985
0,2,0,-19,13,0,0,-2,0,0,-26,0,0,-2,-1,-13,-23,0,0,5.01,0.41,2.09,77.01499999999984
0,2,0,-19,14,0,0,-2,0,0,-25,0,0,-2,-1,-13,-23,0,0,5.01,0.41,2.09,77.34699999999984
0,2,0,-21,12,0,1,-2,0,0,-19,0,0,-2,-1,-12,-24,0,0,5.01,0.41,2.09,77.67899999999983
0,2,0,-21,12,0,0,-2,0,0,-16,0,0,-2,-1,-12,-26,0,0,5.01,0.41,2.09,78.01099999999983
0,2,0,-22,13,0,0,-2,0,0,-14,0,0,-2,-1,-13,-27,0,0,5.01,0.41,2.09,78.34299999999982
0,2,0,-23,13,0,0,-2,0,0,-13,0,0,-2,-1,-13,-28,0,0,5.01,0.41,2.09,78.67499999999981
0,2,0,-23,13,0,0,-2,0,0,-13,0,0,-2,-1,-14,-29,0,0,5.01,0.39,1.96,78.98699999999981
0,2,0,-22,10,0,0,-2,0,1,-17,0,0,-2,-1,-16,-30,0,0,5.01,0.39,1.96,79.29899999999981
0,2,0,-22,9,0,0,-2,0,2,-17,0,0,-2,-1,-16,-30,0,0,5.01,0.39,1.96,79.6109999999998
0,2,0,-21,8,0,0,-2,0,2,-17,0,0,-2,-1,-16,-29,0,0,5.01,0.39,1.96,79.9229999999998
-1,2,0,-5,11,0,0,-2,0,7,-5,0,0,-2,-1,21,-31,0,0,5.01,0.39,1.95,80.2329999999998
-1,2,0,-6,11,0,0,-2,0,3,-21,0,0,-2,-1,22,-34,0,0,5.01,0.39,1.95,80.54299999999981
-1,2,0,-6,11,0,0,-2,0,0,-25,0,0,-2,-1,20,-34,0,0,5.01,0.39,1.95,80.85299999999981
-1,2,0,-6,11,0,0,-2,0,-3,-27,0,0,-2,-1,17,-34,0,0,5.01,0.39,1.95,81.16299999999981
-1,2,0,-7,12,0,0,-2,0,-6,-27,0,0,-2,-1,13,-33,0,0,5.01,0.39,1.95,81.47299999999981
-1,2,0,-6,11,0,0,-2,0,-14,-22,0,0,-2,-1,4,-30,0,0,5.01,0.39,1.95,81.78299999999982
-1,2,0,-5,11,0,0,-2,0,-15,-20,0,0,-2,-1,0,-30,0,0,5.01,0.39,1.95,82.09299999999982
-1,2,0,-5,11,0,0,-2,0,-15,-17,0,0,-2,-1,-1,-31,0,0,5.01,0.39,1.95,82.40299999999982
-1,2,0,-5,11,0,0,-2,0,-16,-12,0,0,-2,-1,-3,-32,0,0,5.01,0.39,1.95,82.71299999999982
-1,2,0,-5,8,0,0,-2,0,-17,-3,0,0,-2,-1,-6,-32,0,0,5.01,0.4,2.03,83.03599999999982
-1,2,0,-5,9,0,0,-2,0,-17,0,0,0,-2,-1,-7,-32,0,0,5.01,0.4,2.03,83.35899999999981
-1,2,0,-3,9,0,0,-2,0,-17,3,0,0,-2,-1,-7,-31,0,0,5.01,0.4,2.03,83.6819999999998
-1,2,0,-2,4,0,0,-2,0,-16,6,0,0,-2,-1,-8,-30,0,0,5.01,0.4,2.03,84.0049999999998
-1,2,0,-1,0,0,0,-2,0,-17,13,0,0,-2,-1,-9,-25,0,0,5.01,0.4,2.03,84.32799999999979
-1,2,0,0,0,0,0,-2,0,-18,15,0,0,-2,-1,-9,-23,0,0,5.01,0.4,2.03,84.65099999999978
0,2,0,-1,0,0,0,-2,0,-18,16,0,0,-2,-1,-8,-20,0,0,5.01,0.4,2.03,84.97399999999978
0,2,0,4,3,0,0,-2,0,-5,0,0,0,-2,0,-32,-15,0,0,5.02,0.46,2.31,85.34199999999977
0,2,0,2,3,0,0,-2,0,-8,0,0,-1,-2,0,-35,-27,0,0,5.02,0.46,2.31,85.70999999999977
0,2,0,3,3,0,0,-2,0,-9,0,0,0,-2,0,-36,-29,0,0,5.02,0.46,2.31,86.07799999999976
0,2,0,5,2,0,0,-2,0,-10,1,0,0,-2,0,-38,-34,0,0,5.02,0.46,2.31,86.44599999999976
0,2,0,6,1,0,0,-2,0,-11,2,0,0,-2,0,-42,-36,0,0,5.02,0.46,2.31,86.81399999999975
0,2,0,6,0,0,0,-2,0,-14,4,0,0,-2,0,-38,-41,0,0,5.02,0.46,2.31,87.18199999999975
0,2,0,6,0,0,1,-2,0,-14,4,0,0,-2,0,-38,-43,0,0,5.01,0.41,2.09,87.51499999999974
0,2,0,6,0,0,0,-2,0,-14,4,0,0,-2,0,-39,-45,0,0,5.01,0.41,2.09,87.84799999999974
0,2,0,6,0,0,0,-2,0,-14,4,0,0,-2,0,-41,-44,0,0,5.01,0.41,2.09,88.18099999999974
0,2,0,4,0,0,0,-2,0,-12,1,0,0,-2,0,-49,-46,0,0,5.01,0.41,2.09,88.51399999999974
0,2,0,3,0,0,0,-2,0,-11,-1,0,0,-2,0,-52,-47,0,0,5.01,0.41,2.09,88.84699999999974
0,2,0,2,0,0,0,-2,0,-10,-3,0,0,-2,0,-53,-46,0,0,5.01,0.41,2.09,89.17999999999974
0,2,0,1,0,0,0,-2,0,-9,-6,0,0,-2,0,-52,-46,0,0,5.01,0.41,2.09,89.51299999999974
0,2,0,0,-1,0,0,-2,0,-6,-10,0,-1,-2,0,-47,-44,0,0,5.01,0.41,2.09,89.84599999999973
0,2,0,0,-2,0,0,-2,0,-6,-11,0,0,-2,0,-43,-42,0,0,5.01,0.41,2.09,90.17899999999973
0,2,0,-1,-3,0,0,-2,0,-6,-11,0,0,-2,0,-43,-41,0,0,5.01,0.41,2.09,90.51199999999973
0,2,0,3,-21,0,1,-2,0,0,9,0,0,-2,0,49,24,0,0,5.01,0.41,2.08,90.84399999999972
0,2,0,2,-20,0,1,-2,0,0,14,0,0,-2,0,44,25,0,0,5.01,0.41,2.08,91.17599999999972
0,2,0,2,-19,0,1,-2,0,0,16,0,0,-2,0,41,27,0,0,5.01,0.41,2.08,91.50799999999971
0,2,0,2,-18,0,1,-2,0,-1,17,0,0,-2,0,39,29,0,0,5.02,0.44,2.23,91.86299999999972
0,2,0,2,-18,0,1,-2,0,0,18,0,0,-2,0,36,31,0,0,5.02,0.44,2.23,92.21799999999972
0,2,0,3,-19,0,1,-2,0,0,18,0,0,-2,0,29,37,0,0,5.02,0.44,2.23,92.57299999999972
0,2,0,3,-19,0,1,-2,0,0,18,0,0,-2,0,27,39,0,0,5.02,0.44,2.23,92.92799999999973
0,2,0,4,-19,0,1,-2,0,1,19,0,0,-2,0,26,41,0,0,5.02,0.44,2.23,93.28299999999973
0,2,0,4,-19,0,1,-2,0,2,18,0,0,-2,0,25,44,0,0,5.02,0.44,2.23,93.63799999999974
0,2,0,6,-18,0,1,-2,0,5,19,0,0,-2,0,26,49,0,0,5.02,0.44,2.23,93.99299999999974
0,2,0,7,-18,0,1,-2,0,6,19,0,0,-2,0,27,51,0,0,5.02,0.44,2.23,94.34799999999974
0,2,0,7,-19,0,0,-2,0,6,19,0,0,-2,0,28,52,0,0,5.02,0.44,2.23,94.70299999999975
0,2,0,8,-20,0,0,-2,0,7,18,0,0,-2,0,29,53,0,0,5.02,0.44,2.23,95.05799999999975
0,2,0,8,-21,0,0,-2,0,8,15,0,0,-2,0,31,53,0,0,5.02,0.44,2.23,95.41299999999976
0,2,0,8,-25,0,0,-2,0,11,6,0,0,-2,0,38,50,0,0,5.02,0.44,2.23,95.76799999999976
0,2,0,7,-25,0,0,-2,0,12,3,0,0,-2,0,39,48,0,0,5.02,0.44,2.23,96.12299999999976
0,2,0,-13,19,0,0,-2,0,-25,21,0,0,-1,-1,-50,-32,0,0,5.01,0.39,1.96,96.43599999999977
0,2,0,-13,20,0,0,-2,0,-24,17,0,0,-1,-1,-50,-33,0,0,5.01,0.39,1.96,96.74899999999977
0,2,0,-10,17,0,0,-2,0,-22,7,0,0,-1,-1,-50,-29,0,0,5.01,0.39,1.96,97.06199999999977
0,2,0,-6,17,0,0,-2,0,-23,4,0,0,-1,-1,-48,-27,0,0,5.01,0.39,1.96,97.68799999999978
-1,2,0,-7,15,0,0,-2,0,-24,3,0,0,-1,-1,-48,-26,0,0,5.01,0.39,1.96,98.00099999999978
0,2,0,-6,13,0,0,-2,0,-29,3,0,0,-1,-1,-45,-22,0,0,5.01,0.39,1.96,98.31399999999978
0,2,0,-4,12,0,0,-2,0,-33,4,0,0,-1,-1,-39,-19,0,0,5.01,0.39,1.96,98.93999999999978
0,2,0,-4,10,0,0,-2,0,-34,4,0,0,-1,-1,-36,-20,0,0,5.01,0.39,1.96,99.25299999999979
0,2,0,-4,11,0,0,-2,0,-36,5,0,0,-1,-1,-34,-19,0,0,5.01,0.39,1.96,99.56599999999979
0,2,0,-3,11,0,0,-2,0,-39,7,0,0,-1,-1,-27,-19,0,0,5.01,0.39,1.96,99.87899999999979
0,2,0,-2,12,0,0,-2,0,-40,6,0,0,-2,-1,-22,-17,0,0,5.01,0.39,1.96,100.5049999999998
0,2,0,-2,14,0,0,-2,0,-40,6,0,0,-1,-1,-21,-17,0,0,5.01,0.39,1.96,100.8179999999998
0,2,0,-2,17,0,0,-2,0,-41,8,0,0,-2,-1,-17,-11,0,0,5.01,0.39,1.96,101.1309999999998
0,2,0,-4,24,0,1,-2,0,37,-39,0,0,-2,-1,11,23,0,0,5.01,0.4,2.0,101.4509999999998
0,2,0,-3,25,0,1,-2,0,36,-38,0,0,-2,-1,12,23,0,0,5.01,0.4,2.0,101.77099999999979
0,2,0,-2,25,0,1,-2,0,35,-38,0,0,-2,-1,12,24,0,0,5.01,0.4,2.0,102.09099999999978
0,2,0,1,25,0,1,-2,0,33,-36,0,0,-2,-1,10,24,0,0,5.01,0.4,2.0,102.41099999999977
0,2,0,2,25,0,1,-2,0,33,-35,0,0,-2,-1,9,22,0,0,5.01,0.4,2.0,102.73099999999977
0,2,0,3,24,0,1,-2,0,34,-33,0,-1,-2,-1,6,21,0,0,5.01,0.4,2.0,103.05099999999976
0,2,0,4,24,0,1,-2,0,35,-32,0,-1,-2,-1,4,18,0,0,5.01,0.4,2.0,103.37099999999975
-1,2,0,6,23,0,0,-2,0,37,-28,0,0,-2,-1,1,15,0,0,5.01,0.4,2.0,103.69099999999975
-1,2,0,7,21,0,0,-2,0,39,-29,0,0,-2,-1,1,15,0,0,5.01,0.4,2.0,104.01099999999974
-1,2,0,7,18,0,0,-2,0,40,-31,0,0,-2,-1,1,15,0,0,5.01,0.4,2.0,104.33099999999973
-1,2,0,7,18,0,0,-2,0,42,-32,0,0,-2,-1,2,16,0,0,5.01,0.4,2.0,104.65099999999973
-1,2,0,8,16,0,0,-2,0,42,-31,0,0,-2,-1,7,20,0,0,5.01,0.4,2.0,104.97099999999972
-1,2,0,9,15,0,0,-2,0,42,-30,0,0,-2,-1,9,21,0,0,5.01,0.4,2.0,105.29099999999971
-1,2,0,9,14,0,0,-2,0,42,-30,0,0,-2,-1,12,23,0,0,5.01,0.4,2.0,105.6109999999997
-1,2,0,9,14,0,0,-2,0,42,-31,0,0,-2,-1,14,24,0,0,5.01,0.4,2.0,105.9309999999997
0,3,0,-4,-4,0,0,-2,0,-18,27,0,0,-2,0,15,23,0,0,5.01,0.39,1.97,106.2459999999997
0,2,0,-5,-4,0,0,-2,0,-11,17,0,0,-2,0,9,30,0,0,5.01,0.39,1.97,106.5609999999997
0,2,0,-6,-2,0,0,-2,0,-9,15,0,0,-2,0,5,31,0,0,5.01,0.39,1.97,106.87599999999969
0,2,0,-5,-2,0,0,-2,0,-7,13,0,0,-2,0,1,34,0,0,5.01,0.39,1.97,107.19099999999969
0,2,0,-6,-3,0,0,-2,0,-4,12,0,0,-2,0,0,32,0,0,5.01,0.39,1.97,107.50599999999969
0,2,0,-5,-4,0,0,-2,0,0,6,0,0,-2,0,-1,28,0,0,5.01,0.39,1.97,107.82099999999969
0,2,0,-4,-5,0,0,-2,0,0,3,0,0,-2,0,-1,27,0,0,5.01,0.39,1.97,108.13599999999968
0,2,0,-3,-6,0,0,-2,0,0,0,0,0,-2,0,-2,29,0,0,5.01,0.39,1.97,108.45099999999968
0,2,0,-3,-7,0,0,-2,0,0,-5,0,0,-2,0,-3,27,0,0,5.01,0.39,1.97,108.76599999999968
0,2,0,-1,-10,0,0,-2,0,-2,-12,0,0,-2,0,2,31,0,0,5.01,0.39,1.97,109.08099999999968
0,2,0,-1,-11,0,0,-2,0,-3,-14,0,0,-2,0,3,35,0,0,5.01,0.39,1.97,109.39599999999967
0,2,0,-1,-12,0,0,-2,0,-4,-16,0,0,-2,0,4,39,0,0,5.01,0.39,1.97,109.71099999999967
0,2,0,0,-13,0,0,-2,0,-6,-17,0,0,-2,0,2,41,0,0,5.01,0.39,1.97,110.02599999999967
0,2,0,0,-16,0,1,-2,0,-10,-18,0,0,-2,0,-3,54,0,0,5.01,0.39,1.97,110.34099999999967
0,2,0,0,-16,0,1,-2,0,-12,-17,0,0,-2,0,-6,58,0,0,5.01,0.39,1.97,110.65599999999966
0,2,0,0,-16,0,1,-2,0,-13,-15,0,0,-2,0,-5,62,0,0,5.01,0.39,1.97,110.97099999999966
0,2,0,-6,0,0,0,-2,0,-17,7,0,0,-2,0,-9,-12,0,0,5.01,0.39,1.98,111.28699999999967
0,2,0,-5,0,0,0,-2,0,-17,6,0,0,-2,0,-7,-12,0,0,5.01,0.39,1.98,111.60299999999967
0,2,0,-3,-1,0,0,-2,0,-19,2,0,0,-2,0,-5,-9,0,0,5.01,0.39,1.98,111.91899999999967
0,2,0,-3,-2,0,0,-2,0,-19,1,0,0,-2,0,-4,-8,0,0,5.01,0.39,1.98,112.23499999999967
0,2,0,-2,-3,0,0,-2,0,-20,1,0,0,-2,0,-4,-7,0,0,5.01,0.39,1.98,112.55099999999968
0,2,0,-2,-3,0,0,-2,0,-20,1,0,0,-2,0,-5,-7,0,0,5.01,0.39,1.98,112.86699999999968
0,2,0,-2,-6,0,0,-2,0,-20,3,0,0,-2,0,-5,-5,0,0,5.01,0.39,1.98,113.18299999999968
0,2,0,-3,-7,0,1,-2,0,-20,3,0,0,-2,0,-5,-4,0,0,5.01,0.39,1.98,113.49899999999968
0,2,0,-3,-8,0,0,-2,0,-20,3,0,0,-2,0,-5,-3,0,0,5.01,0.39,1.98,113.81499999999969
0,2,0,-3,-10,0,0,-2,0,-20,3,0,0,-2,0,-5,-2,0,0,5.01,0.39,1.98,114.13099999999969
0,2,0,-2,-15,0,1,-2,0,-20,3,0,0,-2,0,-3,0,0,0,5.01,0.39,1.98,114.44699999999969
0,2,0,-2,-16,0,1,-2,0,-20,4,0,0,-2,0,-1,1,0,0,5.01,0.39,1.98,114.76299999999969
0,2,0,-1,-17,0,1,-2,0,-20,5,0,0,-2,0,0,2,0,0,5.01,0.39,1.98,115.0789999999997
0,2,0,-1,-18,0,1,-2,0,-19,6,0,0,-2,0,2,4,0,0,5.01,0.39,1.98,115.39599999999969
0,2,0,0,-20,0,1,-2,0,-19,7,0,0,-2,0,6,7,0,0,5.01,0.39,1.98,115.71299999999968
0,2,0,0,-20,0,1,-2,0,-19,7,0,0,-2,0,7,8,0,0,5.01,0.39,1.98,116.02999999999967
-1,3,0,-4,-26,0,0,-3,0,44,-79,0,0,-3,-1,17,24,0,0,5.01,0.42,2.14,116.37299999999968
-1,3,0,-3,-22,0,0,-3,0,43,-78,0,0,-3,-1,19,24,0,0,5.01,0.42,2.14,116.71599999999968
-1,3,0,-3,-21,0,0,-3,0,40,-75,0,0,-3,-1,20,26,0,0,5.01,0.42,2.14,117.05899999999968
-1,3,0,-11,-16,0,0,-2,0,29,-59,0,-1,-2,-1,19,23,0,0,5.01,0.42,2.14,117.40199999999969
-1,3,0,-13,-13,0,0,-2,0,23,-52,0,-1,-2,-1,16,21,0,0,5.01,0.42,2.14,117.74499999999969
-1,3,0,-14,-9,0,0,-2,0,17,-46,0,-1,-2,-1,14,20,0,0,5.01,0.42,2.14,118.0879999999997
-1,3,0,-14,-10,0,0,-2,0,11,-40,0,-1,-2,-1,10,17,0,0,5.01,0.42,2.14,118.4309999999997
-1,2,0,-15,-15,0,0,-2,0,-6,-29,0,-1,-2,-1,0,5,0,0,5.01,0.42,2.14,118.7739999999997
-1,2,0,-15,-17,0,0,-2,0,-14,-26,0,-1,-2,-1,-4,0,0,0,5.01,0.42,2.14,119.1169999999997
-1,2,0,-11,-21,0,0,-2,0,-20,-26,0,-1,-2,-1,-9,-6,0,0,5.01,0.42,2.14,119.45999999999971
-1,2,0,-10,-24,0,1,-2,0,-29,-8,0,-1,-2,-1,-14,-13,0,0,5.01,0.4,2.0,119.78099999999971
-1,2,0,-6,-29,0,0,-2,0,-46,17,0,-1,-2,-1,-27,-31,0,0,5.01,0.4,2.0,120.1019999999997
0,2,0,-6,-30,0,0,-2,0,-52,22,0,-1,-2,-1,-33,-36,0,0,5.01,0.4,2.0,120.4229999999997
0,2,0,-7,-27,0,0,-2,0,-58,28,0,-1,-2,-1,-38,-41,0,0,5.01,0.4,2.0,120.7439999999997
0,2,0,-8,-23,0,0,-2,0,-63,33,0,-1,-2,-1,-42,-44,0,0,5.01,0.4,2.0,121.0649999999997
0,2,0,-23,31,0,0,-2,0,5,-13,0,-1,-2,-1,-34,-29,0,0,5.01,0.39,1.96,121.3799999999997
0,2,0,-21,37,0,0,-2,0,4,-9,0,-1,-2,-1,-34,-34,0,0,5.01,0.39,1.96,121.6949999999997
0,2,0,-21,40,0,0,-2,0,4,-9,0,0,-2,-1,-33,-35,0,0,5.01,0.39,1.96,122.00999999999969
0,2,0,-20,42,0,0,-2,0,4,-8,0,0,-2,-1,-32,-35,0,0,5.01,0.39,1.96,122.32499999999969
0,2,0,-20,45,0,0,-2,0,5,-7,0,0,-1,-1,-30,-36,0,0,5.01,0.39,1.96,122.63999999999969
0,2,0,-18,51,0,0,-2,0,7,-4,0,0,-1,-1,-28,-37,0,0,5.01,0.39,1.96,122.95499999999969
0,2,0,-17,52,0,0,-2,0,9,-5,0,0,-1,-1,-28,-37,0,0,5.01,0.39,1.96,123.26999999999968
0,2,0,-16,53,0,0,-2,0,11,-6,0,0,-1,-1,-29,-37,0,0,5.01,0.39,1.96,123.58499999999968
0,2,0,-16,53,0,0,-2,0,13,-7,0,0,-1,-1,-30,-38,0,0,5.01,0.39,1.97,123.90099999999968
0,2,0,-15,49,0,0,-2,0,20,-12,0,0,-2,-1,-33,-37,0,0,5.01,0.39,1.97,124.21699999999969
0,2,0,-15,46,0,0,-2,0,23,-15,0,0,-2,-1,-35,-36,0,0,5.01,0.39,1.97,124.53299999999969
-1,2,0,-15,45,0,0,-2,0,26,-19,0,0,-2,-1,-35,-34,0,0,5.01,0.39,1.97,124.84899999999969
-1,2,0,-17,44,0,0,-2,0,29,-21,0,0,-2,-1,-35,-32,0,0,5.01,0.39,1.97,125.1649999999997
-1,2,0,-20,43,0,0,-2,0,33,-26,0,0,-2,-1,-32,-27,0,0,5.01,0.39,1.97,125.4809999999997
-1,2,0,-21,44,0,0,-2,0,34,-28,0,0,-2,-1,-29,-25,0,0,5.01,0.39,1.97,125.7969999999997
-1,2,0,2,9,0,0,-2,0,-6,-16,0,-1,-2,-1,24,4,0,0,5.01,0.39,1.96,126.1119999999997
-1,2,0,3,9,0,0,-2,0,-8,-12,0,-1,-2,-1,22,-2,0,0,5.01,0.39,1.96,126.4269999999997
-1,2,0,3,9,0,0,-2,0,-10,-11,0,-1,-2,-1,17,-6,0,0,5.01,0.39,1.96,126.74199999999969
-1,2,0,3,10,0,0,-2,0,-11,-11,0,-1,-2,-1,13,-10,0,0,5.01,0.39,1.96,127.05699999999969
-1,2,0,3,10,0,0,-2,0,-12,-11,0,-1,-2,-1,10,-15,0,0,5.01,0.39,1.96,127.37199999999969
-1,2,0,2,10,0,0,-2,0,-14,-12,0,-1,-2,-1,6,-24,0,0,5.01,0.39,1.96,127.68699999999968
-1,2,0,1,9,0,0,-2,0,-15,-13,0,-1,-2,-1,5,-26,0,0,5.01,0.39,1.97,128.00299999999967
-1,2,0,1,8,0,0,-3,0,-16,-13,0,-1,-2,-1,4,-27,0,0,5.01,0.39,1.97,128.31899999999968
-1,3,0,1,6,0,0,-3,0,-16,-13,0,-1,-2,-1,4,-27,0,0,5.01,0.39,1.97,128.63499999999968
-1,3,0,-3,3,0,0,-3,0,-17,-8,0,-1,-2,-1,3,-28,0,0,5.01,0.39,1.97,128.95099999999968
0,3,0,-5,4,0,0,-3,0,-16,-6,0,-1,-2,-1,3,-27,0,0,5.01,0.39,1.97,129.26699999999968
0,3,0,-8,5,0,0,-3,0,-16,-5,0,0,-2,-1,2,-27,0,0,5.01,0.39,1.97,129.58299999999969
0,3,0,-10,7,0,0,-3,0,-15,-5,0,0,-2,-1,2,-27,0,0,5.01,0.39,1.97,129.8989999999997
0,3,0,-15,7,0,0,-3,0,-11,-3,0,0,-3,-1,0,-27,0,0,5.01,0.39,1.97,130.2149999999997
0,3,0,-16,6,0,0,-3,0,-9,-3,0,0,-3,-1,2,-27,0,0,5.01,0.39,1.97,130.5309999999997
0,3,0,-18,5,0,0,-3,0,-8,-1,0,0,-3,-1,2,-25,0,0,5.01,0.39,1.97,130.8469999999997
0,2,0,1,-12,0,1,-2,0,-26,30,0,0,-2,0,-60,-61,0,0,5.01,0.39,1.98,131.1649999999997
0,2,0,2,-13,0,1,-2,0,-27,31,0,0,-2,0,-58,-56,0,0,5.01,0.39,1.98,131.48299999999972
0,2,0,3,-15,0,1,-2,0,-29,29,0,0,-2,0,-49,-44,0,0,5.01,0.39,1.98,131.80099999999973
0,2,0,3,-16,0,1,-2,0,-30,27,0,0,-2,0,-43,-38,0,0,5.02,0.42,2.12,132.14099999999974
0,2,0,4,-17,0,1,-2,0,-30,25,0,0,-2,0,-39,-32,0,0,5.02,0.42,2.12,132.48099999999974
0,2,0,4,-17,0,1,-2,0,-30,22,0,0,-2,0,-35,-26,0,0,5.02,0.42,2.12,132.82099999999974
0,2,0,6,-19,0,1,-2,0,-30,15,0,0,-2,0,-22,-14,0,0,5.02,0.42,2.12,133.16099999999975
0,2,0,7,-20,0,1,-2,0,-29,14,0,0,-2,0,-20,-13,0,0,5.02,0.42,2.12,133.50099999999975
0,2,0,8,-20,0,1,-2,0,-28,13,0,0,-2,0,-18,-10,0,0,5.02,0.42,2.12,133.84099999999975
0,2,0,8,-21,0,1,-2,0,-28,13,0,0,-2,0,-16,-8,0,0,5.02,0.42,2.12,134.18099999999976
0,2,0,8,-20,0,1,-2,0,-25,16,0,0,-2,0,-17,-3,0,0,5.02,0.42,2.12,134.52099999999976
0,2,0,8,-20,0,1,-2,0,-23,20,0,0,-2,0,-18,-2,0,0,5.02,0.42,2.12,134.86099999999976
0,2,0,8,-19,0,1,-2,0,-22,23,0,0,-2,0,-18,0,0,0,5.02,0.42,2.12,135.20099999999977
0,2,0,8,-20,0,1,-2,0,-20,25,0,0,-2,0,-18,3,0,0,5.02,0.42,2.12,135.54099999999977
0,2,0,5,-20,0,1,-2,0,-15,33,0,0,-2,0,-17,8,0,0,5.02,0.42,2.12,135.88099999999977
0,3,0,4,-21,0,1,-2,0,-12,35,0,0,-2,0,-16,10,0,0,5.02,0.42,2.12,136.22099999999978
0,2,0,8,-19,0,1,-2,0,26,-19,0,0,-2,0,45,-15,0,0,5.01,0.39,1.96,136.53699999999978
0,2,0,8,-20,0,1,-2,0,27,-20,0,0,-2,0,38,-18,0,0,5.01,0.39,1.96,136.85299999999978
0,2,0,9,-21,0,1,-2,0,27,-19,0,0,-2,0,30,-16,0,0,5.01,0.39,1.96,137.16899999999978
0,2,0,9,-26,0,0,-2,0,29,-23,0,0,-2,0,10,-13,0,0,5.01,0.39,1.96,137.4849999999998
0,2,0,10,-29,0,0,-2,0,31,-28,0,0,-2,0,13,-14,0,0,5.01,0.39,1.96,137.8009999999998
0,2,0,9,-31,0,0,-2,0,34,-35,0,0,-2,0,2,-10,0,0,5.01,0.39,1.96,138.1169999999998
0,2,0,8,-34,0,0,-2,0,37,-44,0,0,-2,0,-4,-12,0,0,5.01,0.39,1.96,138.4329999999998
0,2,0,7,-37,0,0,-2,0,48,-78,0,0,-2,0,-16,-10,0,0,5.01,0.39,1.96,138.7489999999998
0,2,0,6,-37,0,0,-2,0,53,-92,0,0,-2,0,-20,-6,0,0,5.01,0.39,1.96,139.0649999999998
0,2,0,4,-36,0,0,-2,0,58,-106,0,0,-2,0,-23,0,0,0,5.01,0.39,1.96,139.3809999999998
0,2,0,3,-34,0,0,-2,0,63,-119,0,0,-2,0,-25,6,0,0,5.01,0.39,1.96,139.6969999999998
0,2,0,1,-29,0,0,-2,0,71,-138,0,0,-2,0,-20,27,0,0,5.01,0.39,1.96,140.0129999999998
0,2,0,2,-28,0,0,-2,0,72,-136,0,0,-2,0,-16,34,0,0,5.01,0.39,1.96,140.3289999999998
0,3,0,2,-28,0,0,-3,0,73,-134,0,0,-2,0,-12,40,0,0,5.01,0.39,1.96,140.6449999999998
0,2,0,2,-29,0,0,-3,0,74,-116,0,0,-2,0,-8,43,0,0,5.01,0.39,1.96,140.9609999999998
0,3,0,1,-30,0,0,-3,0,74,-77,0,0,-2,0,2,41,0,0,5.01,0.39,1.96,141.27699999999982
0,2,0,-16,7,0,0,-2,0,-35,30,0,0,-2,-1,-12,-10,0,0,5.01,0.39,1.95,141.5909999999998
0,2,0,-15,8,0,0,-2,0,-34,28,0,0,-2,-1,-11,-13,0,0,5.01,0.39,1.95,141.9049999999998
0,2,0,-13,9,0,0,-2,0,-34,27,0,0,-2,-1,-10,-17,0,0,5.01,0.39,1.95,142.2189999999998
0,2,0,-12,10,0,0,-2,0,-33,26,0,0,-2,-1,-10,-21,0,0,5.01,0.39,1.95,142.5329999999998
0,2,0,-9,15,0,0,-2,0,-33,28,0,0,-2,-1,-11,-28,0,0,5.01,0.39,1.95,142.84699999999978
0,2,0,-8,17,0,0,-2,0,-33,29,0,0,-2,-1,-11,-31,0,0,5.01,0.39,1.95,143.16099999999977
0,2,0,-7,19,0,0,-2,0,-33,29,0,0,-2,-1,-11,-33,0,0,5.01,0.39,1.95,143.47499999999977
0,2,0,-7,21,0,0,-2,0,-32,29,0,0,-2,-1,-12,-34,0,0,5.01,0.39,1.95,143.78899999999976
0,2,0,-6,25,0,0,-2,0,-29,22,0,0,-2,-1,-14,-38,0,0,5.01,0.39,1.95,144.10299999999975
0,2,0,-5,26,0,0,-2,0,-28,17,0,0,-2,-1,-16,-38,0,0,5.01,0.39,1.95,144.41699999999975
0,2,0,-6,27,0,0,-2,0,-26,11,0,0,-2,-1,-17,-39,0,0,5.01,0.39,1.95,144.73099999999974
0,2,0,-7,29,0,0,-2,0,-24,4,0,0,-2,-1,-19,-41,0,0,5.01,0.39,1.95,145.04499999999973
0,2,0,-9,33,0,0,-2,0,-17,-15,0,0,-2,-1,-24,-42,0,0,5.01,0.39,1.95,145.35899999999972
0,2,0,-10,35,0,0,-2,0,-14,-20,0,0,-2,-1,-25,-44,0,0,5.01,0.39,1.95,145.67299999999972
0,2,0,-11,36,0,0,-2,0,-11,-25,0,0,-2,-1,-25,-46,0,0,5.01,0.39,1.95,145.9869999999997
-1,2,0,0,8,0,0,-2,0,13,-31,0,0,-2,-1,13,17,0,0,5.01,0.39,1.99,146.3069999999997
-1,2,0,0,7,0,0,-2,0,13,-30,0,0,-2,-1,13,19,0,0,5.01,0.39,1.99,146.6269999999997
-1,2,0,1,7,0,0,-2,0,10,-22,0,0,-1,-1,13,23,0,0,5.01,0.39,1.99,146.9469999999997
-1,2,0,1,7,0,0,-2,0,9,-18,0,0,-1,-1,13,22,0,0,5.01,0.39,1.99,147.26699999999968
-1,2,0,1,7,0,0,-2,0,7,-14,0,-1,-1,-1,13,20,0,0,5.01,0.39,1.99,147.58699999999968
-1,2,0,2,7,0,0,-2,0,5,-9,0,0,-1,-1,13,14,0,0,5.01,0.39,1.99,147.90699999999967
-1,2,0,2,8,0,0,-2,0,0,3,0,-1,-1,-1,9,4,0,0,5.01,0.39,1.99,148.22699999999966
-1,2,0,2,8,0,0,-2,0,0,4,0,-1,-1,-1,7,0,0,0,5.01,0.39,1.99,148.54699999999966
-1,2,0,1,8,0,0,-2,0,-1,4,0,-1,-1,-1,8,-6,0,0,5.01,0.39,1.99,148.86699999999965
-1,2,0,3,8,0,0,-2,0,-1,4,0,-1,-1,-1,5,-10,0,0,5.01,0.39,1.99,149.18699999999964
-1,2,0,2,11,0,0,-2,0,0,0,0,0,-2,-1,3,-15,0,0,5.01,0.39,1.99,149.50699999999964
-1,2,0,2,12,0,0,-2,0,0,-1,0,0,-2,-1,2,-13,0,0,5.01,0.39,1.99,149.82699999999963
-1,2,0,2,13,0,0,-2,0,3,-5,0,0,-2,-1,4,-13,0,0,5.01,0.39,1.99,150.14699999999962
-1,2,0,2,13,0,0,-2,0,4,-8,0,0,-2,-1,1,-11,0,0,5.01,0.39,1.99,150.46699999999962
-1,2,0,2,14,0,0,-2,0,6,-12,0,0,-2,-1,2,-7,0,0,5.01,0.39,1.99,150.7869999999996
-1,2,0,1,15,0,0,-2,0,7,-13,0,0,-1,-1,3,-6,0,0,5.01,0.39,1.99,151.1069999999996
0,2,0,-4,-13,0,0,-1,0,-18,-1,0,0,-1,0,-25,140,0,0,5.01,0.39,1.97,151.4249999999996
0,2,0,-5,-13,0,0,-1,0,-18,0,0,0,-1,0,-28,136,0,0,5.01,0.39,1.97,151.74299999999963
0,2,0,-5,-13,0,0,-1,0,-19,0,0,0,-1,0,-30,137,0,0,5.01,0.39,1.97,152.06099999999964
0,2,0,-5,-9,0,0,-1,0,-19,1,0,0,-1,0,-30,128,0,0,5.01,0.39,1.97,152.37899999999965
0,2,0,-4,-8,0,0,-1,0,-18,1,0,0,-2,0,-25,124,0,0,5.01,0.39,1.97,152.69699999999966
0,2,0,-4,-7,0,0,-2,0,-17,1,0,0,-2,0,-21,111,0,0,5.01,0.39,1.97,153.01499999999967
0,2,0,-4,-5,0,0,-2,0,-16,1,0,0,-1,0,-17,102,0,0,5.01,0.39,1.97,153.33299999999969
0,2,0,-4,-4,0,0,-2,0,-12,0,0,0,-2,0,0,70,0,0,5.01,0.39,1.97,153.6509999999997
0,2,0,-4,-3,0,0,-2,0,-11,0,0,0,-2,0,4,57,0,0,5.01,0.39,1.97,153.9689999999997
0,2,0,-4,-1,0,0,-2,0,-9,0,0,0,-2,0,5,50,0,0,5.01,0.39,1.97,154.28699999999972
0,2,0,-6,0,0,0,-2,0,-7,0,0,0,-2,0,20,44,0,0,5.01,0.39,1.97,154.60499999999973
0,2,0,-4,-1,0,0,-2,0,-3,0,0,0,-2,0,88,16,0,0,5.01,0.39,1.97,154.92299999999975
0,2,0,-4,0,0,0,-2,0,-1,0,0,0,-2,0,94,6,0,0,5.01,0.39,1.97,155.24099999999976
0,2,0,-5,0,0,0,-2,0,0,0,0,0,-2,0,81,0,0,0,5.01,0.39,1.98,155.55999999999975
0,2,0,-6,1,0,0,-2,0,0,0,0,0,-2,0,57,-6,0,0,5.01,0.39,1.98,155.87899999999973
0,2,0,5,-31,0,0,-2,0,-18,32,0,0,-2,0,23,41,0,0,5.03,0.51,2.58,156.29599999999974
0,2,0,6,-31,0,0,-2,0,-18,33,0,0,-2,0,26,43,0,0,5.03,0.51,2.58,156.71299999999974
0,2,0,8,-31,0,0,-2,0,-19,34,0,0,-2,0,29,47,0,0,5.03,0.51,2.58,157.12999999999974
0,2,0,10,-31,0,0,-2,0,-21,40,0,0,-3,0,40,59,0,0,5.03,0.51,2.58,157.54699999999974
0,2,0,11,-30,0,0,-2,0,-21,41,0,0,-2,0,43,63,0,0,5.03,0.51,2.58,157.96399999999974
0,2,0,12,-30,0,0,-2,0,-21,42,0,0,-2,0,48,69,0,0,5.03,0.51,2.58,158.38099999999974
0,2,0,12,-28,0,0,-2,0,-21,41,0,0,-2,0,53,71,0,0,5.03,0.51,2.58,158.79799999999975
0,2,0,14,-28,0,0,-2,0,-18,36,0,0,-2,0,68,74,0,0,5.03,0.51,2.58,159.21499999999975
0,2,0,14,-27,0,0,-2,0,-17,34,0,0,-2,0,73,73,0,0,5.03,0.51,2.58,159.63199999999975
0,2,0,14,-27,0,0,-2,0,-15,31,0,0,-2,0,76,71,0,0,5.03,0.51,2.58,160.04899999999975
0,2,0,15,-28,0,0,-2,0,-13,29,0,0,-2,0,78,69,0,0,5.03,0.51,2.58,160.46599999999975
0,2,0,14,-26,0,0,-2,0,-10,26,0,0,-2,0,78,62,0,0,5.01,0.39,1.98,160.78599999999975
0,2,0,14,-26,0,0,-2,0,-9,26,0,0,-2,0,76,60,0,0,5.01,0.39,1.98,161.10599999999974
0,2,0,14,-25,0,0,-2,0,-9,28,0,0,-2,0,74,57,0,0,5.01,0.39,1.98,161.42599999999973
0,2,0,15,-25,0,1,-2,0,-8,29,0,0,-2,0,72,55,0,0,5.01,0.39,1.98,161.74599999999973
-1,3,0,-7,-9,0,0,-3,0,1,-30,0,-1,-3,0,-71,-50,0,0,5.01,0.4,2.0,162.06999999999974
-1,2,0,-6,-9,0,0,-2,0,-11,-22,0,-1,-2,0,-62,-56,0,0,5.01,0.4,2.0,162.39399999999975
-1,2,0,-6,-7,0,0,-2,0,-16,-18,0,-1,-2,-1,-58,-59,0,0,5.01,0.4,2.0,162.71799999999976
-1,2,0,-4,-4,0,0,-2,0,-21,-14,0,-1,-2,-1,-57,-62,0,0,5.01,0.4,2.0,163.04199999999977
-1,2,0,-4,-2,0,0,-2,0,-26,-10,0,-1,-2,-1,-58,-65,0,0,5.01,0.4,2.0,163.3659999999998
-1,2,0,-3,-4,0,0,-2,0,-38,0,0,-1,-2,-1,-60,-72,0,0,5.01,0.4,2.0,163.6899999999998
-1,2,0,-3,-8,0,0,-2,0,-41,2,0,-1,-2,-1,-61,-74,0,0,5.01,0.4,2.0,164.0139999999998
-1,2,0,0,-10,0,0,-2,0,-44,6,0,-1,-2,-1,-59,-73,0,0,5.01,0.4,2.0,164.33799999999982
-1,2,0,1,-14,0,0,-2,0,-46,8,0,-1,-2,-1,-57,-73,0,0,5.01,0.4,2.0,164.66199999999984
0,2,0,1,-11,0,0,-2,0,-53,16,0,-1,-2,-1,-46,-67,0,0,5.01,0.39,1.97,164.98099999999982
0,2,0,1,-9,0,0,-2,0,-55,18,0,-1,-2,-1,-44,-64,0,0,5.01,0.39,1.97,165.2999999999998
0,2,0,1,-9,0,0,-2,0,-57,20,0,-1,-2,-1,-43,-61,0,0,5.01,0.39,1.97,165.6189999999998
0,2,0,1,-4,0,0,-2,0,-58,22,0,-1,-2,-1,-44,-59,0,0,5.01,0.39,1.97,165.9379999999998
0,2,0,0,7,0,0,-2,0,-61,32,0,-1,-2,-1,-47,-51,0,0,5.01,0.39,1.97,166.25699999999978
0,2,0,0,11,0,0,-2,0,-60,35,0,-1,-1,-1,-45,-50,0,0,5.01,0.39,1.97,166.57599999999977
0,2,0,-1,15,0,0,-2,0,-58,35,0,0,-1,-1,-41,-46,0,0,5.01,0.39,1.97,166.89499999999975
0,2,0,-15,20,0,0,-2,0,0,-10,0,0,-2,-1,-20,-16,0,0,5.01,0.39,1.98,167.21499999999975
0,2,0,-15,21,0,0,-2,0,2,-11,0,0,-2,-1,-20,-15,0,0,5.01,0.39,1.98,167.53499999999974
0,2,0,-13,25,0,0,-2,0,5,-13,0,0,-2,-1,-18,-13,0,0,5.01,0.39,1.98,167.85499999999973
0,2,0,-13,27,0,0,-2,0,7,-13,0,0,-2,-1,-18,-12,0,0,5.01,0.39,1.98,168.17499999999973
0,2,0,-13,28,0,0,-2,0,8,-12,0,0,-2,-1,-19,-12,0,0,5.01,0.39,1.98,168.49499999999972
0,2,0,-13,30,0,0,-2,0,9,-12,0,0,-2,-1,-19,-11,0,0,5.01,0.39,1.98,168.8149999999997
0,2,0,-12,31,0,0,-2,0,13,-14,0,0,-2,-1,-18,-7,0,0,5.01,0.39,1.96,169.13199999999972
0,2,0,-11,30,0,0,-2,0,14,-15,0,0,-2,-1,-17,-4,0,0,5.01,0.39,1.96,169.44899999999973
0,2,0,-11,29,0,0,-2,0,15,-17,0,0,-2,-1,-16,-2,0,0,5.01,0.39,1.96,169.76599999999974
0,2,0,-11,29,0,0,-2,0,17,-20,0,0,-2,-1,-15,0,0,0,5.01,0.39,1.96,170.08299999999974
0,2,0,-11,27,0,0,-2,0,19,-24,0,0,-2,-1,-9,7,0,0,5.01,0.39,1.96,170.39999999999975
0,2,0,-10,26,0,0,-2,0,19,-25,0,0,-2,-1,-7,10,0,0,5.01,0.39,1.96,170.71699999999976
0,2,0,-10,26,0,0,-2,0,19,-24,0,0,-2,-1,-5,12,0,0,5.01,0.39,1.96,171.03399999999976
0,2,0,-9,25,0,0,-2,0,18,-24,0,0,-2,-1,-3,15,0,0,5.01,0.39,1.96,171.35099999999977
0,2,0,-9,25,0,1,-2,0,15,-20,0,0,-2,-1,0,20,0,0,5.01,0.39,1.96,171.66799999999978
0,2,0,-9,25,0,1,-2,0,14,-19,0,0,-2,-1,2,21,0,0,5.01,0.39,1.96,171.9849999999998
-1,2,0,-5,-3,0,0,-2,0,-7,4,0,0,-2,-1,3,0,0,0,5.01,0.39,1.96,172.3029999999998
-1,2,0,-5,-3,0,0,-2,0,-8,3,0,0,-2,-1,2,3,0,0,5.01,0.39,1.96,172.6209999999998
-1,2,0,-6,-3,0,0,-3,0,-8,4,0,0,-2,-1,1,7,0,0,5.01,0.39,1.96,172.93899999999982
0,3,0,-8,-6,0,0,-3,0,-11,6,0,0,-2,-1,3,15,0,0,5.01,0.41,2.07,173.27399999999983
0,3,0,-9,-7,0,0,-3,0,-11,6,0,0,-2,-1,4,17,0,0,5.01,0.41,2.07,173.60899999999984
0,3,0,-10,-6,0,0,-3,0,-12,6,0,0,-2,-1,6,18,0,0,5.01,0.41,2.07,173.94399999999985
0,3,0,-10,-2,0,0,-3,0,-13,6,0,0,-2,-1,7,20,0,0,5.01,0.41,2.07,174.27899999999985
0,3,0,-12,0,0,0,-3,0,-14,7,0,0,-2,-1,12,21,0,0,5.01,0.41,2.07,174.61399999999986
0,3,0,-12,0,0,0,-3,0,-15,7,0,0,-3,-1,13,20,0,0,5.01,0.41,2.07,174.94899999999987
0,3,0,-11,2,0,0,-3,0,-15,8,0,0,-3,-1,15,20,0,0,5.01,0.41,2.07,175.28399999999988
0,3,0,-11,1,0,0,-3,0,-16,9,0,0,-3,-1,17,19,0,0,5.01,0.41,2.07,175.6189999999999
0,3,0,-8,3,0,0,-3,0,-16,10,0,0,-3,-1,22,17,0,0,5.01,0.41,2.07,175.9539999999999
0,3,0,-9,0,0,0,-3,0,-14,13,0,0,-2,-1,24,16,0,0,5.01,0.41,2.07,176.2889999999999
0,3,0,-8,-5,0,0,-3,0,-12,14,0,0,-2,-1,25,14,0,0,5.01,0.41,2.07,176.6239999999999
0,3,0,-6,3,0,0,-3,0,-11,14,0,0,-2,-1,25,14,0,0,5.01,0.41,2.07,176.95899999999992
0,2,0,0,-15,0,1,-2,0,-9,12,0,0,-2,0,-64,-29,0,0,5.01,0.4,2.01,177.2839999999999
0,2,0,-2,-17,0,1,-2,0,-13,14,0,0,-2,0,-49,-24,0,0,5.01,0.39,1.98,177.6039999999999
0,2,0,-3,-16,0,1,-2,0,-15,15,0,0,-2,0,-47,-23,0,0,5.01,0.39,1.98,177.9239999999999
0,2,0,-5,-15,0,1,-2,0,-17,16,0,0,-2,0,-46,-22,0,0,5.01,0.39,1.98,178.2439999999999
0,2,0,-6,-14,0,1,-2,0,-19,17,0,0,-2,0,-43,-22,0,0,5.01,0.39,1.98,178.56399999999988
0,2,0,-8,-12,0,1,-2,0,-21,23,0,0,-2,0,-34,-24,0,0,5.01,0.39,1.98,178.88399999999987
0,2,0,-8,-12,0,1,-2,0,-22,25,0,0,-2,0,-30,-25,0,0,5.01,0.39,1.98,179.20399999999987
0,2,0,-9,-12,0,1,-2,0,-22,28,0,0,-2,0,-27,-26,0,0,5.01,0.39,1.98,179.52399999999986
0,2,0,-8,-13,0,1,-2,0,-22,30,0,0,-2,0,-25,-27,0,0,5.01,0.39,1.98,179.84399999999985
0,2,0,-8,-17,0,0,-2,0,-21,32,0,0,-2,0,-24,-29,0,0,5.01,0.39,1.98,180.16399999999985
0,2,0,-8,-19,0,0,-2,0,-20,32,0,0,-2,0,-26,-29,0,0,5.01,0.39,1.98,180.48399999999984
0,2,0,-8,-21,0,0,-2,0,-19,32,0,0,-2,0,-27,-30,0,0,5.01,0.39,1.98,180.80399999999983
0,2,0,-7,-21,0,0,-2,0,-19,32,0,0,-2,0,-27,-30,0,0,5.01,0.39,1.98,181.12399999999982
0,2,0,-5,-28,0,0,-2,0,-19,32,0,0,-2,0,-22,-27,0,0,5.01,0.39,1.98,181.44399999999982
0,2,0,-4,-27,0,0,-2,0,-20,32,0,0,-2,0,-20,-25,0,0,5.01,0.39,1.98,181.7639999999998
0,2,0,-4,-27,0,0,-2,0,-20,32,0,0,-2,0,-19,-22,0,0,5.01,0.39,1.98,182.0839999999998
0,2,0,8,-30,0,0,-2,0,3,18,0,0,-2,0,34,37,0,0,5.01,0.39,1.97,182.4029999999998
0,2,0,9,-30,0,0,-2,0,6,14,0,0,-2,0,33,37,0,0,5.01,0.39,1.97,182.72199999999978
0,2,0,9,-31,0,0,-2,0,13,3,0,0,-2,0,26,38,0,0,5.01,0.39,1.97,183.04099999999977
0,2,0,10,-32,0,1,-2,0,17,2,0,0,-2,0,21,37,0,0,5.01,0.39,1.97,183.67899999999975
0,2,0,11,-32,0,1,-2,0,18,3,0,0,-2,0,19,36,0,0,5.01,0.39,1.97,183.99799999999973
0,2,0,12,-33,0,1,-2,0,19,8,0,0,-2,0,15,33,0,0,5.01,0.39,1.97,184.31699999999972
0,2,0,12,-33,0,1,-2,0,19,11,0,0,-2,0,14,32,0,0,5.01,0.39,1.97,184.6359999999997
0,2,0,12,-33,0,1,-2,0,19,13,0,0,-2,0,15,32,0,0,5.01,0.39,1.97,184.9549999999997
0,2,0,11,-33,0,1,-2,0,19,15,0,0,-2,0,13,29,0,0,5.01,0.39,1.97,185.2739999999997
0,2,0,11,-32,0,0,-2,0,20,19,0,0,-2,0,11,33,0,0,5.01,0.39,1.97,185.59299999999968
0,2,0,9,-31,0,0,-2,0,21,18,0,0,-2,0,9,35,0,0,5.01,0.39,1.97,185.91199999999967
0,2,0,9,-31,0,0,-2,0,23,17,0,0,-2,0,8,37,0,0,5.01,0.39,1.97,186.23099999999965
0,2,0,8,-30,0,0,-2,0,24,15,0,0,-2,0,7,39,0,0,5.01,0.39,1.97,186.54999999999964
0,2,0,6,-30,0,0,-2,0,28,10,0,0,-2,0,7,47,0,0,5.01,0.39,1.97,186.86899999999963
0,2,0,-7,1,0,0,-2,0,-19,12,0,0,-2,-1,-27,-10,0,0,5.01,0.41,2.09,187.20799999999963
0,2,0,-7,0,0,0,-2,0,-19,13,0,0,-2,-1,-23,-11,0,0,5.01,0.41,2.09,187.54699999999963
0,2,0,-7,0,0,0,-2,0,-18,13,0,0,-2,-1,-21,-12,0,0,5.01,0.41,2.09,187.88599999999963
0,2,0,-6,0,0,0,-2,0,-18,12,0,0,-2,-1,-19,-13,0,0,5.01,0.41,2.09,188.22499999999962
0,2,0,-7,0,0,0,-2,0,-18,11,0,-1,-2,-1,-18,-14,0,0,5.01,0.41,2.09,188.56399999999962
0,2,0,-7,0,0,0,-2,0,-17,9,0,0,-2,-1,-16,-15,0,0,5.01,0.41,2.09,188.90299999999962
0,2,0,-7,0,0,0,-2,0,-16,6,0,0,-2,-1,-14,-16,0,0,5.01,0.41,2.09,189.24199999999962
0,2,0,-7,1,0,0,-2,0,-15,5,0,0,-2,-1,-13,-16,0,0,5.01,0.41,2.09,189.58099999999962
0,2,0,-8,1,0,0,-2,0,-14,4,0,0,-2,-1,-12,-15,0,0,5.01,0.41,2.09,189.91999999999962
0,2,0,-9,1,0,0,-2,0,-13,4,0,0,-2,-1,-11,-14,0,0,5.01,0.41,2.09,190.25899999999962
0,2,0,-9,1,0,0,-2,0,-12,3,0,0,-2,-1,-11,-13,0,0,5.01,0.41,2.09,190.59799999999962
0,2,0,-10,1,0,0,-2,0,-11,2,0,0,-2,-1,-11,-10,0,0,5.01,0.41,2.09,190.9369999999996
0,2,0,-10,2,0,0,-2,0,-10,1,0,0,-2,-1,-11,-9,0,0,5.01,0.41,2.09,191.2759999999996
0,2,0,-10,2,0,0,-2,0,-10,0,0,0,-2,-1,-10,-8,0,0,5.01,0.41,2.09,191.6149999999996
0,2,0,-9,2,0,0,-2,0,-9,0,0,0,-2,-1,-10,-7,0,0,5.01,0.41,2.09,191.9539999999996
0,2,0,-6,30,0,0,-2,0,7,-22,0,-1,-2,-1,19,22,0,0,5.01,0.39,1.97,192.2739999999996
0,2,0,-6,28,0,0,-2,0,7,-21,0,-1,-2,-1,19,21,0,0,5.01,0.39,1.97,192.5939999999996
0,2,0,-5,27,0,0,-2,0,6,-20,0,-1,-2,-1,16,19,0,0,5.01,0.39,1.97,192.9139999999996
0,2,0,-5,27,0,0,-2,0,5,-20,0,-1,-2,-1,15,21,0,0,5.01,0.39,1.97,193.23399999999958
-1,2,0,-4,26,0,0,-2,0,5,-19,0,-1,-2,-1,13,20,0,0,5.01,0.39,1.97,193.55399999999958
-1,2,0,-4,26,0,0,-2,0,5,-19,0,-1,-2,-1,11,21,0,0,5.01,0.39,1.97,193.87399999999957
-1,2,0,-4,24,0,0,-2,0,5,-23,0,-1,-2,-1,8,22,0,0,5.01,0.39,1.97,194.19399999999956
-1,2,0,-3,23,0,0,-2,0,5,-24,0,-1,-2,-1,8,22,0,0,5.01,0.39,1.97,194.51399999999956
-1,2,0,-3,22,0,0,-2,0,5,-25,0,-1,-2,-1,8,20,0,0,5.01,0.39,1.97,194.83399999999955
-1,2,0,-3,22,0,0,-2,0,5,-25,0,-1,-2,-1,8,17,0,0,5.01,0.39,1.97,195.15399999999954
-1,2,0,-3,22,0,0,-2,0,4,-25,0,-1,-2,-1,8,14,0,0,5.01,0.39,1.97,195.47399999999953
-1,2,0,-3,21,0,0,-2,0,3,-23,0,-1,-2,-1,9,2,0,0,5.01,0.39,1.97,195.79399999999953
-1,2,0,-3,21,0,0,-2,0,2,-22,0,-1,-2,-1,9,-3,0,0,5.01,0.39,1.97,196.11399999999952
-1,2,0,-3,21,0,0,-2,0,1,-22,0,-1,-2,-1,8,-8,0,0,5.01,0.39,1.97,196.43399999999951
-1,2,0,-3,20,0,0,-2,0,0,-22,0,-1,-2,-1,7,-13,0,0,5.01,0.39,1.97,196.7539999999995
-1,2,0,-3,18,0,0,-2,0,0,-23,0,-1,-2,-1,5,-24,0,0,5.01,0.39,1.99,197.07699999999952
0,3,0,-10,12,0,0,-3,0,-20,-12,0,0,-2,0,0,0,0,0,5.01,0.4,2.04,197.4089999999995
0,3,0,-11,9,0,0,-2,0,-18,-12,0,0,-2,0,0,2,0,0,5.01,0.4,2.04,197.7409999999995
0,2,0,-10,6,0,0,-2,0,-17,-13,0,0,-2,0,-1,5,0,0,5.01,0.4,2.04,198.0729999999995
0,2,0,-12,1,0,0,-2,0,-13,-15,0,0,-2,0,-3,7,0,0,5.01,0.4,2.04,198.4049999999995
0,2,0,-10,1,0,0,-2,0,-11,-16,0,0,-2,0,-4,7,0,0,5.01,0.4,2.04,198.73699999999948
0,2,0,-10,2,0,0,-2,0,-10,-18,0,0,-2,0,-6,6,0,0,5.01,0.4,2.04,199.06899999999948
0,2,0,-10,4,0,0,-2,0,-9,-20,0,0,-2,0,-5,7,0,0,5.01,0.4,2.04,199.40099999999947
0,2,0,-7,14,0,0,-2,0,-5,-23,0,0,-2,0,2,10,0,0,5.01,0.4,2.04,199.73299999999946
0,2,0,-7,17,0,0,-2,0,-3,-24,0,0,-2,0,6,16,0,0,5.01,0.4,2.04,200.06499999999946
0,2,0,-6,19,0,0,-2,0,-2,-23,0,0,-2,0,9,18,0,0,5.01,0.4,2.04,200.39699999999945
0,2,0,-6,20,0,0,-2,0,-1,-23,0,0,-2,0,12,20,0,0,5.01,0.4,2.04,200.72899999999944
0,2,0,-3,17,0,0,-2,0,1,-22,0,0,-2,0,19,23,0,0,5.01,0.4,2.04,201.06099999999944
0,2,0,-3,14,0,0,-2,0,2,-21,0,0,-2,0,21,25,0,0,5.01,0.39,1.98,201.38299999999944
0,2,0,-2,13,0,0,-2,0,3,-21,0,0,-2,0,22,25,0,0,5.01,0.39,1.98,201.70499999999944
0,2,0,-1,11,0,0,-2,0,3,-20,0,0,-2,0,20,25,0,0,5.01,0.39,1.98,202.02699999999945
0,2,0,-6,-28,0,1,-2,0,-20,31,0,0,-2,0,-4,12,0,0,5.01,0.39,1.97,202.34799999999944
0,2,0,-8,-26,0,0,-2,0,-19,33,0,0,-2,0,2,18,0,0,5.01,0.39,1.97,202.66899999999944
0,2,0,-9,-26,0,0,-2,0,-19,34,0,0,-2,0,4,21,0,0,5.01,0.39,1.97,202.98999999999944
0,2,0,-9,-25,0,0,-2,0,-19,36,0,0,-2,0,4,22,0,0,5.01,0.39,1.97,203.31099999999944
0,2,0,-10,-23,0,0,-2,0,-20,37,0,0,-2,0,4,23,0,0,5.01,0.39,1.97,203.63199999999944
0,2,0,-9,-21,0,0,-2,0,-20,38,0,0,-2,0,3,24,0,0,5.01,0.39,1.97,203.95299999999943
0,2,0,-9,-21,0,0,-2,0,-20,38,0,0,-2,0,2,24,0,0,5.01,0.39,1.97,204.27399999999943
0,2,0,-8,-21,0,0,-2,0,-20,37,0,0,-2,0,1,23,0,0,5.01,0.39,1.97,204.59499999999943
0,2,0,-8,-20,0,0,-2,0,-20,36,0,0,-2,0,0,22,0,0,5.01,0.39,1.97,204.91599999999943
0,2,0,-7,-17,0,0,-2,0,-19,32,0,0,-2,0,-3,16,0,0,5.01,0.39,1.97,205.23699999999943
0,2,0,-6,-17,0,0,-2,0,-19,30,0,0,-2,0,-4,14,0,0,5.01,0.39,1.98,205.55899999999943
0,2,0,-5,-16,0,0,-2,0,-18,27,0,0,-2,0,-6,11,0,0,5.01,0.39,1.98,205.88099999999943
0,2,0,-4,-17,0,0,-2,0,-18,25,0,0,-2,0,-7,8,0,0,5.01,0.39,1.98,206.20299999999943
0,2,0,-2,-15,0,0,-2,0,-18,20,0,0,-2,0,-9,2,0,0,5.01,0.39,1.98,206.52499999999944
0,2,0,0,-14,0,0,-2,0,-18,19,0,0,-2,0,-9,0,0,0,5.01,0.39,1.98,206.84699999999944
0,2,0,0,-14,0,0,-2,0,-17,19,0,0,-2,0,-9,0,0,0,5.01,0.39,1.98,207.16899999999944
0,2,0,7,-26,0,1,-2,0,26,12,0,0,-2,0,12,28,0,0,5.01,0.39,2.0,207.49499999999944
0,2,0,7,-25,0,1,-2,0,25,13,0,0,-2,0,11,32,0,0,5.01,0.39,2.0,207.82099999999943
0,2,0,6,-25,0,1,-2,0,24,10,0,0,-2,0,11,42,0,0,5.01,0.39,2.0,208.14699999999942
0,2,0,5,-24,0,1,-2,0,23,8,0,0,-2,0,12,44,0,0,5.01,0.39,2.0,208.47299999999942
0,2,0,5,-23,0,1,-2,0,23,5,0,0,-2,0,12,45,0,0,5.01,0.39,2.0,208.7989999999994
0,2,0,4,-22,0,0,-2,0,24,0,0,0,-2,0,12,46,0,0,5.01,0.39,2.0,209.1249999999994
0,2,0,2,-23,0,0,-2,0,28,-19,0,0,-2,0,13,45,0,0,5.01,0.39,2.0,209.4509999999994
0,2,0,1,-24,0,0,-2,0,30,-28,0,0,-2,0,13,44,0,0,5.01,0.39,1.96,209.7709999999994
0,2,0,0,-25,0,0,-2,0,32,-37,0,0,-2,0,12,43,0,0,5.01,0.39,1.96,210.09099999999938
0,2,0,0,-27,0,0,-2,0,33,-46,0,0,-2,0,12,40,0,0,5.01,0.39,1.96,210.41099999999938
0,2,0,-3,-28,0,0,-2,0,35,-67,0,0,-2,0,9,34,0,0,5.01,0.39,1.96,210.73099999999937
0,2,0,-4,-29,0,0,-2,0,36,-72,0,0,-2,0,8,31,0,0,5.01,0.39,1.96,211.05099999999936
0,3,0,-6,-30,0,0,-2,0,34,-75,0,0,-2,0,5,30,0,0,5.01,0.39,1.96,211.37099999999936
0,3,0,-8,-31,0,1,-3,0,34,-75,0,0,-2,0,2,29,0,0,5.01,0.39,1.96,211.69099999999935
0,3,0,-10,-34,0,0,-2,0,29,-75,0,0,-2,0,0,30,0,0,5.01,0.39,1.96,212.01099999999934
0,3,0,-15,-40,0,1,-3,0,17,-65,0,0,-2,0,-3,26,0,0,5.01,0.39,1.96,212.33099999999934
0,2,0,-12,40,0,0,-2,0,-3,-24,0,0,-2,0,-18,-20,0,0,5.01,0.39,1.98,212.65399999999934
0,2,0,-12,40,0,0,-2,0,-2,-25,0,0,-2,0,-18,-21,0,0,5.01,0.39,1.98,212.97699999999935
0,2,0,-11,40,0,0,-2,0,0,-27,0,0,-2,0,-18,-22,0,0,5.01,0.39,1.98,213.29999999999936
0,2,0,-9,37,0,0,-2,0,3,-32,0,0,-2,0,-18,-26,0,0,5.01,0.39,1.98,213.62299999999937
0,2,0,-7,35,0,0,-2,0,4,-34,0,0,-2,0,-18,-28,0,0,5.01,0.4,2.02,213.95299999999938
0,2,0,-6,33,0,1,-2,0,5,-35,0,0,-2,0,-19,-30,0,0,5.01,0.4,2.02,214.2829999999994
0,2,0,-5,31,0,1,-2,0,6,-36,0,0,-2,0,-18,-29,0,0,5.01,0.4,2.02,214.6129999999994
0,2,0,-3,28,0,1,-2,0,6,-37,0,0,-2,-1,-15,-29,0,0,5.01,0.4,2.02,214.94299999999942
0,2,0,-3,28,0,1,-2,0,6,-36,0,0,-2,-1,-14,-29,0,0,5.01,0.4,2.02,215.27299999999943
0,2,0,-3,27,0,1,-2,0,5,-34,0,0,-2,-1,-13,-29,0,0,5.01,0.4,2.02,215.60299999999944
0,2,0,-3,26,0,1,-2,0,4,-33,0,0,-2,0,-12,-29,0,0,5.01,0.4,2.02,215.93299999999945
0,2,0,-5,24,0,1,-2,0,1,-33,0,0,-2,-1,-9,-29,0,0,5.01,0.4,2.02,216.26299999999947
0,2,0,-6,23,0,1,-2,0,0,-32,0,0,-2,-1,-8,-29,0,0,5.01,0.4,2.02,216.59299999999948
0,2,0,-6,21,0,1,-2,0,0,-32,0,0,-2,-1,-6,-30,0,0,5.01,0.4,2.02,216.9229999999995
0,2,0,-7,20,0,1,-2,0,-1,-32,0,0,-2,-1,-5,-30,0,0,5.01,0.4,2.02,217.2529999999995
0,2,0,8,13,0,0,-2,0,12,0,0,0,-2,-1,4,-3,0,0,5.01,0.39,1.98,217.57699999999952
-1,2,0,7,10,0,0,-2,0,13,-4,0,0,-2,-1,8,0,0,0,5.01,0.39,1.98,217.90099999999953
0,2,0,7,9,0,0,-2,0,13,-6,0,0,-2,-1,9,0,0,0,5.01,0.39,1.99,218.22599999999952
0,2,0,7,9,0,0,-2,0,12,-8,0,0,-2,-1,10,0,0,0,5.01,0.39,1.99,218.5509999999995
0,2,0,7,8,0,0,-2,0,11,-9,0,0,-2,-1,10,-1,0,0,5.01,0.39,1.99,218.8759999999995
0,2,0,7,10,0,0,-2,0,8,-10,0,0,-2,-1,11,-2,0,0,5.01,0.39,1.99,219.20099999999948
0,2,0,7,11,0,0,-2,0,6,-9,0,0,-2,-1,10,-4,0,0,5.01,0.39,1.99,219.52599999999947
0,2,0,7,12,0,0,-2,0,5,-8,0,0,-2,-1,10,-6,0,0,5.01,0.39,1.99,219.85099999999946
0,2,0,6,13,0,0,-2,0,3,-6,0,0,-2,-1,10,-8,0,0,5.01,0.39,1.99,220.17599999999945
0,2,0,5,16,0,0,-2,0,0,-3,0,0,-2,-1,11,-16,0,0,5.01,0.39,1.99,220.50099999999944
0,2,0,5,17,0,0,-2,0,0,-4,0,0,-2,-1,13,-21,0,0,5.01,0.39,1.99,220.82599999999942
0,2,0,5,17,0,0,-2,0,-1,-6,0,0,-2,-1,15,-25,0,0,5.01,0.39,1.99,221.1509999999994
0,2,0,5,17,0,0,-2,0,-2,-6,0,0,-2,-1,18,-27,0,0,5.01,0.39,1.99,221.4759999999994
0,2,0,5,17,0,0,-2,0,-3,-6,0,0,-2,-1,20,-29,0,0,5.01,0.39,1.99,221.8009999999994
0,2,0,5,17,0,0,-2,0,-7,-8,0,0,-2,-1,26,-30,0,0,5.01,0.39,1.99,222.12599999999938
0,2,0,4,5,0,0,-2,0,6,-17,0,0,-2,0,-1,91,0,0,5.01,0.4,2.02,222.4559999999994
0,2,0,0,7,0,0,-2,0,5,-18,0,0,-2,0,-26,87,0,0,5.01,0.4,2.02,222.7859999999994
0,2,0,0,0,0,0,-2,0,5,-16,0,0,-2,0,2,90,0,0,5.01,0.4,2.02,223.11599999999942
0,2,0,2,-2,0,0,-2,0,3,-14,0,0,-2,0,47,84,0,0,5.01,0.4,2.02,223.44599999999943
0,2,0,4,-4,0,0,-2,0,2,-11,0,0,-2,0,79,85,0,0,5.01,0.4,2.02,223.77599999999944
0,2,0,-3,1,0,0,-2,0,0,-3,0,0,-2,0,47,57,0,0,5.01,0.4,2.02,224.10599999999945
0,2,0,-3,4,0,0,-2,0,-1,0,0,0,-2,0,16,53,0,0,5.01,0.4,2.02,224.43599999999947
0,2,0,-2,6,0,0,-2,0,-2,3,0,0,-2,0,-8,41,0,0,5.01,0.4,2.02,224.76599999999948
0,2,0,0,8,0,0,-2,0,-3,6,0,0,-2,0,-27,33,0,0,5.01,0.4,2.02,225.0959999999995
0,2,0,-2,12,0,0,-2,0,-5,11,0,0,-2,0,-62,16,0,0,5.01,0.4,2.02,225.4259999999995
0,2,0,-1,13,0,0,-2,0,-5,12,0,0,-2,0,-51,11,0,0,5.01,0.4,2.02,225.75599999999952
0,2,0,0,12,0,0,-2,0,-5,13,0,0,-2,0,-40,3,0,0,5.01,0.4,2.02,226.08599999999953
0,2,0,1,9,0,0,-2,0,-4,13,0,0,-2,0,-39,-3,0,0,5.01,0.4,2.02,226.41599999999954
0,2,0,2,6,0,0,-2,0,-2,11,0,0,-2,0,-68,-17,0,0,5.01,0.4,2.02,226.74599999999955
0,2,0,2,4,0,0,-2,0,-1,9,0,0,-2,0,-73,-23,0,0,5.01,0.4,2.02,227.07599999999957
0,2,0,2,5,0,0,-2,0,0,7,0,0,-2,0,-77,-30,0,0,5.01,0.4,2.02,227.40599999999958
0,2,0,-3,-3,0,0,-2,0,-12,-12,0,0,-2,0,31,-19,0,0,5.01,0.39,1.97,227.72799999999958
0,2,0,-3,-4,0,0,-2,0,-13,-11,0,0,-2,0,33,-19,0,0,5.01,0.39,1.97,228.04999999999959
0,2,0,0,-8,0,1,-2,0,-17,-5,0,0,-2,0,38,-16,0,0,5.01,0.39,1.97,228.3719999999996
0,2,0,0,-9,0,1,-2,0,-18,-2,0,0,-2,0,38,-14,0,0,5.01,0.39,1.97,228.6939999999996
0,2,0,0,-10,0,1,-2,0,-20,1,0,0,-2,0,39,-11,0,0,5.01,0.39,1.97,229.0159999999996
0,2,0,0,-11,0,1,-2,0,-21,5,0,0,-2,0,40,-8,0,0,5.01,0.39,1.97,229.3379999999996
0,2,0,0,-15,0,1,-2,0,-24,15,0,0,-2,0,39,2,0,0,5.01,0.39,1.97,229.6599999999996
0,2,0,0,-15,0,1,-2,0,-25,18,0,0,-2,0,38,7,0,0,5.01,0.39,1.97,229.9819999999996
0,2,0,1,-16,0,1,-2,0,-25,20,0,0,-2,0,38,12,0,0,5.01,0.39,1.97,230.3039999999996
0,2,0,1,-17,0,1,-2,0,-26,23,0,0,-2,0,37,18,0,0,5.01,0.39,1.97,230.6259999999996
0,2,0,2,-19,0,1,-2,0,-27,30,0,0,-2,0,34,26,0,0,5.01,0.39,1.97,230.9479999999996
0,2,0,2,-20,0,1,-2,0,-27,33,0,0,-2,0,33,27,0,0,5.01,0.39,1.97,231.2699999999996
0,2,0,2,-21,0,1,-2,0,-27,34,0,0,-2,0,33,27,0,0,5.01,0.39,1.97,231.59199999999962
0,2,0,2,-22,0,1,-2,0,-27,36,0,0,-2,0,32,28,0,0,5.01,0.39,1.97,231.91399999999962
0,2,0,2,-23,0,1,-2,0,-27,38,0,0,-2,0,31,29,0,0,5.01,0.39,1.97,232.23599999999962
0,2,0,2,-23,0,1,-2,0,-26,43,0,0,-2,0,31,29,0,0,5.01,0.39,1.97,232.55799999999962
0,3,0,-7,-39,0,0,-3,0,15,4,0,0,-3,0,-27,-15,0,0,5.01,0.39,1.96,232.87899999999962
0,3,0,-8,-37,0,0,-3,0,15,3,0,0,-3,0,-27,-10,0,0,5.01,0.39,1.96,233.19999999999962
0,3,0,-8,-37,0,0,-3,0,15,1,0,0,-3,0,-26,-4,0,0,5.01,0.39,1.96,233.52099999999962
0,3,0,-9,-34,0,0,-3,0,14,2,0,0,-3,0,-19,5,0,0,5.01,0.39,1.96,233.84199999999962
0,3,0,-8,-34,0,0,-2,0,13,3,0,0,-3,0,-17,6,0,0,5.01,0.39,1.96,234.1629999999996
0,3,0,-7,-33,0,0,-2,0,11,5,0,-1,-3,0,-17,4,0,0,5.01,0.39,1.96,234.4839999999996
0,3,0,-6,-33,0,0,-2,0,9,7,0,-1,-3,0,-16,2,0,0,5.01,0.39,1.96,234.8049999999996
0,3,0,-4,-32,0,0,-2,0,3,14,0,-1,-3,0,-19,-9,0,0,5.01,0.39,1.96,235.1259999999996
0,3,0,-5,-32,0,0,-2,0,0,16,0,-1,-3,-1,-20,-12,0,0,5.01,0.39,1.96,235.4469999999996
0,3,0,-7,-30,0,0,-2,0,-2,18,0,-1,-3,-1,-21,-16,0,0,5.01,0.39,1.96,235.7679999999996
0,3,0,-9,-27,0,0,-2,0,-5,21,0,-1,-3,-1,-23,-19,0,0,5.01,0.39,1.96,236.0889999999996
0,3,0,-10,-24,0,0,-2,0,-13,27,0,-1,-2,-1,-27,-25,0,0,5.01,0.39,1.96,236.4099999999996
0,3,0,-11,-22,0,0,-2,0,-17,28,0,-1,-2,-1,-29,-25,0,0,5.01,0.39,1.96,236.7309999999996
0,2,0,-12,-22,0,0,-2,0,-19,28,0,-1,-2,-1,-31,-24,0,0,5.01,0.39,1.96,237.0519999999996
0,2,0,-12,-20,0,0,-2,0,-22,28,0,-1,-2,-1,-31,-23,0,0,5.01,0.39,1.96,237.3729999999996
0,2,0,-10,13,0,1,-2,0,-7,-11,0,0,-2,0,-15,-19,0,0,5.01,0.41,2.09,237.71599999999958
0,2,0,-7,13,0,1,-2,0,-7,-9,0,0,-2,0,-13,-19,0,0,5.01,0.41,2.09,238.05899999999957
0,2,0,-6,13,0,1,-2,0,-7,-8,0,0,-2,0,-12,-20,0,0,5.01,0.41,2.09,238.40199999999956
0,2,0,-5,12,0,1,-2,0,-6,-7,0,0,-2,0,-11,-20,0,0,5.01,0.41,2.09,238.74499999999955
0,2,0,-4,11,0,1,-2,0,-6,-6,0,0,-2,0,-10,-20,0,0,5.01,0.41,2.09,239.08799999999954
0,2,0,-1,8,0,1,-2,0,-4,-5,0,0,-2,0,-6,-20,0,0,5.01,0.41,2.09,239.43099999999953
0,2,0,0,8,0,1,-2,0,-3,-4,0,0,-2,0,-5,-19,0,0,5.01,0.41,2.09,239.77399999999952
0,2,0,0,7,0,1,-2,0,-2,-3,0,0,-2,0,-4,-18,0,0,5.01,0.41,2.09,240.1169999999995
0,2,0,0,8,0,1,-2,0,-2,-1,0,0,-2,0,-2,-17,0,0,5.01,0.41,2.09,240.4599999999995
0,2,0,1,10,0,1,-2,0,-1,1,0,0,-2,-1,-1,-13,0,0,5.01,0.41,2.09,240.80299999999949
0,2,0,2,11,0,1,-2,0,0,2,0,0,-2,0,-1,-11,0,0,5.01,0.41,2.09,241.14599999999947
0,2,0,2,12,0,1,-2,0,0,3,0,0,-2,0,-1,-8,0,0,5.01,0.41,2.09,241.48899999999946
0,2,0,3,13,0,1,-2,0,0,4,0,0,-2,0,0,-6,0,0,5.01,0.41,2.09,241.83199999999945
0,2,0,5,16,0,1,-2,0,2,4,0,0,-2,0,-1,0,0,0,5.01,0.4,2.04,242.16699999999946
0,2,0,5,16,0,1,-2,0,3,3,0,0,-2,0,-1,2,0,0,5.01,0.4,2.04,242.50199999999947
0,2,0,6,17,0,1,-2,0,4,3,0,0,-2,0,-2,3,0,0,5.01,0.4,2.04,242.83699999999948
-1,2,0,-4,11,0,1,-2,0,8,-24,0,0,-2,-1,-2,-32,0,0,5.01,0.4,2.03,243.16999999999948
0,2,0,-3,11,0,1,-2,0,7,-22,0,0,-2,-1,-2,-32,0,0,5.01,0.4,2.03,243.50299999999947
0,2,0,-5,12,0,0,-2,0,4,-19,0,0,-2,-1,-1,-32,0,0,5.01,0.4,2.03,243.83599999999947
0,2,0,-5,13,0,0,-2,0,3,-18,0,0,-2,-1,-2,-32,0,0,5.01,0.4,2.03,244.16899999999947
0,2,0,-4,14,0,0,-2,0,2,-18,0,0,-2,-1,-2,-33,0,0,5.01,0.4,2.03,244.50199999999947
-1,2,0,-4,15,0,0,-2,0,1,-18,0,0,-2,-1,-2,-35,0,0,5.01,0.4,2.03,244.83499999999947
-1,2,0,-4,17,0,0,-2,0,0,-18,0,0,-2,-1,3,-39,0,0,5.01,0.4,2.03,245.16799999999947
-1,2,0,-3,17,0,0,-2,0,0,-18,0,0,-2,-1,6,-38,0,0,5.01,0.4,2.03,245.50099999999946
-1,2,0,-3,16,0,0,-2,0,0,-18,0,0,-2,-1,11,-39,0,0,5.01,0.4,2.03,245.83399999999946
-1,2,0,-3,15,0,0,-2,0,0,-17,0,0,-2,-1,15,-38,0,0,5.01,0.4,2.03,246.16699999999946
-1,2,0,-2,11,0,0,-2,0,-2,-17,0,0,-2,-1,27,-38,0,0,5.02,0.43,2.18,246.52399999999946
-1,2,0,-1,11,0,0,-2,0,-3,-17,0,0,-2,-1,31,-36,0,0,5.02,0.43,2.18,246.88099999999946
-1,2,0,-2,9,0,0,-2,0,-5,-17,0,0,-2,-1,33,-35,0,0,5.02,0.43,2.18,247.23799999999946
-1,2,0,-2,8,0,0,-2,0,-6,-16,0,0,-2,0,36,-32,0,0,5.02,0.43,2.18,247.59499999999946
-1,2,0,0,9,0,1,-2,0,-12,-14,0,0,-2,0,36,-24,0,0,5.02,0.43,2.18,247.95199999999946
-1,2,0,0,10,0,1,-2,0,-14,-13,0,0,-2,0,35,-20,0,0,5.02,0.43,2.18,248.30899999999946
0,2,0,-3,-22,0,1,-2,0,-6,11,0,0,-2,0,-29,-15,0,0,5.01,0.39,2.0,248.63699999999946
0,2,0,-3,-24,0,1,-2,0,-7,13,0,0,-2,0,-30,-19,0,0,5.01,0.39,2.0,248.96499999999946
0,2,0,-2,-27,0,1,-2,0,-8,15,0,0,-2,0,-32,-24,0,0,5.01,0.39,2.0,249.29299999999947
0,2,0,0,-32,0,1,-2,0,-11,21,0,0,-2,0,-28,-32,0,0,5.01,0.39,2.0,249.62099999999947
0,2,0,1,-33,0,1,-2,0,-12,24,0,0,-2,0,-27,-32,0,0,5.01,0.39,2.0,249.94899999999947
0,2,0,2,-34,0,1,-2,0,-13,27,0,0,-2,0,-28,-34,0,0,5.01,0.39,2.0,250.27699999999948
0,2,0,4,-35,0,1,-2,0,-14,29,0,0,-2,0,-31,-35,0,0,5.01,0.39,2.0,250.60499999999948
0,2,0,8,-35,0,1,-2,0,-17,36,0,0,-2,0,-46,-32,0,0,5.01,0.39,1.96,250.92699999999948
0,2,0,9,-35,0,1,-2,0,-18,37,0,0,-2,0,-51,-28,0,0,5.01,0.39,1.96,251.24899999999948
0,2,0,9,-35,0,1,-2,0,-18,39,0,0,-2,0,-55,-24,0,0,5.01,0.39,1.96,251.5709999999995
0,2,0,10,-37,0,1,-2,0,-19,40,0,0,-2,0,-55,-19,0,0,5.01,0.39,1.96,251.8929999999995
0,2,0,10,-42,0,1,-2,0,-19,38,0,0,-2,0,-49,-5,0,0,5.01,0.39,1.96,252.2149999999995
0,2,0,10,-44,0,1,-2,0,-20,37,0,0,-2,0,-43,-1,0,0,5.01,0.39,1.96,252.5369999999995
0,2,0,9,-47,0,1,-2,0,-20,37,0,0,-2,0,-37,3,0,0,5.01,0.39,1.96,252.8589999999995
0,2,0,9,-48,0,1,-2,0,-21,37,0,0,-2,0,-30,7,0,0,5.01,0.39,1.96,253.1809999999995
0,2,0,4,-12,0,1,-2,0,-12,30,0,0,-2,0,23,28,0,0,5.01,0.39,1.97,253.5049999999995
0,2,0,4,-13,0,1,-2,0,-9,29,0,0,-2,0,22,26,0,0,5.01,0.39,1.97,253.82899999999952
0,2,0,4,-14,0,1,-2,0,-8,29,0,0,-2,0,21,26,0,0,5.01,0.39,1.97,254.15299999999954
0,2,0,4,-15,0,1,-2,0,-7,29,0,0,-2,0,21,25,0,0,5.01,0.39,1.97,254.47699999999955
0,2,0,3,-16,0,1,-2,0,-6,29,0,0,-2,0,20,24,0,0,5.01,0.39,1.97,254.80099999999956
0,2,0,2,-18,0,0,-2,0,-3,27,0,0,-2,0,18,24,0,0,5.01,0.4,2.03,255.13499999999956
0,2,0,2,-18,0,0,-2,0,-1,25,0,0,-2,0,20,25,0,0,5.01,0.4,2.03,255.46899999999957
0,2,0,1,-18,0,0,-2,0,0,23,0,0,-2,0,21,25,0,0,5.01,0.4,2.03,255.80299999999957
0,2,0,0,-18,0,0,-2,0,1,22,0,0,-2,0,23,26,0,0,5.01,0.4,2.03,256.13699999999955
0,2,0,0,-18,0,0,-2,0,4,22,0,0,-2,0,27,26,0,0,5.01,0.4,2.03,256.47099999999955
0,2,0,0,-18,0,0,-2,0,5,24,0,0,-2,0,32,25,0,0,5.01,0.4,2.03,256.80499999999955
0,2,0,0,-18,0,0,-2,0,6,26,0,0,-2,0,37,20,0,0,5.01,0.4,2.03,257.13899999999956
0,2,0,0,-17,0,0,-2,0,7,29,0,0,-2,0,42,16,0,0,5.01,0.4,2.03,257.47299999999956
0,2,0,0,-17,0,0,-2,0,11,36,0,0,-2,0,55,0,0,0,5.01,0.4,2.03,257.80699999999956
0,2,0,1,-17,0,0,-2,0,13,37,0,0,-2,0,57,-6,0,0,5.01,0.4,2.03,258.14099999999956
0,2,0,1,-17,0,0,-2,0,16,36,0,0,-2,0,58,-12,0,0,5.01,0.4,2.03,258.47499999999957
-1,2,0,-9,18,0,0,-2,1,-49,20,0,0,-1,-1,-33,-43,0,0,5.01,0.39,1.97,258.7989999999996
-1,2,0,-7,14,0,0,-2,1,-48,13,0,0,-1,-1,-36,-41,0,0,5.01,0.39,1.97,259.1229999999996
-1,2,0,-7,13,0,0,-2,0,-48,11,0,0,-1,-1,-37,-41,0,0,5.01,0.39,1.96,259.4459999999996
-1,2,0,-7,11,0,0,-2,0,-48,10,0,0,-1,-1,-38,-38,0,0,5.01,0.39,1.96,259.76899999999955
-1,2,0,-7,10,0,0,-2,1,-48,9,0,0,-1,-1,-38,-36,0,0,5.01,0.39,1.96,260.09199999999953
-1,2,0,-7,9,0,0,-2,0,-48,7,0,0,-1,-1,-38,-33,0,0,5.01,0.39,1.96,260.4149999999995
0,2,0,-8,7,0,0,-2,0,-48,7,0,0,-1,-1,-37,-26,0,0,5.01,0.39,1.96,260.7379999999995
0,2,0,-8,7,0,0,-2,0,-49,8,0,0,-1,-1,-36,-24,0,0,5.01,0.39,1.96,261.06099999999947
0,2,0,-8,7,0,0,-2,0,-48,8,0,0,-1,-1,-34,-22,0,0,5.01,0.39,1.96,261.38399999999945
0,2,0,-8,8,0,0,-2,0,-48,9,0,0,-2,-1,-31,-21,0,0,5.01,0.39,1.96,261.7069999999994
0,2,0,-10,12,0,0,-2,0,-47,16,0,0,-2,-1,-24,-19,0,0,5.01,0.39,1.96,262.0299999999994
0,2,0,-10,14,0,0,-2,1,-47,17,0,0,-2,-1,-23,-19,0,0,5.01,0.39,1.96,262.3529999999994
0,2,0,-10,17,0,0,-2,0,-47,19,0,0,-2,-1,-21,-20,0,0,5.01,0.39,1.96,262.67599999999936
0,2,0,-10,19,0,0,-2,0,-47,22,0,0,-2,-1,-21,-20,0,0,5.01,0.39,1.96,262.99899999999934
0,2,0,-10,23,0,0,-2,0,-45,30,0,0,-2,-1,-20,-19,0,0,5.01,0.39,1.96,263.3219999999993
0,2,0,-9,25,0,0,-2,0,-44,30,0,0,-2,-1,-20,-19,0,0,5.01,0.39,1.96,263.6449999999993
-1,2,0,-3,29,0,0,-2,0,21,-15,0,-1,-2,-1,-11,12,0,0,5.01,0.39,1.99,263.9729999999993
-1,2,0,-3,29,0,0,-2,0,20,-15,0,-1,-2,-1,-11,12,0,0,5.01,0.39,1.99,264.30099999999925
-1,2,0,-3,27,0,0,-2,0,20,-18,0,-1,-2,-1,-11,9,0,0,5.01,0.39,1.99,264.6289999999992
-1,2,0,-4,28,0,0,-2,0,20,-19,0,-1,-2,-1,-10,8,0,0,5.01,0.39,1.99,264.9569999999992
-1,2,0,-4,29,0,0,-2,0,20,-21,0,-1,-2,-1,-9,8,0,0,5.01,0.39,1.99,265.2849999999992
-1,2,0,-4,28,0,0,-2,0,21,-22,0,-1,-2,-1,-8,7,0,0,5.01,0.39,1.99,265.61299999999915
-1,2,0,-5,27,0,0,-2,0,20,-24,0,-1,-2,-1,-4,5,0,0,5.01,0.39,1.99,265.9409999999991
-1,2,0,-6,26,0,0,-2,0,20,-24,0,-1,-2,-1,-3,4,0,0,5.01,0.39,1.99,266.2689999999991
-1,2,0,-7,25,0,0,-2,0,19,-24,0,-1,-2,-1,-1,2,0,0,5.01,0.39,1.99,266.59699999999907
-1,2,0,-7,26,0,0,-2,0,19,-24,0,-1,-2,-1,0,1,0,0,5.01,0.39,1.99,266.92499999999905
-1,2,0,-7,24,0,0,-2,0,15,-21,0,-1,-2,-1,1,0,0,0,5.01,0.39,1.99,267.252999999999
-1,2,0,-6,24,0,0,-2,0,13,-19,0,-1,-2,-1,1,-1,0,0,5.01,0.39,1.99,267.580999999999
-1,2,0,-6,24,0,0,-2,0,11,-18,0,-1,-2,-1,0,-1,0,0,5.01,0.39,1.99,267.90899999999897
-1,2,0,-6,23,0,0,-2,0,9,-17,0,-1,-2,-1,0,-1,0,0,5.01,0.39,1.99,268.23699999999894
-1,2,0,-6,22,0,0,-2,0,7,-16,0,-1,-2,-1,0,-2,0,0,5.01,0.39,1.99,268.5649999999989
-1,2,0,-6,20,0,0,-2,0,3,-15,0,-1,-2,-1,-2,-5,0,0,5.01,0.39,1.99,268.8929999999989
0,2,0,-10,30,0,0,-2,0,-26,13,0,0,-2,0,3,-30,0,0,5.01,0.4,2.03,269.2279999999989
0,2,0,-10,26,0,0,-3,0,-24,10,0,0,-2,0,1,-28,0,0,5.01,0.4,2.03,269.56299999999885
0,3,0,-10,25,0,0,-3,0,-22,7,0,0,-2,0,0,-26,0,0,5.01,0.4,2.03,269.89799999999883
0,3,0,-13,21,0,0,-2,0,-14,-2,0,0,-2,0,-6,-19,0,0,5.01,0.4,2.03,270.2329999999988
0,3,0,-14,20,0,0,-2,0,-11,-4,0,0,-2,0,-9,-16,0,0,5.01,0.4,2.03,270.5679999999988
0,3,0,-15,19,0,0,-2,0,-8,-6,0,0,-2,0,-12,-14,0,0,5.01,0.4,2.03,270.90299999999877
0,2,0,-13,24,0,0,-2,0,-6,-7,0,0,-2,0,-14,-14,0,0,5.01,0.4,2.03,271.23799999999875
0,2,0,-18,15,0,0,-2,0,-1,-9,0,0,-2,0,-16,-10,0,0,5.01,0.4,2.03,271.57299999999873
0,2,0,-19,15,0,0,-2,0,-1,-10,0,0,-2,0,-15,-10,0,0,5.01,0.4,2.03,271.9079999999987
0,2,0,-18,15,0,0,-2,0,0,-10,0,0,-2,0,-11,-15,0,0,5.01,0.4,2.03,272.2429999999987
0,2,0,-18,15,0,0,-2,0,1,-10,0,0,-2,0,-9,-17,0,0,5.01,0.4,2.03,272.57799999999867
0,2,0,-18,15,0,0,-2,0,2,-11,0,0,-2,0,-5,-18,0,0,5.01,0.4,2.03,272.91299999999865
0,2,0,-16,15,0,0,-2,0,2,-15,0,0,-2,0,6,-20,0,0,5.01,0.4,2.03,273.2479999999986
0,2,0,-17,14,0,0,-2,0,2,-17,0,0,-2,0,12,-18,0,0,5.01,0.4,2.03,273.5829999999986
0,2,0,-18,13,0,0,-2,0,2,-19,0,0,-2,0,15,-14,0,0,5.01,0.4,2.03,273.9179999999986
0,2,0,5,-16,0,1,-2,0,-23,29,0,0,-2,0,-4,-10,0,0,5.01,0.39,1.98,274.2449999999986
0,2,0,6,-16,0,1,-2,0,-23,29,0,-1,-2,0,-7,-14,0,0,5.01,0.39,1.98,274.5719999999986
0,2,0,6,-18,0,1,-2,0,-22,30,0,-1,-2,0,-7,-11,0,0,5.01,0.39,1.98,274.8989999999986
0,2,0,6,-18,0,1,-2,0,-22,30,0,0,-2,0,-6,-9,0,0,5.01,0.39,1.98,275.2259999999986
0,2,0,8,-18,0,1,-2,0,-21,30,0,0,-2,0,-9,-8,0,0,5.01,0.39,1.98,275.5529999999986
0,2,0,8,-16,0,1,-2,0,-21,29,0,0,-2,0,-6,-1,0,0,5.01,0.39,1.98,275.8799999999986
0,2,0,8,-17,0,1,-2,0,-21,29,0,0,-2,0,-4,0,0,0,5.01,0.39,1.98,276.2069999999986
0,2,0,8,-16,0,1,-2,0,-20,28,0,0,-2,0,0,1,0,0,5.01,0.39,1.98,276.53399999999857
0,2,0,8,-16,0,1,-2,0,-20,28,0,0,-2,0,1,3,0,0,5.01,0.39,1.98,276.86099999999857
0,2,0,6,-17,0,1,-2,0,-18,25,0,0,-2,0,1,1,0,0,5.01,0.39,1.98,277.18799999999857
0,2,0,6,-16,0,1,-2,0,-17,23,0,0,-2,0,0,1,0,0,5.01,0.39,1.98,277.51499999999857
0,2,0,6,-16,0,1,-2,0,-16,21,0,0,-2,0,0,0,0,0,5.01,0.39,1.98,277.84199999999856
0,2,0,5,-17,0,1,-2,0,-15,19,0,0,-2,0,0,-1,0,0,5.01,0.39,1.98,278.16899999999856
0,2,0,4,-17,0,1,-2,0,-11,14,0,0,-2,0,4,5,0,0,5.01,0.39,1.98,278.49599999999856
0,2,0,5,-18,0,1,-2,0,-9,13,0,0,-2,0,7,6,0,0,5.01,0.39,1.98,278.82299999999856
0,2,0,4,-19,0,1,-2,0,-8,12,0,0,-2,0,10,6,0,0,5.01,0.39,1.98,279.14999999999856
0,2,0,0,-50,0,1,-2,0,16,23,0,0,-2,0,12,30,0,0,5.01,0.4,2.04,279.48699999999855
0,2,0,0,-50,0,1,-2,0,14,28,0,0,-2,0,10,30,0,0,5.01,0.4,2.04,279.82399999999853
0,3,0,-3,-48,0,1,-2,0,9,38,0,0,-2,0,8,27,0,0,5.01,0.4,2.04,280.1609999999985
0,3,0,-5,-47,0,1,-3,0,9,40,0,0,-2,0,7,25,0,0,5.01,0.4,2.04,280.4979999999985
0,3,0,-6,-46,0,1,-3,0,8,40,0,-1,-2,0,8,21,0,0,5.01,0.4,2.04,280.8349999999985
0,3,0,-8,-43,0,1,-3,0,8,38,0,-1,-3,-1,10,18,0,0,5.01,0.4,2.04,281.1719999999985
-1,3,0,-16,-40,0,1,-3,0,8,29,0,-1,-3,-1,24,2,0,0,5.01,0.4,2.04,281.5089999999985
-1,3,0,-17,-37,0,1,-3,0,8,26,0,-1,-3,-1,31,-2,0,0,5.01,0.4,2.04,281.84599999999847
-1,3,0,-19,-39,0,1,-3,0,7,24,0,-1,-3,-1,36,-3,0,0,5.01,0.4,2.04,282.18299999999846
-1,3,0,-17,-40,0,1,-3,0,5,22,0,-1,-3,-1,40,0,0,0,5.01,0.4,2.04,282.51999999999845
-1,3,0,-11,-46,0,1,-2,0,-4,23,0,-1,-3,-1,38,11,0,0,5.01,0.4,2.04,282.85699999999844
-1,3,0,-6,-56,0,1,-2,0,-10,26,0,-1,-3,-1,35,13,0,0,5.01,0.4,2.04,283.1939999999984
-1,3,0,-2,-61,0,1,-2,0,-16,30,0,-1,-2,-1,30,14,0,0,5.01,0.39,1.96,283.51799999999844
-1,2,0,0,-63,0,1,-2,0,-23,33,0,-1,-2,-1,24,12,0,0,5.01,0.39,1.96,283.84199999999845
0,2,0,-3,-63,0,1,-2,0,-39,41,0,-1,-2,-1,3,0,0,0,5.01,0.39,1.96,284.16599999999846
0,2,0,-3,-61,0,1,-2,0,-44,43,0,-1,-2,-1,-5,-4,0,0,5.01,0.39,1.96,284.4899999999985
0,2,0,-12,14,0,0,-2,0,1,-11,0,0,-2,-1,-13,-4,0,0,5.01,0.39,1.98,284.8169999999985
0,2,0,-12,13,0,0,-2,0,3,-11,0,0,-2,-1,-13,-4,0,0,5.01,0.39,1.98,285.14399999999847
0,2,0,-12,11,0,1,-2,0,4,-12,0,0,-2,-1,-13,-4,0,0,5.01,0.39,1.98,285.47099999999847
0,2,0,-11,10,0,0,-2,0,6,-14,0,0,-2,-1,-15,-6,0,0,5.01,0.39,1.98,285.79799999999847
0,2,0,-11,10,0,1,-2,0,7,-15,0,0,-2,-1,-16,-8,0,0,5.01,0.39,1.98,286.12499999999847
0,2,0,-11,10,0,1,-2,0,8,-15,0,0,-2,-1,-18,-11,0,0,5.01,0.39,1.98,286.45199999999846
0,2,0,-11,10,0,1,-2,0,9,-15,0,-1,-2,-1,-18,-14,0,0,5.01,0.39,1.98,286.77899999999846
0,2,0,-9,9,0,1,-2,0,11,-15,0,0,-2,-1,-20,-21,0,0,5.01,0.39,1.98,287.10599999999846
0,2,0,-8,8,0,1,-2,0,12,-16,0,0,-2,-1,-21,-22,0,0,5.01,0.39,1.98,287.43299999999846
0,2,0,-7,8,0,1,-2,0,12,-16,0,0,-2,-1,-21,-24,0,0,5.01,0.39,1.96,287.75699999999847
0,2,0,-7,8,0,1,-2,0,13,-16,0,0,-2,-1,-20,-24,0,0,5.01,0.39,1.96,288.0809999999985
0,2,0,-6,7,0,1,-2,0,15,-15,0,0,-2,-1,-17,-25,0,0,5.01,0.39,1.96,288.4049999999985
0,2,0,-5,7,0,1,-2,0,16,-15,0,0,-2,-1,-15,-25,0,0,5.01,0.39,1.96,288.7289999999985
0,2,0,-5,7,0,1,-2,0,16,-15,0,0,-2,-1,-14,-25,0,0,5.01,0.39,1.96,289.0529999999985
0,2,0,-5,8,0,1,-2,0,17,-16,0,0,-2,-1,-13,-24,0,0,5.01,0.39,1.96,289.37699999999853
-1,2,0,1,13,0,1,-2,0,-7,-26,0,0,-2,-1,-10,-28,0,0,5.01,0.4,2.04,289.71499999999855
-1,2,0,2,15,0,1,-2,0,-9,-22,0,0,-2,-1,-12,-29,0,0,5.01,0.4,2.04,290.0529999999986
-1,2,0,2,14,0,1,-2,0,-10,-21,0,0,-2,-1,-12,-31,0,0,5.01,0.4,2.04,290.3909999999986
-1,2,0,3,13,0,1,-2,0,-11,-19,0,0,-2,-1,-12,-32,0,0,5.01,0.4,2.04,290.7289999999986
-1,2,0,3,12,0,1,-2,0,-12,-17,0,0,-2,-1,-12,-33,0,0,5.01,0.4,2.04,291.06699999999864
0,2,0,2,9,0,1,-2,0,-15,-11,0,0,-2,-1,-10,-36,0,0,5.01,0.4,2.04,291.40499999999867
0,3,0,1,8,0,1,-2,0,-16,-9,0,0,-2,-1,-10,-36,0,0,5.01,0.4,2.04,291.7429999999987
0,3,0,0,9,0,1,-3,0,-17,-8,0,0,-2,-1,-9,-36,0,0,5.01,0.39,1.96,292.0669999999987
0,3,0,0,9,0,1,-2,0,-18,-6,0,0,-2,-1,-9,-36,0,0,5.01,0.39,1.96,292.3909999999987
0,3,0,-5,16,0,1,-2,0,-21,-2,0,0,-2,-1,-7,-32,0,0,5.01,0.39,1.96,292.7149999999987
0,3,0,-7,17,0,1,-2,0,-22,0,0,0,-3,-1,-5,-32,0,0,5.01,0.39,1.96,293.03899999999874
0,3,0,-10,21,0,1,-2,0,-24,0,0,0,-3,-1,-2,-33,0,0,5.01,0.39,1.96,293.36299999999875
0,3,0,-11,25,0,1,-2,0,-26,1,0,0,-3,-1,1,-33,0,0,5.01,0.39,1.96,293.68699999999876
0,3,0,-12,24,0,1,-3,0,-33,7,0,0,-3,0,9,-29,0,0,5.01,0.39,1.96,294.0109999999988
0,3,0,-13,21,0,1,-3,0,-35,10,0,0,-3,-1,13,-27,0,0,5.01,0.39,1.96,294.3349999999988
0,3,0,-11,20,0,1,-3,0,-36,14,0,0,-3,0,15,-24,0,0,5.01,0.39,1.96,294.6589999999988
0,3,0,-2,0,0,1,-2,0,-1,-4,0,0,-2,0,-65,-62,0,0,5.01,0.39,1.96,294.9829999999988
0,3,0,-2,0,0,1,-2,0,-3,-1,0,0,-2,0,-64,-60,0,0,5.01,0.39,1.96,295.3069999999988
0,2,0,-3,-1,0,1,-2,0,-7,0,0,0,-2,0,-52,-57,0,0,5.01,0.39,1.96,295.63099999999883
0,2,0,-2,0,0,1,-2,0,-10,1,0,0,-2,0,-49,-55,0,0,5.01,0.39,1.96,295.95499999999885
0,2,0,-2,-2,0,1,-2,0,-12,0,0,0,-2,0,-41,-54,0,0,5.01,0.4,2.03,296.2899999999988
0,2,0,-1,-4,0,1,-2,0,-14,-1,0,0,-2,0,-34,-53,0,0,5.01,0.4,2.03,296.6249999999988
0,2,0,2,-7,0,1,-2,0,-17,-1,0,0,-2,0,-28,-49,0,0,5.01,0.4,2.03,296.9599999999988
0,2,0,3,-10,0,1,-2,0,-18,-1,0,0,-2,0,-28,-47,0,0,5.01,0.4,2.03,297.29499999999877
0,2,0,4,-12,0,1,-2,0,-19,0,0,0,-2,0,-28,-46,0,0,5.01,0.4,2.03,297.62999999999874
0,2,0,5,-16,0,1,-2,0,-21,0,0,0,-2,0,-29,-43,0,0,5.01,0.4,2.03,297.9649999999987
0,2,0,7,-22,0,1,-2,0,-24,7,0,0,-2,0,-24,-35,0,0,5.01,0.4,2.03,298.2999999999987
0,2,0,8,-24,0,1,-2,0,-25,9,0,0,-2,0,-21,-31,0,0,5.01,0.4,2.03,298.6349999999987
0,2,0,8,-26,0,1,-2,0,-26,11,0,0,-2,0,-19,-26,0,0,5.01,0.4,2.03,298.96999999999866
0,2,0,7,-27,0,1,-2,0,-28,13,0,0,-2,0,-16,-23,0,0,5.01,0.4,2.03,299.30499999999864
0,2,0,6,-30,0,1,-2,0,-31,19,0,0,-2,0,-8,-10,0,0,5.01,0.4,2.03,299.6399999999986
0,2,0,5,-31,0,1,-2,0,-32,20,0,0,-2,0,-5,-5,0,0,5.01,0.4,2.03,299.9749999999986
0,2,0,10,-19,0,1,-2,0,4,16,0,0,-2,0,28,41,0,0,5.01,0.39,1.96,300.2999999999986
0,2,0,11,-20,0,1,-2,0,4,16,0,0,-2,0,28,41,0,0,5.01,0.39,1.97,300.6269999999986
0,2,0,10,-21,0,1,-2,0,4,16,0,0,-2,0,29,41,0,0,5.01,0.39,1.97,300.9539999999986
0,2,0,10,-21,0,1,-2,0,5,15,0,0,-2,0,32,41,0,0,5.01,0.39,1.97,301.2809999999986
0,2,0,10,-21,0,1,-2,0,5,16,0,0,-2,0,33,38,0,0,5.01,0.39,1.97,301.6079999999986
0,2,0,9,-21,0,1,-2,0,6,16,0,0,-2,0,34,37,0,0,5.01,0.39,1.97,301.9349999999986
0,2,0,9,-21,0,1,-2,0,6,16,0,0,-2,0,35,35,0,0,5.01,0.39,1.97,302.2619999999986
0,2,0,9,-21,0,1,-2,0,6,16,0,0,-2,0,35,34,0,0,5.01,0.39,1.97,302.5889999999986
0,2,0,8,-22,0,1,-2,0,7,17,0,0,-2,0,31,31,0,0,5.01,0.39,1.97,302.9159999999986
0,2,0,8,-22,0,0,-2,0,7,17,0,0,-2,0,27,32,0,0,5.01,0.39,1.97,303.2429999999986
0,2,0,7,-23,0,0,-2,0,8,17,0,0,-2,0,23,31,0,0,5.01,0.39,1.97,303.5699999999986
0,2,0,7,-23,0,0,-2,0,8,18,0,0,-2,0,18,31,0,0,5.01,0.39,1.97,303.89699999999857
0,2,0,7,-24,0,0,-2,0,8,18,0,0,-2,0,13,30,0,0,5.01,0.39,1.97,304.22399999999857
0,2,0,6,-25,0,0,-2,0,10,18,0,0,-2,0,5,28,0,0,5.01,0.39,1.97,304.55099999999857
0,2,0,-15,24,0,0,-2,1,-23,-5,0,0,-1,-1,-28,-11,0,0,5.01,0.39,1.99,304.8819999999986
0,1,0,-15,26,0,0,-2,1,-22,-6,0,0,-1,-1,-29,-9,0,0,5.01,0.39,1.99,305.2129999999986
0,1,0,-13,23,0,0,-2,1,-19,-4,0,0,-1,-1,-28,-8,0,0,5.01,0.39,1.99,305.5439999999986
0,1,0,-11,23,0,0,-2,1,-17,-5,0,0,-1,-1,-29,-7,0,0,5.01,0.39,1.99,305.87499999999864
0,1,0,-11,22,0,0,-2,0,-15,-6,0,0,-1,-1,-29,-8,0,0,5.01,0.39,1.99,306.20599999999865
-1,1,0,-10,18,0,0,-2,0,-13,-6,0,0,-1,-1,-29,-8,0,0,5.01,0.39,1.99,306.53699999999867
0,2,0,-6,16,0,0,-2,0,-9,-6,0,0,-2,-1,-28,-8,0,0,5.01,0.39,1.99,306.8679999999987
-1,2,0,-6,14,0,0,-2,0,-8,-6,0,0,-2,-1,-28,-9,0,0,5.01,0.39,1.99,307.1989999999987
-1,2,0,-5,12,0,0,-2,0,-8,-6,0,0,-2,-1,-26,-10,0,0,5.01,0.39,1.99,307.5299999999987
0,2,0,-5,11,0,0,-2,0,-8,-5,0,-1,-2,-1,-25,-11,0,0,5.01,0.39,1.99,307.86099999999874
0,2,0,-5,10,0,0,-2,0,-9,-5,0,-1,-2,-1,-23,-12,0,0,5.01,0.39,1.99,308.19199999999876
0,2,0,-6,8,0,0,-2,0,-13,-7,0,-1,-2,-1,-19,-16,0,0,5.01,0.39,1.99,308.5229999999988
0,2,0,-7,9,0,0,-2,0,-15,-8,0,-1,-2,-1,-18,-18,0,0,5.01,0.39,1.99,308.8539999999988
0,2,0,-7,9,0,0,-2,0,-18,-9,0,-1,-2,-1,-17,-19,0,0,5.01,0.39,1.99,309.1849999999988
0,2,0,-7,9,0,0,-2,0,-20,-9,0,-1,-2,-1,-17,-21,0,0,5.01,0.39,1.99,309.5159999999988
0,2,0,-8,10,0,0,-2,0,-26,-8,0,0,-2,-1,-17,-24,0,0,5.01,0.39,1.99,309.84699999999884
0,2,0,-7,26,0,0,-2,0,12,-13,0,-1,-2,-1,5,28,0,0,5.01,0.39,1.95,310.17099999999886
0,2,0,-6,25,0,0,-2,0,12,-14,0,-1,-2,-1,3,24,0,0,5.01,0.39,1.95,310.49499999999887
0,2,0,-6,25,0,0,-2,0,12,-16,0,-1,-2,-1,3,21,0,0,5.01,0.39,1.95,310.8189999999989
0,2,0,-7,25,0,0,-2,0,11,-16,0,-1,-2,-1,2,19,0,0,5.01,0.39,1.95,311.1429999999989
0,2,0,-6,23,0,0,-2,0,9,-19,0,-1,-2,-1,0,10,0,0,5.01,0.39,1.95,311.4669999999989
-1,2,0,-6,24,0,0,-2,0,8,-19,0,-1,-2,-1,-1,6,0,0,5.01,0.39,1.95,311.7909999999989
0,2,0,-6,23,0,0,-2,0,7,-19,0,-1,-2,-1,-1,4,0,0,5.01,0.39,1.95,312.11499999999893
0,2,0,-7,24,0,0,-2,0,5,-19,0,-1,-2,-1,-1,0,0,0,5.01,0.39,1.95,312.43899999999894
-1,2,0,-6,22,0,0,-2,0,2,-15,0,-1,-2,-1,0,-5,0,0,5.01,0.39,1.95,312.76299999999895
-1,2,0,-4,21,0,0,-2,0,1,-13,0,-1,-2,-1,0,-7,0,0,5.01,0.39,1.95,313.08699999999897
-1,2,0,-4,21,0,0,-2,0,0,-11,0,-1,-2,-1,-1,-10,0,0,5.01,0.39,1.95,313.410999999999
-1,2,0,-4,20,0,0,-2,0,0,-10,0,-1,-2,-1,-1,-12,0,0,5.01,0.39,1.95,313.734999999999
-1,2,0,-3,19,0,0,-2,0,0,-11,0,-1,-2,-1,-1,-15,0,0,5.01,0.39,1.95,314.058999999999
-1,2,0,-3,18,0,0,-2,0,0,-12,0,-1,-2,-1,-2,-16,0,0,5.01,0.39,1.95,314.382999999999
-1,2,0,-3,18,0,0,-2,0,0,-13,0,-1,-2,-1,-2,-17,0,0,5.01,0.39,1.95,314.706999999999
0,2,0,-13,12,0,0,-2,0,26,-27,0,0,-3,0,-43,0,0,0,5.01,0.39,1.97,315.034999999999
0,2,0,-13,7,0,0,-2,0,19,-31,0,0,-3,0,-4,28,0,0,5.01,0.39,1.97,315.362999999999
0,2,0,-12,6,0,0,-2,0,16,-31,0,0,-3,0,16,44,0,0,5.01,0.39,1.97,315.69099999999895
0,2,0,-11,3,0,0,-2,0,13,-30,0,0,-3,0,33,54,0,0,5.01,0.39,1.97,316.0189999999989
0,2,0,-11,0,0,0,-2,0,9,-28,0,0,-3,0,45,62,0,0,5.01,0.39,1.97,316.3469999999989
0,2,0,-10,0,0,0,-2,0,5,-26,0,0,-2,0,54,65,0,0,5.01,0.39,1.97,316.6749999999989
0,2,0,-7,-4,0,0,-2,0,-3,-16,0,0,-2,0,61,61,0,0,5.01,0.39,1.97,317.00299999999885
0,2,0,-6,-6,0,0,-2,0,-7,-12,0,0,-2,0,57,59,0,0,5.01,0.39,1.97,317.3309999999988
0,2,0,-5,-9,0,0,-2,0,-10,-8,0,0,-2,0,52,60,0,0,5.01,0.39,1.97,317.6589999999988
0,2,0,-4,-11,0,0,-1,0,-12,-4,0,0,-2,0,45,60,0,0,5.01,0.39,1.97,317.9869999999988
0,2,0,-2,-14,0,0,-1,0,-17,4,0,0,-2,0,29,65,0,0,5.01,0.39,1.97,318.31499999999875
0,2,0,-2,-15,0,0,-1,0,-19,6,0,0,-2,0,23,66,0,0,5.01,0.39,1.97,318.6429999999987
0,2,0,-2,-15,0,0,-1,0,-19,7,0,0,-2,0,13,67,0,0,5.01,0.39,1.97,318.9709999999987
0,2,0,-2,-15,0,0,-2,0,-20,7,0,0,-2,0,4,68,0,0,5.01,0.39,1.97,319.29899999999867
0,2,0,-1,-13,0,0,-2,0,-19,6,0,0,-2,0,-11,67,0,0,5.01,0.39,1.97,319.62699999999865
0,2,0,0,-12,0,0,-2,0,-19,6,0,0,-2,0,-14,66,0,0,5.01,0.39,1.97,319.9549999999986
0,2,0,1,-14,0,0,-2,0,-11,16,0,0,-2,0,4,8,0,0,5.01,0.4,2.01,320.2889999999986
0,2,0,1,-14,0,0,-2,0,-11,15,0,0,-2,0,5,10,0,0,5.01,0.4,2.01,320.6229999999986
0,2,0,3,-16,0,0,-2,0,-10,14,0,0,-2,0,5,17,0,0,5.01,0.4,2.01,320.95699999999863
0,2,0,3,-17,0,0,-2,0,-9,14,0,0,-2,0,5,19,0,0,5.01,0.4,2.01,321.29099999999863
0,2,0,3,-18,0,0,-2,0,-8,15,0,0,-2,0,6,21,0,0,5.01,0.4,2.01,321.62499999999864
0,2,0,4,-19,0,0,-2,0,-8,16,0,0,-2,0,7,22,0,0,5.01,0.4,2.01,321.95899999999864
0,2,0,5,-21,0,0,-2,0,-7,20,0,0,-2,0,13,26,0,0,5.01,0.4,2.01,322.29299999999864
0,2,0,6,-22,0,0,-2,0,-7,21,0,0,-2,0,15,28,0,0,5.01,0.4,2.01,322.62699999999865
0,2,0,6,-22,0,0,-2,0,-7,22,0,0,-2,0,18,29,0,0,5.01,0.4,2.01,322.96099999999865
0,2,0,7,-23,0,0,-2,0,-7,24,0,0,-2,0,21,31,0,0,5.01,0.4,2.01,323.29499999999865
0,2,0,8,-24,0,0,-2,0,-8,25,0,0,-2,0,30,34,0,0,5.01,0.4,2.01,323.62899999999865
0,2,0,8,-24,0,0,-2,0,-8,25,0,0,-2,0,33,36,0,0,5.01,0.4,2.01,323.96299999999866
0,2,0,8,-26,0,1,-2,0,-8,25,0,0,-2,0,36,37,0,0,5.01,0.4,2.01,324.29699999999866
0,2,0,8,-25,0,1,-2,0,-8,26,0,0,-2,0,38,39,0,0,5.01,0.39,2.0,324.62899999999865
0,2,0,9,-26,0,1,-2,0,-9,27,0,0,-2,0,43,43,0,0,5.01,0.39,2.0,324.96099999999865
0,2,0,8,-25,0,1,-2,0,-10,27,0,0,-2,0,43,44,0,0,5.01,0.39,2.0,325.29299999999864
-1,2,0,-15,-46,0,0,-2,0,-34,33,0,0,-3,-1,3,-13,0,0,5.01,0.39,1.98,325.62199999999865
-1,2,0,-15,-46,0,0,-2,0,-39,34,0,0,-2,-1,3,-7,0,0,5.01,0.39,1.98,325.95099999999866
-1,2,0,-16,-46,0,0,-2,0,-42,34,0,0,-2,-1,2,0,0,0,5.01,0.39,1.98,326.27999999999867
-1,2,0,-16,-45,0,0,-2,0,-50,39,0,0,-2,-1,0,11,0,0,5.01,0.39,1.98,326.6089999999987
-1,2,0,-16,-43,0,0,-2,0,-51,40,0,0,-2,-1,0,14,0,0,5.01,0.39,1.98,326.9379999999987
0,2,0,-16,-40,0,0,-2,0,-53,43,0,-1,-2,-1,-1,14,0,0,5.01,0.39,1.98,327.2669999999987
