0,1,0,-6,-17,0,-2,1,-2,-55,44,0,3,0,-1,-76,-29,0,0,5.05,0.48,2.46,53.31699999999993
0,1,0,-6,-15,0,-2,1,-1,-57,30,0,3,0,-1,-69,-14,0,0,5.05,0.48,2.46,53.37799999999993
0,1,0,-6,-11,0,-2,1,-1,-57,3,0,2,0,-1,-51,15,0,0,5.05,0.48,2.46,53.43899999999993
0,1,0,-5,-3,0,-1,0,-1,-64,-10,0,2,0,-1,-49,50,0,0,5.05,0.48,2.46,53.49999999999993
0,2,0,-6,3,0,-1,0,-1,-61,-16,0,2,0,-1,-55,82,0,0,5.05,0.48,2.46,53.56099999999993
0,2,0,-7,6,0,-1,0,-1,-62,-19,0,2,0,-1,-57,109,0,0,5.05,0.48,2.46,53.62199999999993
0,2,0,-7,10,0,-1,0,-1,-68,-33,0,2,0,-1,-57,141,0,0,5.05,0.48,2.46,53.68299999999993
0,1,0,-7,14,0,-1,0,-1,-64,-57,0,1,0,-1,-61,164,0,0,5.05,0.48,2.46,53.74399999999993
0,1,0,-8,17,0,-1,0,-1,-58,-89,0,1,0,-1,-34,166,0,0,5.05,0.48,2.46,53.80499999999993
0,1,0,-9,17,0,-1,0,-1,-56,-100,0,1,0,-1,-28,172,0,0,5.05,0.48,2.46,53.86599999999993
0,1,0,-12,20,0,-1,0,-1,-58,-116,0,1,0,-1,-11,167,0,0,5.05,0.48,2.46,53.92699999999993
0,1,0,-14,22,0,0,0,-1,-32,-117,0,0,0,-2,-11,187,0,0,5.05,0.48,2.46,53.98799999999993
0,1,0,-14,21,0,0,0,-2,-55,-115,0,0,0,-2,-23,204,0,0,5.05,0.48,2.46,54.04899999999993
0,1,0,-15,20,0,0,0,-2,-65,-122,0,0,0,-2,-29,210,0,0,5.05,0.48,2.46,54.10999999999993
0,1,0,-12,18,0,0,0,-2,-86,-147,0,0,0,-2,-50,218,0,0,5.05,0.48,2.46,54.17099999999993
0,2,0,-8,20,0,0,1,-3,-105,-184,0,-1,0,-2,-67,219,0,0,5.05,0.48,2.46,54.23199999999993
0,2,0,0,26,0,1,1,-2,-76,-222,0,-2,1,-1,-74,193,0,0,5.05,0.48,2.46,54.29299999999993
0,3,0,7,26,0,2,1,-1,-65,-215,0,-3,1,-1,-78,177,0,0,5.05,0.48,2.46,54.35399999999993
0,4,0,21,26,0,5,1,0,-105,-111,0,-5,2,0,-68,136,0,0,5.05,0.48,2.46,54.41499999999993
0,5,0,22,18,0,5,0,1,-106,5,0,-5,2,0,-19,66,0,0,5.05,0.48,2.46,54.47599999999993
-1,5,0,0,9,0,5,0,1,-39,62,0,-5,3,0,62,-11,0,0,5.05,0.48,2.46,54.53699999999993
-1,5,0,-39,-45,0,5,-1,3,4,16,0,-5,3,1,107,-47,0,0,5.05,0.48,2.46,54.59799999999993
-1,4,0,-36,-49,0,5,-1,3,32,-13,0,-5,3,1,110,-66,0,0,5.05,0.48,2.46,54.65899999999993
0,3,0,-32,-51,0,5,-1,2,76,-85,0,-5,4,1,116,-45,0,0,5.05,0.48,2.46,54.71999999999993
0,3,0,-20,-45,0,5,0,1,100,-102,0,-5,3,0,131,-38,0,0,5.05,0.48,2.46,54.78099999999993
0,2,0,-6,-27,0,5,0,0,113,-59,0,-5,2,0,129,-60,0,0,5.05,0.48,2.46,54.84199999999993
0,2,0,14,-23,0,5,0,0,110,8,0,-4,2,-1,120,-96,0,0,5.05,0.48,2.46,54.90299999999993
0,2,0,25,-18,0,5,0,-1,99,85,0,-3,2,-1,97,-107,0,0,5.05,0.48,2.46,54.96399999999993
0,2,0,25,-15,0,4,0,-1,95,109,0,-2,1,-2,92,-110,0,0,5.05,0.48,2.46,55.02499999999993
0,3,0,13,-20,0,3,0,-2,91,142,0,-1,0,-3,51,-109,0,0,5.05,0.48,2.46,55.08599999999993
0,2,0,0,-27,0,2,1,-2,80,150,0,0,1,-2,20,-232,0,0,5.05,0.48,2.46,55.14699999999993
0,2,0,-1,-25,0,1,1,-2,78,147,0,0,0,-2,1,-250,0,0,5.05,0.48,2.46,55.20799999999993
0,2,0,0,-19,0,0,1,-2,60,160,0,1,0,-2,-13,-228,0,0,5.05,0.48,2.46,55.26899999999993
0,1,0,-1,-19,0,0,1,-2,54,167,0,1,0,-2,-25,-223,0,0,5.05,0.48,2.46,55.32999999999993
0,1,0,-11,-6,0,-2,1,-3,-24,199,0,2,0,-2,-56,-243,0,0,5.06,0.5,2.56,0.7650000000000002
0,1,0,-10,-6,0,-2,1,-2,-47,171,0,3,0,-2,-59,-150,0,0,5.06,0.5,2.56,0.8160000000000003
0,1,0,-11,-5,0,-2,1,-2,-50,127,0,2,0,-2,-50,-92,0,0,5.06,0.5,2.56,0.8670000000000003
0,1,0,-9,-1,0,-2,1,-1,-57,86,0,2,0,-2,-65,-77,0,0,5.06,0.5,2.56,0.9180000000000004
0,1,0,-8,0,0,-2,1,-1,-57,72,0,2,0,-2,-77,-60,0,0,5.06,0.5,2.56,0.9690000000000004
0,2,0,-7,5,0,-1,1,-1,-60,42,0,2,0,-1,-89,-1,0,0,5.06,0.5,2.56,1.0200000000000005
0,2,0,-6,7,0,-1,1,-1,-62,18,0,2,0,-1,-84,44,0,0,5.06,0.5,2.56,1.0710000000000004
0,2,0,-5,8,0,-1,0,-1,-60,-3,0,2,0,-1,-78,71,0,0,5.05,0.47,2.38,1.1190000000000004
0,2,0,-5,7,0,-1,0,-1,-57,-11,0,2,0,-1,-72,68,0,0,5.05,0.47,2.38,1.1670000000000005
0,2,0,-4,6,0,-1,0,-1,-49,-32,0,1,0,-1,-72,104,0,0,5.05,0.47,2.38,1.2150000000000005
0,1,0,-5,6,0,0,0,-1,-45,-61,0,1,0,-1,-77,151,0,0,5.05,0.47,2.38,1.2630000000000006
0,1,0,-7,5,0,0,0,-1,-48,-68,0,1,0,-1,-75,180,0,0,5.05,0.47,2.38,1.3110000000000006
0,1,0,-9,3,0,0,0,-1,-55,-90,0,1,0,-1,-69,200,0,0,5.05,0.47,2.38,1.3590000000000007
0,1,0,-14,3,0,0,0,-1,-52,-108,0,1,0,-2,-55,223,0,0,5.05,0.47,2.38,1.4070000000000007
0,1,0,-18,5,0,0,0,-1,-57,-120,0,0,0,-1,-54,222,0,0,5.05,0.47,2.38,1.4550000000000007
0,1,0,-20,6,0,0,0,-1,-64,-123,0,0,0,-1,-52,224,0,0,5.05,0.47,2.38,1.5030000000000008
0,1,0,-23,10,0,0,0,-1,-78,-133,0,0,0,-1,-54,222,0,0,5.05,0.47,2.38,1.5510000000000008
0,1,0,-26,18,0,0,0,-1,-85,-143,0,-1,0,-1,-61,236,0,0,5.05,0.47,2.38,1.5990000000000009
0,2,0,-23,25,0,1,0,0,-90,-126,0,-2,0,0,-59,210,0,0,5.05,0.47,2.38,1.647000000000001
0,2,0,-26,34,0,2,0,0,-93,-111,0,-3,0,0,-53,194,0,0,5.05,0.47,2.38,1.695000000000001
0,3,0,-14,37,0,4,0,0,-92,-65,0,-4,1,0,-16,145,0,0,5.05,0.47,2.38,1.743000000000001
0,4,0,-11,45,0,5,0,1,-56,-22,0,-5,2,1,30,97,0,0,5.05,0.47,2.38,1.791000000000001
-1,5,0,-14,43,0,5,0,2,4,-39,0,-5,3,2,95,26,0,0,5.05,0.47,2.38,1.839000000000001
-1,5,0,-14,31,0,5,-1,2,-12,-5,0,-5,3,2,134,-2,0,0,5.05,0.47,2.38,1.8870000000000011
-2,5,0,-20,2,0,5,-1,3,24,-54,0,-5,4,2,175,-20,0,0,5.05,0.47,2.38,1.9350000000000012
-2,5,0,-36,-38,0,5,-1,3,81,-151,0,-5,5,2,157,-33,0,0,5.05,0.47,2.38,1.9830000000000012
-1,4,0,-37,-48,0,5,0,2,118,-180,0,-5,4,1,145,-36,0,0,5.05,0.47,2.38,2.031000000000001
-1,4,0,-34,-44,0,5,0,1,120,-173,0,-5,4,1,134,-42,0,0,5.05,0.47,2.38,2.079000000000001
0,3,0,-22,-38,0,5,0,0,116,-117,0,-5,3,0,122,-56,0,0,5.05,0.48,2.44,2.128000000000001
0,2,0,-1,-26,0,5,0,0,103,-56,0,-4,3,0,119,-59,0,0,5.05,0.48,2.44,2.177000000000001
0,2,0,18,-18,0,5,0,0,98,-6,0,-3,2,0,108,5,0,0,5.05,0.48,2.44,2.226000000000001
0,2,0,26,-14,0,5,0,-1,96,7,0,-2,2,-1,87,26,0,0,5.05,0.48,2.44,2.275000000000001
0,1,0,36,-12,0,4,1,-1,87,35,0,-4,3,0,31,142,0,0,5.05,0.48,2.44,2.3240000000000007
0,2,0,34,-14,0,3,1,-1,77,73,0,-1,0,-1,34,-198,0,0,5.05,0.48,2.44,2.3730000000000007
0,2,0,14,-24,0,2,1,-1,69,110,0,-1,1,-2,16,-250,0,0,5.05,0.48,2.44,2.4220000000000006
0,2,0,6,-27,0,2,1,-1,63,120,0,0,1,-2,5,-250,0,0,5.05,0.48,2.44,2.4710000000000005
0,2,0,2,-33,0,1,1,-2,55,137,0,0,1,-2,-9,-242,0,0,5.05,0.48,2.44,2.5200000000000005
0,1,0,4,-25,0,0,1,-2,48,148,0,1,1,-3,-8,-250,0,0,5.05,0.48,2.44,2.5690000000000004
0,1,0,2,-13,0,0,1,-2,33,152,0,1,0,-3,-16,-250,0,0,5.05,0.48,2.44,2.6180000000000003
0,1,0,-1,-9,0,0,1,-2,20,147,0,1,1,-2,-51,-171,0,0,5.05,0.48,2.44,2.6670000000000003
0,1,0,-3,-10,0,0,1,-2,14,146,0,1,1,-2,-77,-144,0,0,5.05,0.48,2.44,2.716
0,1,0,-5,-9,0,-1,1,-2,-2,141,0,2,0,-2,-72,-95,0,0,5.05,0.48,2.44,2.765
0,1,0,-5,-5,0,-1,1,-2,-16,130,0,2,0,-2,-69,-75,0,0,5.05,0.48,2.44,2.814
0,2,0,-5,1,0,-1,1,-2,-27,105,0,3,0,-2,-98,-18,0,0,5.05,0.48,2.44,2.863
0,2,0,-4,4,0,-1,1,-2,-25,95,0,3,0,-2,-99,-2,0,0,5.05,0.48,2.44,2.912
0,2,0,-4,7,0,-1,1,-2,-24,58,0,2,0,-1,-101,39,0,0,5.05,0.48,2.44,2.961
0,2,0,-4,7,0,-1,1,-2,-26,19,0,2,0,-1,-90,62,0,0,5.05,0.48,2.44,3.01
0,2,0,-4,8,0,-1,1,-2,-33,-11,0,2,0,-1,-81,68,0,0,5.05,0.48,2.44,3.0589999999999997
0,2,0,-5,8,0,-1,1,-2,-37,-20,0,2,0,-1,-83,77,0,0,5.05,0.48,2.44,3.1079999999999997
0,2,0,-7,12,0,-1,1,-2,-46,-35,0,2,0,-1,-82,120,0,0,5.05,0.49,2.5,3.1579999999999995
0,1,0,-10,15,0,-1,1,-2,-56,-47,0,1,0,-1,-75,157,0,0,5.05,0.49,2.5,3.2079999999999993
0,1,0,-11,14,0,-1,0,-2,-70,-63,0,1,0,-1,-67,199,0,0,5.05,0.49,2.5,3.257999999999999
0,1,0,-13,13,0,-1,0,-2,-76,-72,0,1,0,-1,-66,214,0,0,5.05,0.49,2.5,3.307999999999999
0,1,0,-16,12,0,-1,0,-2,-92,-100,0,1,0,-1,-58,212,0,0,5.05,0.49,2.5,3.3579999999999988
0,1,0,-22,13,0,-1,0,-2,-104,-131,0,0,0,-1,-44,213,0,0,5.05,0.49,2.5,3.4079999999999986
0,1,0,-29,21,0,0,0,-2,-119,-153,0,0,0,-2,-33,223,0,0,5.05,0.49,2.5,3.4579999999999984
0,1,0,-29,24,0,0,0,-2,-125,-156,0,0,0,-2,-32,228,0,0,5.05,0.49,2.5,3.5079999999999982
0,1,0,-30,37,0,0,0,-2,-138,-158,0,-1,0,-1,-38,237,0,0,5.05,0.49,2.5,3.557999999999998
0,2,0,-28,48,0,1,0,-1,-147,-145,0,-3,0,-1,-50,206,0,0,5.05,0.49,2.5,3.607999999999998
0,2,0,-21,55,0,3,0,0,-141,-95,0,-5,1,0,-55,149,0,0,5.05,0.49,2.5,3.6579999999999977
0,2,0,-16,56,0,4,-1,0,-134,-68,0,-5,1,0,-53,121,0,0,5.05,0.49,2.5,3.7079999999999975
0,3,0,1,47,0,5,-1,2,-88,-19,0,-5,2,1,-8,49,0,0,5.05,0.49,2.5,3.7579999999999973
-1,5,0,1,26,0,5,-2,3,-84,36,0,-5,2,2,52,-10,0,0,5.05,0.49,2.5,3.807999999999997
-2,5,0,-5,13,0,5,-3,3,0,-15,0,-5,3,2,140,-47,0,0,5.05,0.49,2.5,3.857999999999997
-2,5,0,-14,0,0,5,-2,4,36,-60,0,-5,4,2,167,-37,0,0,5.05,0.49,2.5,3.907999999999997
-1,4,-1,-20,-27,0,5,-2,4,114,-171,0,-5,4,2,165,-9,0,0,5.05,0.49,2.5,3.9579999999999966
0,3,0,-11,-28,0,5,-2,3,144,-201,0,-5,4,2,154,-31,0,0,5.05,0.49,2.5,4.0079999999999965
0,3,0,9,-26,0,5,-1,1,149,-152,0,-5,3,0,133,-88,0,0,5.05,0.49,2.5,4.057999999999996
0,2,0,28,-21,0,5,0,0,125,-85,0,-4,2,0,123,-106,0,0,5.05,0.49,2.5,4.107999999999996
0,2,-1,33,-21,0,5,0,0,114,-58,0,-3,2,0,115,-102,0,0,5.05,0.49,2.5,4.157999999999996
0,2,0,47,-10,0,5,0,-1,107,5,0,-2,3,-1,86,-28,0,0,5.04,0.45,2.31,4.204999999999996
0,3,0,42,1,0,5,1,-2,117,55,0,-3,4,0,16,122,0,0,5.04,0.45,2.31,4.251999999999995
0,3,0,17,-4,0,3,1,-2,110,87,0,-1,0,-2,14,-169,0,0,5.04,0.45,2.31,4.298999999999995
0,3,0,7,-7,0,3,1,-2,109,105,0,-1,1,-2,17,-186,0,0,5.04,0.45,2.31,4.345999999999995
0,3,0,-4,-23,0,2,1,-2,95,143,0,0,1,-2,-1,-250,0,0,5.04,0.45,2.31,4.3929999999999945
0,2,0,-3,-26,0,0,1,-3,75,155,0,0,1,-2,-22,-239,0,0,5.04,0.45,2.31,4.439999999999994
0,1,0,-3,-16,0,0,1,-3,65,156,0,1,0,-2,-26,-248,0,0,5.04,0.45,2.31,4.486999999999994
0,1,0,-5,-16,0,0,1,-3,49,156,0,1,0,-2,-25,-250,0,0,5.04,0.45,2.31,4.533999999999994
0,1,0,-8,-13,0,-1,1,-3,21,159,0,2,0,-2,-20,-250,0,0,5.04,0.45,2.31,4.580999999999993
0,1,0,-9,-14,0,-1,2,-3,-4,153,0,2,1,-2,-61,-168,0,0,5.04,0.45,2.31,4.627999999999993
0,1,0,-9,-13,0,-2,2,-3,-31,141,0,2,0,-2,-81,-84,0,0,5.04,0.45,2.31,4.674999999999993
0,1,0,-10,-13,0,-2,1,-3,-40,135,0,2,0,-2,-71,-67,0,0,5.04,0.45,2.31,4.721999999999992
0,1,0,-12,-9,0,-2,1,-2,-54,116,0,2,0,-2,-66,-56,0,0,5.04,0.45,2.31,4.768999999999992
0,1,0,-13,-2,0,-2,1,-2,-65,87,0,2,0,-2,-79,-23,0,0,5.04,0.45,2.31,4.815999999999992
0,2,0,-13,4,0,-2,1,-2,-66,59,0,2,0,-2,-84,25,0,0,5.04,0.45,2.31,4.8629999999999916
0,2,0,-14,10,0,-1,1,-2,-67,32,0,2,0,-2,-87,71,0,0,5.04,0.45,2.31,4.909999999999991
0,2,0,-14,11,0,-1,1,-2,-68,21,0,2,0,-1,-83,76,0,0,5.04,0.45,2.31,4.956999999999991
0,2,0,-15,14,0,-1,0,-1,-71,-8,0,1,0,-1,-93,86,0,0,5.04,0.45,2.31,5.003999999999991
0,1,0,-15,17,0,-1,0,-1,-69,-32,0,1,0,-1,-102,115,0,0,5.04,0.45,2.31,5.05099999999999
0,1,0,-17,18,0,-1,0,-2,-77,-63,0,1,0,-1,-97,157,0,0,5.04,0.45,2.31,5.09799999999999
0,1,0,-17,18,0,-1,0,-2,-80,-72,0,1,0,-1,-94,144,0,0,5.04,0.45,2.31,5.14499999999999
0,1,0,-20,17,0,-1,0,-2,-78,-91,0,0,0,-1,-92,192,0,0,5.05,0.49,2.5,5.19599999999999
0,1,0,-26,16,0,0,0,-2,-81,-103,0,0,0,-2,-75,191,0,0,5.05,0.49,2.5,5.24699999999999
0,1,0,-30,17,0,0,0,-2,-97,-116,0,0,0,-1,-68,200,0,0,5.05,0.49,2.5,5.29799999999999
0,1,0,-30,18,0,0,0,-2,-105,-124,0,0,0,-1,-70,209,0,0,5.05,0.49,2.5,5.34899999999999
0,1,0,-27,22,0,0,0,-2,-121,-142,0,0,0,-1,-72,227,0,0,5.05,0.49,2.5,5.399999999999991
0,2,0,-20,31,0,0,0,-2,-127,-155,0,-1,0,-1,-67,227,0,0,5.05,0.49,2.5,5.450999999999991
0,3,0,-17,50,0,2,0,-1,-127,-142,0,-3,1,0,-51,190,0,0,5.05,0.49,2.5,5.501999999999991
0,3,0,-14,53,0,3,0,-1,-121,-126,0,-3,1,0,-45,171,0,0,5.05,0.49,2.5,5.552999999999991
0,4,0,-2,56,0,5,-1,1,-97,-53,0,-5,2,1,-20,112,0,0,5.05,0.49,2.5,5.603999999999991
-1,5,0,-6,49,0,5,-1,2,-50,-12,0,-5,2,2,20,45,0,0,5.05,0.49,2.5,5.654999999999991
-2,5,0,-16,33,0,5,-2,3,-54,-24,0,-5,3,2,82,-10,0,0,5.05,0.49,2.5,5.7059999999999915
-2,5,0,-22,15,0,5,-2,3,-22,-51,0,-5,3,2,119,-28,0,0,5.05,0.49,2.5,5.756999999999992
-2,5,0,-42,-52,0,5,-2,4,34,-162,0,-5,4,2,179,-46,0,0,5.05,0.49,2.5,5.807999999999992
-1,3,0,-26,-56,0,5,-1,3,93,-208,0,-5,4,1,200,-22,0,0,5.05,0.49,2.5,5.858999999999992
0,3,0,-20,-57,0,5,0,2,113,-175,0,-5,4,1,198,-31,0,0,5.05,0.49,2.5,5.909999999999992
0,3,0,-8,-50,0,5,0,1,108,-157,0,-5,3,0,170,-42,0,0,5.05,0.49,2.5,5.960999999999992
0,2,0,11,-32,0,5,0,0,109,-85,0,-4,3,0,130,-72,0,0,5.05,0.49,2.5,6.0119999999999925
0,2,0,32,-24,0,5,0,0,117,-22,0,-3,2,-1,103,-81,0,0,5.05,0.49,2.5,6.062999999999993
0,2,0,46,-14,0,5,1,-1,129,27,0,-2,3,-1,73,-37,0,0,5.05,0.49,2.5,6.113999999999993
0,3,0,40,-18,0,4,1,-2,119,81,0,-1,1,-2,35,86,0,0,5.05,0.49,2.5,6.164999999999993
0,3,0,33,-19,0,3,1,-2,114,95,0,-1,3,-2,0,171,0,0,5.05,0.49,2.5,6.215999999999993
0,3,0,13,-35,0,2,1,-2,93,121,0,0,0,-2,-1,-144,0,0,5.06,0.5,2.53,6.267999999999993
0,2,0,8,-36,0,1,1,-3,61,139,0,0,2,-2,-12,-212,0,0,5.06,0.5,2.53,6.319999999999992
0,2,0,10,-36,0,0,1,-3,49,130,0,0,1,-2,-27,-237,0,0,5.06,0.5,2.53,6.371999999999992
0,1,0,12,-29,0,0,1,-3,41,132,0,1,1,-2,-32,-239,0,0,5.06,0.5,2.53,6.4239999999999915
0,1,0,6,-24,0,0,2,-3,18,142,0,1,1,-2,-35,-248,0,0,5.06,0.5,2.53,6.475999999999991
0,1,0,4,-15,0,0,1,-3,-2,155,0,2,0,-2,-38,-233,0,0,5.06,0.5,2.53,6.527999999999991
0,1,0,3,-17,0,-1,1,-3,-28,170,0,2,1,-2,-71,-184,0,0,5.06,0.5,2.53,6.57999999999999
0,1,0,3,-16,0,-1,1,-3,-36,172,0,2,0,-2,-85,-151,0,0,5.06,0.5,2.53,6.63199999999999
0,1,0,2,-14,0,-1,1,-2,-59,153,0,1,0,-2,-103,-69,0,0,5.06,0.5,2.53,6.6839999999999895
0,1,0,1,-7,0,-2,1,-2,-70,113,0,2,0,-2,-90,-32,0,0,5.06,0.5,2.53,6.735999999999989
0,1,0,0,3,0,-1,1,-2,-71,68,0,2,0,-2,-83,-6,0,0,5.06,0.5,2.53,6.787999999999989
0,2,0,1,7,0,-1,1,-2,-69,54,0,2,0,-1,-85,-2,0,0,5.06,0.5,2.53,6.839999999999988
0,2,0,-2,18,0,-1,0,-2,-64,20,0,1,0,-1,-82,77,0,0,5.06,0.5,2.53,6.891999999999988
0,3,0,-5,45,0,3,0,0,-191,-54,0,-2,1,0,-88,178,0,0,5.05,0.49,2.5,6.9439999999999875
0,4,0,-4,48,0,5,0,0,-184,9,0,-5,1,0,-68,133,0,0,5.05,0.49,2.5,6.995999999999987
-1,5,0,-15,38,0,5,-1,3,-129,66,0,-5,2,1,-14,58,0,0,5.05,0.49,2.5,7.047999999999987
-1,5,0,-26,1,0,5,-2,4,-151,79,0,-5,3,1,55,-7,0,0,5.05,0.49,2.5,7.099999999999986
-2,5,0,-29,-13,0,5,-2,4,-114,53,0,-5,3,2,91,-1,0,0,5.05,0.49,2.5,7.151999999999986
-1,4,-1,-39,-36,0,5,-3,5,-12,-72,0,-5,4,2,157,-10,0,0,5.05,0.49,2.5,7.2039999999999855
0,3,0,-40,-42,0,5,-3,5,100,-147,0,-5,4,2,170,21,0,0,5.05,0.49,2.5,7.255999999999985
0,3,0,-21,-31,0,5,-2,4,143,-179,0,-5,4,1,138,-1,0,0,5.05,0.49,2.5,7.307999999999985
0,3,0,-16,-29,0,5,-1,4,151,-186,0,-5,3,1,126,-14,0,0,5.05,0.49,2.5,7.359999999999984
0,3,0,6,-17,0,5,-1,2,160,-172,0,-5,3,0,115,-38,0,0,5.05,0.49,2.5,7.411999999999984
0,2,0,24,-16,0,5,0,0,165,-106,0,-3,2,0,99,-47,0,0,5.05,0.49,2.5,7.4639999999999835
0,3,0,30,-19,0,5,0,0,153,-22,0,-2,2,-1,58,33,0,0,5.05,0.49,2.5,7.515999999999983
0,3,0,28,-21,0,5,0,-1,146,2,0,-2,2,-2,55,48,0,0,5.05,0.49,2.5,7.567999999999983
0,3,0,17,-29,0,4,0,-2,127,58,0,-2,3,-2,-21,190,0,0,5.05,0.49,2.5,7.619999999999982
0,2,0,9,-27,0,3,0,-2,124,77,0,-1,0,-2,-25,-128,0,0,5.05,0.49,2.5,7.671999999999982
0,2,0,6,-36,0,1,1,-3,116,85,0,0,1,-2,-42,-229,0,0,5.05,0.49,2.5,7.7239999999999815
0,2,0,10,-25,0,1,1,-3,107,88,0,0,1,-2,-48,-232,0,0,5.05,0.49,2.5,7.775999999999981
0,1,0,7,-23,0,0,1,-3,69,105,0,1,0,-2,-59,-232,0,0,5.05,0.49,2.5,7.827999999999981
0,1,0,3,-21,0,0,1,-3,35,131,0,1,0,-2,-63,-250,0,0,5.05,0.49,2.5,7.87999999999998
0,1,0,1,-18,0,0,1,-3,5,159,0,2,0,-2,-71,-215,0,0,5.05,0.49,2.5,7.93199999999998
0,1,0,0,-17,0,-1,1,-3,-1,168,0,2,0,-2,-73,-191,0,0,5.05,0.49,2.5,7.98399999999998
0,1,0,0,-14,0,-2,1,-3,-22,177,0,2,0,-2,-100,-180,0,0,5.05,0.46,2.37,8.03299999999998
0,1,0,0,-11,0,-2,1,-3,-41,146,0,3,0,-2,-110,-124,0,0,5.05,0.46,2.37,8.08199999999998
0,1,0,1,-6,0,-2,1,-3,-61,98,0,3,0,-2,-119,-69,0,0,5.05,0.46,2.37,8.130999999999979
0,1,0,2,-3,0,-2,1,-2,-62,83,0,3,0,-2,-121,-58,0,0,5.05,0.46,2.37,8.179999999999978
0,1,0,3,7,0,-2,1,-2,-63,53,0,3,0,-1,-110,-11,0,0,5.05,0.46,2.37,8.228999999999978
0,2,0,2,18,0,-2,1,-2,-63,31,0,3,0,-1,-97,54,0,0,5.05,0.46,2.37,8.277999999999977
0,2,0,2,25,0,-2,1,-2,-61,14,0,3,0,-1,-88,93,0,0,5.05,0.46,2.37,8.326999999999977
0,2,0,0,31,0,-2,0,-2,-65,-6,0,3,0,-1,-72,117,0,0,5.05,0.46,2.37,8.375999999999976
0,2,0,-1,32,0,-2,0,-1,-69,-15,0,2,0,-1,-70,130,0,0,5.05,0.46,2.37,8.424999999999976
0,1,0,-4,34,0,-2,0,-2,-80,-41,0,2,0,-2,-88,178,0,0,5.05,0.46,2.37,8.473999999999975
0,1,0,-7,33,0,-2,0,-2,-95,-72,0,2,0,-2,-88,194,0,0,5.05,0.46,2.37,8.522999999999975
0,1,0,-12,32,0,-1,0,-2,-109,-94,0,2,0,-2,-78,237,0,0,5.05,0.46,2.37,8.571999999999974
0,1,0,-14,31,0,-1,0,-2,-120,-107,0,1,0,-2,-77,244,0,0,5.05,0.46,2.37,8.620999999999974
0,1,0,-15,28,0,-1,0,-3,-82,-114,0,1,0,-2,-84,250,0,0,5.05,0.46,2.37,8.669999999999973
0,1,0,-13,27,0,-1,0,-3,-142,-117,0,0,0,-2,-99,250,0,0,5.05,0.46,2.37,8.718999999999973
0,2,0,-8,33,0,-1,1,-3,-186,-153,0,0,0,-2,-123,250,0,0,5.05,0.46,2.37,8.767999999999972
0,2,0,-4,41,0,-1,1,-3,-185,-173,0,0,0,-2,-119,250,0,0,5.05,0.46,2.37,8.816999999999972
0,4,-1,0,57,0,0,0,-3,-145,-233,0,-3,0,-1,-104,250,0,0,5.05,0.46,2.37,8.865999999999971
0,5,0,5,69,0,5,0,0,-149,-171,0,-5,1,0,-83,200,0,0,5.05,0.46,2.37,8.91499999999997
-1,5,0,0,62,0,5,-1,2,-170,0,0,-5,2,0,-51,98,0,0,5.05,0.46,2.37,8.96399999999997
-1,5,0,-4,50,0,5,-3,3,-128,71,0,-5,2,1,-31,72,0,0,5.05,0.46,2.37,9.01299999999997
-2,5,0,-35,-15,0,5,-2,4,-145,107,0,-5,3,2,22,6,0,0,5.05,0.49,2.48,9.06499999999997
-1,4,-1,-46,-31,0,5,-3,5,-45,-26,0,-5,4,2,79,-20,0,0,5.05,0.49,2.48,9.116999999999969
0,3,0,-33,-53,0,5,-3,5,58,-168,0,-5,3,2,126,-80,0,0,5.05,0.49,2.48,9.168999999999969
0,3,0,-27,-52,0,5,-3,5,90,-192,0,-5,4,2,141,-55,0,0,5.05,0.49,2.48,9.220999999999968
0,3,0,-12,-54,0,5,-1,4,133,-192,0,-5,3,1,191,-73,0,0,5.05,0.49,2.48,9.272999999999968
0,2,0,5,-31,0,5,0,2,147,-149,0,-5,2,0,196,-82,0,0,5.05,0.49,2.48,9.324999999999967
0,2,0,24,-18,0,5,0,0,158,-90,0,-3,1,0,134,-94,0,0,5.05,0.49,2.48,9.376999999999967
0,2,0,30,-14,0,5,0,0,160,-22,0,-1,1,-1,110,-88,0,0,5.05,0.49,2.48,9.428999999999967
0,2,0,27,-15,0,5,0,-1,155,1,0,-1,1,-2,87,-40,0,0,5.05,0.49,2.48,9.480999999999966
0,2,0,0,-25,0,2,1,-2,118,93,0,1,0,-4,-18,-49,0,0,5.05,0.49,2.48,9.584999999999965
0,2,0,-2,-29,0,1,1,-3,112,121,0,1,1,-2,-38,-229,0,0,5.05,0.49,2.48,9.636999999999965
0,1,0,2,-22,0,1,1,-3,104,132,0,1,1,-2,-52,-250,0,0,5.05,0.49,2.48,9.688999999999965
0,1,0,1,-17,0,0,1,-3,66,162,0,1,0,-2,-61,-250,0,0,5.05,0.49,2.48,9.740999999999964
0,1,0,-2,-13,0,0,1,-3,21,187,0,2,0,-2,-34,-250,0,0,5.05,0.49,2.48,9.792999999999964
0,1,0,-4,-13,0,-1,1,-3,-8,196,0,2,0,-2,-30,-250,0,0,5.05,0.49,2.48,9.844999999999963
0,1,0,-5,-12,0,-1,1,-3,-23,196,0,2,0,-2,-31,-250,0,0,5.05,0.49,2.48,9.896999999999963
0,1,0,-4,-12,0,-2,1,-3,-33,167,0,2,0,-2,-60,-250,0,0,5.05,0.49,2.48,9.948999999999963
0,1,0,-3,-7,0,-2,1,-2,-39,128,0,2,0,-2,-79,-149,0,0,5.05,0.49,2.48,10.000999999999962
0,1,0,-2,0,0,-2,1,-2,-41,90,0,3,0,-2,-99,-68,0,0,5.05,0.49,2.48,10.052999999999962
0,2,0,-1,10,0,-2,1,-2,-38,53,0,3,0,-1,-109,-25,0,0,5.05,0.49,2.48,10.104999999999961
0,2,0,0,13,0,-2,1,-2,-38,44,0,3,0,-1,-101,-10,0,0,5.05,0.49,2.48,10.156999999999961
0,2,0,-1,20,0,-2,1,-1,-38,14,0,2,0,-1,-73,40,0,0,5.05,0.49,2.48,10.20899999999996
0,2,0,-3,27,0,-1,0,-1,-45,-5,0,2,0,-1,-59,83,0,0,5.05,0.49,2.48,10.26099999999996
0,2,0,-3,30,0,-1,0,-1,-46,-21,0,2,0,-1,-31,109,0,0,5.05,0.49,2.48,10.31299999999996
0,2,0,-4,31,0,-1,0,-1,-47,-27,0,1,0,-1,-32,130,0,0,5.05,0.49,2.48,10.36499999999996
0,2,0,-4,29,0,-1,0,-1,-50,-47,0,1,1,-1,-42,151,0,0,5.05,0.49,2.48,10.416999999999959
0,1,0,-5,26,0,-1,0,-1,-61,-76,0,1,0,-1,-55,184,0,0,5.05,0.49,2.48,10.468999999999959
0,1,0,-7,25,0,-1,0,-1,-77,-101,0,1,0,-1,-50,200,0,0,5.05,0.49,2.48,10.520999999999958
0,1,0,-8,26,0,-1,0,-2,-49,-120,0,0,0,-1,-47,210,0,0,5.05,0.49,2.48,10.572999999999958
0,1,0,-15,33,0,-1,0,-1,-45,-125,0,0,0,-2,-45,202,0,0,5.05,0.49,2.48,10.624999999999957
0,1,0,-20,38,0,0,0,-1,-58,-120,0,0,0,-2,-43,211,0,0,5.05,0.49,2.48,10.676999999999957
0,1,0,-22,42,0,0,0,-2,-79,-125,0,0,0,-2,-70,229,0,0,5.05,0.49,2.48,10.728999999999957
0,1,0,-20,43,0,0,0,-2,-82,-133,0,0,0,-2,-71,234,0,0,5.05,0.49,2.48,10.780999999999956
0,2,0,-16,45,0,0,1,-2,-87,-170,0,0,0,-2,-82,247,0,0,5.05,0.49,2.48,10.832999999999956
0,3,0,-16,53,0,1,1,-2,-75,-185,0,-2,1,-1,-85,219,0,0,5.05,0.49,2.48,10.884999999999955
0,4,0,-9,51,0,5,0,0,-71,-109,0,-4,1,0,-82,163,0,0,5.05,0.49,2.48,10.936999999999955
-1,5,0,-10,49,0,5,0,0,-85,-65,0,-5,2,0,-81,136,0,0,5.05,0.49,2.48,10.988999999999955
-2,5,0,-13,30,0,5,0,0,-102,25,0,-5,2,0,-46,30,0,0,5.05,0.49,2.48,11.040999999999954
-2,5,0,-34,-27,0,5,0,1,-69,27,0,-5,2,1,7,-26,0,0,5.05,0.49,2.48,11.092999999999954
0,3,-1,-27,-46,0,5,-1,2,-69,-19,0,-5,3,1,118,-84,0,0,5.05,0.49,2.48,11.144999999999953
0,3,0,-31,-49,0,5,-1,3,-40,-59,0,-5,3,1,159,-84,0,0,5.05,0.49,2.48,11.196999999999953
0,3,0,-16,-45,0,5,-1,3,14,-104,0,-5,3,2,173,-47,0,0,5.05,0.47,2.38,11.246999999999954
0,3,0,-7,-36,0,5,0,3,65,-91,0,-5,4,1,194,-24,0,0,5.05,0.47,2.38,11.296999999999954
0,3,0,9,-13,0,5,0,2,89,-66,0,-5,3,0,189,-34,0,0,5.05,0.47,2.38,11.346999999999955
0,3,0,13,-5,0,5,0,2,95,-59,0,-5,3,0,168,-49,0,0,5.05,0.47,2.38,11.396999999999956
0,3,0,23,0,0,5,0,0,116,-37,0,-3,2,0,111,-64,0,0,5.05,0.47,2.38,11.446999999999957
0,3,0,21,-5,0,5,0,0,125,-5,0,-1,2,-1,81,-31,0,0,5.05,0.47,2.38,11.496999999999957
0,3,0,13,-19,0,4,0,0,119,50,0,0,1,-3,71,30,0,0,5.05,0.47,2.38,11.546999999999958
0,2,0,11,-24,0,3,0,-1,118,97,0,-1,2,-2,41,207,0,0,5.05,0.47,2.38,11.596999999999959
0,2,0,13,-24,0,2,0,-1,120,108,0,0,1,-3,-19,-5,0,0,5.05,0.47,2.38,11.64699999999996
0,2,0,13,-23,0,1,1,-2,114,143,0,0,1,-3,-39,-245,0,0,5.05,0.47,2.38,11.69699999999996
0,1,0,13,-21,0,0,1,-2,85,165,0,1,1,-2,-51,-250,0,0,5.05,0.47,2.38,11.74699999999996
0,1,0,7,-19,0,0,1,-2,57,175,0,1,0,-2,-47,-250,0,0,5.05,0.47,2.38,11.796999999999962
0,1,0,6,-19,0,0,1,-3,44,176,0,1,0,-2,-44,-250,0,0,5.05,0.47,2.38,11.846999999999962
0,1,0,3,-17,0,-1,1,-3,17,169,0,1,0,-2,-42,-244,0,0,5.05,0.47,2.38,11.896999999999963
0,1,0,5,-13,0,-1,1,-3,-7,166,0,1,0,-2,-78,-219,0,0,5.05,0.47,2.38,11.946999999999964
0,1,0,4,-10,0,-2,1,-3,-27,150,0,2,0,-2,-94,-142,0,0,5.05,0.47,2.38,11.996999999999964
0,1,0,5,-8,0,-2,1,-3,-31,143,0,2,0,-2,-98,-132,0,0,5.05,0.47,2.38,12.046999999999965
0,1,0,5,1,0,-2,1,-3,-42,113,0,3,0,-2,-110,-66,0,0,5.05,0.47,2.38,12.096999999999966
0,1,0,7,12,0,-2,1,-2,-44,75,0,3,0,-2,-99,-23,0,0,5.05,0.47,2.38,12.146999999999966
0,2,0,7,21,0,-2,1,-2,-48,35,0,2,0,-2,-83,18,0,0,5.05,0.47,2.38,12.196999999999967
0,2,0,7,24,0,-2,1,-2,-51,21,0,2,0,-2,-79,34,0,0,5.05,0.47,2.38,12.246999999999968
0,2,0,7,29,0,-2,0,-2,-54,-7,0,2,0,-1,-82,80,0,0,5.06,0.5,2.53,12.299999999999969
0,2,0,6,32,0,-1,0,-2,-63,-37,0,2,0,-2,-72,128,0,0,5.06,0.5,2.53,12.35299999999997
0,1,0,3,34,0,-1,0,-2,-73,-63,0,2,0,-2,-71,164,0,0,5.06,0.5,2.53,12.40599999999997
0,1,0,2,34,0,-1,0,-2,-74,-71,0,2,0,-2,-77,176,0,0,5.06,0.5,2.53,12.458999999999971
0,1,0,0,34,0,-1,0,-2,-94,-91,0,1,0,-2,-96,209,0,0,5.06,0.5,2.53,12.511999999999972
0,1,0,-2,31,0,-1,0,-2,-73,-109,0,1,0,-2,-92,205,0,0,5.06,0.5,2.53,12.564999999999973
0,1,0,-3,28,0,-1,0,-2,-98,-118,0,0,0,-2,-96,211,0,0,5.06,0.5,2.53,12.617999999999974
0,1,0,-4,27,0,-1,1,-2,-108,-119,0,0,0,-2,-104,214,0,0,5.06,0.5,2.53,12.670999999999975
0,1,0,-1,23,0,0,1,-2,-139,-127,0,0,0,-1,-112,211,0,0,5.06,0.5,2.53,12.723999999999975
0,2,0,4,21,0,0,1,-2,-152,-167,0,0,1,-1,-115,231,0,0,5.06,0.5,2.53,12.776999999999976
0,4,0,14,26,0,1,0,-1,-104,-205,0,-2,1,-1,-100,226,0,0,5.06,0.5,2.53,12.829999999999977
0,4,0,15,30,0,2,0,0,-101,-194,0,-3,1,0,-92,211,0,0,5.06,0.5,2.53,12.882999999999978
0,5,0,12,31,0,5,0,0,-136,-102,0,-5,2,0,-63,132,0,0,5.06,0.5,2.53,12.935999999999979
-1,5,0,0,17,0,5,-1,1,-120,18,0,-5,1,1,-7,29,0,0,5.06,0.5,2.53,12.98899999999998
-1,5,0,-33,-21,0,5,0,2,-122,58,0,-5,2,2,39,-9,0,0,5.06,0.5,2.53,13.04199999999998
0,4,-1,-30,-31,0,5,-1,3,-113,51,0,-5,2,2,45,-1,0,0,5.06,0.5,2.53,13.094999999999981
0,3,0,-27,-44,0,5,-1,4,-39,-41,0,-5,3,3,135,-42,0,0,5.06,0.5,2.53,13.147999999999982
0,3,0,-18,-34,0,5,-1,4,36,-85,0,-5,4,2,153,-62,0,0,5.06,0.5,2.53,13.200999999999983
0,3,0,-10,-28,0,5,0,3,83,-87,0,-5,3,2,176,-35,0,0,5.06,0.5,2.53,13.253999999999984
0,2,0,3,-18,0,5,0,3,108,-93,0,-5,2,0,183,-46,0,0,5.06,0.5,2.53,13.306999999999984
0,2,0,9,-16,0,5,0,2,112,-91,0,-4,2,0,161,-58,0,0,5.06,0.5,2.53,13.359999999999985
0,2,0,20,-17,0,5,0,1,127,-68,0,-3,2,0,145,-70,0,0,5.05,0.48,2.43,13.410999999999985
0,2,0,21,-21,0,5,0,0,135,-27,0,-2,1,0,125,-45,0,0,5.05,0.48,2.43,13.461999999999986
0,2,0,12,-30,0,4,0,0,129,42,0,-2,2,0,2,225,0,0,5.05,0.48,2.43,13.512999999999986
0,2,0,7,-32,0,3,0,0,129,63,0,-2,1,0,80,159,0,0,5.05,0.48,2.43,13.563999999999986
0,2,0,2,-30,0,2,0,-1,132,117,0,0,0,-1,-23,-244,0,0,5.05,0.48,2.43,13.614999999999986
0,1,0,0,-31,0,1,0,-2,122,153,0,0,1,-2,-41,-250,0,0,5.05,0.48,2.43,13.665999999999986
0,1,0,0,-26,0,0,1,-2,96,172,0,1,0,-2,-32,-250,0,0,5.05,0.48,2.43,13.716999999999986
0,1,0,-4,-26,0,0,1,-2,64,174,0,1,0,-2,-27,-250,0,0,5.05,0.48,2.43,13.767999999999986
0,1,0,-6,-26,0,0,1,-2,54,171,0,1,0,-2,-26,-250,0,0,5.05,0.48,2.43,13.818999999999987
0,1,0,-10,-25,0,0,1,-3,26,165,0,1,0,-2,-30,-250,0,0,5.05,0.48,2.43,13.869999999999987
0,1,0,-11,-24,0,-1,1,-3,13,158,0,1,0,-2,-69,-250,0,0,5.05,0.48,2.43,13.920999999999987
0,1,0,-8,-21,0,-1,1,-3,-2,149,0,2,0,-2,-101,-184,0,0,5.05,0.48,2.43,13.971999999999987
0,2,0,-8,-21,0,-1,1,-3,-4,142,0,3,0,-2,-108,-142,0,0,5.05,0.48,2.43,14.022999999999987
0,2,0,-5,-14,0,-1,1,-2,-15,117,0,3,0,-2,-96,-76,0,0,5.05,0.48,2.43,14.073999999999987
0,2,0,-5,-4,0,-2,1,-2,-17,79,0,2,0,-2,-65,-30,0,0,5.05,0.48,2.43,14.124999999999988
0,2,0,-5,5,0,-1,1,-2,-20,36,0,2,0,-2,-54,9,0,0,5.05,0.48,2.43,14.175999999999988
0,2,0,-5,9,0,-1,1,-2,-22,22,0,2,0,-2,-52,35,0,0,5.05,0.48,2.43,14.226999999999988
0,2,0,-4,16,0,-1,1,-2,-26,-10,0,1,0,-1,-43,65,0,0,5.05,0.48,2.43,14.277999999999988
0,1,0,-2,20,0,-1,1,-2,-40,-32,0,1,0,-1,-51,96,0,0,5.05,0.48,2.43,14.328999999999988
0,1,0,-1,19,0,-1,0,-2,-54,-47,0,1,0,-1,-53,132,0,0,5.05,0.48,2.43,14.379999999999988
0,1,0,-1,19,0,-1,0,-2,-62,-53,0,1,0,-1,-55,153,0,0,5.05,0.48,2.43,14.430999999999989
0,1,0,-3,20,0,-1,0,-2,-81,-67,0,1,1,-1,-74,179,0,0,5.05,0.48,2.45,14.482999999999988
0,1,0,-7,23,0,-1,0,-2,-87,-80,0,1,0,-2,-74,170,0,0,5.05,0.48,2.45,14.534999999999988
0,1,0,-9,22,0,-1,0,-2,-90,-86,0,0,0,-2,-74,187,0,0,5.05,0.48,2.45,14.586999999999987
0,1,0,-9,22,0,-1,0,-2,-99,-91,0,0,0,-2,-75,187,0,0,5.05,0.48,2.45,14.638999999999987
0,1,0,-9,20,0,-1,0,-2,-116,-110,0,0,0,-2,-85,185,0,0,5.05,0.48,2.45,14.690999999999987
0,2,0,-8,19,0,-1,1,-2,-124,-149,0,0,1,-2,-90,209,0,0,5.05,0.48,2.45,14.742999999999986
0,2,0,-5,22,0,0,1,-2,-122,-205,0,0,1,-2,-89,248,0,0,5.05,0.48,2.45,14.794999999999986
0,3,0,1,35,0,0,1,-2,-109,-250,0,-1,1,-1,-90,250,0,0,5.05,0.48,2.45,14.846999999999985
0,4,0,2,42,0,1,1,-2,-87,-250,0,-2,1,-1,-88,248,0,0,5.05,0.48,2.45,14.898999999999985
0,5,0,-2,37,0,5,1,1,-131,18,0,-5,2,1,-55,57,0,0,5.05,0.48,2.45,14.950999999999985
-1,5,0,-23,10,0,5,0,2,-126,80,0,-5,2,1,16,-7,0,0,5.05,0.48,2.45,15.002999999999984
0,5,0,-42,-23,0,5,0,3,-67,29,0,-5,3,2,62,-31,0,0,5.05,0.48,2.45,15.054999999999984
0,4,0,-37,-26,0,5,-1,4,-6,-50,0,-5,3,2,141,-43,0,0,5.05,0.48,2.45,15.106999999999983
0,3,0,-25,-23,0,5,-1,4,58,-83,0,-5,4,2,191,-11,0,0,5.05,0.48,2.45,15.158999999999983
0,3,0,-23,-24,0,5,-1,4,75,-82,0,-5,4,1,192,-7,0,0,5.05,0.48,2.45,15.210999999999983
0,2,0,-11,-14,0,5,0,3,121,-83,0,-5,2,1,160,-23,0,0,5.05,0.48,2.45,15.262999999999982
0,2,0,1,-14,0,5,0,2,138,-86,0,-4,2,0,132,-38,0,0,5.05,0.48,2.45,15.314999999999982
0,2,0,11,-13,0,5,0,0,141,-50,0,-3,1,-1,105,-29,0,0,5.05,0.48,2.45,15.366999999999981
0,1,0,-2,-7,0,-1,1,-3,-13,184,0,3,0,-3,-101,-129,0,0,5.04,0.47,2.37,15.417999999999981
0,1,0,0,0,0,-2,1,-3,-16,150,0,3,0,-2,-117,-76,0,0,5.04,0.47,2.37,15.468999999999982
0,2,0,2,10,0,-2,1,-3,-12,92,0,3,0,-2,-113,-36,0,0,5.04,0.47,2.37,15.519999999999982
0,2,0,4,22,0,-2,1,-2,-12,33,0,3,0,-1,-110,20,0,0,5.04,0.47,2.37,15.570999999999982
0,1,0,5,31,0,-2,1,-2,-19,-11,0,2,0,-1,-104,79,0,0,5.04,0.47,2.37,15.621999999999982
0,1,0,5,34,0,-2,1,-2,-24,-21,0,2,0,-1,-89,107,0,0,5.04,0.47,2.37,15.672999999999982
0,1,0,3,42,0,-1,1,-2,-38,-34,0,2,0,-1,-74,159,0,0,5.04,0.47,2.37,15.723999999999982
0,1,0,0,48,0,-1,1,-2,-51,-44,0,2,0,-1,-76,194,0,0,5.04,0.47,2.37,15.774999999999983
0,1,0,-2,51,0,-1,1,-2,-60,-59,0,1,0,-1,-80,212,0,0,5.04,0.47,2.37,15.825999999999983
0,1,0,-3,53,0,-1,1,-2,-62,-68,0,1,0,-1,-79,204,0,0,5.04,0.47,2.37,15.876999999999983
0,1,0,-4,55,0,-1,1,-2,-75,-105,0,1,0,-1,-80,248,0,0,5.04,0.47,2.37,15.927999999999983
0,1,0,-4,54,0,-1,1,-2,-80,-150,0,0,0,-1,-97,250,0,0,5.04,0.47,2.37,15.978999999999983
0,1,0,-3,50,0,-1,0,-3,-44,-191,0,0,0,-2,-97,241,0,0,5.04,0.47,2.37,16.029999999999983
0,1,0,-3,43,0,0,2,-2,-82,-213,0,0,0,-2,-104,250,0,0,5.04,0.47,2.37,16.08099999999998
0,2,0,-2,41,0,0,1,-2,-104,-223,0,0,0,-2,-102,250,0,0,5.04,0.47,2.37,16.13199999999998
0,2,0,0,38,0,0,1,-2,-147,-238,0,-2,0,-1,-101,238,0,0,5.04,0.47,2.37,16.18299999999998
0,3,0,0,41,0,3,1,-1,-156,-196,0,-4,1,0,-99,204,0,0,5.05,0.49,2.51,16.236999999999977
0,4,0,0,45,0,4,1,-1,-156,-165,0,-5,1,0,-88,179,0,0,5.05,0.49,2.51,16.290999999999976
0,5,0,0,39,0,5,0,0,-172,-54,0,-5,2,1,-50,99,0,0,5.05,0.49,2.51,16.344999999999974
0,5,0,-5,17,0,5,1,0,-78,5,0,-5,2,1,-20,33,0,0,5.05,0.49,2.51,16.398999999999972
-1,5,0,-23,-18,0,5,-1,2,-166,66,0,-5,2,2,33,-41,0,0,5.05,0.49,2.51,16.45299999999997
0,4,0,-21,-40,0,5,-1,4,-104,37,0,-5,3,2,97,-99,0,0,5.05,0.49,2.51,16.50699999999997
0,4,0,-17,-41,0,5,-1,4,-82,16,0,-5,3,2,117,-107,0,0,5.05,0.49,2.51,16.560999999999968
0,3,0,-8,-44,0,5,-1,4,-9,-18,0,-5,4,1,127,-89,0,0,5.05,0.49,2.51,16.614999999999966
0,3,0,1,-40,0,5,-1,4,39,-42,0,-5,3,0,161,-71,0,0,5.05,0.49,2.51,16.668999999999965
0,3,0,8,-33,0,5,0,3,82,-60,0,-5,2,0,153,-94,0,0,5.05,0.49,2.51,16.722999999999963
0,3,0,9,-33,0,5,0,2,97,-64,0,-5,2,0,135,-102,0,0,5.05,0.49,2.51,16.776999999999962
0,3,0,10,-34,0,5,0,1,121,-55,0,-3,2,0,83,-106,0,0,5.05,0.49,2.51,16.83099999999996
0,3,0,7,-35,0,5,0,0,136,-11,0,-2,1,-1,46,-28,0,0,5.05,0.49,2.51,16.88499999999996
0,2,0,5,-38,0,4,0,0,126,70,0,-2,1,-2,67,250,0,0,5.05,0.49,2.51,16.992999999999956
0,2,0,4,-37,0,3,0,-1,118,115,0,0,0,-2,-32,-188,0,0,5.05,0.49,2.51,17.046999999999954
0,1,0,0,-37,0,2,0,-1,122,144,0,0,1,-2,-56,-250,0,0,5.05,0.49,2.51,17.100999999999953
0,1,0,0,-31,0,1,0,-2,114,152,0,1,0,-2,-58,-250,0,0,5.05,0.49,2.51,17.15499999999995
0,1,0,-1,-30,0,1,0,-2,103,155,0,1,0,-2,-61,-250,0,0,5.05,0.49,2.51,17.20899999999995
0,1,0,-2,-22,0,0,0,-2,74,164,0,2,0,-2,-33,-250,0,0,5.05,0.49,2.51,17.26299999999995
0,1,0,-4,-19,0,0,1,-2,46,177,0,2,0,-2,-26,-250,0,0,5.05,0.49,2.51,17.316999999999947
0,1,0,-5,-14,0,0,1,-3,19,189,0,2,0,-2,-69,-241,0,0,5.04,0.46,2.32,17.366999999999948
0,1,0,-5,-12,0,-1,1,-3,17,191,0,2,0,-2,-71,-221,0,0,5.04,0.46,2.32,17.41699999999995
0,1,0,-6,-10,0,-1,1,-3,0,167,0,3,0,-2,-78,-162,0,0,5.04,0.46,2.32,17.46699999999995
0,1,0,-6,-7,0,-2,1,-3,-14,117,0,3,0,-2,-77,-84,0,0,5.04,0.46,2.32,17.51699999999995
0,1,0,-3,-1,0,-2,1,-3,-23,58,0,3,0,-2,-67,-29,0,0,5.04,0.46,2.32,17.56699999999995
0,1,0,-2,1,0,-2,1,-3,-26,38,0,3,0,-2,-61,-3,0,0,5.04,0.46,2.32,17.61699999999995
0,1,0,0,8,0,-2,1,-2,-40,-5,0,3,0,-1,-59,61,0,0,5.04,0.46,2.32,17.666999999999952
0,1,0,0,15,0,-2,1,-2,-51,-39,0,2,0,-1,-47,110,0,0,5.04,0.46,2.32,17.716999999999953
0,1,0,0,18,0,-2,1,-2,-69,-57,0,2,0,-1,-42,134,0,0,5.04,0.46,2.32,17.766999999999953
0,1,0,0,19,0,-1,0,-2,-72,-61,0,2,0,-1,-41,153,0,0,5.04,0.46,2.32,17.816999999999954
0,1,0,-1,19,0,-1,0,-1,-84,-67,0,2,0,-1,-52,199,0,0,5.04,0.46,2.32,17.866999999999955
0,1,0,-1,16,0,-1,0,-1,-92,-84,0,1,0,-1,-62,221,0,0,5.04,0.46,2.32,17.916999999999955
0,1,0,-1,11,0,-1,1,-2,-100,-129,0,1,0,-1,-66,230,0,0,5.04,0.46,2.32,17.966999999999956
0,1,0,-1,8,0,-1,0,-2,-101,-149,0,0,0,-1,-55,228,0,0,5.04,0.46,2.32,18.016999999999957
0,1,0,0,5,0,-1,0,-2,-92,-198,0,0,0,-1,-44,240,0,0,5.04,0.46,2.32,18.066999999999958
0,2,0,2,7,0,0,1,-2,-107,-217,0,0,0,-2,-34,230,0,0,5.04,0.46,2.32,18.11699999999996
0,2,0,4,11,0,0,1,-1,-124,-237,0,-1,1,-1,-28,221,0,0,5.04,0.46,2.32,18.16699999999996
0,2,0,4,12,0,1,1,-1,-131,-238,0,-2,1,-1,-29,214,0,0,5.04,0.46,2.32,18.21699999999996
0,3,0,8,23,0,3,1,0,-122,-204,0,-4,2,0,-45,187,0,0,5.04,0.46,2.32,18.26699999999996
0,4,0,13,35,0,5,1,0,-104,-130,0,-5,2,0,-43,143,0,0,5.04,0.46,2.32,18.31699999999996
0,4,0,15,35,0,5,0,2,-89,-58,0,-5,2,1,-5,66,0,0,5.04,0.46,2.32,18.366999999999962
0,4,0,15,32,0,5,0,2,-73,-42,0,-5,2,1,10,46,0,0,5.05,0.48,2.43,18.41899999999996
0,5,0,-3,12,0,5,0,3,11,-56,0,-5,3,2,38,-16,0,0,5.05,0.48,2.43,18.47099999999996
-1,5,0,-20,-6,0,5,-1,3,0,-8,0,-5,4,2,94,-69,0,0,5.05,0.48,2.43,18.52299999999996
-1,4,0,-25,-22,0,5,0,3,42,-55,0,-5,3,2,119,-94,0,0,5.05,0.48,2.43,18.57499999999996
-1,4,0,-24,-24,0,5,0,3,66,-69,0,-5,4,1,129,-85,0,0,5.05,0.48,2.43,18.62699999999996
0,3,0,-21,-29,0,5,0,2,100,-82,0,-5,4,0,152,-69,0,0,5.05,0.48,2.43,18.67899999999996
0,3,0,-12,-32,0,5,0,1,114,-69,0,-5,3,0,167,-51,0,0,5.05,0.48,2.43,18.73099999999996
0,2,0,0,-25,0,5,0,0,110,-29,0,-4,2,0,111,-47,0,0,5.05,0.48,2.43,18.78299999999996
0,2,0,2,-23,0,5,0,0,107,-6,0,-4,2,0,109,-89,0,0,5.05,0.48,2.43,18.834999999999958
0,2,0,8,-17,0,5,0,0,107,46,0,-2,0,-2,95,2,0,0,5.05,0.48,2.43,18.886999999999958
0,2,0,2,-19,0,4,0,-1,106,89,0,-3,2,-2,117,250,0,0,5.05,0.48,2.43,18.938999999999957
0,2,0,-6,-25,0,2,1,-1,104,109,0,0,0,-1,-2,-150,0,0,5.05,0.48,2.43,18.990999999999957
0,2,0,-8,-25,0,2,1,-1,103,115,0,0,1,-2,-16,-193,0,0,5.05,0.48,2.43,19.042999999999957
0,2,0,-7,-19,0,1,1,-2,94,125,0,0,0,-2,-37,-224,0,0,5.05,0.48,2.43,19.094999999999956
0,1,0,-8,-17,0,0,1,-2,70,136,0,0,0,-1,-38,-249,0,0,5.05,0.48,2.43,19.146999999999956
0,1,0,-9,-10,0,0,1,-2,50,152,0,1,0,-2,-38,-249,0,0,5.05,0.48,2.43,19.198999999999955
0,1,0,-12,-4,0,0,1,-2,31,162,0,2,0,-2,-40,-243,0,0,5.05,0.48,2.43,19.250999999999955
0,1,0,-13,-5,0,0,1,-2,22,170,0,2,0,-2,-42,-250,0,0,5.05,0.48,2.43,19.302999999999955
0,1,0,-14,-7,0,-1,1,-3,-2,170,0,2,0,-2,-74,-203,0,0,5.05,0.48,2.43,19.354999999999954
0,1,0,-13,-13,0,-2,1,-3,-13,140,0,2,0,-2,-86,-161,0,0,5.05,0.48,2.43,19.406999999999954
0,1,0,-13,-15,0,-3,1,-3,-25,94,0,4,0,-2,-106,-79,0,0,5.05,0.48,2.43,19.458999999999953
0,1,0,-12,-14,0,-3,1,-3,-30,75,0,4,0,-2,-101,-60,0,0,5.05,0.49,2.51,19.513999999999953
0,2,0,-11,-7,0,-3,1,-3,-40,32,0,4,0,-2,-86,-14,0,0,5.05,0.49,2.51,19.568999999999953
0,2,0,-8,1,0,-3,1,-2,-46,-1,0,3,0,-2,-83,49,0,0,5.05,0.49,2.51,19.623999999999953
0,2,0,-8,8,0,-3,1,-2,-54,-29,0,3,0,-2,-81,106,0,0,5.05,0.49,2.51,19.678999999999952
0,1,0,-7,13,0,-3,1,-2,-62,-60,0,3,0,-2,-61,157,0,0,5.05,0.49,2.51,19.733999999999952
0,1,0,-7,15,0,-3,1,-2,-66,-72,0,3,0,-2,-64,197,0,0,5.05,0.49,2.51,19.78899999999995
0,1,0,-8,18,0,-2,0,-2,-76,-99,0,2,0,-2,-58,234,0,0,5.05,0.49,2.51,19.84399999999995
0,1,0,-10,18,0,-2,0,-2,-91,-125,0,2,0,-2,-66,250,0,0,5.05,0.49,2.51,19.89899999999995
0,1,0,-10,17,0,-2,0,-3,-110,-146,0,1,0,-2,-68,250,0,0,5.05,0.49,2.51,19.95399999999995
0,1,0,-10,17,0,-2,0,-3,-127,-159,0,1,0,-2,-68,250,0,0,5.05,0.49,2.51,20.00899999999995
0,1,0,-9,13,0,-1,0,-3,-105,-181,0,0,0,-3,-66,250,0,0,5.05,0.49,2.51,20.06399999999995
0,1,0,-8,12,0,-1,0,-3,-133,-209,0,0,0,-3,-94,250,0,0,5.05,0.49,2.51,20.11899999999995
0,1,0,-6,15,0,0,0,-3,-176,-250,0,-2,0,-2,-101,250,0,0,5.05,0.49,2.51,20.17399999999995
0,2,0,2,19,0,0,0,-3,-173,-250,0,-4,0,-1,-104,250,0,0,5.05,0.49,2.51,20.22899999999995
0,3,-1,8,30,0,4,-1,0,-139,-217,0,-5,0,0,-95,193,0,0,5.05,0.49,2.51,20.28399999999995
0,4,0,28,45,0,5,0,1,-139,-69,0,-5,1,0,-49,119,0,0,5.05,0.49,2.51,20.33899999999995
0,5,0,33,42,0,5,-2,1,-120,12,0,-5,1,0,16,40,0,0,5.05,0.49,2.51,20.39399999999995
0,5,0,24,37,0,5,-1,2,-90,26,0,-5,2,1,31,43,0,0,5.05,0.49,2.51,20.44899999999995
0,5,0,8,36,0,5,-2,3,-82,11,0,-5,3,2,13,-12,0,0,5.05,0.49,2.51,20.503999999999948
-1,5,0,-29,-19,0,5,-2,4,4,-82,0,-5,3,3,66,-76,0,0,5.05,0.49,2.51,20.558999999999948
-1,5,0,-32,-38,0,5,-1,4,51,-124,0,-5,3,2,80,-157,0,0,5.05,0.49,2.51,20.613999999999947
0,4,0,-28,-34,0,5,0,3,61,-127,0,-5,3,1,87,-151,0,0,5.05,0.49,2.52,20.668999999999947
0,3,0,-18,-38,0,5,0,2,83,-102,0,-5,2,0,159,-133,0,0,5.05,0.49,2.52,20.723999999999947
0,3,0,-4,-30,0,5,0,1,109,-37,0,-4,2,0,211,-118,0,0,5.05,0.49,2.52,20.778999999999947
0,2,0,11,-24,0,5,0,0,150,43,0,-3,1,-1,172,-103,0,0,5.05,0.49,2.52,20.833999999999946
0,3,0,18,-15,0,5,0,0,157,56,0,-2,1,-2,155,-110,0,0,5.05,0.49,2.52,20.888999999999946
0,2,0,18,-3,0,4,0,-1,150,125,0,0,1,-4,-46,200,0,0,5.05,0.49,2.52,20.943999999999946
0,2,0,6,-11,0,2,0,-2,128,151,0,-1,0,-5,57,232,0,0,5.05,0.49,2.52,20.998999999999945
0,2,0,-6,-20,0,1,1,-2,111,142,0,0,0,-3,-15,-230,0,0,5.05,0.49,2.52,21.053999999999945
0,2,0,-6,-16,0,0,1,-2,92,144,0,1,0,-3,-47,-238,0,0,5.05,0.49,2.52,21.108999999999945
0,1,0,-3,-10,0,0,1,-3,57,176,0,2,0,-2,-57,-250,0,0,5.05,0.49,2.52,21.218999999999944
0,1,0,-5,-5,0,0,1,-3,35,204,0,3,0,-2,-60,-205,0,0,5.05,0.49,2.52,21.273999999999944
0,1,0,-7,-6,0,-2,1,-3,5,215,0,4,0,-2,-72,-202,0,0,5.05,0.49,2.52,21.328999999999944
0,1,0,-8,-8,0,-2,1,-3,0,209,0,3,0,-2,-76,-186,0,0,5.05,0.49,2.52,21.383999999999943
0,1,0,-8,-14,0,-3,1,-3,-11,155,0,4,0,-2,-100,-145,0,0,5.05,0.49,2.52,21.438999999999943
0,1,0,-7,-18,0,-4,1,-3,-28,94,0,4,0,-2,-126,-63,0,0,5.05,0.49,2.52,21.493999999999943
0,1,0,-9,-17,0,-4,1,-3,-43,36,0,5,0,-2,-134,10,0,0,5.05,0.49,2.52,21.548999999999943
0,1,0,-8,-15,0,-4,1,-3,-46,17,0,4,0,-2,-129,20,0,0,5.05,0.49,2.52,21.603999999999942
0,1,0,-7,-4,0,-4,1,-2,-60,-18,0,4,0,-2,-107,82,0,0,5.05,0.49,2.52,21.658999999999942
0,2,0,-7,7,0,-3,1,-2,-72,-42,0,3,0,-2,-87,143,0,0,5.05,0.49,2.52,21.713999999999942
0,2,0,-5,22,0,-3,1,-2,-78,-66,0,3,0,-2,-69,213,0,0,5.05,0.49,2.52,21.76899999999994
0,2,0,-4,26,0,-3,0,-2,-79,-74,0,2,0,-2,-59,223,0,0,5.06,0.51,2.6,21.82599999999994
0,1,0,-4,36,0,-2,0,-2,-82,-104,0,2,0,-2,-57,250,0,0,5.06,0.51,2.6,21.88299999999994
0,1,0,-6,39,0,-2,0,-2,-89,-143,0,1,0,-2,-51,250,0,0,5.06,0.51,2.6,21.939999999999937
0,1,0,-6,38,0,-1,0,-3,-106,-177,0,0,0,-2,-49,250,0,0,5.06,0.51,2.6,21.996999999999936
0,1,0,-8,42,0,-1,0,-3,-118,-188,0,0,0,-1,-116,250,0,0,5.06,0.51,2.6,22.053999999999935
0,1,0,-8,39,0,0,0,-3,-64,-210,0,0,0,-2,-84,250,0,0,5.06,0.51,2.6,22.110999999999933
0,1,0,-7,43,0,0,0,-2,-70,-205,0,-2,0,-2,-79,250,0,0,5.06,0.51,2.6,22.16799999999993
0,2,0,-6,44,0,2,0,-1,-155,-179,0,-4,0,-1,-84,240,0,0,5.06,0.51,2.6,22.22499999999993
0,2,0,-2,47,0,4,0,0,-176,-149,0,-5,0,-1,-84,224,0,0,5.06,0.51,2.6,22.28199999999993
0,4,-1,6,46,0,5,0,0,-153,-37,0,-5,1,0,-75,160,0,0,5.06,0.51,2.6,22.338999999999928
-1,5,-1,21,36,0,5,0,2,-106,20,0,-5,1,0,-17,50,0,0,5.06,0.51,2.6,22.395999999999926
-1,5,0,3,25,0,5,0,2,-61,-55,0,-5,2,1,38,-60,0,0,5.06,0.51,2.6,22.452999999999925
-2,5,0,-4,14,0,5,-1,3,-72,-38,0,-5,2,1,38,-80,0,0,5.06,0.51,2.6,22.509999999999923
-1,5,0,-37,-33,0,5,-1,4,-7,-87,0,-5,2,1,101,-91,0,0,5.06,0.51,2.6,22.566999999999922
-1,4,0,-47,-49,0,5,-1,4,42,-102,0,-5,3,2,115,-115,0,0,5.06,0.51,2.6,22.62399999999992
0,3,0,-38,-37,0,5,0,2,93,-64,0,-5,3,1,125,-134,0,0,5.06,0.51,2.6,22.68099999999992
0,3,0,-17,-30,0,5,0,1,115,-15,0,-5,2,0,158,-138,0,0,5.06,0.51,2.6,22.737999999999918
0,3,0,-6,-24,0,5,0,1,121,4,0,-5,2,0,168,-149,0,0,5.06,0.51,2.6,22.794999999999916
0,3,0,14,-12,0,5,0,0,133,56,0,-3,2,-1,179,-149,0,0,5.06,0.51,2.6,22.851999999999915
0,2,0,26,-4,0,4,1,-1,139,88,0,-2,1,-2,108,-107,0,0,5.06,0.51,2.6,22.908999999999914
0,2,0,22,-6,0,3,1,-2,134,110,0,-1,2,-4,35,90,0,0,5.06,0.51,2.6,22.965999999999912
0,2,0,5,-11,0,2,1,-2,120,138,0,-1,1,-5,9,36,0,0,5.05,0.49,2.51,23.020999999999912
0,3,0,2,-17,0,2,1,-2,110,153,0,1,0,-2,-26,-204,0,0,5.05,0.49,2.51,23.07599999999991
0,2,0,-10,-9,0,1,1,-2,89,179,0,0,1,-3,-25,-250,0,0,5.05,0.49,2.51,23.13099999999991
0,2,0,-14,-8,0,0,1,-3,64,203,0,1,0,-2,-22,-250,0,0,5.05,0.49,2.51,23.18599999999991
0,1,0,-10,2,0,0,1,-3,43,215,0,2,0,-3,-19,-250,0,0,5.05,0.49,2.51,23.24099999999991
0,1,0,-10,8,0,0,1,-3,37,217,0,3,0,-3,-21,-250,0,0,5.05,0.49,2.51,23.29599999999991
0,1,0,-12,11,0,-1,1,-3,6,223,0,3,1,-3,-49,-210,0,0,5.05,0.49,2.51,23.35099999999991
0,1,0,-10,11,0,-2,1,-3,-11,203,0,3,0,-3,-74,-193,0,0,5.05,0.49,2.51,23.40599999999991
0,1,0,-6,10,0,-3,1,-3,-16,158,0,3,0,-3,-107,-153,0,0,5.05,0.49,2.51,23.46099999999991
0,1,0,-5,8,0,-3,1,-3,-17,135,0,4,0,-3,-127,-129,0,0,5.05,0.49,2.51,23.51599999999991
0,1,0,-2,8,0,-4,1,-3,-28,78,0,4,0,-2,-135,-44,0,0,5.05,0.49,2.51,23.57099999999991
0,1,0,0,12,0,-3,1,-2,-39,24,0,4,0,-2,-113,21,0,0,5.05,0.49,2.51,23.62599999999991
0,1,0,0,21,0,-3,1,-2,-45,-15,0,3,0,-2,-105,89,0,0,5.05,0.49,2.51,23.68099999999991
0,1,0,-1,23,0,-3,1,-2,-49,-27,0,3,0,-2,-106,111,0,0,5.05,0.49,2.51,23.73599999999991
0,1,0,-2,29,0,-2,0,-2,-56,-46,0,2,0,-1,-105,165,0,0,5.05,0.49,2.51,23.790999999999908
0,1,0,-2,32,0,-2,0,-2,-59,-60,0,2,0,-2,-102,213,0,0,5.05,0.49,2.51,23.845999999999908
0,1,0,-1,33,0,-2,0,-2,-61,-76,0,1,0,-1,-88,250,0,0,5.05,0.49,2.51,23.900999999999907
0,1,0,0,33,0,-2,1,-2,-62,-87,0,2,0,-1,-94,250,0,0,5.05,0.49,2.51,23.955999999999907
0,3,0,-50,-61,0,5,0,3,17,-58,0,-5,3,2,133,-63,0,0,5.06,0.54,2.74,24.016999999999907
0,3,0,-33,-44,0,5,0,3,57,-25,0,-5,3,1,160,-39,0,0,5.06,0.54,2.74,24.077999999999907
0,3,0,-18,-31,0,5,0,2,81,-5,0,-5,3,0,170,-53,0,0,5.06,0.54,2.74,24.138999999999907
0,2,0,4,-13,0,5,0,1,99,11,0,-4,2,0,133,-88,0,0,5.06,0.54,2.74,24.199999999999907
0,2,0,11,-9,0,5,0,0,105,19,0,-3,2,0,131,-96,0,0,5.06,0.54,2.74,24.260999999999907
0,2,0,26,-9,0,5,0,0,118,47,0,-2,1,-1,110,-75,0,0,5.06,0.54,2.74,24.321999999999907
0,2,0,27,-14,0,4,0,0,114,77,0,-2,1,-2,100,-51,0,0,5.06,0.54,2.74,24.382999999999907
0,2,0,8,-19,0,2,1,-1,105,105,0,-2,2,-3,58,137,0,0,5.06,0.54,2.74,24.443999999999907
0,2,0,0,-26,0,2,1,-1,104,111,0,0,0,-3,-14,-110,0,0,5.06,0.54,2.74,24.504999999999907
0,2,0,-6,-25,0,1,1,-2,99,124,0,0,1,-3,-14,-250,0,0,5.06,0.54,2.74,24.565999999999907
0,2,0,-7,-14,0,0,1,-2,89,143,0,0,1,-2,-15,-250,0,0,5.06,0.54,2.74,24.626999999999907
0,1,0,-6,-8,0,0,1,-2,69,152,0,1,1,-2,-23,-250,0,0,5.06,0.54,2.74,24.687999999999906
0,1,0,-6,-7,0,0,1,-2,59,156,0,1,1,-2,-31,-239,0,0,5.06,0.54,2.74,24.748999999999906
0,1,0,-10,-1,0,0,1,-2,38,166,0,2,1,-2,-43,-231,0,0,5.06,0.54,2.74,24.809999999999906
0,1,0,-9,0,0,-1,1,-2,14,188,0,3,0,-2,-52,-207,0,0,5.06,0.54,2.74,24.870999999999906
0,1,0,-8,-2,0,-2,1,-3,-6,186,0,3,0,-3,-77,-135,0,0,5.06,0.54,2.74,24.931999999999906
0,1,0,-6,-2,0,-2,1,-3,-16,176,0,3,0,-2,-93,-104,0,0,5.05,0.47,2.38,24.984999999999907
0,1,0,-2,-2,0,-3,1,-3,-24,121,0,3,0,-2,-133,-42,0,0,5.05,0.47,2.38,25.037999999999908
0,1,0,2,2,0,-3,1,-3,-31,49,0,3,0,-2,-110,-6,0,0,5.05,0.47,2.38,25.09099999999991
0,1,0,5,9,0,-3,1,-3,-38,-14,0,3,0,-2,-101,39,0,0,5.05,0.47,2.38,25.14399999999991
0,1,0,5,11,0,-2,1,-3,-41,-32,0,3,0,-1,-102,60,0,0,5.05,0.47,2.38,25.19699999999991
0,1,0,7,15,0,-2,1,-2,-50,-60,0,2,0,-1,-101,122,0,0,5.05,0.47,2.38,25.24999999999991
0,1,0,9,16,0,-1,0,-2,-66,-71,0,1,0,-1,-98,168,0,0,5.05,0.47,2.38,25.302999999999912
0,1,0,9,14,0,-1,0,-1,-80,-78,0,1,0,-1,-89,192,0,0,5.05,0.47,2.38,25.355999999999913
0,1,0,9,14,0,-1,0,-1,-83,-83,0,1,0,-1,-75,220,0,0,5.05,0.47,2.38,25.408999999999914
0,1,0,7,11,0,-1,0,-1,-91,-111,0,0,0,-1,-78,232,0,0,5.05,0.47,2.38,25.461999999999914
0,1,0,5,6,0,-1,0,-2,-86,-149,0,0,0,-1,-77,242,0,0,5.05,0.47,2.38,25.514999999999915
0,1,0,5,1,0,0,0,-2,-48,-197,0,0,0,-1,-67,250,0,0,5.05,0.47,2.38,25.567999999999916
0,1,0,5,1,0,0,1,-1,-60,-198,0,0,0,-1,-62,250,0,0,5.05,0.47,2.38,25.620999999999917
0,2,0,8,-1,0,0,1,-2,-85,-213,0,0,0,-2,-45,247,0,0,5.05,0.47,2.38,25.673999999999918
0,2,0,12,1,0,0,1,-1,-104,-233,0,-2,1,-1,-48,212,0,0,5.05,0.47,2.38,25.72699999999992
0,3,0,12,14,0,2,1,-1,-101,-230,0,-4,1,0,-60,178,0,0,5.05,0.47,2.38,25.77999999999992
0,4,0,15,23,0,4,1,0,-97,-183,0,-5,2,0,-58,146,0,0,5.05,0.47,2.38,25.83299999999992
0,4,0,17,24,0,5,1,0,-102,-151,0,-5,2,0,-55,132,0,0,5.05,0.47,2.38,25.88599999999992
0,4,0,12,26,0,5,1,0,-105,-64,0,-5,2,0,-15,78,0,0,5.05,0.47,2.38,25.938999999999922
0,5,0,-1,8,0,5,1,0,-18,-50,0,-5,2,1,53,-26,0,0,5.05,0.47,2.38,25.991999999999923
0,5,0,-19,-11,0,5,0,2,-92,21,0,-5,2,1,62,-80,0,0,5.05,0.47,2.38,26.044999999999924
0,5,0,-26,-16,0,5,0,2,-55,13,0,-5,3,2,67,-85,0,0,5.05,0.49,2.49,26.100999999999924
0,4,0,-36,-28,0,5,0,2,-24,0,0,-5,3,1,101,-78,0,0,5.05,0.49,2.49,26.156999999999925
0,3,0,-34,-25,0,5,0,2,27,-3,0,-5,3,0,107,-45,0,0,5.05,0.49,2.49,26.212999999999926
0,3,0,-23,-21,0,5,0,2,62,-5,0,-5,2,0,112,-58,0,0,5.05,0.49,2.49,26.268999999999927
0,3,0,-17,-19,0,5,0,1,74,-5,0,-5,2,0,115,-61,0,0,5.05,0.49,2.49,26.32499999999993
0,2,0,-1,-16,0,5,0,1,93,1,0,-4,2,0,117,-70,0,0,5.05,0.49,2.49,26.38099999999993
0,2,0,11,-10,0,5,0,0,105,31,0,-3,3,0,96,-39,0,0,5.05,0.49,2.49,26.43699999999993
0,2,0,18,-10,0,4,0,0,114,80,0,-2,0,1,123,73,0,0,5.05,0.49,2.49,26.49299999999993
0,2,0,12,-5,0,4,0,0,116,96,0,-2,1,-5,33,23,0,0,5.05,0.49,2.49,26.548999999999932
0,2,0,5,-12,0,2,0,0,107,128,0,0,0,-3,20,-250,0,0,5.05,0.49,2.49,26.604999999999933
0,2,0,-9,-14,0,1,0,-1,106,146,0,0,0,-2,8,-250,0,0,5.05,0.49,2.49,26.660999999999934
0,2,0,-19,-15,0,0,1,-2,101,152,0,0,0,-2,-3,-236,0,0,5.05,0.49,2.49,26.716999999999935
0,2,0,-16,-18,0,0,1,-2,95,155,0,0,0,-2,-8,-228,0,0,5.05,0.49,2.49,26.772999999999936
0,1,0,-20,0,0,0,1,-2,81,162,0,1,0,-2,-20,-228,0,0,5.05,0.49,2.49,26.828999999999937
0,1,0,-16,0,0,0,1,-2,63,170,0,2,0,-2,-26,-245,0,0,5.05,0.49,2.49,26.884999999999938
0,1,0,-15,5,0,0,1,-2,37,180,0,2,0,-2,-48,-225,0,0,5.05,0.49,2.49,26.94099999999994
0,1,0,-15,8,0,-1,1,-2,26,181,0,2,0,-2,-59,-222,0,0,5.05,0.49,2.49,26.99699999999994
0,1,0,-12,4,0,-1,1,-2,5,171,0,3,0,-2,-59,-149,0,0,5.05,0.49,2.49,27.05299999999994
0,1,0,-9,1,0,-2,1,-2,-7,147,0,3,0,-2,-53,-89,0,0,5.05,0.49,2.49,27.10899999999994
0,1,0,-5,-1,0,-2,1,-3,-14,110,0,3,0,-2,-39,-35,0,0,5.05,0.49,2.49,27.164999999999942
0,1,0,-2,-1,0,-2,1,-3,-15,92,0,3,0,-2,-42,-16,0,0,5.05,0.49,2.49,27.220999999999943
0,1,0,1,1,0,-2,1,-2,-17,42,0,3,0,-2,-57,27,0,0,5.04,0.45,2.31,27.272999999999943
0,2,0,2,5,0,-2,1,-2,-19,-2,0,3,0,-2,-65,67,0,0,5.04,0.45,2.31,27.324999999999942
0,1,0,2,9,0,-2,1,-2,-32,-35,0,2,0,-2,-73,116,0,0,5.04,0.45,2.31,27.376999999999942
0,1,0,2,11,0,-2,1,-2,-39,-45,0,2,0,-1,-75,136,0,0,5.04,0.45,2.31,27.42899999999994
0,1,0,3,15,0,-2,1,-2,-59,-66,0,2,0,-1,-80,181,0,0,5.04,0.45,2.31,27.48099999999994
0,1,0,2,17,0,-2,1,-2,-73,-87,0,2,0,-2,-102,226,0,0,5.04,0.45,2.31,27.53299999999994
0,1,0,0,15,0,-2,1,-2,-81,-114,0,1,0,-1,-72,231,0,0,5.04,0.45,2.31,27.58499999999994
0,1,0,-1,13,0,-1,0,-2,-79,-147,0,0,0,-1,-74,242,0,0,5.04,0.45,2.31,27.63699999999994
0,1,0,-2,11,0,-1,0,-2,-79,-155,0,0,0,-1,-75,247,0,0,5.04,0.45,2.31,27.68899999999994
0,1,0,-3,8,0,-1,1,-2,-103,-172,0,0,0,-2,-66,250,0,0,5.04,0.45,2.31,27.74099999999994
0,2,0,-1,3,0,0,1,-2,-129,-200,0,0,0,-2,-52,250,0,0,5.04,0.45,2.31,27.79299999999994
0,2,0,-1,4,0,0,1,-2,-134,-243,0,-1,0,-1,-40,250,0,0,5.04,0.45,2.31,27.84499999999994
0,3,0,1,6,0,0,1,-3,-132,-250,0,-2,0,-1,-35,250,0,0,5.04,0.45,2.31,27.896999999999938
0,3,0,2,15,0,3,1,-1,-142,-250,0,-4,0,-1,-29,204,0,0,5.04,0.45,2.31,27.948999999999938
0,4,0,1,30,0,5,0,0,-151,-138,0,-5,2,0,-19,109,0,0,5.04,0.45,2.31,28.000999999999937
0,4,0,4,24,0,5,0,1,-156,16,0,-5,2,0,-25,21,0,0,5.04,0.45,2.31,28.052999999999937
0,5,0,3,17,0,5,-1,1,-138,54,0,-5,3,0,-20,-3,0,0,5.04,0.45,2.31,28.104999999999936
0,5,0,-4,-7,0,5,0,2,-128,107,0,-5,3,1,22,-78,0,0,5.04,0.45,2.31,28.156999999999936
0,5,0,-22,-29,0,5,-1,3,-52,47,0,-5,4,1,55,-83,0,0,5.04,0.45,2.31,28.208999999999936
0,4,0,-33,-43,0,5,-1,4,4,-40,0,-5,4,1,68,-51,0,0,5.04,0.45,2.31,28.260999999999935
0,4,0,-34,-40,0,5,-1,4,38,-56,0,-5,4,1,70,-51,0,0,5.04,0.45,2.31,28.312999999999935
0,3,0,-29,-38,0,5,0,3,82,-79,0,-5,3,0,92,-60,0,0,5.05,0.49,2.5,28.368999999999936
0,3,0,-13,-34,0,5,0,2,124,-68,0,-5,2,0,106,-76,0,0,5.05,0.49,2.5,28.424999999999937
0,2,0,5,-29,0,5,0,1,141,-39,0,-3,0,-1,107,-68,0,0,5.05,0.49,2.5,28.480999999999938
0,2,0,11,-27,0,5,0,0,144,-22,0,-3,2,0,96,-52,0,0,5.05,0.49,2.5,28.53699999999994
0,2,0,24,-28,0,5,0,0,148,25,0,-1,0,0,117,-23,0,0,5.05,0.49,2.5,28.59299999999994
0,2,0,26,-28,0,3,0,-1,141,59,0,-1,0,0,23,-229,0,0,5.05,0.49,2.5,28.64899999999994
0,2,0,12,-28,0,2,0,-1,121,80,0,-1,0,-2,1,-250,0,0,5.05,0.49,2.5,28.70499999999994
0,2,0,3,-31,0,2,0,-2,114,87,0,0,0,-2,-4,-250,0,0,5.05,0.49,2.5,28.760999999999942
0,2,0,-12,-33,0,1,0,-2,96,108,0,0,0,-2,-20,-235,0,0,5.05,0.49,2.5,28.816999999999943
0,2,0,-8,-33,0,1,0,-2,86,133,0,0,0,-2,-29,-224,0,0,5.05,0.49,2.5,28.872999999999944
0,1,0,-11,-10,0,0,1,-2,69,154,0,1,0,-2,-35,-241,0,0,5.05,0.49,2.5,28.928999999999945
0,1,0,-9,-14,0,0,1,-2,61,158,0,1,0,-2,-41,-246,0,0,5.05,0.49,2.5,28.984999999999946
0,1,0,-8,-10,0,0,1,-2,38,168,0,2,0,-2,-63,-250,0,0,5.05,0.49,2.5,29.040999999999947
0,1,0,-10,-9,0,-1,1,-3,15,178,0,3,0,-2,-80,-194,0,0,5.05,0.49,2.5,29.096999999999948
0,1,0,-12,-11,0,-1,1,-3,3,169,0,3,0,-2,-55,-126,0,0,5.05,0.49,2.5,29.15299999999995
0,1,0,-8,-11,0,-2,1,-3,0,161,0,3,0,-2,-45,-104,0,0,5.05,0.49,2.5,29.20899999999995
0,1,0,-3,-10,0,-2,1,-2,-5,126,0,3,0,-1,-40,-62,0,0,5.05,0.49,2.5,29.26499999999995
0,1,0,2,-6,0,-2,1,-2,-18,86,0,2,0,-1,-45,-32,0,0,5.05,0.49,2.5,29.32099999999995
0,1,0,6,0,0,-2,1,-2,-29,44,0,2,0,-1,-49,-1,0,0,5.05,0.49,2.5,29.376999999999953
0,2,0,7,1,0,-2,1,-2,-32,29,0,2,0,-1,-47,8,0,0,5.05,0.49,2.5,29.432999999999954
0,2,0,9,7,0,-2,1,-2,-37,-1,0,3,0,-1,-52,67,0,0,5.05,0.49,2.5,29.488999999999955
0,1,0,8,14,0,-2,1,-2,-43,-22,0,2,0,-1,-63,105,0,0,5.05,0.49,2.5,29.544999999999956
0,1,0,6,20,0,-2,0,-2,-54,-43,0,2,0,-1,-56,136,0,0,5.05,0.49,2.5,29.600999999999956
0,1,0,5,24,0,-2,0,-2,-67,-64,0,1,0,-1,-64,164,0,0,5.05,0.49,2.5,29.656999999999957
0,1,0,4,23,0,-2,0,-2,-71,-73,0,1,1,-1,-60,161,0,0,5.05,0.49,2.5,29.71299999999996
0,1,0,4,23,0,-2,1,-2,-88,-103,0,2,0,-2,-54,186,0,0,5.05,0.49,2.5,29.76899999999996
0,1,0,5,24,0,-1,0,-2,-91,-129,0,2,0,-2,-57,211,0,0,5.05,0.49,2.5,29.82499999999996
0,1,0,7,25,0,-1,1,-2,-87,-150,0,1,0,-2,-55,234,0,0,5.05,0.49,2.5,29.88099999999996
0,1,0,8,25,0,-1,1,-2,-95,-158,0,1,0,-2,-59,242,0,0,5.05,0.49,2.5,29.936999999999962
0,2,0,10,25,0,-1,1,-2,-113,-183,0,0,0,-2,-63,250,0,0,5.05,0.49,2.5,29.992999999999963
0,4,0,12,27,0,0,1,-2,-121,-215,0,0,1,-2,-63,250,0,0,5.05,0.49,2.5,30.048999999999964
-1,5,0,3,32,0,2,0,-1,-75,-230,0,-3,1,-1,-60,237,0,0,5.05,0.49,2.5,30.104999999999965
-1,5,0,5,29,0,4,0,0,-74,-204,0,-4,1,-1,-58,219,0,0,5.05,0.49,2.5,30.160999999999966
-1,5,0,-31,7,0,5,0,0,-96,-80,0,-5,2,0,-28,129,0,0,5.05,0.49,2.5,30.216999999999967
-1,4,0,-49,-27,0,5,0,0,-57,-24,0,-5,2,0,16,23,0,0,5.05,0.49,2.5,30.272999999999968
0,3,-1,-50,-45,0,5,0,1,-93,23,0,-5,3,1,89,-45,0,0,5.05,0.49,2.5,30.32899999999997
0,3,-1,-46,-47,0,5,0,2,-82,-10,0,-5,3,1,94,-47,0,0,5.05,0.49,2.5,30.38499999999997
0,2,0,-38,-44,0,5,0,3,-37,-41,0,-5,4,2,94,-40,0,0,5.05,0.49,2.5,30.44099999999997
0,2,0,-22,-29,0,5,0,3,8,-35,0,-5,4,2,104,-22,0,0,5.05,0.49,2.5,30.49699999999997
0,2,0,-5,-16,0,5,0,2,43,-19,0,-5,3,1,93,-29,0,0,5.05,0.49,2.5,30.552999999999972
0,2,0,4,-10,0,5,0,2,53,-17,0,-5,3,1,94,-42,0,0,5.05,0.49,2.5,30.608999999999973
0,3,0,19,-4,0,5,0,1,79,-11,0,-4,2,0,96,-67,0,0,5.05,0.49,2.5,30.664999999999974
0,3,0,23,1,0,5,0,0,92,2,0,-2,2,0,90,-78,0,0,5.05,0.46,2.36,30.717999999999975
0,3,0,8,-7,0,4,0,0,91,40,0,-2,2,0,71,-59,0,0,5.05,0.46,2.36,30.770999999999976
0,3,0,3,-13,0,4,0,0,91,59,0,-1,3,-2,3,158,0,0,5.05,0.46,2.36,30.823999999999977
0,2,0,-2,-20,0,2,0,-1,87,97,0,0,0,-3,-10,-90,0,0,5.05,0.46,2.36,30.876999999999978
0,2,0,-1,-22,0,1,1,-1,84,127,0,0,1,-2,-29,-250,0,0,5.05,0.46,2.36,30.92999999999998
0,1,0,-9,-17,0,0,1,-1,72,141,0,0,1,-2,-33,-250,0,0,5.05,0.46,2.36,30.98299999999998
0,1,0,-8,-15,0,0,1,-2,66,143,0,1,1,-2,-35,-231,0,0,5.05,0.46,2.36,31.03599999999998
0,1,0,-10,-8,0,0,1,-2,41,146,0,2,0,-2,-25,-213,0,0,5.05,0.46,2.36,31.08899999999998
0,1,0,-11,-6,0,0,1,-2,16,154,0,2,0,-2,-10,-175,0,0,5.05,0.46,2.36,31.14199999999998
0,1,0,-8,-2,0,-1,1,-3,-5,169,0,3,0,-2,-35,-161,0,0,5.05,0.46,2.36,31.194999999999983
0,1,0,-6,1,0,-2,1,-3,-20,157,0,3,0,-2,-71,-106,0,0,5.05,0.46,2.36,31.247999999999983
0,1,0,-7,2,0,-2,1,-3,-25,146,0,3,0,-2,-89,-103,0,0,5.05,0.46,2.36,31.300999999999984
0,1,0,-5,6,0,-3,1,-3,-37,90,0,4,0,-2,-109,-22,0,0,5.05,0.46,2.36,31.353999999999985
0,1,0,0,12,0,-3,1,-2,-47,29,0,4,0,-2,-88,22,0,0,5.05,0.46,2.36,31.406999999999986
0,1,0,3,16,0,-2,1,-2,-53,-19,0,3,0,-1,-78,66,0,0,5.05,0.46,2.36,31.459999999999987
0,1,0,3,19,0,-2,1,-2,-55,-32,0,3,0,-1,-77,87,0,0,5.05,0.46,2.36,31.512999999999987
0,2,0,5,23,0,-2,0,-2,-63,-50,0,2,0,-1,-67,127,0,0,5.05,0.46,2.36,31.56599999999999
0,1,0,6,25,0,-1,0,-1,-67,-61,0,1,0,-1,-68,161,0,0,5.05,0.46,2.36,31.61899999999999
0,1,0,6,28,0,-1,0,-1,-66,-86,0,1,0,-1,-58,209,0,0,5.05,0.46,2.36,31.67199999999999
0,1,0,4,29,0,-1,0,-1,-64,-101,0,1,0,-1,-59,219,0,0,5.05,0.46,2.36,31.72499999999999
0,1,0,0,32,0,-1,0,-1,-68,-133,0,1,0,0,-79,237,0,0,5.05,0.46,2.36,31.77799999999999
0,1,0,-7,34,0,0,0,-1,-75,-157,0,0,0,-1,-40,210,0,0,5.05,0.48,2.43,31.88799999999999
0,1,0,-7,36,0,0,0,-2,-70,-154,0,0,0,-1,-40,208,0,0,5.05,0.48,2.43,31.94299999999999
0,1,0,-5,39,0,0,0,-1,-69,-138,0,-1,0,-1,-45,210,0,0,5.05,0.48,2.43,31.99799999999999
0,2,0,0,42,0,1,0,-1,-91,-135,0,-2,0,-1,-54,212,0,0,5.05,0.48,2.43,32.05299999999999
0,2,0,3,47,0,3,0,0,-103,-109,0,-3,1,0,-55,180,0,0,5.05,0.48,2.43,32.10799999999999
0,3,0,6,43,0,4,0,0,-107,-84,0,-3,1,0,-47,165,0,0,5.05,0.48,2.43,32.16299999999999
0,4,0,5,42,0,5,0,1,-132,-20,0,-5,2,0,-17,106,0,0,5.05,0.48,2.43,32.21799999999999
0,5,0,1,29,0,5,0,1,-101,43,0,-5,2,0,-2,48,0,0,5.05,0.48,2.43,32.27299999999999
-1,5,0,-14,22,0,5,0,2,-110,36,0,-5,3,0,30,-35,0,0,5.05,0.48,2.43,32.32799999999999
-1,5,0,-30,-1,0,5,0,2,-92,29,0,-5,3,0,45,-64,0,0,5.05,0.48,2.43,32.38299999999999
-1,5,0,-48,-35,0,5,0,3,-32,-10,0,-5,4,0,94,-82,0,0,5.05,0.48,2.43,32.43799999999999
0,4,0,-47,-46,0,5,0,4,24,-49,0,-5,4,1,89,-60,0,0,5.05,0.48,2.43,32.49299999999999
0,3,0,-38,-43,0,5,0,3,65,-65,0,-5,3,0,102,-47,0,0,5.05,0.48,2.43,32.54799999999999
0,3,0,-33,-41,0,5,0,3,83,-64,0,-5,3,0,112,-44,0,0,5.05,0.48,2.43,32.60299999999999
0,1,0,-5,-5,0,-2,1,-2,-7,163,0,2,0,-1,-54,-186,0,0,5.05,0.46,2.34,32.65699999999999
0,1,0,-5,-3,0,-2,1,-2,-18,129,0,2,0,-2,-69,-141,0,0,5.05,0.46,2.34,32.71099999999999
0,1,0,-6,-3,0,-2,1,-2,-25,89,0,3,0,-2,-48,-80,0,0,5.05,0.46,2.34,32.76499999999999
0,1,0,-5,-4,0,-2,1,-2,-30,51,0,3,0,-2,-31,-37,0,0,5.05,0.46,2.34,32.818999999999996
0,2,0,-5,-4,0,-3,1,-2,-28,37,0,3,0,-2,-34,-18,0,0,5.05,0.46,2.34,32.873
0,2,0,-2,-1,0,-3,1,-2,-24,1,0,3,0,-2,-47,29,0,0,5.05,0.46,2.34,32.927
0,1,0,-1,3,0,-2,1,-1,-20,-28,0,3,0,-1,-58,70,0,0,5.05,0.46,2.34,32.981
0,1,0,-1,7,0,-2,1,-1,-23,-49,0,3,0,-1,-68,120,0,0,5.05,0.46,2.34,33.035000000000004
0,1,0,0,8,0,-2,1,-1,-27,-56,0,2,0,-1,-71,128,0,0,5.05,0.46,2.34,33.089000000000006
0,1,0,3,6,0,-2,0,-1,-38,-75,0,2,0,-1,-69,179,0,0,5.05,0.46,2.34,33.14300000000001
0,1,0,6,3,0,-2,0,-1,-45,-100,0,2,0,-1,-58,216,0,0,5.05,0.46,2.34,33.19700000000001
0,1,0,7,0,0,-1,0,-2,-45,-130,0,1,0,-1,-57,235,0,0,5.05,0.46,2.34,33.25100000000001
0,1,0,7,1,0,-1,0,-2,-46,-140,0,1,0,-1,-55,226,0,0,5.05,0.46,2.34,33.305000000000014
0,1,0,6,2,0,0,0,-1,-52,-160,0,0,0,-1,-55,237,0,0,5.05,0.46,2.34,33.359000000000016
0,2,0,8,2,0,0,1,-2,-58,-173,0,0,0,-2,-43,250,0,0,5.05,0.46,2.34,33.41300000000002
0,2,0,11,9,0,0,1,-2,-64,-197,0,0,0,-2,-33,250,0,0,5.05,0.46,2.34,33.46700000000002
0,2,0,10,12,0,0,1,-2,-66,-208,0,-1,0,-2,-32,250,0,0,5.05,0.46,2.34,33.52100000000002
0,3,0,8,25,0,2,1,-1,-77,-204,0,-3,1,-1,-50,250,0,0,5.05,0.46,2.34,33.575000000000024
0,3,0,11,33,0,5,1,0,-87,-142,0,-5,1,0,-62,182,0,0,5.05,0.46,2.34,33.629000000000026
0,5,0,2,39,0,5,1,0,-88,-77,0,-5,2,0,-24,90,0,0,5.05,0.46,2.36,33.68300000000003
0,5,0,6,35,0,5,1,0,-88,-65,0,-5,2,0,-7,73,0,0,5.05,0.46,2.36,33.73700000000003
-1,5,0,-1,28,0,5,2,0,-22,-109,0,-5,3,0,23,56,0,0,5.05,0.46,2.36,33.79100000000003
-1,5,-1,-37,2,0,5,1,1,-87,-55,0,-5,3,0,90,6,0,0,5.05,0.46,2.36,33.845000000000034
-1,5,0,-50,-27,0,5,0,2,-51,-51,0,-5,4,1,137,-35,0,0,5.05,0.46,2.36,33.899000000000036
-1,4,0,-47,-33,0,5,0,2,-44,-40,0,-5,4,0,128,-36,0,0,5.05,0.46,2.36,33.95300000000004
0,3,0,-45,-42,0,5,0,2,-39,-4,0,-5,4,0,80,-30,0,0,5.05,0.46,2.36,34.00700000000004
0,2,0,-18,-37,0,5,0,1,23,47,0,-4,2,0,61,-64,0,0,5.05,0.46,2.36,34.115000000000045
0,2,0,-9,-32,0,5,0,1,37,45,0,-4,2,-1,66,-73,0,0,5.05,0.46,2.36,34.16900000000005
0,2,0,6,-22,0,3,0,0,77,55,0,-2,1,-1,57,38,0,0,5.05,0.46,2.36,34.27700000000005
0,2,0,-3,-25,0,2,0,0,77,83,0,-1,0,0,6,-242,0,0,5.05,0.46,2.36,34.33100000000005
0,2,0,-9,-30,0,2,0,0,75,95,0,0,0,-2,-18,-250,0,0,5.05,0.46,2.36,34.385000000000055
0,2,0,-10,-33,0,1,0,-1,61,122,0,0,0,-2,-38,-250,0,0,5.05,0.46,2.36,34.43900000000006
0,1,0,-8,-37,0,0,0,-1,43,147,0,0,0,-2,-44,-225,0,0,5.05,0.46,2.36,34.49300000000006
0,1,0,-8,-28,0,0,0,-1,28,160,0,1,0,-2,-39,-206,0,0,5.05,0.46,2.36,34.54700000000006
0,1,0,-8,-26,0,0,0,-2,20,163,0,2,0,-2,-36,-201,0,0,5.05,0.46,2.36,34.60100000000006
0,1,0,-10,-19,0,-1,1,-2,4,161,0,2,0,-2,-42,-200,0,0,5.05,0.46,2.36,34.655000000000065
0,0,0,-10,-18,0,-1,1,-2,-6,146,0,2,0,-2,-77,-192,0,0,5.05,0.46,2.36,34.70900000000007
0,1,0,-10,-21,0,-2,1,-2,-12,121,0,3,0,-2,-99,-133,0,0,5.05,0.46,2.36,34.76300000000007
0,1,0,-8,-22,0,-2,1,-2,-16,106,0,3,0,-2,-102,-99,0,0,5.05,0.46,2.34,34.81700000000007
0,1,0,-7,-20,0,-2,1,-2,-24,57,0,4,0,-1,-79,-37,0,0,5.05,0.46,2.34,34.87100000000007
0,1,0,-5,-13,0,-2,1,-2,-24,13,0,4,0,-1,-65,19,0,0,5.05,0.46,2.34,34.925000000000075
0,2,0,-4,-6,0,-2,1,-2,-20,-24,0,2,0,-1,-57,55,0,0,5.05,0.46,2.34,34.97900000000008
0,2,0,-4,-3,0,-2,1,-2,-22,-37,0,2,0,-1,-59,70,0,0,5.05,0.46,2.34,35.03300000000008
0,2,0,-4,2,0,-2,1,-1,-23,-59,0,2,0,-1,-60,114,0,0,5.05,0.46,2.34,35.08700000000008
0,1,0,-3,8,0,-1,1,-1,-29,-78,0,2,0,0,-61,157,0,0,5.05,0.46,2.34,35.14100000000008
0,1,0,-2,11,0,-1,0,-2,-30,-95,0,2,0,-1,-42,185,0,0,5.05,0.46,2.34,35.195000000000086
0,1,0,-1,11,0,-1,0,-2,-33,-102,0,2,0,-1,-35,195,0,0,5.05,0.46,2.34,35.24900000000009
0,1,0,1,11,0,-1,0,-2,-44,-122,0,1,0,-1,-33,213,0,0,5.05,0.46,2.34,35.30300000000009
0,1,0,3,9,0,0,0,-2,-58,-144,0,0,0,-1,-25,209,0,0,5.05,0.46,2.34,35.35700000000009
0,2,0,4,9,0,0,1,-2,-74,-170,0,0,0,-1,-19,212,0,0,5.05,0.46,2.34,35.411000000000094
0,2,0,5,12,0,0,1,-2,-82,-180,0,0,0,-1,-19,219,0,0,5.05,0.46,2.34,35.465000000000096
0,2,0,6,19,0,0,0,-2,-102,-192,0,-1,0,-1,-13,224,0,0,5.05,0.46,2.34,35.5190000000001
0,3,0,9,30,0,3,0,0,-119,-154,0,-3,1,-1,-16,216,0,0,5.05,0.46,2.34,35.5730000000001
0,3,0,7,44,0,5,0,0,-124,-63,0,-5,2,0,-19,178,0,0,5.05,0.46,2.34,35.6270000000001
0,3,0,9,48,0,5,0,1,-125,-31,0,-5,2,0,-18,149,0,0,5.05,0.46,2.34,35.681000000000104
0,4,0,9,46,0,5,0,2,-68,28,0,-5,3,0,-13,58,0,0,5.05,0.46,2.34,35.735000000000106
0,5,0,5,26,0,5,0,3,-62,36,0,-5,3,0,6,-16,0,0,5.05,0.46,2.34,35.78900000000011
-1,5,0,-12,14,0,5,0,4,7,-14,0,-5,4,0,16,-54,0,0,5.05,0.46,2.34,35.84300000000011
-1,5,0,-38,-7,0,5,-1,4,86,-79,0,-5,4,1,27,-57,0,0,5.05,0.46,2.34,35.89700000000011
-1,5,0,-39,-26,0,5,0,3,109,-101,0,-5,4,1,36,-56,0,0,5.05,0.49,2.48,35.954000000000114
-1,4,0,-34,-34,0,5,0,2,141,-138,0,-5,3,1,52,-57,0,0,5.05,0.49,2.48,36.01100000000012
0,3,0,-26,-36,0,5,0,1,155,-115,0,-5,2,0,99,-76,0,0,5.05,0.49,2.48,36.06800000000012
0,2,0,-9,-34,0,5,0,0,150,-38,0,-4,2,0,115,-101,0,0,5.05,0.49,2.48,36.12500000000012
0,2,0,-2,-29,0,5,0,0,145,0,0,-4,2,0,114,-115,0,0,5.05,0.49,2.48,36.18200000000012
0,2,0,14,-22,0,5,0,-1,131,81,0,-3,1,-1,77,-98,0,0,5.05,0.49,2.48,36.239000000000125
0,2,0,22,-14,0,3,0,-2,116,120,0,-2,1,0,56,15,0,0,5.05,0.49,2.48,36.29600000000013
0,2,0,15,-11,0,2,1,-2,104,118,0,-1,0,-2,36,-250,0,0,5.05,0.49,2.48,36.35300000000013
0,2,0,10,-20,0,2,1,-2,98,111,0,0,0,-2,33,-250,0,0,5.05,0.49,2.48,36.41000000000013
0,2,0,-3,-29,0,1,1,-2,86,97,0,0,0,-2,15,-250,0,0,5.05,0.49,2.48,36.467000000000134
0,2,0,-3,-26,0,0,1,-3,64,114,0,0,0,-2,3,-238,0,0,5.05,0.49,2.48,36.524000000000136
0,1,0,-3,-16,0,0,1,-2,36,159,0,1,0,-2,1,-243,0,0,5.05,0.49,2.48,36.58100000000014
0,1,0,-4,-11,0,0,1,-2,26,177,0,2,0,-2,-2,-233,0,0,5.05,0.49,2.48,36.63800000000014
0,1,0,-9,-4,0,-1,1,-2,0,212,0,2,0,-2,-17,-223,0,0,5.05,0.49,2.48,36.69500000000014
0,1,0,-10,2,0,-2,1,-3,-13,194,0,3,0,-2,-51,-192,0,0,5.05,0.49,2.48,36.752000000000145
0,1,0,-10,3,0,-3,1,-2,-24,133,0,3,0,-2,-73,-135,0,0,5.05,0.49,2.48,36.80900000000015
0,1,0,-10,3,0,-3,1,-2,-28,107,0,3,0,-2,-78,-117,0,0,5.05,0.49,2.48,36.86600000000015
0,1,0,-11,2,0,-3,1,-2,-38,51,0,4,0,-2,-79,-61,0,0,5.05,0.49,2.48,36.92300000000015
0,1,0,-11,3,0,-3,1,-2,-43,21,0,4,0,-2,-69,-10,0,0,5.05,0.49,2.48,36.98000000000015
0,1,0,-9,5,0,-3,1,-2,-55,1,0,3,0,-2,-64,42,0,0,5.05,0.49,2.48,37.037000000000155
0,2,0,-9,6,0,-3,1,-2,-56,-5,0,3,0,-1,-66,55,0,0,5.05,0.49,2.48,37.09400000000016
0,2,0,-9,13,0,-2,1,-1,-60,-24,0,2,0,-1,-62,102,0,0,5.04,0.45,2.3,37.147000000000155
0,1,0,-8,19,0,-2,0,-1,-67,-49,0,2,0,-1,-60,153,0,0,5.04,0.45,2.3,37.20000000000015
0,1,0,-7,25,0,-2,0,-1,-67,-75,0,2,0,-1,-82,202,0,0,5.04,0.45,2.3,37.25300000000015
0,1,0,-6,26,0,-1,0,-1,-68,-86,0,2,0,-2,-77,206,0,0,5.04,0.45,2.3,37.30600000000015
0,1,0,-5,29,0,-1,0,-1,-67,-111,0,1,0,-2,-61,232,0,0,5.04,0.45,2.3,37.359000000000144
0,1,0,-2,30,0,-1,0,-2,-46,-134,0,0,0,-2,-63,239,0,0,5.04,0.45,2.3,37.41200000000014
0,1,0,0,30,0,0,0,-2,-49,-141,0,0,0,-2,-56,239,0,0,5.04,0.45,2.3,37.46500000000014
0,1,0,2,30,0,0,0,-2,-57,-145,0,0,0,-2,-55,242,0,0,5.04,0.45,2.3,37.518000000000136
0,1,0,7,29,0,0,0,-2,-88,-174,0,0,0,-2,-49,250,0,0,5.04,0.45,2.3,37.57100000000013
0,2,0,12,31,0,0,0,-2,-96,-212,0,0,0,-2,-44,250,0,0,5.04,0.45,2.3,37.62400000000013
0,2,0,21,38,0,2,0,-2,-98,-223,0,-3,0,-1,-51,250,0,0,5.04,0.45,2.3,37.67700000000013
0,3,0,27,49,0,5,0,-1,-118,-155,0,-5,1,0,-50,186,0,0,5.04,0.45,2.3,37.730000000000125
0,4,0,30,50,0,5,0,0,-116,-114,0,-5,1,0,-40,121,0,0,5.04,0.45,2.3,37.78300000000012
0,5,0,17,54,0,5,0,1,-113,-14,0,-5,2,0,-52,43,0,0,5.04,0.45,2.3,37.83600000000012
0,5,0,-3,41,0,5,0,2,-69,6,0,-5,2,1,-15,-1,0,0,5.04,0.45,2.3,37.88900000000012
0,5,0,-27,26,0,5,0,2,-81,50,0,-5,3,1,2,-5,0,0,5.04,0.45,2.3,37.942000000000114
-1,5,0,-39,-1,0,5,0,3,-29,8,0,-5,4,2,47,-31,0,0,5.04,0.45,2.3,37.99500000000011
0,4,0,-33,-12,0,5,0,3,33,-30,0,-5,4,2,71,-30,0,0,5.04,0.45,2.3,38.04800000000011
0,4,0,-27,-11,0,5,0,2,84,-62,0,-5,4,1,107,-34,0,0,5.04,0.45,2.3,38.101000000000106
0,3,0,-9,-7,0,5,0,1,121,-45,0,-5,3,0,139,-59,0,0,5.04,0.45,2.3,38.1540000000001
0,3,0,-3,-5,0,5,0,0,131,-31,0,-5,3,0,139,-70,0,0,5.04,0.45,2.3,38.2070000000001
0,3,0,9,-1,0,5,0,0,123,38,0,-4,2,-1,117,-85,0,0,5.05,0.48,2.46,38.2640000000001
0,3,0,11,0,0,5,0,-1,119,101,0,-3,2,-1,82,-56,0,0,5.05,0.48,2.46,38.321000000000105
0,3,0,3,-6,0,4,0,-1,108,151,0,-2,1,0,128,-60,0,0,5.05,0.48,2.46,38.37800000000011
0,3,0,0,-11,0,3,0,-1,98,161,0,-2,2,-5,78,36,0,0,5.05,0.48,2.46,38.43500000000011
0,2,0,-2,-17,0,2,0,-2,78,167,0,0,0,-3,13,-250,0,0,5.05,0.48,2.46,38.49200000000011
0,2,0,-3,-19,0,1,0,-2,67,162,0,0,0,-2,-20,-245,0,0,5.05,0.48,2.46,38.54900000000011
0,1,0,-6,-19,0,0,0,-2,57,168,0,0,0,-2,-40,-207,0,0,5.05,0.48,2.46,38.606000000000115
0,1,0,-9,-17,0,0,0,-2,50,175,0,0,0,-2,-43,-206,0,0,5.05,0.48,2.46,38.66300000000012
0,1,0,-12,-14,0,0,0,-2,33,200,0,0,0,-2,-46,-217,0,0,5.05,0.48,2.46,38.72000000000012
0,1,0,-10,-7,0,0,0,-2,16,215,0,1,0,-1,-44,-232,0,0,5.05,0.48,2.46,38.77700000000012
0,1,0,-9,-5,0,-1,0,-2,2,210,0,1,0,-1,-62,-242,0,0,5.05,0.48,2.46,38.834000000000124
0,1,0,-9,-3,0,-1,1,-2,-1,199,0,1,0,-1,-74,-233,0,0,5.05,0.48,2.46,38.891000000000126
0,1,0,-10,-5,0,-2,1,-2,-6,155,0,2,0,-1,-76,-166,0,0,5.05,0.48,2.46,38.94800000000013
0,1,0,-10,-5,0,-2,1,-2,-10,111,0,3,0,-1,-56,-120,0,0,5.05,0.48,2.46,39.00500000000013
0,1,0,-10,-5,0,-2,1,-2,-14,77,0,3,0,-1,-38,-73,0,0,5.05,0.48,2.46,39.06200000000013
0,2,0,-9,-5,0,-2,1,-2,-17,67,0,3,0,-1,-36,-56,0,0,5.05,0.48,2.46,39.119000000000135
0,2,0,-5,-5,0,-2,1,-2,-25,40,0,3,0,-1,-33,-14,0,0,5.05,0.48,2.46,39.17600000000014
0,2,0,-3,-3,0,-2,1,-2,-31,8,0,3,0,-1,-24,28,0,0,5.05,0.48,2.46,39.23300000000014
0,2,0,-1,0,0,-2,1,-2,-34,-28,0,3,0,-1,-22,82,0,0,5.05,0.48,2.46,39.29000000000014
0,1,0,0,0,0,-2,1,-1,-37,-40,0,3,0,-1,-26,93,0,0,5.05,0.48,2.46,39.34700000000014
0,1,0,1,1,0,-2,1,-1,-44,-69,0,3,0,-2,-34,151,0,0,5.05,0.48,2.46,39.404000000000146
0,1,0,4,0,0,-2,1,-1,-52,-99,0,2,0,-2,-41,178,0,0,5.05,0.47,2.4,39.46000000000014
0,1,0,7,0,0,-2,1,-2,-56,-128,0,2,0,-2,-34,199,0,0,5.05,0.47,2.4,39.51600000000014
0,1,0,7,-2,0,-1,1,-2,-55,-151,0,1,0,-2,-43,243,0,0,5.05,0.47,2.4,39.57200000000014
0,1,0,9,-1,0,-1,0,-2,-45,-159,0,1,0,-2,-44,247,0,0,5.05,0.47,2.4,39.628000000000135
0,2,0,4,4,0,-1,0,-2,-54,-175,0,1,0,-2,-46,250,0,0,5.05,0.47,2.4,39.68400000000013
0,2,0,0,12,0,-1,0,-2,-69,-206,0,0,0,-3,-41,250,0,0,5.05,0.47,2.4,39.74000000000013
0,2,0,-3,24,0,0,0,-3,-80,-245,0,0,0,-3,-36,250,0,0,5.05,0.47,2.4,39.79600000000013
0,2,0,-2,28,0,0,0,-3,-82,-250,0,0,0,-3,-36,250,0,0,5.05,0.47,2.4,39.852000000000125
0,3,0,-4,34,0,2,0,-2,-64,-250,0,-3,0,-2,-47,250,0,0,5.05,0.47,2.4,39.90800000000012
0,3,0,-3,37,0,5,0,0,-104,-151,0,-5,1,-1,-67,204,0,0,5.05,0.47,2.4,39.96400000000012
0,3,0,0,32,0,5,1,0,-125,-16,0,-5,1,0,-55,106,0,0,5.05,0.47,2.4,40.02000000000012
0,3,0,0,26,0,5,1,1,-126,10,0,-5,2,0,-54,68,0,0,5.05,0.47,2.4,40.076000000000114
0,4,0,-1,16,0,5,0,1,-102,19,0,-5,2,0,-46,19,0,0,5.05,0.47,2.4,40.13200000000011
0,4,0,4,7,0,5,0,2,-72,10,0,-5,4,1,-5,-20,0,0,5.05,0.47,2.4,40.18800000000011
-1,5,0,-9,-9,0,5,0,3,11,-24,0,-5,4,1,34,-44,0,0,5.05,0.47,2.4,40.244000000000106
-1,5,0,-13,-12,0,5,0,3,29,-36,0,-5,5,2,40,-54,0,0,5.05,0.47,2.4,40.300000000000104
-1,5,0,-20,-29,0,5,0,3,70,-55,0,-5,4,1,63,-66,0,0,5.05,0.47,2.4,40.3560000000001
-1,4,0,-18,-38,0,5,0,2,101,-39,0,-5,3,0,100,-90,0,0,5.05,0.47,2.4,40.4120000000001
0,3,0,-9,-35,0,5,0,0,127,5,0,-5,2,0,105,-111,0,0,5.05,0.47,2.4,40.468000000000096
0,3,0,-1,-35,0,5,0,0,131,33,0,-4,1,-1,102,-106,0,0,5.05,0.47,2.4,40.52400000000009
0,3,0,12,-25,0,5,1,0,130,106,0,-4,3,0,77,-61,0,0,5.05,0.47,2.4,40.58000000000009
0,2,0,21,-19,0,4,1,-2,125,154,0,-3,0,-3,29,-144,0,0,5.04,0.45,2.3,40.63400000000009
0,2,0,21,-19,0,2,1,-2,105,156,0,-1,1,-3,31,-250,0,0,5.04,0.45,2.3,40.688000000000095
0,2,0,17,-21,0,2,1,-3,100,151,0,-1,0,-2,24,-250,0,0,5.04,0.45,2.3,40.7420000000001
0,2,0,2,-29,0,1,1,-3,78,140,0,0,0,-2,-10,-227,0,0,5.04,0.45,2.3,40.7960000000001
0,2,0,-2,-30,0,0,1,-3,50,149,0,0,0,-2,-14,-201,0,0,5.04,0.45,2.3,40.8500000000001
0,2,0,1,-24,0,0,1,-3,26,170,0,0,0,-2,-23,-213,0,0,5.04,0.45,2.3,40.9040000000001
0,2,0,1,-23,0,0,1,-2,14,176,0,1,0,-2,-28,-226,0,0,5.04,0.45,2.3,40.958000000000105
0,1,0,1,-16,0,0,1,-2,-8,196,0,1,0,-2,-55,-250,0,0,5.04,0.45,2.3,41.01200000000011
0,1,0,-2,-9,0,-1,1,-2,-32,194,0,2,0,-2,-71,-209,0,0,5.04,0.45,2.3,41.06600000000011
0,1,0,-5,-6,0,-2,1,-2,-45,155,0,2,0,-2,-80,-152,0,0,5.04,0.45,2.3,41.12000000000011
0,1,0,-15,24,0,-1,0,-2,-43,-142,0,1,1,-2,-3,211,0,0,5.05,0.46,2.35,41.17600000000011
0,1,0,-10,18,0,-1,1,-2,-51,-177,0,0,1,-2,-17,211,0,0,5.05,0.46,2.35,41.232000000000106
0,2,0,-4,12,0,-1,1,-2,-63,-218,0,0,1,-3,-26,227,0,0,5.05,0.46,2.35,41.2880000000001
0,2,0,0,19,0,0,2,-2,-76,-250,0,0,1,-3,-38,250,0,0,5.05,0.47,2.37,41.3440000000001
0,3,0,1,27,0,0,2,-3,-63,-250,0,-1,1,-3,-40,250,0,0,5.05,0.47,2.37,41.4000000000001
0,4,0,6,34,0,2,2,-2,-97,-250,0,-3,2,-2,-43,246,0,0,5.05,0.47,2.37,41.456000000000095
0,5,0,-2,34,0,5,1,0,-140,-143,0,-5,2,-1,-48,173,0,0,5.05,0.47,2.37,41.51200000000009
0,5,0,-15,20,0,5,0,0,-115,-7,0,-5,2,0,-48,83,0,0,5.05,0.47,2.37,41.56800000000009
-1,5,0,-22,0,0,5,1,-1,-20,14,0,-5,2,0,-50,55,0,0,5.05,0.47,2.37,41.62400000000009
-1,4,-1,-35,-34,0,5,0,1,-125,67,0,-5,3,0,-26,-32,0,0,5.05,0.47,2.37,41.680000000000085
0,3,0,-27,-37,0,5,-1,2,-75,45,0,-5,2,1,-17,-75,0,0,5.05,0.47,2.37,41.73600000000008
0,3,0,-13,-35,0,5,-2,3,-13,33,0,-5,3,1,25,-50,0,0,5.05,0.47,2.37,41.79200000000008
0,3,0,-6,-36,0,5,-2,3,5,31,0,-5,4,2,38,-52,0,0,5.05,0.47,2.37,41.84800000000008
0,2,0,8,-20,0,5,-1,3,41,8,0,-5,2,1,72,-52,0,0,5.05,0.47,2.37,41.904000000000075
0,3,0,25,-15,0,5,-1,2,79,-13,0,-5,2,0,101,-69,0,0,5.05,0.47,2.37,41.96000000000007
0,3,0,41,-10,0,5,0,1,112,-25,0,-4,2,0,120,-92,0,0,5.05,0.47,2.37,42.01600000000007
0,3,0,41,-9,0,5,0,1,116,-19,0,-4,1,0,131,-114,0,0,5.05,0.47,2.37,42.07200000000007
0,3,0,34,-12,0,4,0,0,117,23,0,-3,2,-1,110,-113,0,0,5.05,0.47,2.37,42.128000000000064
0,2,0,21,-23,0,3,0,0,112,82,0,-2,1,-3,77,58,0,0,5.05,0.47,2.37,42.18400000000006
0,2,0,21,-29,0,2,0,-1,108,120,0,0,0,-2,-2,-250,0,0,5.05,0.47,2.37,42.24000000000006
0,2,0,18,-31,0,1,0,-1,104,135,0,0,1,-2,-29,-250,0,0,5.05,0.47,2.37,42.296000000000056
0,1,0,20,-29,0,1,0,-2,103,138,0,0,0,-2,-29,-250,0,0,5.05,0.47,2.37,42.352000000000054
0,1,0,14,-31,0,0,1,-2,86,138,0,1,0,-2,-38,-250,0,0,5.05,0.47,2.37,42.40800000000005
0,1,0,10,-28,0,0,1,-2,57,146,0,1,0,-2,-48,-250,0,0,5.05,0.47,2.37,42.46400000000005
0,1,0,3,-26,0,0,1,-2,33,159,0,2,0,-2,-42,-250,0,0,5.05,0.49,2.49,42.523000000000046
0,1,0,2,-22,0,0,1,-3,27,162,0,2,0,-2,-45,-240,0,0,5.05,0.49,2.49,42.58200000000004
0,1,0,1,-13,0,-1,1,-3,11,165,0,3,0,-3,-68,-191,0,0,5.05,0.49,2.49,42.64100000000004
0,1,0,0,-8,0,-2,1,-3,1,144,0,4,0,-2,-86,-99,0,0,5.05,0.49,2.49,42.70000000000004
0,2,0,-1,-2,0,-2,1,-2,-9,102,0,4,0,-2,-80,-50,0,0,5.05,0.49,2.49,42.759000000000036
0,2,0,-2,0,0,-2,1,-2,-14,83,0,4,0,-2,-72,-37,0,0,5.05,0.49,2.49,42.81800000000003
0,1,0,-3,7,0,-2,1,-2,-22,37,0,3,0,-2,-71,3,0,0,5.05,0.49,2.49,42.87700000000003
0,1,0,-3,15,0,-2,1,-2,-31,-6,0,3,0,-2,-72,53,0,0,5.05,0.49,2.49,42.93600000000003
0,1,0,-4,23,0,-2,1,-2,-43,-35,0,3,0,-1,-71,96,0,0,5.05,0.49,2.49,42.995000000000026
0,1,0,-5,25,0,-2,0,-2,-48,-40,0,2,0,-1,-67,136,0,0,5.05,0.49,2.49,43.05400000000002
0,1,0,-6,29,0,-2,0,-1,-60,-48,0,2,0,-1,-66,174,0,0,5.05,0.49,2.49,43.11300000000002
0,1,0,-8,29,0,-2,0,-1,-70,-62,0,2,0,-1,-70,222,0,0,5.05,0.49,2.49,43.17200000000002
0,1,0,-10,24,0,-2,0,-2,-74,-97,0,1,0,-1,-62,234,0,0,5.05,0.49,2.49,43.231000000000016
0,1,0,-11,26,0,-1,0,-2,-76,-114,0,1,0,-1,-90,233,0,0,5.05,0.49,2.49,43.29000000000001
0,1,0,-12,24,0,-1,0,-2,-82,-152,0,1,0,-1,-57,235,0,0,5.05,0.49,2.49,43.34900000000001
0,1,0,-13,26,0,-1,0,-2,-88,-172,0,0,0,-2,-46,236,0,0,5.05,0.49,2.49,43.40800000000001
0,1,0,-11,27,0,0,0,-2,-87,-185,0,0,0,-2,-38,247,0,0,5.05,0.49,2.49,43.467000000000006
0,1,0,-10,26,0,0,0,-2,-81,-195,0,0,0,-2,-37,249,0,0,5.05,0.49,2.49,43.526
0,2,0,-4,24,0,0,1,-2,-95,-246,0,-2,0,-2,-46,246,0,0,5.05,0.49,2.49,43.585
0,3,0,4,30,0,2,1,-1,-107,-250,0,-4,1,-1,-58,216,0,0,5.05,0.49,2.49,43.644
0,3,0,12,42,0,5,1,0,-107,-206,0,-5,1,0,-45,159,0,0,5.05,0.49,2.49,43.702999999999996
0,4,0,16,46,0,5,1,0,-105,-147,0,-5,2,0,-29,111,0,0,5.05,0.48,2.42,43.760999999999996
0,4,0,21,52,0,5,0,1,-78,4,0,-5,2,1,0,33,0,0,5.05,0.48,2.42,43.818999999999996
0,4,0,14,42,0,5,1,1,-84,68,0,-5,3,2,-7,-31,0,0,5.05,0.48,2.42,43.876999999999995
0,4,0,3,20,0,5,0,3,-37,66,0,-5,4,2,7,-64,0,0,5.05,0.48,2.42,43.934999999999995
0,5,0,-4,3,0,5,0,3,-22,47,0,-5,5,2,30,-64,0,0,5.05,0.48,2.42,43.992999999999995
0,5,0,-20,-17,0,5,0,3,20,-9,0,-5,4,2,39,-68,0,0,5.05,0.48,2.42,44.050999999999995
0,4,0,-29,-35,0,5,0,3,45,-46,0,-5,3,0,68,-85,0,0,5.05,0.48,2.42,44.108999999999995
0,3,0,-26,-36,0,5,0,2,78,-44,0,-5,2,0,97,-113,0,0,5.05,0.48,2.42,44.166999999999994
0,3,0,-16,-31,0,5,0,0,119,-3,0,-4,1,-1,94,-124,0,0,5.05,0.48,2.42,44.224999999999994
0,3,0,-9,-35,0,5,0,0,130,18,0,-4,1,-1,89,-133,0,0,5.05,0.48,2.42,44.282999999999994
0,3,0,1,-26,0,5,1,0,127,79,0,-3,0,-2,69,-97,0,0,5.05,0.48,2.42,44.340999999999994
0,2,0,1,-18,0,3,1,-1,116,123,0,-2,0,-3,65,151,0,0,5.05,0.48,2.42,44.398999999999994
0,2,0,-3,-21,0,2,1,-2,97,147,0,0,0,-2,-3,-250,0,0,5.05,0.48,2.42,44.456999999999994
0,2,0,-7,-24,0,2,1,-2,91,153,0,0,0,-2,-14,-250,0,0,5.05,0.48,2.42,44.51499999999999
0,2,0,-16,-29,0,1,1,-2,79,158,0,0,0,-1,-6,-240,0,0,5.05,0.48,2.42,44.57299999999999
0,2,0,-15,-31,0,0,1,-2,64,162,0,0,0,-2,-7,-233,0,0,5.05,0.48,2.42,44.63099999999999
0,1,0,-11,-30,0,0,1,-2,43,165,0,1,0,-1,-16,-236,0,0,5.05,0.48,2.42,44.68899999999999
0,1,0,-11,-30,0,0,1,-2,31,166,0,1,0,-1,-17,-250,0,0,5.05,0.48,2.42,44.74699999999999
0,1,0,-12,-19,0,0,1,-2,6,180,0,2,0,-2,-19,-250,0,0,5.05,0.48,2.42,44.80499999999999
0,1,0,-17,-14,0,-1,1,-3,-3,188,0,2,0,-2,-25,-227,0,0,5.05,0.48,2.42,44.86299999999999
0,1,0,-18,-12,0,-2,1,-3,-9,170,0,3,0,-2,-39,-133,0,0,5.05,0.48,2.42,44.92099999999999
0,1,0,-18,-11,0,-2,1,-2,-15,156,0,4,0,-2,-34,-95,0,0,5.05,0.47,2.41,44.97899999999999
0,1,0,-17,-9,0,-2,1,-2,-29,109,0,4,0,-2,-40,-28,0,0,5.05,0.47,2.41,45.03699999999999
0,1,0,-14,-2,0,-3,1,-2,-42,51,0,4,0,-2,-33,15,0,0,5.05,0.47,2.41,45.09499999999999
0,1,0,-12,4,0,-3,0,-2,-43,-8,0,3,0,-2,-47,68,0,0,5.05,0.47,2.41,45.15299999999999
0,1,0,-11,7,0,-3,0,-2,-44,-28,0,3,0,-2,-53,81,0,0,5.05,0.47,2.41,45.21099999999999
0,2,0,-12,12,0,-2,0,-1,-40,-61,0,3,0,-2,-59,130,0,0,5.05,0.47,2.41,45.26899999999999
0,1,0,-14,18,0,-2,0,-1,-36,-80,0,2,0,-2,-48,181,0,0,5.05,0.47,2.41,45.32699999999999
0,1,0,-15,23,0,-2,0,-1,-40,-91,0,1,0,-2,-52,226,0,0,5.05,0.47,2.41,45.38499999999999
0,1,0,-15,25,0,-1,0,-1,-39,-96,0,2,0,-2,-49,238,0,0,5.05,0.47,2.41,45.44299999999999
0,1,0,-16,28,0,-1,0,-1,-39,-113,0,1,0,-2,-74,250,0,0,5.05,0.47,2.41,45.50099999999999
0,1,0,-16,28,0,-1,0,-1,-22,-142,0,0,0,-2,-64,249,0,0,5.05,0.47,2.41,45.55899999999999
0,1,0,-13,28,0,-1,0,-1,-15,-167,0,0,0,-2,-56,250,0,0,5.05,0.47,2.41,45.61699999999999
0,1,0,-11,30,0,0,0,-1,-19,-178,0,0,0,-2,-51,250,0,0,5.05,0.47,2.41,45.67499999999999
0,1,0,-5,33,0,0,0,-2,-36,-213,0,-1,0,-2,-40,250,0,0,5.05,0.47,2.41,45.73299999999999
0,2,0,1,38,0,0,1,-1,-57,-249,0,-3,1,-1,-38,250,0,0,5.05,0.47,2.41,45.79099999999999
0,2,0,11,48,0,3,1,-1,-47,-229,0,-4,1,0,-42,235,0,0,5.05,0.47,2.41,45.84899999999999
0,3,0,17,51,0,4,1,0,-58,-198,0,-5,2,0,-38,206,0,0,5.05,0.47,2.41,45.90699999999999
0,3,0,25,58,0,5,1,0,-71,-78,0,-5,2,0,-6,130,0,0,5.05,0.47,2.41,45.96499999999999
0,4,0,22,50,0,5,1,1,-66,-6,0,-5,3,0,1,61,0,0,5.05,0.47,2.41,46.02299999999999
0,5,0,14,24,0,5,1,2,-63,43,0,-5,4,1,13,-22,0,0,5.05,0.47,2.41,46.08099999999999
-1,5,0,-18,-5,0,5,0,3,-34,46,0,-5,4,2,33,-101,0,0,5.05,0.47,2.41,46.13899999999999
-2,5,0,-29,-17,0,5,0,3,-15,40,0,-5,4,1,38,-94,0,0,5.05,0.47,2.39,46.19599999999999
-1,4,0,-30,-37,0,5,0,3,26,7,0,-5,4,1,57,-100,0,0,5.05,0.47,2.39,46.25299999999999
0,3,0,-23,-41,0,5,1,2,66,-12,0,-5,3,0,94,-96,0,0,5.05,0.47,2.39,46.309999999999995
0,3,0,-11,-35,0,5,1,1,108,0,0,-4,2,0,117,-114,0,0,5.05,0.47,2.39,46.367
0,3,0,-5,-37,0,5,1,0,120,12,0,-4,2,0,121,-120,0,0,5.05,0.47,2.39,46.424
0,3,0,11,-23,0,5,1,0,128,58,0,-3,2,-1,119,-143,0,0,5.05,0.47,2.39,46.481
0,3,0,17,-12,0,4,1,-1,118,104,0,-2,2,-1,87,-113,0,0,5.05,0.47,2.39,46.538000000000004
0,3,0,10,-12,0,3,1,-1,98,130,0,-3,2,-1,57,97,0,0,5.05,0.47,2.39,46.595000000000006
0,3,0,3,-21,0,2,1,-2,93,137,0,0,0,-3,48,88,0,0,5.05,0.47,2.39,46.65200000000001
0,2,0,-4,-29,0,1,1,-2,73,141,0,0,0,-2,17,-239,0,0,5.05,0.47,2.39,46.70900000000001
0,2,0,-5,-28,0,0,1,-2,55,142,0,0,0,-2,5,-249,0,0,5.05,0.47,2.39,46.76600000000001
0,2,0,-7,-23,0,0,1,-2,43,152,0,0,1,-2,-9,-250,0,0,5.05,0.47,2.39,46.823000000000015
0,1,0,-8,-20,0,0,1,-2,36,159,0,1,0,-2,-15,-250,0,0,5.05,0.47,2.39,46.88000000000002
0,1,0,-8,-10,0,0,1,-2,19,176,0,2,1,-2,-24,-250,0,0,5.05,0.47,2.39,46.93700000000002
0,1,0,-8,-8,0,-1,1,-2,0,182,0,2,0,-2,-34,-234,0,0,5.05,0.47,2.39,46.99400000000002
0,1,0,-6,-8,0,-2,0,-2,-12,161,0,2,0,-2,-50,-203,0,0,5.05,0.47,2.39,47.05100000000002
0,1,0,-4,-8,0,-2,1,-2,-22,145,0,2,0,-2,-62,-171,0,0,5.05,0.47,2.39,47.108000000000025
0,1,0,-3,-9,0,-2,0,-2,-30,96,0,3,0,-2,-109,-102,0,0,5.05,0.47,2.39,47.16500000000003
0,1,0,-1,-10,0,-3,0,-2,-35,43,0,3,0,-2,-99,-52,0,0,5.05,0.47,2.39,47.22200000000003
0,1,0,0,-6,0,-3,0,-2,-33,-7,0,3,0,-2,-83,0,0,0,5.05,0.47,2.39,47.27900000000003
0,1,0,0,-3,0,-3,0,-2,-34,-23,0,3,0,-2,-78,19,0,0,5.05,0.47,2.39,47.336000000000034
0,1,0,0,4,0,-2,0,-1,-39,-52,0,3,0,-1,-60,83,0,0,5.05,0.48,2.46,47.39500000000003
0,1,0,0,11,0,-1,0,-1,-38,-61,0,2,0,-1,-56,139,0,0,5.05,0.48,2.46,47.45400000000003
0,1,0,0,15,0,-1,0,-1,-46,-65,0,2,0,-1,-52,169,0,0,5.05,0.48,2.46,47.51300000000003
0,1,0,0,17,0,-1,0,-1,-48,-66,0,1,0,-1,-57,189,0,0,5.05,0.48,2.46,47.572000000000024
0,1,0,1,17,0,-1,0,-1,-53,-78,0,1,0,-1,-52,206,0,0,5.05,0.48,2.46,47.63100000000002
0,1,0,0,18,0,-1,0,-1,-46,-109,0,1,0,-1,-58,221,0,0,5.05,0.48,2.46,47.69000000000002
0,1,0,-1,16,0,-1,0,-1,-29,-147,0,0,0,-1,-55,234,0,0,5.05,0.48,2.46,47.74900000000002
0,1,0,0,13,0,0,0,-1,-34,-179,0,0,0,-1,-49,237,0,0,5.05,0.48,2.46,47.808000000000014
0,1,0,0,13,0,0,0,-1,-38,-189,0,0,0,-2,-49,242,0,0,5.05,0.48,2.46,47.86700000000001
0,2,0,4,11,0,0,0,-2,-54,-212,0,-1,0,-2,-39,230,0,0,5.05,0.48,2.46,47.92600000000001
0,2,0,10,13,0,0,1,-2,-46,-229,0,-2,1,-2,-41,212,0,0,5.05,0.48,2.46,47.98500000000001
0,2,0,15,17,0,1,1,-2,-76,-233,0,-2,1,-2,-49,209,0,0,5.05,0.48,2.46,48.044000000000004
0,3,0,17,20,0,2,1,-2,-93,-229,0,-2,1,-1,-52,208,0,0,5.05,0.48,2.46,48.103
0,3,0,26,25,0,5,2,-1,-121,-185,0,-5,1,-1,-62,172,0,0,5.05,0.48,2.46,48.162
0,4,0,28,26,0,5,2,0,-132,-103,0,-5,2,0,-53,100,0,0,5.05,0.48,2.46,48.221
0,5,0,18,20,0,5,2,0,-82,-3,0,-5,3,0,-7,-23,0,0,5.05,0.48,2.46,48.279999999999994
0,5,0,14,15,0,5,1,1,-107,12,0,-5,3,1,-3,-46,0,0,5.05,0.48,2.46,48.33899999999999
0,5,0,-11,3,0,5,0,1,-95,82,0,-5,4,1,-3,-77,0,0,5.05,0.48,2.46,48.39799999999999
0,5,0,-21,-9,0,5,0,2,-62,79,0,-5,4,2,8,-30,0,0,5.05,0.48,2.46,48.45699999999999
0,4,0,-25,-18,0,5,0,2,-15,53,0,-5,4,1,44,-25,0,0,5.05,0.48,2.46,48.515999999999984
0,4,0,-25,-21,0,5,0,2,-1,37,0,-5,3,1,64,-28,0,0,5.05,0.48,2.46,48.57499999999998
0,3,0,-17,-27,0,5,0,2,37,-8,0,-5,2,0,96,-59,0,0,5.05,0.48,2.43,48.63399999999998
0,3,0,-4,-31,0,5,0,1,84,-32,0,-4,2,0,120,-80,0,0,5.05,0.48,2.43,48.69299999999998
0,3,0,1,-27,0,5,0,0,118,-25,0,-3,2,0,107,-55,0,0,5.05,0.48,2.43,48.751999999999974
0,2,0,4,-25,0,4,0,0,125,15,0,-3,0,1,123,-28,0,0,5.05,0.48,2.43,48.81099999999997
0,2,0,1,-24,0,4,0,0,121,36,0,-3,1,-5,65,-33,0,0,5.05,0.48,2.43,48.86999999999997
0,2,0,-2,-29,0,3,0,0,104,89,0,-1,0,-2,24,-250,0,0,5.05,0.48,2.43,48.92899999999997
0,2,0,-5,-33,0,2,0,-1,91,127,0,0,0,-1,14,-250,0,0,5.05,0.48,2.43,48.987999999999964
0,2,0,-6,-34,0,1,0,-1,82,146,0,0,0,-2,1,-236,0,0,5.05,0.48,2.43,49.04699999999996
0,1,0,-5,-34,0,1,0,-1,78,149,0,0,0,-2,2,-228,0,0,5.05,0.48,2.43,49.10599999999996
0,1,0,-7,-31,0,0,0,-1,66,149,0,0,0,-2,6,-218,0,0,5.05,0.48,2.43,49.16499999999996
0,1,0,-8,-30,0,0,0,-2,48,149,0,0,0,-2,0,-236,0,0,5.05,0.48,2.43,49.223999999999954
0,1,0,-8,-26,0,0,0,-2,27,165,0,1,0,-2,-26,-250,0,0,5.05,0.48,2.43,49.28299999999995
0,1,0,-8,-21,0,0,0,-2,17,180,0,2,0,-2,-46,-190,0,0,5.05,0.48,2.43,49.34199999999995
0,1,0,-7,-20,0,0,0,-2,14,185,0,3,0,-2,-39,-171,0,0,5.05,0.48,2.43,49.40099999999995
0,1,0,-6,-17,0,-1,0,-2,11,170,0,3,0,-2,-28,-93,0,0,5.05,0.48,2.43,49.459999999999944
0,1,0,-4,-11,0,-2,1,-2,6,126,0,3,0,-2,-13,-32,0,0,5.05,0.48,2.43,49.51899999999994
0,1,0,-3,-3,0,-2,1,-2,1,65,0,2,0,-2,-25,10,0,0,5.05,0.48,2.43,49.57799999999994
0,2,0,-3,0,0,-2,1,-2,0,44,0,2,0,-2,-32,24,0,0,5.05,0.48,2.43,49.63699999999994
0,2,0,-2,9,0,-2,1,-2,-1,0,0,2,0,-1,-36,50,0,0,5.05,0.48,2.43,49.695999999999934
0,2,0,-2,18,0,-1,0,-2,-5,-22,0,2,1,-1,-37,90,0,0,5.05,0.48,2.43,49.75499999999993
0,1,0,-4,25,0,-1,0,-1,-11,-32,0,2,0,-1,-43,138,0,0,5.05,0.48,2.43,49.81399999999993
0,1,0,-6,30,0,-1,0,-1,-21,-42,0,2,0,-1,-56,142,0,0,5.05,0.47,2.4,49.87199999999993
0,1,0,-7,31,0,-1,0,-1,-23,-45,0,2,0,-1,-42,164,0,0,5.05,0.47,2.4,49.92999999999993
0,1,0,-10,33,0,-1,0,-1,-24,-66,0,1,1,-1,-36,186,0,0,5.05,0.47,2.4,49.98799999999993
0,1,0,-11,33,0,-1,0,-1,-30,-102,0,1,1,-2,-38,199,0,0,5.05,0.47,2.4,50.04599999999993
0,1,0,-12,31,0,-1,1,-2,-36,-136,0,1,0,-2,-41,203,0,0,5.05,0.47,2.4,50.10399999999993
0,1,0,-12,32,0,-1,1,-2,-40,-145,0,1,0,-2,-47,208,0,0,5.05,0.47,2.4,50.16199999999993
0,1,0,-13,32,0,-1,1,-2,-56,-162,0,0,0,-3,-63,224,0,0,5.05,0.47,2.4,50.21999999999993
0,2,0,-9,28,0,0,1,-2,-77,-183,0,0,1,-3,-84,243,0,0,5.05,0.47,2.4,50.27799999999993
0,3,0,-9,-27,0,5,0,0,51,-5,0,-5,2,0,12,-70,0,0,5.05,0.48,2.44,50.33799999999993
0,3,0,-3,-25,0,5,0,0,72,2,0,-5,2,0,30,-92,0,0,5.05,0.48,2.44,50.39799999999993
0,3,0,1,-20,0,5,0,0,83,27,0,-4,1,0,34,-102,0,0,5.05,0.48,2.44,50.457999999999934
0,3,0,2,-20,0,4,0,0,80,68,0,-2,1,0,19,-39,0,0,5.05,0.48,2.44,50.51799999999994
0,2,0,0,-26,0,3,0,-1,71,107,0,-2,0,-1,2,-250,0,0,5.05,0.48,2.44,50.57799999999994
0,2,0,-3,-27,0,3,0,-1,65,118,0,-1,0,-2,8,-250,0,0,5.04,0.46,2.33,50.63499999999994
0,2,0,-5,-35,0,2,0,-1,56,136,0,0,0,-2,-2,-250,0,0,5.04,0.46,2.33,50.69199999999994
0,2,0,-5,-39,0,1,0,-1,49,140,0,0,0,-2,-13,-216,0,0,5.04,0.46,2.33,50.748999999999945
0,1,0,-6,-38,0,0,0,-1,40,145,0,0,0,-2,-22,-197,0,0,5.04,0.46,2.33,50.80599999999995
0,1,0,-7,-38,0,0,0,-2,36,149,0,1,0,-2,-17,-192,0,0,5.04,0.46,2.33,50.86299999999995
0,1,0,-8,-36,0,0,0,-2,18,165,0,1,0,-2,-21,-185,0,0,5.04,0.46,2.33,50.91999999999995
0,1,0,-8,-32,0,0,0,-2,2,189,0,2,0,-2,-26,-178,0,0,5.04,0.46,2.33,50.976999999999954
0,1,0,-7,-27,0,-1,0,-2,-6,194,0,2,0,-2,-27,-154,0,0,5.04,0.46,2.33,51.033999999999956
0,1,0,-8,-26,0,-1,0,-2,-6,188,0,2,0,-2,-26,-129,0,0,5.04,0.46,2.33,51.09099999999996
0,1,0,-10,-22,0,-2,0,-2,-5,149,0,3,0,-2,-19,-92,0,0,5.04,0.46,2.33,51.14799999999996
0,1,0,-10,-19,0,-3,0,-2,-10,93,0,3,0,-2,-26,-45,0,0,5.04,0.46,2.33,51.20499999999996
0,1,0,-11,-11,0,-3,0,-2,-14,30,0,3,0,-2,-28,8,0,0,5.04,0.46,2.33,51.261999999999965
0,2,0,-12,-8,0,-3,1,-2,-15,10,0,3,0,-2,-26,22,0,0,5.04,0.46,2.33,51.31899999999997
0,2,0,-11,1,0,-2,0,-2,-19,-23,0,3,0,-1,-35,65,0,0,5.04,0.46,2.33,51.37599999999997
0,2,0,-9,10,0,-2,0,-2,-22,-36,0,2,0,-1,-51,92,0,0,5.04,0.46,2.33,51.43299999999997
0,1,0,-9,17,0,-2,0,-2,-32,-46,0,1,0,-1,-62,113,0,0,5.04,0.46,2.33,51.489999999999974
0,1,0,-8,19,0,-2,0,-1,-34,-51,0,2,0,-1,-50,132,0,0,5.04,0.46,2.33,51.546999999999976
0,1,0,-7,22,0,-2,0,-1,-40,-71,0,2,0,-2,-40,175,0,0,5.04,0.46,2.33,51.60399999999998
0,1,0,-7,23,0,-1,0,-2,-40,-104,0,1,0,-1,-29,204,0,0,5.04,0.46,2.33,51.66099999999998
0,1,0,-8,22,0,-1,0,-2,-43,-133,0,0,0,-2,-25,223,0,0,5.04,0.46,2.33,51.71799999999998
0,1,0,-9,21,0,0,0,-2,-61,-152,0,0,0,-2,-26,231,0,0,5.04,0.46,2.33,51.774999999999984
0,1,0,-9,20,0,0,0,-2,-70,-156,0,0,0,-2,-28,231,0,0,5.04,0.45,2.28,51.83099999999998
0,2,0,-5,19,0,0,0,-2,-93,-171,0,-1,0,-2,-38,232,0,0,5.04,0.45,2.28,51.88699999999998
0,2,0,0,21,0,0,0,-2,-105,-208,0,-2,1,-2,-56,237,0,0,5.04,0.45,2.28,51.94299999999998
0,3,0,7,24,0,1,0,-1,-85,-241,0,-3,2,-1,-76,225,0,0,5.04,0.45,2.28,51.998999999999974
0,3,0,9,26,0,2,0,-1,-85,-229,0,-4,1,0,-73,209,0,0,5.04,0.45,2.28,52.05499999999997
0,3,0,11,26,0,5,0,0,-101,-127,0,-5,2,0,-34,121,0,0,5.04,0.45,2.28,52.11099999999997
0,4,0,10,20,0,5,0,2,-101,-6,0,-5,2,1,2,32,0,0,5.04,0.45,2.28,52.166999999999966
0,4,0,-1,13,0,5,1,1,-20,30,0,-5,3,2,32,-30,0,0,5.04,0.45,2.28,52.22299999999996
0,5,0,-4,11,0,5,0,2,-20,33,0,-5,3,2,40,-53,0,0,5.04,0.45,2.28,52.27899999999996
-1,5,0,-18,-2,0,5,0,2,7,-10,0,-5,4,2,94,-64,0,0,5.04,0.45,2.28,52.33499999999996
0,4,0,-20,-15,0,5,0,2,78,-82,0,-5,4,1,121,-61,0,0,5.04,0.45,2.28,52.390999999999956
0,4,0,-17,-23,0,5,0,1,122,-112,0,-5,3,0,136,-64,0,0,5.04,0.45,2.28,52.44699999999995
0,3,0,-14,-24,0,5,0,1,132,-111,0,-5,3,0,141,-73,0,0,5.04,0.45,2.28,52.50299999999995
0,3,0,-1,-24,0,5,1,0,132,-64,0,-5,2,-1,142,-105,0,0,5.04,0.45,2.28,52.55899999999995
0,3,0,12,-21,0,5,1,-1,114,-1,0,-3,1,-2,119,-128,0,0,5.04,0.45,2.28,52.614999999999945
0,3,0,19,-19,0,5,1,-1,104,97,0,-2,2,-2,82,-121,0,0,5.04,0.45,2.28,52.67099999999994
0,3,0,14,-19,0,3,1,-2,94,138,0,0,1,-3,21,-57,0,0,5.04,0.45,2.28,52.72699999999994
0,3,0,8,-19,0,2,1,-2,101,135,0,-1,2,-2,20,-63,0,0,5.04,0.45,2.28,52.78299999999994
0,3,0,2,-24,0,1,2,-3,95,130,0,0,0,-3,-1,-198,0,0,5.04,0.45,2.28,52.838999999999935
0,2,0,0,-23,0,0,2,-3,69,121,0,0,1,-2,-20,-226,0,0,5.04,0.45,2.28,52.89499999999993
0,2,0,-1,-18,0,0,1,-3,37,123,0,1,1,-2,-34,-203,0,0,5.04,0.45,2.28,52.95099999999993
0,2,0,-2,-16,0,0,1,-2,22,130,0,1,0,-2,-36,-199,0,0,5.05,0.48,2.46,53.01199999999993
0,1,0,-3,-14,0,0,1,-2,-8,152,0,2,0,-2,-39,-198,0,0,5.05,0.48,2.46,53.07299999999993
0,1,0,-4,-17,0,-1,1,-2,-36,165,0,2,0,-2,-61,-182,0,0,5.05,0.48,2.46,53.13399999999993
0,1,0,-3,-20,0,-2,1,-2,-47,138,0,2,0,-2,-73,-135,0,0,5.05,0.48,2.46,53.19499999999993
0,1,0,-4,-20,0,-2,1,-2,-52,89,0,3,0,-1,-91,-75,0,0,5.05,0.48,2.46,53.25599999999993
