0,3,0,-9,34,0,0,1,2,60,83,0,0,1,1,216,-179,0,0,5.04,0.47,2.39,1355.1149999999977
0,2,0,-12,29,0,0,1,1,42,51,0,0,1,2,201,-181,0,0,5.04,0.47,2.39,1356.5179999999978
0,2,0,-16,27,0,0,1,1,20,35,0,0,1,2,185,-133,0,0,5.04,0.47,2.39,1357.9209999999978
0,2,0,-16,27,0,0,1,1,15,37,0,0,1,2,179,-112,0,0,5.04,0.47,2.39,1359.3239999999978
0,1,0,-13,24,0,0,1,1,17,66,0,0,1,2,185,-23,0,0,5.04,0.47,2.39,1360.7269999999978
0,1,0,-8,20,0,0,1,1,20,108,0,0,1,3,193,-44,0,0,5.04,0.47,2.39,1362.1299999999978
0,1,0,-4,8,0,0,0,0,12,113,0,-1,1,4,167,-104,0,0,5.04,0.47,2.39,1363.5329999999979
0,1,0,-4,6,0,0,1,1,17,103,0,-1,1,3,149,-134,0,0,5.04,0.47,2.39,1364.9359999999979
-1,1,0,-2,1,0,0,0,1,22,54,0,0,1,4,108,-168,0,0,5.04,0.47,2.39,1366.338999999998
-1,1,0,3,-3,0,0,0,1,36,31,0,0,1,4,87,-167,0,0,5.04,0.47,2.39,1367.741999999998
-1,1,0,11,-11,0,0,0,1,50,32,0,0,0,3,98,-133,0,0,5.03,0.44,2.25,1369.059999999998
-1,2,0,14,-14,0,0,0,1,54,35,0,0,0,3,98,-113,0,0,5.03,0.44,2.25,1370.3779999999979
-1,2,0,22,-15,0,0,0,1,68,53,0,0,1,3,100,-48,0,0,5.03,0.44,2.25,1371.6959999999979
0,3,0,21,-7,0,0,0,1,76,63,0,0,1,4,97,-32,0,0,5.03,0.44,2.25,1373.0139999999978
0,4,0,19,-5,0,0,0,1,78,61,0,0,1,4,84,-36,0,0,5.03,0.44,2.25,1374.3319999999978
0,4,0,17,1,0,0,0,1,83,53,0,0,1,4,47,-47,0,0,5.03,0.44,2.25,1375.6499999999978
0,3,0,17,4,0,0,0,1,80,45,0,0,0,3,17,-30,0,0,5.03,0.44,2.25,1376.9679999999978
0,3,0,14,5,0,0,0,2,71,34,0,0,1,3,-18,11,0,0,5.03,0.44,2.25,1378.2859999999978
0,2,0,12,4,0,0,0,2,64,38,0,0,1,3,-33,36,0,0,5.03,0.44,2.25,1379.6039999999978
0,2,0,9,-1,0,0,1,2,30,53,0,0,0,2,32,66,0,0,5.03,0.44,2.25,1380.9219999999978
0,2,0,7,-5,0,0,1,2,-8,61,0,0,3,3,-13,112,0,0,5.03,0.44,2.25,1382.2399999999977
0,1,0,7,-8,0,0,1,2,-23,61,0,0,3,3,2,168,0,0,5.03,0.44,2.25,1383.5579999999977
0,1,0,5,-14,0,0,1,2,-31,27,0,0,1,2,-33,135,0,0,5.03,0.44,2.25,1384.8759999999977
0,1,0,6,-24,0,0,0,3,-18,-50,0,0,1,1,-104,93,0,0,5.03,0.44,2.25,1386.1939999999977
0,2,0,9,-31,0,0,0,3,-22,-86,0,-1,0,1,-221,49,0,0,5.03,0.44,2.25,1387.5119999999977
0,2,0,11,-33,0,0,0,3,-49,-91,0,0,1,1,-228,8,0,0,5.03,0.44,2.25,1388.8299999999977
0,3,0,7,-26,0,0,0,3,-70,-76,0,0,1,1,-229,22,0,0,5.03,0.44,2.25,1390.1479999999976
0,3,0,-12,-17,0,0,0,2,-99,-59,0,0,1,1,-243,83,0,0,5.03,0.44,2.25,1391.4659999999976
0,3,0,-20,-16,0,0,0,2,-110,-52,0,0,1,1,-250,113,0,0,5.03,0.44,2.25,1392.7839999999976
0,2,0,-33,-18,0,1,0,2,-138,-29,0,1,1,0,-250,172,0,0,5.03,0.44,2.25,1394.1019999999976
0,2,0,-31,-12,0,1,0,2,-152,-35,0,0,1,0,-248,232,0,0,5.03,0.44,2.25,1395.4199999999976
0,1,0,-24,-12,0,1,0,2,-154,-43,0,0,2,0,-250,250,0,0,5.05,0.53,2.68,1396.9879999999976
0,1,0,-15,-16,0,1,0,2,-141,-62,0,0,1,0,-250,201,0,0,5.05,0.53,2.68,1398.5559999999975
0,2,0,-7,-18,0,1,0,3,-135,-100,0,0,0,0,-239,178,0,0,5.05,0.53,2.68,1400.1239999999975
0,2,0,-3,-17,0,1,0,3,-134,-113,0,0,0,1,-205,162,0,0,5.05,0.53,2.68,1401.6919999999975
0,3,0,10,-7,0,1,0,3,-116,-112,0,0,0,1,-108,128,0,0,5.05,0.53,2.68,1403.2599999999975
0,1,0,-29,34,0,0,0,4,-42,-51,0,0,0,1,-38,43,0,0,5.03,0.44,2.23,59.83099999999996
0,1,0,-35,32,0,0,0,4,-45,-46,0,0,0,1,15,46,0,0,5.03,0.44,2.23,61.12699999999996
0,1,0,-36,22,0,0,0,4,-23,-61,0,0,0,1,46,38,0,0,5.03,0.44,2.23,62.42299999999996
0,2,-1,-35,11,0,0,0,4,-7,-68,0,0,0,2,78,24,0,0,5.03,0.44,2.23,63.71899999999996
0,3,0,-33,2,0,0,0,5,6,-61,0,0,0,1,104,54,0,0,5.03,0.44,2.23,65.01499999999996
-1,3,0,-32,-3,0,0,0,5,10,-57,0,0,1,1,111,53,0,0,5.03,0.44,2.23,66.31099999999996
-1,3,0,-21,-16,0,0,0,5,21,-57,0,0,2,2,126,33,0,0,5.03,0.44,2.23,67.60699999999997
-1,2,0,-9,-27,0,0,0,5,38,-59,0,-1,3,2,120,-14,0,0,5.03,0.44,2.23,68.90299999999998
-1,3,0,8,-36,0,0,1,4,39,-63,0,-2,4,3,117,-101,0,0,5.03,0.44,2.23,70.19899999999998
-1,3,0,10,-34,0,0,0,4,41,-58,0,-2,3,3,102,-122,0,0,5.03,0.44,2.23,71.49499999999999
0,3,0,12,-45,0,0,0,4,44,-31,0,-2,2,4,71,-189,0,0,5.03,0.44,2.23,72.791
0,3,0,13,-47,0,1,1,3,45,24,0,0,3,4,53,-171,0,0,5.03,0.44,2.23,74.087
0,2,0,15,-52,0,1,1,2,40,86,0,0,2,5,23,-116,0,0,5.03,0.44,2.23,75.38300000000001
0,2,0,16,-52,0,1,1,2,37,101,0,0,1,5,8,-94,0,0,5.03,0.44,2.23,76.67900000000002
0,2,0,15,-48,0,0,1,1,31,113,0,0,0,5,-3,-70,0,0,5.03,0.44,2.23,77.97500000000002
0,2,0,14,-40,0,0,1,0,33,104,0,0,0,4,-7,-88,0,0,5.03,0.44,2.23,79.27100000000003
0,2,0,11,-30,0,0,0,0,46,99,0,0,0,4,6,-120,0,0,5.03,0.44,2.23,80.56700000000004
0,2,0,9,-27,0,0,0,0,52,101,0,0,0,4,9,-133,0,0,5.03,0.44,2.23,81.86300000000004
0,2,0,3,-23,0,0,0,0,59,103,0,0,0,4,11,-135,0,0,5.03,0.44,2.23,83.15900000000005
0,2,0,1,-25,0,0,0,0,51,87,0,-1,0,3,5,-105,0,0,5.03,0.44,2.23,84.45500000000006
0,1,0,4,-22,0,0,0,0,48,67,0,-1,0,3,10,-81,0,0,5.03,0.42,2.11,85.68200000000006
0,1,0,4,-24,0,0,0,0,44,56,0,-1,0,3,9,-71,0,0,5.03,0.42,2.11,86.90900000000006
0,1,0,5,-17,0,0,0,0,24,38,0,-1,0,3,52,-19,0,0,5.03,0.42,2.11,88.13600000000007
0,2,0,9,-12,0,0,0,0,-14,5,0,-1,0,3,93,18,0,0,5.03,0.42,2.11,89.36300000000007
0,2,0,12,-13,0,0,0,0,-19,-11,0,-1,0,2,120,130,0,0,5.03,0.42,2.11,90.59000000000007
0,2,0,12,-16,0,0,0,0,-12,-6,0,-1,0,2,121,250,0,0,5.03,0.42,2.11,91.81700000000008
0,2,0,2,-21,0,0,0,1,-10,-10,0,0,3,0,62,180,0,0,5.03,0.42,2.11,93.04400000000008
0,2,0,-10,-21,0,0,0,1,-23,-14,0,0,1,0,-66,220,0,0,5.03,0.42,2.11,94.27100000000009
0,2,0,-17,-17,0,0,1,2,-64,-17,0,0,1,0,-132,184,0,0,5.03,0.42,2.11,95.49800000000009
0,2,0,-14,-11,0,0,1,2,-72,-19,0,0,2,-1,-157,165,0,0,5.03,0.42,2.11,96.7250000000001
0,3,-1,-11,-1,0,0,0,2,-70,-24,0,0,1,-1,-207,92,0,0,5.03,0.42,2.11,97.9520000000001
0,3,-1,1,19,0,1,0,3,-66,-20,0,0,0,-1,-203,-13,0,0,5.03,0.42,2.11,99.1790000000001
0,3,0,2,21,0,1,0,3,-68,-17,0,0,0,-1,-176,-48,0,0,5.03,0.42,2.11,100.4060000000001
0,3,0,-10,33,0,1,0,4,-65,20,0,1,0,0,-75,-56,0,0,5.03,0.42,2.11,101.63300000000011
0,2,0,-14,30,0,0,-1,4,-55,-12,0,0,0,2,-40,-35,0,0,5.03,0.42,2.11,102.86000000000011
0,1,0,-13,24,0,0,-1,5,-42,-32,0,0,0,2,-13,-43,0,0,5.03,0.42,2.11,104.08700000000012
0,1,0,-11,20,0,0,-1,5,-40,-41,0,0,0,2,-7,-21,0,0,5.03,0.42,2.11,105.31400000000012
0,1,0,-7,16,0,0,0,5,-34,-66,0,0,0,2,12,-52,0,0,5.03,0.42,2.11,106.54100000000012
0,1,0,-2,16,0,0,0,4,-29,-95,0,0,0,1,32,-44,0,0,5.03,0.42,2.11,107.76800000000013
0,1,0,0,15,0,0,0,4,-22,-100,0,0,0,1,53,-32,0,0,5.03,0.42,2.11,108.99500000000013
0,2,0,0,13,0,0,0,4,-18,-92,0,0,0,1,61,-34,0,0,5.03,0.42,2.11,110.22200000000014
0,2,0,-5,0,0,0,0,4,0,-54,0,0,1,0,70,-56,0,0,5.03,0.43,2.17,111.48600000000013
0,3,0,-15,-11,0,0,0,3,14,-23,0,0,1,0,61,-65,0,0,5.03,0.43,2.17,112.75000000000013
0,3,0,-15,-9,0,0,1,3,18,-29,0,0,2,0,55,-33,0,0,5.03,0.43,2.17,114.01400000000012
0,3,0,-17,-9,0,0,0,3,14,-35,0,0,2,1,49,-41,0,0,5.03,0.43,2.17,115.27800000000012
0,2,0,-13,-3,0,0,1,3,9,-42,0,-1,2,2,52,-26,0,0,5.03,0.43,2.17,116.54200000000012
0,1,0,-14,-2,0,0,1,2,-28,-40,0,-1,3,3,31,-37,0,1,5.03,0.43,2.17,117.80600000000011
0,1,0,-20,-9,0,0,0,2,-47,0,0,0,3,3,2,-53,0,0,5.03,0.43,2.17,119.0700000000001
0,1,0,-22,-12,0,0,0,2,-45,15,0,0,3,3,-9,-49,0,0,5.03,0.43,2.17,120.3340000000001
0,1,0,-25,-18,0,0,0,1,-23,40,0,0,2,4,-12,-33,0,0,5.03,0.43,2.17,121.5980000000001
0,2,0,-29,-19,0,0,0,1,5,13,0,0,0,5,22,-27,0,1,5.03,0.43,2.17,122.8620000000001
0,2,0,-29,-11,0,0,0,1,40,-29,0,0,0,5,71,-44,0,0,5.03,0.43,2.17,124.12600000000009
0,2,0,-25,-9,0,0,0,1,55,-37,0,0,0,5,93,-44,0,0,5.03,0.43,2.17,125.39000000000009
0,2,0,-23,-1,0,0,0,1,92,-10,0,0,0,5,128,-49,0,0,5.03,0.43,2.17,126.65400000000008
0,2,0,-15,4,0,1,0,1,111,44,0,0,0,5,143,-31,0,0,5.03,0.43,2.17,127.91800000000008
0,2,0,-13,6,0,0,0,1,113,79,0,0,0,4,128,-34,0,0,5.03,0.43,2.17,129.18200000000007
0,2,0,-11,7,0,0,0,1,111,81,0,0,0,4,121,-41,0,0,5.03,0.43,2.17,130.44600000000008
0,2,0,-6,9,0,0,0,1,107,70,0,0,0,4,102,-65,0,0,5.03,0.43,2.17,131.7100000000001
0,3,0,3,13,0,0,0,1,96,63,0,0,0,3,88,-74,0,0,5.03,0.43,2.17,132.9740000000001
0,3,0,9,20,0,0,0,1,78,53,0,0,0,3,84,-53,0,0,5.03,0.43,2.17,134.2380000000001
0,3,0,10,21,0,0,0,1,71,56,0,0,0,3,84,-38,0,0,5.03,0.43,2.17,135.50200000000012
0,3,0,9,24,0,0,0,2,49,57,0,0,0,3,83,6,0,0,5.03,0.43,2.17,136.76600000000013
0,2,0,6,29,0,0,1,2,22,57,0,0,1,2,72,62,0,0,5.03,0.41,2.1,137.99000000000012
0,2,0,8,32,0,0,1,2,-4,55,0,0,1,2,27,141,0,0,5.03,0.41,2.1,139.2140000000001
0,2,0,8,31,0,0,1,1,-11,57,0,0,2,2,14,182,0,0,5.03,0.41,2.1,140.4380000000001
0,1,0,18,24,0,0,0,2,-46,40,0,0,1,0,-94,166,0,0,5.03,0.41,2.1,141.6620000000001
0,1,0,22,19,0,0,0,2,-53,30,0,-1,1,1,-121,195,0,0,5.03,0.41,2.1,142.88600000000008
0,2,0,22,15,0,0,0,2,-54,25,0,0,0,0,-131,158,0,0,5.03,0.41,2.1,144.11000000000007
0,2,0,22,3,0,0,0,2,-49,9,0,0,1,0,-151,86,0,0,5.03,0.41,2.1,145.33400000000006
-1,2,0,20,-9,0,0,0,2,-41,4,0,0,0,0,-157,24,0,0,5.03,0.41,2.1,146.55800000000005
-1,3,0,10,-19,0,0,0,2,-41,12,0,0,1,0,-162,-39,0,0,5.03,0.41,2.1,147.78200000000004
-1,3,0,7,-19,0,0,0,2,-41,13,0,0,0,0,-150,-44,0,0,5.03,0.41,2.1,149.00600000000003
0,3,0,-4,-22,0,0,0,2,-49,4,0,0,0,0,-127,-48,0,0,5.03,0.41,2.1,150.23000000000002
0,2,0,-11,-24,0,0,0,3,-54,-4,0,0,0,0,-111,-43,0,0,5.03,0.41,2.1,151.454
0,2,0,-15,-26,0,0,0,3,-52,-11,0,0,0,1,-96,-26,0,0,5.03,0.41,2.1,152.678
0,2,0,-16,-30,0,0,0,3,-50,-13,0,0,0,1,-93,-24,0,0,5.03,0.41,2.1,153.902
0,2,0,-11,-41,0,0,0,3,-42,-54,0,0,0,1,-57,-17,0,0,5.03,0.41,2.1,155.12599999999998
0,2,0,-10,-42,0,0,0,3,-40,-74,0,0,0,1,-51,-15,0,0,5.03,0.41,2.1,156.34999999999997
0,2,0,-8,-34,0,0,0,3,-32,-116,0,0,0,1,-33,-1,0,0,5.03,0.41,2.1,157.57399999999996
0,2,0,-14,-23,0,0,0,4,-25,-115,0,0,0,1,-11,10,0,0,5.03,0.41,2.1,158.79799999999994
0,3,0,-25,-8,0,1,0,5,-10,-64,0,0,0,1,21,8,0,0,5.03,0.41,2.1,160.02199999999993
0,3,0,-27,-6,0,1,0,5,-4,-43,0,0,0,1,35,11,0,0,5.03,0.41,2.1,161.24599999999992
0,3,0,-25,4,0,0,0,5,17,-1,0,1,0,0,77,5,0,0,5.03,0.41,2.1,162.4699999999999
0,2,0,-15,11,0,0,1,4,30,-31,0,0,1,0,101,-80,0,0,5.03,0.43,2.2,163.75099999999992
0,2,0,-1,15,0,0,1,3,23,-85,0,0,1,1,118,-92,0,0,5.03,0.43,2.2,165.03199999999993
0,2,0,6,10,0,0,1,3,4,-110,0,-1,2,1,98,-134,0,0,5.03,0.43,2.2,166.31299999999993
0,2,0,7,5,0,0,1,2,-7,-104,0,-1,2,2,91,-130,0,0,5.03,0.43,2.2,167.59399999999994
0,2,0,9,-1,0,1,1,1,-39,-55,0,0,2,2,79,-144,0,0,5.03,0.43,2.2,168.87499999999994
0,2,0,5,-6,0,1,0,1,-60,15,0,0,3,3,57,-136,0,0,5.03,0.43,2.2,170.15599999999995
0,2,0,8,-7,0,0,0,0,-58,62,0,0,2,4,35,-113,0,0,5.03,0.43,2.2,171.43699999999995
0,2,0,10,-6,0,0,0,1,-26,54,0,0,1,5,32,-76,0,0,5.03,0.43,2.2,173.99899999999997
0,2,0,13,-4,0,0,0,2,2,25,0,0,1,5,35,-63,0,0,5.03,0.43,2.2,175.27999999999997
0,2,0,8,6,0,0,0,2,33,21,0,1,0,5,58,-50,0,0,5.03,0.43,2.2,176.56099999999998
0,2,0,3,11,0,1,-1,2,44,30,0,1,0,4,62,-48,0,0,5.03,0.43,2.2,177.84199999999998
0,3,0,-5,29,0,1,0,2,70,62,0,1,0,4,90,-27,0,0,5.03,0.43,2.2,179.123
0,3,0,-15,45,0,0,0,1,83,77,0,0,0,4,73,-7,0,0,5.03,0.43,2.2,180.404
0,3,0,-33,44,0,0,0,1,86,79,0,0,0,4,36,-5,0,0,5.03,0.43,2.2,181.685
0,2,0,-52,21,0,0,0,0,84,70,0,0,0,3,0,-6,0,0,5.03,0.43,2.2,182.966
0,2,0,-55,19,0,0,0,0,82,65,0,0,0,3,-7,-1,0,0,5.03,0.43,2.2,184.247
0,1,0,-58,31,0,0,1,0,73,46,0,0,0,2,-13,44,0,0,5.03,0.43,2.2,185.52800000000002
0,1,0,-59,41,0,0,1,1,50,21,0,0,0,2,-17,78,0,0,5.03,0.43,2.2,186.80900000000003
0,1,0,-60,40,0,0,1,1,16,7,0,0,1,2,-23,121,0,0,5.03,0.43,2.2,188.09000000000003
0,1,0,-59,36,0,0,1,1,3,8,0,0,1,2,-19,113,0,0,5.03,0.43,2.2,189.37100000000004
-1,2,0,-50,32,0,0,1,1,-25,9,0,0,1,1,-23,170,0,0,5.03,0.45,2.29,190.70600000000005
-1,3,-1,-31,25,0,0,1,2,-38,-6,0,-1,2,1,-95,195,0,0,5.03,0.45,2.29,192.04100000000005
-1,3,-1,-6,19,0,0,1,2,-46,-35,0,0,1,1,-122,198,0,0,5.03,0.45,2.29,193.37600000000006
-1,3,-1,5,11,0,0,1,3,-47,-40,0,0,1,1,-134,201,0,0,5.03,0.45,2.29,194.71100000000007
0,2,-1,21,9,0,0,0,3,-48,-41,0,0,1,1,-172,227,0,0,5.03,0.45,2.29,196.04600000000008
0,2,0,22,0,0,1,0,4,-47,-26,0,0,0,1,-215,215,0,0,5.03,0.45,2.29,197.38100000000009
0,2,0,24,-3,0,1,0,4,-46,0,0,0,0,0,-219,148,0,0,5.03,0.45,2.29,198.7160000000001
0,2,0,24,-4,0,1,0,4,-47,4,0,0,0,0,-212,108,0,0,5.03,0.45,2.29,200.0510000000001
0,2,0,27,-6,0,0,0,4,-45,12,0,0,0,0,-174,60,0,0,5.03,0.45,2.29,201.3860000000001
0,2,0,30,-8,0,0,0,4,-39,6,0,0,0,0,-125,57,0,0,5.03,0.45,2.29,202.72100000000012
0,1,0,36,-9,0,0,0,4,-37,-4,0,0,0,0,-77,49,0,0,5.03,0.45,2.29,204.05600000000013
0,1,0,39,-9,0,0,0,4,-39,-5,0,0,0,0,-59,38,0,0,5.03,0.45,2.29,205.39100000000013
0,1,0,43,-14,0,0,0,4,-38,-4,0,0,0,1,-17,8,0,0,5.03,0.45,2.29,206.72600000000014
0,1,0,43,-19,0,0,0,4,-28,1,0,0,0,1,23,-17,0,0,5.03,0.45,2.29,208.06100000000015
-1,2,0,33,-28,0,0,0,4,-11,24,0,0,0,1,63,-32,0,0,5.03,0.45,2.29,209.39600000000016
-1,2,0,26,-31,0,0,0,4,-3,36,0,0,0,0,83,-44,0,0,5.03,0.45,2.29,210.73100000000017
-1,3,0,5,-40,0,0,0,3,12,48,0,0,0,0,113,-65,0,0,5.03,0.45,2.29,212.06600000000017
0,3,0,-8,-50,0,0,0,3,26,28,0,0,0,0,130,-110,0,0,5.03,0.45,2.29,213.40100000000018
0,3,0,-19,-62,0,0,1,3,28,-10,0,0,1,0,125,-118,0,0,5.03,0.45,2.29,214.7360000000002
0,2,0,-20,-67,0,0,1,3,27,-23,0,0,1,0,118,-111,0,0,5.03,0.45,2.29,216.0710000000002
0,2,0,-12,-71,0,0,1,2,20,-53,0,0,1,1,128,-106,0,0,5.03,0.45,2.29,217.4060000000002
0,2,0,-3,-75,0,0,1,2,17,-24,0,0,1,1,142,-99,0,0,5.03,0.42,2.13,218.6480000000002
0,2,0,-2,-70,0,0,1,2,14,23,0,0,1,2,154,-86,0,0,5.03,0.42,2.13,219.89000000000019
0,2,0,-4,-66,0,0,1,2,11,32,0,0,1,1,152,-89,0,0,5.03,0.42,2.13,221.13200000000018
0,2,0,-11,-57,0,0,2,1,2,30,0,0,1,2,155,-108,0,0,5.03,0.42,2.13,222.37400000000017
0,2,0,-7,-41,0,0,0,2,-24,19,0,0,1,4,116,-48,0,0,5.03,0.42,2.13,223.61600000000016
0,2,0,-3,-33,0,0,0,1,-18,57,0,0,1,4,123,-28,0,0,5.03,0.42,2.13,224.85800000000015
0,2,0,0,-27,0,0,0,1,-14,63,0,0,1,4,126,-29,0,0,5.03,0.42,2.13,226.10000000000014
0,2,0,4,-17,0,0,0,1,-2,59,0,0,1,4,135,-22,0,0,5.03,0.42,2.13,227.34200000000013
0,2,0,6,-4,0,0,0,1,12,45,0,0,1,4,110,-12,0,0,5.03,0.42,2.13,228.58400000000012
0,2,0,7,7,0,0,0,1,28,40,0,0,2,4,50,-5,0,0,5.03,0.42,2.13,229.8260000000001
0,2,0,7,11,0,0,0,2,31,42,0,0,2,4,25,-7,0,0,5.03,0.42,2.13,231.0680000000001
0,2,0,8,20,0,0,0,2,41,63,0,0,1,3,-26,-9,0,0,5.03,0.42,2.13,232.3100000000001
0,2,0,10,28,0,0,0,2,43,72,0,0,1,3,-34,0,0,0,5.03,0.42,2.13,233.55200000000008
0,2,0,12,41,0,0,0,1,38,77,0,0,1,3,-31,29,0,0,5.03,0.42,2.13,234.79400000000007
0,2,0,13,45,0,0,0,1,34,77,0,0,1,3,-26,42,0,0,5.03,0.42,2.13,236.03600000000006
0,1,0,14,55,0,0,0,1,15,82,0,0,1,3,-20,63,0,0,5.03,0.42,2.13,237.27800000000005
0,2,0,12,58,0,0,0,0,-18,72,0,-1,1,4,-17,58,0,0,5.03,0.42,2.13,238.52000000000004
0,2,0,6,64,0,0,0,0,-50,48,0,-1,1,4,-11,86,0,0,5.03,0.42,2.13,239.76200000000003
0,2,0,5,66,0,0,0,0,-64,29,0,-1,2,4,-64,97,0,0,5.03,0.42,2.13,241.00400000000002
0,2,0,0,70,0,0,1,1,-80,-33,0,0,4,2,-92,-13,0,0,5.03,0.42,2.13,242.246
0,3,0,-7,75,0,0,1,1,-54,-12,0,0,2,1,-161,96,0,0,5.03,0.42,2.13,243.488
0,3,0,-17,72,0,0,1,2,-48,-9,0,0,2,0,-194,123,0,0,5.03,0.42,2.15,244.738
0,3,0,-21,66,0,0,1,2,-54,-25,0,1,3,0,-213,146,0,0,5.03,0.42,2.15,245.988
0,2,0,-28,59,0,0,1,2,-56,-50,0,0,1,-2,-250,132,0,0,5.03,0.42,2.15,247.238
0,2,0,-28,53,0,0,0,2,-60,-35,0,0,0,-1,-250,120,0,0,5.03,0.42,2.15,248.488
0,1,0,-24,50,0,0,0,3,-68,-1,0,0,0,0,-250,95,0,0,5.03,0.42,2.15,249.738
0,1,0,-22,50,0,0,0,3,-70,2,0,0,0,0,-250,70,0,0,5.03,0.42,2.15,250.988
0,1,0,-20,42,0,0,0,3,-53,-21,0,0,0,0,-209,32,0,0,5.03,0.42,2.15,252.238
-1,2,-1,-18,23,0,0,0,3,-23,-89,0,0,0,0,-150,44,0,0,5.03,0.42,2.15,253.488
-1,3,-1,-20,-11,0,0,0,4,-4,-144,0,0,-1,0,-98,74,0,0,5.03,0.42,2.15,254.738
-1,3,-1,-19,-21,0,0,0,4,-4,-161,0,0,-1,0,-84,79,0,0,5.03,0.42,2.15,255.988
-2,3,0,-11,-42,0,0,0,4,-13,-180,0,0,-1,1,-55,87,0,0,5.03,0.42,2.15,257.238
0,1,0,26,-20,0,0,0,3,-8,1,0,0,1,3,168,-149,0,0,5.03,0.42,2.13,258.481
0,1,0,27,-19,0,0,0,3,-6,14,0,0,1,2,155,-141,0,0,5.03,0.42,2.13,259.724
0,1,0,26,-19,0,0,0,2,5,55,0,0,1,1,170,-106,0,0,5.03,0.44,2.24,261.027
-1,2,0,22,-32,0,0,0,2,16,74,0,0,1,2,173,-108,0,0,5.03,0.44,2.24,262.33
-1,1,0,22,-57,0,0,1,1,16,67,0,0,1,2,154,-108,0,0,5.03,0.44,2.24,263.633
-1,1,0,21,-73,0,0,0,1,22,47,0,0,1,3,115,-111,0,0,5.03,0.44,2.24,264.936
-1,2,0,13,-82,0,0,0,0,41,39,0,0,0,3,97,-104,0,0,5.03,0.44,2.24,266.239
0,2,0,0,-87,0,0,0,0,67,46,0,0,0,3,73,-53,0,0,5.03,0.44,2.24,267.542
0,2,0,-3,-90,0,0,0,0,73,45,0,1,0,3,69,-14,0,0,5.03,0.44,2.24,268.84499999999997
0,3,0,-9,-82,0,0,0,0,89,41,0,0,0,4,37,19,0,0,5.03,0.44,2.24,270.14799999999997
0,3,0,-9,-66,0,0,0,0,102,32,0,0,0,4,20,83,0,0,5.03,0.44,2.24,271.45099999999996
1,3,0,-5,-31,0,0,0,0,105,10,0,0,0,3,8,121,0,0,5.03,0.44,2.24,272.75399999999996
1,3,0,1,0,0,0,0,1,95,-18,0,0,0,3,22,164,0,0,5.03,0.44,2.24,274.05699999999996
1,3,0,10,25,0,1,0,1,70,-8,0,0,0,3,18,215,0,0,5.03,0.44,2.24,275.35999999999996
0,3,-1,16,33,0,1,0,1,44,29,0,-1,1,2,-12,220,0,0,5.03,0.44,2.24,276.66299999999995
0,3,-1,15,30,0,1,1,1,25,53,0,0,2,2,-31,247,0,0,5.03,0.44,2.24,277.96599999999995
0,2,-1,12,24,0,1,1,2,1,49,0,-1,3,2,-38,217,0,0,5.03,0.44,2.24,279.26899999999995
0,2,-1,11,23,0,1,1,2,-4,48,0,-1,2,2,-37,231,0,0,5.03,0.44,2.24,280.57199999999995
0,2,-1,11,20,0,1,1,2,-28,30,0,-1,2,2,-70,165,0,0,5.03,0.44,2.24,281.87499999999994
0,2,0,14,23,0,0,0,3,-50,20,0,-1,1,0,-188,70,0,0,5.03,0.44,2.24,283.17799999999994
0,2,0,16,29,0,1,0,3,-72,32,0,0,1,0,-206,-11,0,0,5.03,0.44,2.24,284.48099999999994
0,2,0,15,39,0,0,0,3,-101,28,0,0,0,0,-235,-83,0,0,5.03,0.44,2.24,285.78399999999993
0,2,0,9,47,0,0,0,3,-112,0,0,0,1,0,-217,-140,0,0,5.03,0.44,2.24,287.08699999999993
0,2,0,0,58,0,0,0,4,-121,-42,0,0,0,0,-205,-133,0,0,5.03,0.44,2.25,288.3979999999999
0,2,0,-7,66,0,0,0,4,-114,-79,0,0,0,0,-195,-95,0,0,5.03,0.44,2.25,289.7089999999999
0,2,0,-10,68,0,0,0,4,-108,-86,0,0,0,0,-188,-87,0,0,5.03,0.44,2.25,291.01999999999987
0,2,0,-18,68,0,0,0,4,-94,-84,0,0,0,1,-145,-52,0,0,5.03,0.44,2.25,292.33099999999985
0,2,0,-26,68,0,0,0,3,-87,-55,0,0,0,1,-98,-28,0,0,5.03,0.44,2.25,293.6419999999998
0,3,0,-34,70,0,0,0,3,-84,-30,0,1,0,1,-56,-25,0,0,5.03,0.44,2.25,294.9529999999998
0,2,0,-39,66,0,0,0,3,-84,-23,0,0,0,1,-30,-8,0,0,5.03,0.44,2.25,296.2639999999998
0,2,0,-38,64,0,0,0,4,-82,-26,0,0,0,1,-2,2,0,0,5.03,0.44,2.25,297.57499999999976
0,1,0,-34,57,0,0,0,4,-76,-42,0,0,0,1,8,-16,0,0,5.03,0.44,2.25,298.88599999999974
0,1,0,-33,53,0,0,0,4,-70,-47,0,0,0,1,12,-13,0,0,5.03,0.44,2.25,300.1969999999997
0,1,0,-29,34,0,0,0,4,-48,-42,0,0,0,1,24,4,0,0,5.03,0.44,2.25,301.5079999999997
0,1,-1,-22,12,0,1,0,3,-31,-15,0,0,1,2,24,11,0,0,5.03,0.44,2.25,302.8189999999997
-1,2,-1,-17,-7,0,0,1,2,-44,-13,0,0,1,2,53,-17,0,0,5.03,0.44,2.25,304.12999999999965
-1,2,-1,-16,-22,0,0,1,2,-58,-38,0,-1,1,3,86,-56,0,0,5.03,0.44,2.25,305.44099999999963
-1,3,0,-13,-30,0,0,0,3,-77,-60,0,0,1,4,115,-88,0,0,5.03,0.44,2.25,306.7519999999996
-1,3,0,-2,-46,0,1,0,3,-77,-40,0,0,1,4,124,-114,0,0,5.03,0.44,2.25,308.0629999999996
-1,3,0,3,-51,0,0,0,3,-72,-27,0,0,1,4,132,-107,0,0,5.03,0.44,2.25,309.37399999999957
0,2,0,19,-60,0,1,0,2,-48,34,0,0,0,5,133,-110,0,0,5.03,0.44,2.25,310.68499999999955
0,2,-1,18,-57,0,0,0,1,-16,75,0,0,0,5,126,-115,0,0,5.03,0.44,2.25,311.9959999999995
0,2,0,10,-50,0,0,0,1,28,73,0,0,0,5,102,-117,0,0,5.03,0.44,2.25,313.3069999999995
0,1,0,6,-41,0,0,0,0,74,77,0,0,0,5,101,-83,0,0,5.03,0.44,2.25,314.6179999999995
0,1,0,2,-32,0,0,0,0,108,73,0,0,0,4,98,-57,0,0,5.03,0.44,2.25,315.9259999999995
0,1,0,2,-23,0,0,0,0,129,68,0,0,0,4,75,-40,0,0,5.03,0.44,2.25,317.23399999999947
0,2,0,4,-16,0,0,0,0,146,55,0,0,0,4,46,-50,0,0,5.03,0.44,2.25,318.54199999999946
0,2,0,6,-15,0,0,0,0,148,48,0,0,0,3,32,-57,0,0,5.03,0.44,2.25,319.84999999999945
0,2,0,8,-17,0,0,0,0,148,37,0,0,0,3,-2,-68,0,0,5.03,0.44,2.25,321.15799999999945
-1,2,0,3,-24,0,0,0,0,141,43,0,0,0,3,-15,-23,0,0,5.03,0.44,2.25,322.46599999999944
-1,2,0,0,-33,0,0,0,0,118,42,0,0,1,2,-10,54,0,0,5.03,0.44,2.25,323.77399999999943
0,2,0,-3,-35,0,0,0,0,108,38,0,0,1,2,-10,82,0,0,5.03,0.44,2.25,325.0819999999994
0,2,0,-10,-40,0,0,0,0,90,25,0,0,2,2,-28,186,0,0,5.03,0.44,2.25,326.3899999999994
0,3,0,-19,-40,0,0,1,1,54,-1,0,0,2,1,-88,79,0,0,5.03,0.44,2.25,327.6979999999994
0,2,0,-28,-36,0,0,1,2,8,9,0,0,2,1,-166,154,0,0,5.03,0.44,2.25,329.0059999999994
0,2,0,-28,-36,0,0,1,2,-20,14,0,0,0,0,-148,161,0,0,5.03,0.44,2.25,330.3139999999994
0,2,0,-26,-32,0,1,1,2,-57,30,0,0,3,0,-207,250,0,0,5.03,0.44,2.25,331.6219999999994
0,2,0,-21,-34,0,1,1,3,-75,29,0,1,0,0,-232,248,0,0,5.03,0.44,2.25,332.9299999999994
0,2,0,-17,-35,0,1,0,3,-78,21,0,1,0,0,-244,237,0,0,5.03,0.44,2.25,334.2379999999994
0,2,-1,-9,-31,0,1,0,4,-87,-1,0,0,0,0,-250,240,0,0,5.03,0.44,2.25,335.54599999999937
0,3,-1,-1,-18,0,1,0,4,-93,-22,0,1,1,0,-250,190,0,0,5.03,0.44,2.25,336.85399999999936
0,3,-1,1,-9,0,1,0,4,-79,-39,0,0,0,0,-188,131,0,0,5.03,0.44,2.25,338.16199999999935
0,3,0,0,-5,0,1,0,4,-71,-41,0,0,-1,0,-147,114,0,0,5.03,0.44,2.25,339.46999999999935
0,3,0,-14,5,0,1,0,5,-61,-43,0,1,0,1,-62,98,0,0,5.03,0.44,2.25,340.77799999999934
0,2,0,-21,8,0,0,-1,5,-69,-49,0,0,-1,2,-2,117,0,0,5.03,0.44,2.25,342.08599999999933
0,2,0,-17,3,0,0,-1,5,-76,-60,0,0,-1,2,27,125,0,0,5.03,0.42,2.15,343.3409999999993
0,2,0,-14,2,0,0,-1,5,-75,-65,0,0,-1,2,31,131,0,0,5.03,0.42,2.15,344.5959999999993
0,1,0,-5,3,0,0,-1,5,-69,-81,0,0,-1,1,52,128,0,0,5.03,0.42,2.15,345.8509999999993
0,1,0,0,6,0,0,-1,5,-63,-97,0,-1,0,0,86,103,0,0,5.03,0.42,2.15,347.1059999999993
0,1,0,5,11,0,0,-1,5,-54,-104,0,0,0,0,129,68,0,0,5.03,0.42,2.15,348.3609999999993
0,1,0,7,14,0,0,-1,4,-48,-102,0,-1,0,0,141,66,0,0,5.03,0.42,2.15,349.6159999999993
0,1,0,11,17,0,0,-1,4,-25,-86,0,0,1,0,167,0,0,0,5.03,0.42,2.15,350.8709999999993
0,2,0,9,20,0,1,0,4,-4,-60,0,-1,1,0,166,-86,0,0,5.03,0.42,2.15,352.1259999999993
0,3,0,0,23,0,1,0,4,25,-15,0,-2,2,1,135,-44,0,0,5.03,0.42,2.15,353.3809999999993
0,3,0,-9,31,0,0,1,3,60,6,0,-2,2,1,122,-64,0,0,5.03,0.42,2.15,354.6359999999993
0,4,0,-11,37,0,0,2,2,45,-15,0,-2,3,1,111,-72,0,0,5.03,0.42,2.15,355.8909999999993
0,3,0,-14,47,0,0,1,1,-7,-90,0,-2,2,2,110,-127,0,0,5.03,0.42,2.15,357.1459999999993
0,3,0,-18,45,0,0,1,1,-27,-124,0,-1,2,3,102,-153,0,0,5.03,0.42,2.15,358.40099999999927
0,2,0,-21,33,0,1,1,0,-11,-43,0,-1,2,3,78,-125,0,0,5.03,0.42,2.15,359.65599999999927
0,1,0,-22,27,0,1,0,0,1,2,0,-1,2,3,64,-123,0,0,5.03,0.42,2.15,360.91099999999926
0,1,0,-22,17,0,1,0,0,11,73,0,-1,1,4,31,-103,0,0,5.03,0.42,2.15,362.16599999999926
0,0,0,-22,14,0,0,0,0,32,81,0,0,0,4,-2,-89,0,0,5.03,0.42,2.15,363.42099999999925
0,0,0,-20,13,0,0,0,1,67,67,0,0,0,5,5,-76,0,0,5.03,0.42,2.15,364.67599999999925
0,0,0,-19,14,0,0,0,1,85,66,0,0,0,4,10,-84,0,0,5.03,0.42,2.15,365.93099999999924
0,1,-1,-16,18,0,0,0,1,139,81,0,0,0,4,52,-99,0,0,5.03,0.42,2.15,367.18599999999924
-1,2,-1,-9,15,0,0,0,0,184,113,0,0,0,4,84,-110,0,0,5.03,0.42,2.15,368.44099999999924
-1,4,0,6,14,0,0,0,0,200,127,0,0,0,4,101,-84,0,0,5.03,0.45,2.28,369.76799999999923
-1,4,0,8,5,0,0,0,0,199,128,0,0,0,4,103,-70,0,0,5.03,0.45,2.28,371.09499999999923
0,5,0,13,13,0,0,0,0,186,130,0,-1,0,3,95,-24,0,0,5.03,0.45,2.28,372.42199999999923
0,3,0,0,18,0,0,0,0,160,109,0,0,0,3,88,45,0,0,5.03,0.45,2.28,373.7489999999992
0,2,0,-8,25,0,0,0,0,141,75,0,-1,0,3,78,2,0,0,5.03,0.45,2.28,375.0759999999992
0,2,0,-7,25,0,0,1,1,126,61,0,-1,0,3,68,-3,0,0,5.03,0.45,2.28,376.4029999999992
0,2,0,-2,30,0,0,1,1,51,23,0,-1,0,2,51,3,0,0,5.03,0.45,2.28,377.7299999999992
0,2,0,1,28,0,0,2,2,-29,3,0,0,1,2,32,55,0,0,5.03,0.45,2.28,379.0569999999992
0,2,0,1,22,0,0,1,2,-73,-13,0,0,2,1,0,156,0,1,5.03,0.45,2.28,380.3839999999992
0,2,0,0,18,0,0,1,2,-79,-19,0,0,3,1,-24,192,0,0,5.03,0.45,2.28,381.7109999999992
0,1,0,0,5,0,0,1,3,-78,-29,0,0,1,0,-100,220,0,1,5.03,0.45,2.28,383.0379999999992
0,1,0,0,-11,0,0,0,3,-73,-19,0,0,0,0,-148,174,0,1,5.03,0.45,2.28,384.3649999999992
-1,1,0,2,-24,0,0,0,3,-81,-9,0,-1,0,0,-200,60,0,0,5.03,0.45,2.28,385.6919999999992
-1,1,0,3,-29,0,0,0,3,-87,-8,0,-1,1,0,-224,24,0,0,5.03,0.45,2.28,387.0189999999992
-1,1,0,8,-38,0,0,0,3,-95,-32,0,0,0,0,-225,-23,0,0,5.03,0.45,2.28,388.3459999999992
-1,2,0,8,-43,0,0,0,4,-93,-42,0,0,0,0,-183,-15,0,0,5.03,0.45,2.28,389.6729999999992
-1,2,0,0,-45,0,0,0,4,-96,-46,0,0,0,0,-151,1,0,0,5.03,0.45,2.28,390.9999999999992
0,3,0,-6,-44,0,0,0,3,-97,-50,0,0,0,0,-151,-6,0,0,5.03,0.45,2.28,392.3269999999992
0,3,0,-20,-52,0,0,0,3,-96,-63,0,0,0,1,-134,1,0,0,5.03,0.45,2.28,393.6539999999992
0,2,0,-21,-50,0,0,0,3,-95,-93,0,0,2,0,-88,-18,0,0,5.03,0.45,2.28,394.9809999999992
0,3,0,-16,-47,0,1,0,4,-89,-99,0,0,0,1,-82,18,0,0,5.03,0.45,2.28,396.3079999999992
0,3,0,-13,-45,0,1,0,4,-84,-92,0,0,0,1,-67,22,0,0,5.03,0.44,2.25,397.6179999999992
0,3,0,-5,-33,0,1,0,3,-68,-68,0,0,0,1,-38,38,0,0,5.03,0.44,2.25,398.9279999999992
0,3,0,1,-12,0,1,0,3,-41,-62,0,0,0,1,-2,36,0,0,5.03,0.44,2.25,400.2379999999992
0,2,0,5,2,0,1,0,3,-20,-64,0,0,1,2,31,26,0,0,5.03,0.44,2.25,401.5479999999992
0,2,0,6,4,0,1,0,4,-10,-63,0,-1,1,2,49,10,0,0,5.03,0.44,2.25,402.8579999999992
0,2,0,5,3,0,1,0,4,-6,-59,0,0,1,2,53,8,0,0,5.03,0.44,2.25,404.1679999999992
0,2,0,6,-1,0,1,0,4,-5,-39,0,0,1,2,50,-10,0,0,5.03,0.44,2.25,405.4779999999992
0,2,0,7,-7,0,1,0,3,-7,-15,0,0,1,2,59,-16,0,0,5.03,0.44,2.25,406.7879999999992
0,2,0,11,-9,0,0,0,3,-15,-27,0,-1,1,2,38,-94,0,0,5.03,0.44,2.25,408.0979999999992
0,2,0,13,-6,0,0,0,3,-21,-34,0,-2,1,3,60,-82,0,0,5.03,0.44,2.25,409.4079999999992
0,2,0,17,-3,0,0,0,3,-41,-63,0,-1,1,3,65,-133,0,0,5.03,0.44,2.25,410.7179999999992
0,2,0,19,0,0,1,0,2,-36,-38,0,0,1,3,74,-159,0,0,5.03,0.44,2.25,412.0279999999992
0,2,0,16,5,0,1,0,1,-3,16,0,0,0,4,60,-184,0,0,5.03,0.44,2.25,413.3379999999992
0,2,0,13,7,0,0,0,1,9,29,0,0,0,4,63,-189,0,0,5.03,0.44,2.25,414.64799999999923
0,3,0,3,15,0,0,0,1,30,42,0,0,0,5,69,-198,0,0,5.03,0.44,2.25,415.95799999999923
0,3,0,-4,24,0,0,0,2,46,42,0,1,0,4,86,-193,0,0,5.03,0.44,2.25,417.26799999999923
0,3,0,-12,30,0,0,0,2,54,44,0,1,0,3,102,-172,0,0,5.03,0.44,2.25,418.57799999999924
0,3,0,-15,32,0,0,0,2,60,50,0,0,0,3,112,-170,0,0,5.03,0.44,2.25,419.88799999999924
0,2,0,-21,31,0,0,0,1,78,74,0,0,0,2,144,-166,0,0,5.03,0.44,2.25,421.19799999999924
0,1,0,-23,30,0,0,0,1,92,95,0,0,0,2,162,-174,0,0,5.03,0.44,2.25,422.50799999999924
0,1,0,-17,33,0,0,0,1,99,88,0,0,1,2,161,-182,0,0,5.03,0.44,2.25,423.81799999999924
0,1,0,-16,33,0,0,0,1,101,81,0,0,1,1,160,-165,0,0,5.03,0.43,2.19,425.09399999999926
0,1,0,-14,31,0,0,0,0,105,53,0,0,1,2,139,-86,0,0,5.03,0.43,2.19,426.36999999999927
-1,1,-1,-8,27,0,0,0,0,104,18,0,0,1,2,115,-4,0,0,5.03,0.43,2.19,427.6459999999993
-1,3,-1,3,18,0,0,0,0,101,11,0,0,1,2,91,18,0,0,5.03,0.43,2.19,428.9219999999993
-1,4,-1,12,22,0,0,0,1,96,15,0,0,1,2,71,42,0,0,5.03,0.43,2.19,430.1979999999993
-2,5,0,12,10,0,0,0,1,78,29,0,0,1,2,47,116,0,0,5.03,0.43,2.19,431.4739999999993
0,3,0,5,12,0,0,0,1,59,29,0,0,1,3,18,169,0,0,5.03,0.43,2.19,432.7499999999993
0,2,0,-5,18,0,0,0,2,30,31,0,0,1,3,-11,209,0,0,5.03,0.43,2.19,434.0259999999993
0,2,0,-7,15,0,0,0,2,20,27,0,0,1,3,-14,210,0,0,5.03,0.43,2.19,435.30199999999934
0,2,0,-4,24,0,0,0,2,-1,22,0,0,1,3,-42,229,0,1,5.03,0.43,2.19,436.57799999999935
0,2,0,0,24,0,0,0,2,-19,37,0,0,1,2,-80,141,0,1,5.03,0.43,2.19,437.85399999999936
0,1,0,5,22,0,0,0,2,-28,57,0,0,1,3,-140,135,0,1,5.03,0.43,2.19,439.12999999999937
0,1,0,5,19,0,0,0,2,-29,58,0,0,1,3,-148,131,0,1,5.03,0.43,2.19,440.4059999999994
0,1,0,8,3,0,0,0,2,-32,23,0,-1,1,2,-207,107,0,0,5.03,0.43,2.19,441.6819999999994
0,1,-1,7,-17,0,0,0,2,-39,-26,0,0,0,1,-207,91,0,1,5.03,0.43,2.19,442.9579999999994
-1,1,0,7,-38,0,0,0,3,-55,-52,0,0,0,0,-210,93,0,0,5.03,0.43,2.19,444.2339999999994
-1,1,0,9,-52,0,0,0,2,-71,-73,0,0,0,0,-166,75,0,0,5.03,0.43,2.19,445.5099999999994
-1,1,0,10,-56,0,0,0,2,-76,-79,0,0,0,0,-191,65,0,0,5.03,0.43,2.19,446.78599999999943
-1,2,0,8,-57,0,0,0,3,-84,-86,0,0,0,0,-193,130,0,0,5.03,0.43,2.19,448.06199999999944
-1,2,0,-8,-49,0,0,0,3,-93,-84,0,0,2,0,-194,128,0,0,5.03,0.43,2.19,449.33799999999945
-1,2,0,-15,-50,0,0,0,3,-97,-81,0,0,1,0,-215,141,0,0,5.03,0.43,2.19,450.61399999999946
0,2,0,-25,-50,0,0,0,3,-102,-73,0,0,0,0,-189,95,0,0,5.04,0.46,2.36,451.98699999999945
0,2,0,-29,-53,0,0,0,3,-101,-62,0,0,0,0,-147,45,0,0,5.04,0.46,2.36,453.35999999999945
0,1,0,-26,-56,0,0,0,3,-89,-64,0,0,0,0,-82,15,0,0,5.04,0.46,2.36,454.73299999999944
0,1,0,-24,-58,0,0,0,3,-81,-69,0,0,0,1,-56,10,0,0,5.04,0.46,2.36,456.1059999999994
0,2,0,-20,-51,0,0,0,3,-53,-95,0,0,0,1,3,13,0,0,5.04,0.46,2.36,457.4789999999994
0,3,0,-18,-46,0,1,0,4,-26,-105,0,0,0,2,47,29,0,0,5.04,0.46,2.36,458.8519999999994
0,3,0,-11,-29,0,1,0,4,-8,-92,0,0,0,2,59,43,0,0,5.04,0.46,2.36,460.2249999999994
1,4,0,-6,-20,0,2,0,4,-3,-76,0,0,0,2,62,44,0,0,5.04,0.46,2.36,461.5979999999994
0,3,0,10,0,0,2,0,4,12,-31,0,-1,0,2,74,17,0,0,5.04,0.46,2.36,462.9709999999994
0,3,0,16,9,0,1,0,4,18,-15,0,-1,0,2,102,-42,0,0,5.04,0.46,2.36,464.34399999999937
0,2,0,14,8,0,1,0,3,5,-7,0,0,1,2,132,-100,0,0,5.04,0.46,2.36,465.71699999999936
0,2,0,13,7,0,1,0,3,2,-1,0,0,0,1,128,-118,0,0,5.04,0.46,2.36,467.08999999999935
0,2,0,16,6,0,1,0,3,8,12,0,0,1,2,152,-97,0,0,5.04,0.46,2.36,468.46299999999934
0,2,0,19,6,0,1,0,3,-3,30,0,0,1,2,150,-60,0,0,5.04,0.46,2.36,469.83599999999933
0,1,0,23,12,0,1,0,2,-23,35,0,-1,1,2,137,-77,0,0,5.04,0.46,2.36,471.2089999999993
0,1,0,24,16,0,1,0,2,-35,29,0,-1,1,3,161,-42,0,0,5.04,0.46,2.36,472.5819999999993
0,2,0,19,24,0,0,0,2,-51,15,0,-1,1,3,144,-87,0,0,5.04,0.46,2.36,473.9549999999993
0,3,0,2,33,0,0,0,1,-46,15,0,0,1,3,136,-131,0,0,5.04,0.46,2.36,475.3279999999993
0,4,0,-20,34,0,0,0,1,-21,33,0,0,1,3,128,-137,0,0,5.04,0.46,2.36,476.7009999999993
0,4,0,-24,32,0,0,0,1,-9,40,0,0,1,3,126,-130,0,0,5.04,0.46,2.36,478.0739999999993
0,3,0,-24,24,0,0,0,1,9,46,0,0,1,3,130,-120,0,0,5.04,0.46,2.36,479.44699999999926
0,2,0,-27,23,0,0,0,1,18,37,0,0,1,3,122,-116,0,0,5.03,0.43,2.21,480.7349999999993
0,1,0,-29,31,0,0,0,1,26,34,0,0,1,3,110,-118,0,0,5.03,0.43,2.21,482.0229999999993
0,1,0,-30,35,0,0,0,1,28,39,0,0,1,3,99,-107,0,0,5.03,0.43,2.21,483.3109999999993
0,1,0,-31,45,0,0,0,1,36,61,0,0,1,3,57,-106,0,0,5.03,0.43,2.21,484.5989999999993
0,1,0,-38,42,0,0,-1,0,178,94,0,0,-1,3,-23,31,0,0,5.04,0.47,2.41,486.0019999999993
-1,2,0,-31,48,0,0,-1,0,220,88,0,0,0,3,20,-51,0,0,5.04,0.47,2.41,487.40499999999935
-1,3,0,-27,37,0,0,-1,0,231,62,0,0,0,4,51,-15,0,0,5.04,0.47,2.41,488.80799999999937
-1,3,0,-22,36,0,0,0,0,234,52,0,0,1,4,65,-16,0,0,5.04,0.47,2.41,490.2109999999994
-1,3,0,-14,24,0,0,0,0,226,31,0,-1,1,4,36,-13,0,0,5.04,0.47,2.41,491.6139999999994
0,3,0,-12,13,0,0,0,0,208,35,0,-1,1,4,2,0,0,0,5.04,0.47,2.41,493.0169999999994
0,2,0,-12,19,0,0,1,1,187,53,0,0,1,3,-23,80,0,0,5.04,0.47,2.41,494.41999999999945
0,2,-1,-11,22,0,1,1,1,172,59,0,0,1,3,-13,111,0,0,5.04,0.47,2.41,495.82299999999947
0,1,0,-9,26,0,1,2,1,137,81,0,0,1,2,48,117,0,0,5.04,0.47,2.41,497.2259999999995
0,1,0,-3,29,0,0,2,2,92,41,0,0,5,0,-101,180,0,0,5.03,0.43,2.19,498.5049999999995
0,1,0,2,22,0,0,2,2,56,-18,0,0,1,0,-178,84,0,0,5.03,0.43,2.19,499.7839999999995
0,1,0,4,18,0,1,1,2,47,-32,0,0,2,0,-228,130,0,0,5.03,0.43,2.19,501.0629999999995
0,1,0,11,6,0,1,0,4,12,-59,0,0,2,0,-250,27,0,0,5.03,0.43,2.19,502.3419999999995
0,1,0,16,-5,0,1,0,4,-4,-41,0,0,0,0,-250,20,0,0,5.03,0.43,2.19,503.62099999999947
0,1,0,17,-15,0,0,0,4,-19,-39,0,0,0,-1,-250,2,0,0,5.03,0.43,2.19,504.89999999999947
-1,1,0,16,-18,0,0,0,4,-21,-40,0,0,0,0,-250,25,0,0,5.03,0.43,2.19,506.17899999999946
-1,2,0,11,-23,0,0,0,4,-25,-47,0,0,0,0,-250,91,0,0,5.03,0.43,2.19,507.45799999999946
-1,3,0,-4,-23,0,0,0,4,-34,-21,0,0,0,0,-197,26,0,0,5.03,0.43,2.19,508.73699999999945
-1,3,0,-16,-21,0,1,0,4,-63,9,0,0,-1,0,-86,8,0,0,5.03,0.43,2.19,510.01599999999945
0,3,0,-24,-32,0,1,0,5,-96,11,0,0,0,0,-66,8,0,0,5.03,0.43,2.19,511.29499999999945
0,3,0,-27,-38,0,1,-1,5,-104,4,0,0,-1,0,-51,16,0,0,5.03,0.43,2.19,512.5739999999995
0,2,0,-32,-49,0,0,0,4,-111,-34,0,0,-1,1,-27,46,0,0,5.03,0.43,2.19,513.8529999999995
0,2,0,-33,-55,0,0,0,4,-93,-98,0,0,-1,1,-1,75,0,0,5.03,0.43,2.19,515.1319999999995
0,2,0,-33,-59,0,0,0,4,-69,-133,0,0,-1,1,41,87,0,0,5.03,0.43,2.19,516.4109999999995
0,2,0,-32,-60,0,0,0,4,-63,-138,0,0,0,1,57,91,0,0,5.03,0.43,2.19,517.6899999999995
0,3,0,-27,-46,0,1,0,5,-55,-108,0,0,0,1,94,93,0,0,5.03,0.43,2.19,518.9689999999995
0,3,0,-14,-24,0,2,0,5,-63,-37,0,0,0,1,101,69,0,0,5.03,0.43,2.19,520.2479999999995
0,2,0,0,-10,0,1,0,5,-70,7,0,0,0,1,123,81,0,0,5.03,0.43,2.19,521.5269999999995
0,2,0,3,-8,0,1,0,5,-64,16,0,0,0,1,129,75,0,0,5.03,0.43,2.19,522.8059999999995
0,2,0,9,-10,0,0,1,3,-43,6,0,-1,1,2,166,33,0,0,5.03,0.43,2.19,524.0849999999995
0,2,0,13,-15,0,0,2,2,-45,-57,0,-2,2,2,166,-34,0,0,5.04,0.47,2.41,525.4889999999995
0,2,0,15,-17,0,0,1,2,-51,-75,0,-2,2,2,164,-79,0,0,5.04,0.47,2.41,526.8929999999995
0,2,0,24,-20,0,1,1,2,-47,-77,0,-2,2,2,185,-171,0,0,5.04,0.47,2.41,528.2969999999995
0,2,0,35,-21,0,1,0,2,-62,-15,0,-1,2,2,197,-179,0,0,5.04,0.47,2.41,529.7009999999995
0,2,0,44,-28,0,0,0,2,-80,-16,0,-2,1,4,169,-218,0,0,5.04,0.47,2.41,531.1049999999994
0,2,0,45,-32,0,0,0,2,-89,-30,0,-1,1,4,149,-238,0,0,5.04,0.47,2.41,532.5089999999994
0,2,0,41,-36,0,0,0,1,-94,-30,0,0,1,5,79,-250,0,0,5.04,0.47,2.41,533.9129999999994
0,2,0,30,-30,0,0,0,0,-54,-17,0,0,1,4,31,-206,0,0,5.04,0.47,2.41,535.3169999999994
0,2,0,18,-14,0,1,0,0,-3,25,0,1,0,4,16,-125,0,0,5.04,0.47,2.41,536.7209999999994
0,2,0,14,-7,0,1,0,0,11,48,0,1,0,3,18,-79,0,0,5.04,0.47,2.41,538.1249999999994
0,2,0,7,7,0,1,0,0,45,91,0,1,0,5,78,-37,0,0,5.04,0.47,2.41,539.5289999999994
0,2,0,5,28,0,0,-1,1,77,87,0,0,0,4,71,-47,0,0,5.04,0.47,2.41,540.9329999999994
0,3,0,-2,38,0,0,-1,1,108,51,0,0,0,4,61,-77,0,0,5.04,0.47,2.41,542.3369999999994
0,3,0,-6,41,0,0,-1,1,121,37,0,0,0,4,44,-94,0,0,5.04,0.47,2.41,543.7409999999994
0,3,0,-17,47,0,0,-1,0,164,19,0,0,0,4,52,-108,0,0,5.04,0.47,2.41,545.1449999999994
0,3,0,-25,54,0,0,0,0,212,39,0,0,0,4,77,-75,0,0,5.04,0.47,2.41,546.5489999999994
0,2,0,-28,61,0,0,0,0,238,57,0,0,0,4,105,-10,0,0,5.04,0.47,2.41,547.9529999999994
0,2,0,-29,63,0,0,0,0,243,61,0,0,0,3,105,19,0,0,5.04,0.47,2.41,549.3569999999994
0,2,0,-31,65,0,0,0,0,223,40,0,0,0,2,137,96,0,0,5.04,0.47,2.41,550.7609999999994
0,1,0,-27,68,0,0,1,0,157,-7,0,0,1,2,159,250,0,0,5.04,0.47,2.41,552.1649999999994
0,1,0,-24,69,0,0,2,1,64,12,0,0,1,1,140,166,0,0,5.04,0.47,2.41,553.5689999999994
0,1,0,-23,67,0,0,1,1,33,28,0,0,1,1,122,212,0,0,5.04,0.46,2.35,554.9409999999993
0,1,-1,-18,59,0,1,1,2,-21,99,0,0,1,1,28,165,0,0,5.04,0.46,2.35,556.3129999999993
-1,2,-1,-7,47,0,0,1,2,-36,136,0,0,4,0,-98,144,0,0,5.04,0.46,2.35,557.6849999999993
-1,2,0,7,32,0,0,0,3,-31,76,0,-2,1,0,-205,83,0,0,5.04,0.46,2.35,559.0569999999992
-1,3,0,14,19,0,0,0,3,-12,0,0,0,1,0,-250,5,0,0,5.04,0.46,2.35,560.4289999999992
-1,3,0,11,16,0,0,0,3,-6,-23,0,0,1,0,-250,-18,0,0,5.04,0.46,2.35,561.8009999999991
-1,2,0,4,8,0,0,0,4,-14,-77,0,-1,0,0,-250,-49,0,0,5.04,0.46,2.35,563.1729999999991
0,2,0,0,5,0,1,0,4,-43,-49,0,0,0,0,-250,-55,0,0,5.04,0.46,2.35,564.544999999999
0,2,0,0,5,0,1,0,4,-50,-28,0,0,0,0,-250,-58,0,0,5.04,0.46,2.35,565.916999999999
0,2,0,3,3,0,1,0,4,-56,3,0,0,0,0,-250,-3,0,0,5.04,0.46,2.35,567.288999999999
0,2,0,5,0,0,0,0,3,-53,2,0,0,0,0,-250,110,0,0,5.04,0.46,2.35,568.6609999999989
0,2,0,8,-8,0,0,0,3,-52,-32,0,0,0,0,-222,146,0,0,5.04,0.46,2.35,570.0329999999989
0,2,0,9,-13,0,0,0,3,-50,-49,0,0,0,0,-195,147,0,0,5.04,0.46,2.35,571.4049999999988
0,2,0,12,-31,0,0,0,3,-48,-76,0,0,0,0,-125,107,0,0,5.04,0.46,2.35,572.7769999999988
0,1,0,19,-64,0,0,0,4,-72,-94,0,0,0,1,-38,78,0,0,5.04,0.46,2.35,575.5209999999987
0,1,0,21,-70,0,1,0,4,-77,-80,0,0,0,1,-20,78,0,0,5.04,0.46,2.35,576.8929999999987
-1,1,0,26,-81,0,1,0,4,-87,-19,0,0,0,1,18,87,0,0,5.04,0.46,2.35,578.2649999999986
-1,2,0,35,-89,0,1,0,4,-62,29,0,0,0,2,38,88,0,0,5.04,0.46,2.35,579.6369999999986
-1,3,0,38,-85,0,1,0,3,-70,49,0,-1,0,1,45,74,0,0,5.04,0.46,2.35,581.0089999999985
-1,3,0,28,-73,0,1,0,3,-70,54,0,-1,0,1,49,61,0,0,5.04,0.46,2.35,582.3809999999985
0,4,0,3,-41,0,0,0,3,-52,32,0,-1,0,1,73,18,0,1,5.03,0.44,2.21,583.6719999999985
0,3,0,-22,-51,0,0,0,3,-44,-22,0,0,1,1,82,-22,0,0,5.03,0.44,2.21,584.9629999999986
0,2,0,-22,-67,0,0,0,4,-49,-56,0,0,1,1,99,-35,0,0,5.03,0.44,2.21,586.2539999999987
0,2,0,-17,-71,0,0,0,4,-50,-56,0,0,2,1,83,-43,0,0,5.03,0.44,2.21,587.5449999999987
0,2,-1,-2,-66,0,0,0,4,-61,-59,0,0,0,2,104,-7,0,0,5.03,0.44,2.21,588.8359999999988
0,2,-1,2,-44,0,0,1,3,-69,-79,0,0,1,3,111,-52,0,0,5.03,0.44,2.21,590.1269999999988
0,3,-1,6,-21,0,1,1,2,-77,-95,0,0,1,3,122,-88,0,0,5.03,0.44,2.21,591.4179999999989
0,3,0,6,-13,0,1,1,2,-72,-82,0,0,0,3,128,-95,0,0,5.03,0.44,2.21,592.7089999999989
0,3,0,4,4,0,2,0,2,-46,-22,0,0,0,3,147,-102,0,0,5.03,0.44,2.21,593.999999999999
0,2,0,1,9,0,1,0,2,-21,17,0,0,0,3,166,-100,0,1,5.03,0.44,2.21,595.290999999999
0,2,0,-2,-1,0,0,0,2,-22,28,0,0,1,3,174,-123,0,0,5.03,0.44,2.21,596.5819999999991
0,2,0,-3,-7,0,0,0,2,-22,25,0,0,1,3,179,-138,0,0,5.03,0.44,2.21,597.8729999999991
0,2,0,-5,-16,0,0,0,2,-24,8,0,0,0,3,171,-189,0,0,5.03,0.44,2.21,599.1639999999992
0,2,0,-6,-12,0,0,0,1,-12,25,0,0,1,3,160,-160,0,0,5.03,0.44,2.21,600.4549999999992
0,2,0,-4,0,0,1,0,0,43,85,0,0,2,3,160,-65,0,0,5.03,0.44,2.21,601.7459999999993
0,2,0,0,11,0,0,0,0,79,145,0,0,1,3,136,3,0,0,5.03,0.44,2.21,603.0369999999994
0,2,0,2,16,0,0,0,0,79,137,0,0,1,3,134,-4,0,0,5.03,0.44,2.21,604.3279999999994
0,2,0,2,27,0,0,0,0,92,132,0,-1,1,4,124,-14,0,0,5.03,0.44,2.21,605.6189999999995
0,2,0,0,41,0,0,0,0,89,96,0,-1,0,4,109,-38,0,0,5.03,0.44,2.21,606.9099999999995
0,2,0,-3,54,0,0,0,0,90,64,0,0,1,4,62,-40,0,0,5.03,0.44,2.21,608.2009999999996
0,3,0,-6,58,0,0,0,0,86,49,0,0,1,3,46,-49,0,0,5.03,0.44,2.21,609.4919999999996
0,3,0,-10,72,0,0,0,1,77,33,0,0,1,4,36,-24,0,0,5.04,0.46,2.36,610.8669999999996
0,3,0,-21,79,0,0,0,1,59,44,0,-1,1,2,-10,153,0,0,5.04,0.46,2.36,612.2419999999996
0,3,0,-39,75,0,1,0,1,34,83,0,0,1,2,-18,144,0,0,5.04,0.46,2.36,613.6169999999996
0,2,0,-43,73,0,0,0,1,21,94,0,0,0,1,-31,64,0,0,5.04,0.46,2.36,614.9919999999996
0,2,0,-48,66,0,0,0,2,16,49,0,-1,1,2,-69,131,0,0,5.04,0.46,2.36,616.3669999999996
0,1,0,-46,66,0,0,0,2,31,1,0,0,1,1,-106,148,0,0,5.04,0.46,2.36,617.7419999999996
0,1,0,-42,58,0,0,0,2,48,25,0,0,0,0,-127,80,0,0,5.04,0.46,2.36,619.1169999999996
0,1,-1,-41,55,0,0,0,2,49,40,0,0,1,0,-145,119,0,0,5.04,0.46,2.36,620.4919999999996
0,1,-1,-38,44,0,0,0,2,27,39,0,0,2,1,-198,43,0,0,5.04,0.46,2.36,621.8669999999996
-1,2,-1,-31,35,0,0,0,2,2,27,0,0,0,1,-194,17,0,0,5.04,0.46,2.36,623.2419999999996
-1,4,0,-24,32,0,0,0,2,-24,16,0,0,1,1,-187,2,0,0,5.04,0.46,2.36,624.6169999999996
-2,4,0,-22,31,0,0,0,2,-36,10,0,0,1,0,-193,-3,0,0,5.04,0.46,2.36,625.9919999999996
-1,3,0,-18,23,0,0,0,3,-69,-6,0,0,0,1,-198,17,0,0,5.04,0.46,2.36,627.3669999999996
0,2,-1,-21,22,0,0,0,3,-89,-16,0,0,0,2,-202,43,0,0,5.04,0.46,2.36,628.7419999999996
0,2,-1,-18,20,0,0,0,2,-90,-60,0,0,0,1,-250,86,0,0,5.04,0.46,2.36,630.1169999999996
0,1,0,-14,19,0,0,0,3,-91,-79,0,0,0,2,-250,94,0,0,5.04,0.46,2.36,631.4919999999996
0,1,0,-4,16,0,1,0,3,-108,-111,0,-1,0,1,-250,108,0,0,5.04,0.46,2.36,632.8669999999996
0,1,0,6,13,0,1,0,3,-137,-92,0,0,0,0,-250,91,0,0,5.04,0.46,2.36,634.2419999999996
0,1,0,10,10,0,1,0,4,-150,-72,0,0,0,0,-250,86,0,0,5.04,0.46,2.36,635.6169999999996
0,1,0,19,0,0,1,0,4,-177,-51,0,0,0,0,-239,76,0,0,5.04,0.46,2.36,636.9919999999996
0,1,0,25,-14,0,1,0,4,-172,-49,0,1,0,0,-162,89,0,0,5.04,0.46,2.36,638.3669999999996
0,1,0,30,-30,0,0,0,4,-161,-55,0,0,0,0,-69,121,0,0,5.03,0.44,2.25,639.6789999999996
0,1,0,38,-34,0,0,-1,4,-158,-65,0,0,0,1,-36,127,0,0,5.03,0.44,2.25,640.9909999999996
-1,1,0,36,-49,0,0,-1,4,-146,-92,0,0,-1,1,12,134,0,0,5.03,0.44,2.25,642.3029999999997
-1,2,0,26,-53,0,0,-1,5,-139,-90,0,-1,0,2,10,119,0,0,5.03,0.44,2.25,643.6149999999997
-2,4,0,0,-52,0,0,-1,5,-122,-81,0,-1,0,2,24,94,0,0,5.03,0.44,2.25,644.9269999999997
-1,4,0,-16,-64,0,1,0,4,-88,-70,0,-1,0,2,76,64,0,0,5.03,0.44,2.25,646.2389999999997
0,3,0,-20,-70,0,1,0,4,-75,-72,0,0,0,1,98,44,0,0,5.03,0.44,2.25,647.5509999999997
0,3,0,-20,-85,0,1,0,4,-54,-61,0,0,0,2,177,13,0,0,5.03,0.44,2.25,648.8629999999997
0,2,0,-14,-96,0,2,0,4,-27,-20,0,-1,0,2,209,-39,0,0,5.03,0.44,2.25,650.1749999999997
0,2,0,-6,-97,0,1,0,4,-10,10,0,-1,0,2,215,-88,0,0,5.03,0.44,2.25,651.4869999999997
0,2,0,-4,-96,0,1,0,4,-2,5,0,0,0,3,219,-113,0,0,5.03,0.44,2.25,652.7989999999998
0,2,0,1,-79,0,0,0,3,-2,-18,0,0,1,3,250,-134,0,0,5.03,0.44,2.25,654.1109999999998
0,2,0,11,-54,0,0,0,2,-15,-73,0,-1,1,4,250,-141,0,0,5.03,0.44,2.25,655.4229999999998
0,2,0,19,-23,0,1,0,1,-31,-80,0,-1,1,4,218,-203,0,0,5.03,0.44,2.25,658.0469999999998
0,2,0,16,-20,0,1,0,1,-31,-53,0,-1,1,4,196,-186,0,0,5.03,0.44,2.25,659.3589999999998
0,2,0,10,-14,0,1,0,0,-18,10,0,0,0,4,157,-129,0,0,5.03,0.44,2.25,660.6709999999998
0,2,0,8,-13,0,1,0,0,1,47,0,0,0,3,147,-112,0,0,5.03,0.44,2.25,661.9829999999998
0,2,0,8,-13,0,1,0,0,16,54,0,0,0,3,154,-93,0,0,5.03,0.44,2.25,663.2949999999998
0,2,0,8,-13,0,0,0,0,62,58,0,0,0,3,144,-52,0,0,5.03,0.44,2.25,664.6069999999999
0,2,0,6,-6,0,0,0,0,110,51,0,0,0,4,131,-19,0,0,5.03,0.44,2.25,665.9189999999999
0,2,0,2,5,0,0,0,0,141,39,0,0,0,4,117,-3,0,0,5.04,0.46,2.33,667.2779999999999
0,2,0,2,12,0,0,0,0,151,38,0,0,0,4,104,-3,0,0,5.04,0.46,2.33,668.637
0,2,0,1,25,0,0,0,0,170,52,0,0,0,3,104,13,0,0,5.04,0.46,2.33,669.996
0,2,0,-1,39,0,1,0,0,195,97,0,0,1,3,99,52,0,0,5.04,0.46,2.33,671.355
0,2,0,2,53,0,1,0,0,211,158,0,0,0,3,149,53,0,0,5.04,0.46,2.33,672.714
0,2,0,2,56,0,0,0,0,211,168,0,0,1,3,151,80,0,0,5.04,0.46,2.33,674.0730000000001
0,3,0,-2,61,0,0,0,0,200,149,0,-1,1,2,193,134,0,0,5.04,0.46,2.33,675.4320000000001
0,3,0,-9,70,0,0,1,0,178,104,0,0,3,2,58,250,0,0,5.04,0.46,2.33,676.7910000000002
0,4,0,-22,76,0,0,1,1,161,112,0,0,1,1,12,250,0,0,5.04,0.46,2.33,678.1500000000002
0,4,0,-26,76,0,0,1,1,155,120,0,-1,3,1,0,250,0,0,5.04,0.46,2.33,679.5090000000002
0,3,0,-37,69,0,0,1,2,125,147,0,0,2,0,-133,180,0,0,5.04,0.46,2.33,680.8680000000003
0,2,0,-39,69,0,0,1,2,98,113,0,0,1,0,-194,158,0,0,5.04,0.46,2.33,682.2270000000003
0,1,0,-45,67,0,0,0,2,70,63,0,0,1,0,-207,143,0,0,5.04,0.46,2.33,683.5860000000004
0,1,0,-46,67,0,0,0,2,56,35,0,0,1,0,-210,125,0,0,5.04,0.46,2.33,684.9450000000004
0,1,0,-44,71,0,0,0,3,9,-16,0,0,1,0,-230,38,0,0,5.04,0.46,2.33,686.3040000000004
0,0,0,-42,73,0,1,0,3,-28,-15,0,0,1,0,-250,-37,0,0,5.04,0.46,2.33,687.6630000000005
0,0,0,-38,61,0,1,0,4,-46,9,0,0,0,0,-250,-59,0,0,5.04,0.46,2.33,689.0220000000005
0,2,-1,-38,26,0,0,0,4,-92,20,0,0,0,1,-155,77,0,0,5.04,0.46,2.34,690.3900000000006
-1,3,-1,-31,15,0,0,0,5,-83,10,0,0,0,1,-106,42,0,0,5.04,0.46,2.34,691.7580000000006
-1,3,0,-22,0,0,0,-1,5,-67,-7,0,0,-1,1,-59,35,0,0,5.04,0.46,2.34,693.1260000000007
-2,3,0,-15,-5,0,0,-1,5,-55,-31,0,0,-1,1,-14,31,0,0,5.04,0.46,2.34,694.4940000000007
-2,2,0,-9,-6,0,0,-1,5,-51,-41,0,0,-1,1,0,33,0,0,5.04,0.46,2.34,695.8620000000008
-1,2,-1,-3,-14,0,0,0,5,-44,-56,0,-1,0,1,46,38,0,0,5.04,0.46,2.34,697.2300000000008
0,2,0,4,-26,0,0,0,5,-45,-56,0,-1,0,1,88,39,0,0,5.04,0.46,2.34,698.5980000000009
0,2,0,14,-28,0,0,0,5,-56,-54,0,-1,0,1,119,14,0,0,5.04,0.46,2.34,699.9660000000009
0,2,0,15,-25,0,0,0,5,-61,-53,0,-1,0,1,139,2,0,0,5.04,0.46,2.34,701.334000000001
0,2,0,23,-20,0,0,0,4,-37,-44,0,-1,0,2,184,-19,0,0,5.04,0.46,2.34,702.702000000001
0,2,0,28,-11,0,0,0,4,-5,-45,0,-1,1,2,202,-36,0,0,5.04,0.46,2.34,704.0700000000011
0,2,0,31,-4,0,0,0,3,43,-20,0,-1,1,2,162,-23,0,0,5.04,0.46,2.34,705.4380000000011
0,2,0,32,-3,0,0,1,3,57,-17,0,-1,1,2,179,-31,0,0,5.04,0.46,2.34,706.8060000000012
0,2,0,36,0,0,0,1,3,77,-25,0,-1,2,1,192,-55,0,0,5.04,0.46,2.34,708.1740000000012
0,2,0,35,-5,0,0,1,2,44,-30,0,-3,1,2,207,-124,0,0,5.04,0.46,2.34,709.5420000000013
-1,2,0,28,-23,0,0,1,1,-2,1,0,-3,1,2,179,-224,0,0,5.04,0.46,2.34,710.9100000000013
-1,2,0,26,-31,0,0,1,1,-15,19,0,-2,1,2,164,-250,0,0,5.04,0.46,2.34,712.2780000000014
-1,2,0,21,-55,0,0,1,1,-22,57,0,-1,1,3,157,-250,0,1,5.04,0.47,2.41,713.6840000000013
-1,2,0,20,-69,0,0,1,1,-3,78,0,0,1,3,142,-250,0,0,5.04,0.47,2.41,715.0900000000013
-1,3,0,18,-79,0,0,0,1,38,74,0,0,1,3,134,-250,0,1,5.04,0.47,2.41,716.4960000000012
0,3,0,13,-84,0,0,0,1,32,74,0,1,0,3,133,-229,0,1,5.04,0.47,2.41,717.9020000000012
0,3,0,8,-88,0,0,0,1,39,70,0,1,0,3,141,-212,0,0,5.04,0.47,2.41,719.3080000000011
0,3,0,-8,-85,0,0,0,1,54,70,0,0,0,4,167,-200,0,0,5.04,0.47,2.41,720.7140000000011
0,2,0,-22,-76,0,0,0,1,63,65,0,0,0,4,143,-223,0,0,5.04,0.47,2.41,722.120000000001
0,2,0,-27,-64,0,0,0,1,72,50,0,0,0,4,91,-218,0,0,5.04,0.47,2.41,723.526000000001
0,2,0,-27,-58,0,0,0,1,76,42,0,0,0,3,77,-206,0,0,5.04,0.47,2.41,724.9320000000009
0,2,0,-26,-36,0,0,0,1,89,26,0,0,0,3,64,-157,0,0,5.04,0.47,2.41,726.3380000000009
0,2,0,-22,-12,0,0,0,0,106,27,0,0,0,3,43,4,0,0,5.04,0.47,2.41,727.7440000000008
0,2,-1,-9,4,0,0,0,0,109,34,0,0,0,3,39,63,0,0,5.04,0.47,2.41,729.1500000000008
0,2,-1,-4,8,0,0,0,0,107,35,0,0,0,3,28,142,0,0,5.04,0.47,2.41,730.5560000000007
0,2,-1,6,15,0,0,0,0,90,17,0,0,2,3,27,196,0,0,5.04,0.47,2.41,731.9620000000007
0,2,0,15,18,0,0,0,1,57,-4,0,0,3,2,12,227,0,0,5.04,0.47,2.41,733.3680000000006
0,2,0,13,12,0,0,0,1,13,-12,0,-2,0,3,-15,187,0,0,5.04,0.47,2.41,734.7740000000006
0,2,0,11,8,0,1,0,1,-3,-8,0,-2,2,4,33,236,0,0,5.04,0.47,2.41,736.1800000000005
0,2,0,4,1,0,1,0,2,-45,14,0,0,1,2,27,171,0,0,5.04,0.47,2.41,737.5860000000005
0,2,0,2,4,0,1,0,3,-63,49,0,0,2,0,-163,94,0,0,5.04,0.47,2.41,738.9920000000004
0,2,0,4,12,0,0,0,4,-69,24,0,0,2,0,-250,99,0,0,5.04,0.47,2.41,740.3980000000004
0,2,0,4,18,0,1,0,4,-74,18,0,0,1,0,-250,106,0,0,5.04,0.47,2.41,741.8040000000003
0,2,0,3,29,0,0,0,3,-80,25,0,0,1,1,-250,20,0,0,5.03,0.45,2.27,743.1290000000004
0,2,0,3,41,0,0,0,3,-83,-19,0,0,1,0,-250,46,0,0,5.03,0.45,2.27,744.4540000000004
0,2,0,0,47,0,0,0,4,-86,-76,0,0,0,0,-250,128,0,0,5.03,0.45,2.27,745.7790000000005
0,2,0,0,49,0,0,0,4,-85,-92,0,0,1,0,-250,124,0,0,5.03,0.45,2.27,747.1040000000005
0,2,0,-3,53,0,1,0,4,-91,-101,0,0,0,0,-250,147,0,0,5.03,0.45,2.27,748.4290000000005
0,3,0,-11,63,0,1,0,4,-78,-105,0,0,0,0,-236,146,0,0,5.03,0.45,2.27,749.7540000000006
0,3,0,-19,72,0,1,0,4,-63,-103,0,1,0,0,-152,144,0,0,5.03,0.45,2.27,751.0790000000006
0,3,0,-22,75,0,0,0,4,-51,-101,0,1,0,0,-117,143,0,0,5.03,0.45,2.27,752.4040000000007
0,3,0,-32,74,0,0,0,4,-9,-100,0,0,0,0,-25,135,0,0,5.03,0.45,2.27,753.7290000000007
0,2,0,-40,63,0,0,0,4,28,-99,0,0,0,0,39,137,0,0,5.03,0.45,2.27,755.0540000000008
0,2,0,-47,50,0,0,0,4,70,-75,0,-1,0,0,96,106,0,0,5.03,0.45,2.27,756.3790000000008
0,2,0,-48,46,0,0,0,4,81,-64,0,-1,0,0,117,71,0,0,5.03,0.45,2.27,757.7040000000009
0,1,0,-48,38,0,0,0,4,82,-30,0,-1,1,0,163,-24,0,0,5.03,0.45,2.27,759.0290000000009
0,1,0,-44,26,0,0,0,3,65,20,0,-1,1,0,187,-86,0,0,5.03,0.45,2.27,760.354000000001
0,1,0,-37,13,0,0,1,2,41,56,0,-1,1,1,195,-117,0,0,5.03,0.45,2.27,761.679000000001
-1,1,0,-27,-5,0,0,1,1,29,61,0,0,2,2,166,-97,0,0,5.03,0.45,2.27,763.004000000001
-1,1,0,-22,-12,0,0,1,1,22,43,0,0,1,2,146,-99,0,0,5.03,0.45,2.27,764.3290000000011
-1,2,0,-8,-28,0,0,1,1,32,34,0,0,2,2,128,-87,0,1,5.03,0.45,2.27,765.6540000000011
-1,3,0,3,-37,0,0,1,1,27,70,0,-1,3,4,167,-76,0,0,5.03,0.45,2.27,766.9790000000012
-1,3,0,4,-41,0,0,0,1,21,94,0,-2,2,5,161,-152,0,0,5.03,0.45,2.27,768.3040000000012
-1,3,0,5,-41,0,0,0,1,21,97,0,-1,1,4,133,-209,0,0,5.03,0.45,2.27,769.6290000000013
0,3,0,0,-39,0,0,0,1,22,86,0,-1,1,5,89,-250,0,0,5.04,0.46,2.35,771.0010000000012
0,3,0,-6,-28,0,0,0,2,31,69,0,0,1,5,40,-250,0,0,5.04,0.46,2.35,772.3730000000012
0,2,0,-6,-10,0,0,0,2,48,59,0,1,0,5,39,-151,0,0,5.04,0.46,2.35,773.7450000000011
0,2,0,-3,-2,0,0,0,2,55,65,0,1,0,5,41,-108,0,0,5.04,0.46,2.35,775.1170000000011
0,2,0,3,9,0,0,0,2,68,85,0,0,0,4,55,-23,0,0,5.04,0.46,2.35,776.489000000001
0,2,0,15,14,0,0,0,2,70,77,0,0,0,4,54,-14,0,0,5.04,0.46,2.35,777.861000000001
0,1,0,19,13,0,0,0,2,67,66,0,0,0,4,45,-24,0,0,5.04,0.46,2.35,779.233000000001
0,1,0,25,3,0,0,0,2,50,30,0,-1,0,4,24,-42,0,0,5.04,0.46,2.35,780.6050000000009
0,1,0,27,-2,0,0,1,2,21,10,0,0,0,2,-26,-73,0,0,5.04,0.46,2.35,781.9770000000009
0,1,0,31,-10,0,0,1,2,-6,26,0,0,1,2,-32,-17,0,0,5.04,0.46,2.35,783.3490000000008
0,1,0,32,-13,0,0,1,2,-15,40,0,0,1,2,-44,6,0,0,5.04,0.46,2.35,784.7210000000008
0,1,0,39,-22,0,0,0,2,-28,57,0,0,1,1,-58,98,0,0,5.04,0.46,2.35,786.0930000000008
0,1,-1,45,-36,0,0,0,2,-37,31,0,-1,0,1,-65,161,0,0,5.04,0.46,2.35,787.4650000000007
-1,2,-1,47,-52,0,0,0,2,-41,-1,0,1,2,1,-44,153,0,0,5.04,0.46,2.35,788.8370000000007
-1,2,-1,48,-52,0,0,0,2,-45,-10,0,0,3,2,-56,153,0,0,5.04,0.46,2.35,790.2090000000006
-1,4,0,34,-50,0,0,0,2,-55,-28,0,-1,0,1,-153,103,0,0,5.04,0.46,2.35,791.5810000000006
0,5,0,7,-48,0,0,0,2,-63,-53,0,0,1,1,-217,79,0,0,5.04,0.46,2.35,792.9530000000005
0,5,0,-7,-55,0,0,0,2,-65,-60,0,0,1,1,-233,87,0,0,5.04,0.46,2.35,794.3250000000005
0,3,0,-21,-59,0,0,0,2,-72,-71,0,1,0,1,-230,104,0,0,5.04,0.46,2.35,795.6970000000005
0,2,0,-22,-59,0,0,0,2,-78,-61,0,0,0,1,-194,164,0,0,5.04,0.46,2.35,797.0690000000004
0,1,0,-13,-46,0,0,1,2,-85,-64,0,0,1,0,-226,173,0,0,5.04,0.46,2.35,798.4410000000004
0,1,0,-13,-46,0,0,1,2,-87,-66,0,0,0,0,-219,167,0,0,5.03,0.44,2.21,799.7330000000004
0,1,0,-9,-39,0,0,1,2,-86,-65,0,0,0,0,-208,164,0,0,5.03,0.44,2.21,801.0250000000004
0,1,0,-1,-26,0,1,0,3,-75,-67,0,0,0,0,-158,145,0,0,5.03,0.44,2.21,802.3170000000005
0,1,0,6,-18,0,1,0,3,-60,-56,0,0,0,0,-94,106,0,0,5.03,0.44,2.21,803.6090000000005
0,2,0,11,-9,0,1,0,3,-41,-51,0,0,0,1,-43,90,0,0,5.03,0.44,2.21,804.9010000000005
0,2,0,12,-6,0,1,0,4,-33,-49,0,0,0,1,-29,84,0,0,5.03,0.44,2.21,806.1930000000006
0,2,0,10,0,0,1,0,4,-10,-38,0,0,0,1,1,84,0,0,5.03,0.44,2.21,807.4850000000006
0,3,0,3,5,0,0,0,4,6,-43,0,0,0,1,41,101,0,0,5.03,0.44,2.21,808.7770000000006
0,3,0,0,9,0,0,0,3,26,-53,0,0,0,1,80,87,0,0,5.03,0.44,2.21,810.0690000000006
0,3,0,1,12,0,0,0,3,33,-59,0,0,0,0,93,66,0,0,5.03,0.44,2.21,811.3610000000007
0,2,0,5,20,0,1,0,3,55,-65,0,-1,0,0,117,14,0,0,5.03,0.44,2.21,812.6530000000007
0,2,0,6,28,0,1,0,3,61,-37,0,-1,1,0,143,-49,0,0,5.03,0.44,2.21,813.9450000000007
0,1,0,8,35,0,1,0,3,56,24,0,0,1,0,166,-88,0,0,5.03,0.44,2.21,815.2370000000008
0,1,0,8,37,0,1,0,3,51,52,0,0,1,0,165,-119,0,0,5.03,0.44,2.21,816.5290000000008
0,2,0,7,40,0,1,0,2,33,103,0,0,1,1,156,-95,0,0,5.03,0.44,2.21,817.8210000000008
0,2,0,4,43,0,0,1,2,11,113,0,0,1,0,177,-79,0,0,5.03,0.44,2.21,819.1130000000009
0,2,0,1,45,0,0,0,2,4,106,0,0,1,0,184,-75,0,0,5.03,0.44,2.21,820.4050000000009
0,3,0,-9,47,0,0,0,1,0,62,0,0,1,0,186,-93,0,0,5.03,0.44,2.21,821.6970000000009
0,4,0,-24,52,0,0,1,1,4,15,0,-1,1,1,176,-134,0,0,5.03,0.44,2.21,822.9890000000009
0,3,0,-40,56,0,0,1,1,-9,-4,0,-2,1,2,152,-185,0,0,5.03,0.44,2.21,824.281000000001
0,3,0,-44,57,0,0,0,1,-19,0,0,-1,2,2,135,-202,0,0,5.03,0.44,2.21,825.573000000001
0,2,0,-52,48,0,0,0,2,-41,27,0,-1,1,3,102,-205,0,0,5.04,0.47,2.38,826.961000000001
0,1,0,-51,35,0,0,0,2,-50,52,0,0,2,4,56,-204,0,1,5.04,0.47,2.38,828.3490000000011
0,1,0,-47,26,0,0,0,1,-47,43,0,0,2,5,-10,-165,0,0,5.04,0.47,2.38,829.7370000000011
0,1,0,-46,22,0,0,0,1,-42,32,0,0,2,5,-34,-152,0,0,5.04,0.47,2.38,831.1250000000011
0,1,0,-39,14,0,0,0,2,-25,12,0,0,1,5,-54,-144,0,1,5.04,0.47,2.38,832.5130000000012
-1,1,-1,-22,12,0,0,0,2,-5,19,0,0,1,5,-38,-124,0,0,5.04,0.47,2.38,833.9010000000012
-1,2,-1,-14,12,0,0,0,2,2,26,0,0,1,5,-28,-121,0,0,5.04,0.47,2.38,835.2890000000012
-1,3,-1,-2,7,0,0,0,2,15,36,0,0,0,5,-16,-108,0,0,5.04,0.47,2.38,836.6770000000013
-2,5,0,-9,-1,0,0,0,2,30,25,0,0,1,5,-28,-78,0,0,5.04,0.47,2.38,838.0650000000013
-2,4,0,-36,-23,0,0,0,2,49,-8,0,0,1,4,-24,14,0,0,5.04,0.47,2.38,839.4530000000013
-1,4,0,-46,-31,0,0,0,2,55,-20,0,0,0,4,-14,49,0,0,5.04,0.47,2.38,840.8410000000014
-1,2,0,-40,-24,0,0,0,1,67,-44,0,0,1,4,-31,138,0,0,5.04,0.47,2.38,842.2290000000014
0,2,0,-9,-9,0,0,1,1,59,-57,0,0,2,3,-24,239,0,1,5.04,0.47,2.38,843.6170000000014
0,1,0,6,-2,0,0,1,1,32,-72,0,0,2,2,-51,250,0,0,5.04,0.47,2.38,845.0050000000015
0,1,0,17,-6,0,1,1,1,-2,-68,0,0,3,2,-72,250,0,0,5.04,0.47,2.38,846.3930000000015
0,1,0,18,-9,0,1,1,1,-14,-64,0,0,1,1,-80,250,0,0,5.04,0.47,2.38,847.7810000000015
0,1,0,24,-17,0,1,1,2,-38,-50,0,0,1,0,-137,226,0,0,5.04,0.47,2.38,849.1690000000016
0,1,0,27,-28,0,1,1,2,-50,-28,0,0,1,0,-180,206,0,0,5.04,0.47,2.38,850.5570000000016
0,1,-1,27,-36,0,1,1,2,-55,-9,0,0,0,0,-189,188,0,0,5.04,0.47,2.38,851.9450000000016
0,1,-1,26,-40,0,1,1,2,-57,-8,0,0,0,0,-210,178,0,0,5.04,0.47,2.38,853.3330000000017
0,1,-1,27,-51,0,0,1,2,-60,-14,0,0,0,0,-235,145,0,0,5.04,0.47,2.38,854.7210000000017
0,2,-1,27,-62,0,1,0,3,-58,-15,0,0,0,0,-223,98,0,0,5.04,0.46,2.36,856.1000000000017
-1,3,0,14,-67,0,1,0,3,-54,-5,0,0,0,0,-174,74,0,0,5.04,0.46,2.36,857.4790000000017
-1,4,0,0,-66,0,1,0,3,-53,-1,0,0,0,0,-155,72,0,0,5.04,0.46,2.36,858.8580000000018
0,5,1,-36,-71,0,1,0,4,-52,2,0,0,0,0,-109,55,0,0,5.04,0.46,2.36,860.2370000000018
0,4,0,-43,-85,0,1,0,4,-47,10,0,0,0,0,-63,38,0,0,5.04,0.46,2.36,861.6160000000018
0,2,0,-34,-74,0,0,0,3,-44,14,0,0,0,0,-22,25,0,0,5.04,0.46,2.36,862.9950000000018
0,2,0,-31,-70,0,0,0,3,-41,18,0,0,0,0,-4,19,0,0,5.04,0.46,2.36,864.3740000000018
0,1,0,-23,-56,0,0,0,3,-31,12,0,0,0,0,33,6,0,0,5.04,0.46,2.36,865.7530000000019
0,1,0,-28,-57,0,0,0,4,-28,0,0,0,0,1,63,4,0,0,5.04,0.46,2.36,867.1320000000019
0,1,0,-27,-58,0,0,0,4,-26,-5,0,0,0,1,74,4,0,0,5.04,0.46,2.36,868.5110000000019
0,1,0,-18,-51,0,0,0,4,-13,-15,0,0,0,1,103,-9,0,0,5.04,0.46,2.36,869.8900000000019
0,2,0,-6,-42,0,0,0,4,-3,-33,0,-1,0,0,141,-39,0,0,5.04,0.46,2.36,871.2690000000019
0,2,0,11,-26,0,0,0,4,19,-55,0,0,0,1,175,-64,0,0,5.04,0.46,2.36,872.648000000002
0,2,0,20,-18,0,1,0,4,27,-50,0,0,0,1,186,-65,0,0,5.04,0.46,2.36,874.027000000002
0,3,0,45,1,0,1,0,4,61,-4,0,0,1,1,188,-49,0,0,5.04,0.46,2.36,875.406000000002
0,3,-1,55,18,0,1,0,3,87,36,0,0,2,1,157,-52,0,0,5.04,0.46,2.36,876.785000000002
0,3,0,36,32,0,0,1,3,69,25,0,0,2,1,134,-55,0,0,5.04,0.46,2.36,878.164000000002
0,3,0,25,35,0,0,1,2,51,14,0,-1,2,1,140,-53,0,0,5.04,0.46,2.36,879.543000000002
0,3,0,-1,21,0,0,1,2,3,-1,0,0,2,1,110,-139,0,0,5.04,0.46,2.36,880.9220000000021
0,2,0,0,15,0,1,1,2,-27,5,0,-1,2,1,167,-127,0,0,5.04,0.46,2.36,882.3010000000021
0,2,0,2,16,0,0,0,2,-28,11,0,0,2,1,162,-127,0,0,5.04,0.46,2.36,883.6800000000021
0,2,0,11,17,0,0,0,1,-23,35,0,-1,2,2,137,-192,0,0,5.03,0.44,2.21,884.9720000000021
0,1,0,12,19,0,0,0,1,-13,54,0,-1,2,3,93,-233,0,0,5.03,0.44,2.21,886.2640000000022
0,2,0,4,24,0,0,0,1,0,51,0,0,2,3,73,-194,0,0,5.03,0.44,2.21,887.5560000000022
0,2,0,9,-4,0,0,0,1,86,80,0,0,2,3,193,-14,0,0,5.03,0.46,2.34,888.9250000000022
0,2,-1,9,-2,0,1,0,1,114,95,0,-2,1,3,192,-81,0,0,5.03,0.46,2.34,890.2940000000023
0,2,-1,14,3,0,0,0,1,118,99,0,-2,1,3,159,-123,0,0,5.03,0.46,2.34,891.6630000000023
0,2,0,19,10,0,0,0,0,125,89,0,-1,1,2,108,-139,0,0,5.03,0.46,2.34,893.0320000000023
0,2,0,20,14,0,0,0,0,128,83,0,-1,1,1,92,-132,0,0,5.03,0.46,2.34,894.4010000000023
0,2,0,15,24,0,0,0,0,142,76,0,0,1,1,82,-80,0,0,5.03,0.46,2.34,895.7700000000024
0,2,0,4,35,0,0,0,0,155,90,0,0,1,1,95,-3,0,0,5.03,0.46,2.34,897.1390000000024
0,3,0,-7,41,0,0,0,0,164,114,0,0,1,1,122,65,0,0,5.03,0.46,2.34,898.5080000000024
0,3,0,-10,42,0,0,0,0,159,117,0,0,1,1,122,76,0,0,5.03,0.46,2.34,899.8770000000025
0,3,0,-16,46,0,0,0,0,147,148,0,0,0,2,84,166,0,0,5.03,0.46,2.34,901.2460000000025
0,3,0,-20,51,0,0,0,1,106,153,0,-1,2,0,86,250,0,0,5.03,0.46,2.34,902.6140000000025
0,2,0,-22,47,0,0,0,1,58,159,0,0,1,0,-1,86,0,0,5.03,0.46,2.34,903.9820000000026
0,2,0,-26,45,0,0,0,1,46,162,0,0,1,0,-8,103,0,0,5.03,0.46,2.34,905.3500000000026
0,1,0,-29,41,0,0,0,1,29,152,0,0,1,0,-33,90,0,0,5.03,0.46,2.34,906.7180000000027
0,1,0,-29,40,0,0,0,2,32,132,0,0,0,1,-47,17,0,0,5.03,0.46,2.34,908.0860000000027
0,1,0,-30,34,0,0,0,2,48,77,0,0,1,1,-89,-29,0,0,5.03,0.46,2.34,909.4540000000028
0,1,-1,-29,32,0,0,0,2,51,55,0,0,0,1,-99,-62,0,0,5.03,0.46,2.34,910.8220000000028
-1,2,-1,-26,19,0,0,0,3,38,-15,0,-1,1,1,-147,-109,0,1,5.03,0.46,2.34,912.1900000000029
-1,3,-1,-16,0,0,0,0,2,26,-61,0,-1,1,0,-197,-137,0,1,5.03,0.46,2.34,913.558000000003
-1,3,-1,-13,-10,0,0,0,3,24,-69,0,-1,1,1,-221,-133,0,1,5.03,0.46,2.34,914.926000000003
-1,3,0,-7,-22,0,1,0,3,8,-92,0,0,0,1,-229,-99,0,0,5.03,0.46,2.34,916.294000000003
0,2,0,-4,-11,0,0,0,3,-19,-108,0,0,1,1,-239,-57,0,0,5.03,0.46,2.34,917.6620000000031
0,2,0,-7,-2,0,0,0,3,-44,-105,0,-1,0,1,-247,-37,0,0,5.03,0.46,2.34,919.0300000000032
0,2,0,-7,10,0,0,0,3,-67,-92,0,-1,0,1,-250,-31,0,0,5.03,0.46,2.34,920.3980000000032
0,2,0,-6,13,0,0,0,3,-75,-86,0,0,0,1,-248,-53,0,0,5.03,0.46,2.34,921.7660000000033
0,1,0,0,21,0,0,0,3,-91,-84,0,0,0,1,-237,-43,0,0,5.03,0.46,2.34,923.1340000000033
0,1,0,4,27,0,0,1,3,-95,-122,0,0,1,1,-214,24,0,0,5.03,0.46,2.34,924.5020000000034
0,1,0,9,25,0,0,1,3,-108,-143,0,0,1,0,-220,121,0,0,5.03,0.46,2.34,925.8700000000034
0,1,0,11,23,0,1,1,3,-111,-136,0,0,0,0,-215,149,0,0,5.03,0.46,2.34,927.2380000000035
0,1,0,15,15,0,0,0,4,-130,-122,0,0,0,1,-206,176,0,0,5.03,0.46,2.34,928.6060000000035
0,1,0,15,2,0,0,0,4,-149,-95,0,0,0,1,-189,166,0,0,5.03,0.46,2.34,929.9740000000036
0,2,0,13,-12,0,0,0,4,-152,-90,0,0,0,2,-169,151,0,0,5.04,0.48,2.43,931.3970000000036
0,2,0,12,-18,0,0,0,4,-151,-99,0,0,0,2,-158,144,0,0,5.04,0.48,2.43,932.8200000000036
-1,2,0,12,-29,0,0,0,4,-124,-113,0,0,0,2,-117,129,0,0,5.04,0.48,2.43,934.2430000000036
-1,2,0,15,-34,0,1,0,4,-106,-90,0,0,0,2,-61,95,0,0,5.04,0.48,2.43,935.6660000000036
-1,2,0,13,-38,0,1,0,4,-101,-81,0,-1,0,2,-35,78,0,0,5.04,0.48,2.43,937.0890000000036
-1,3,0,10,-44,0,1,0,4,-99,-51,0,0,0,2,20,28,0,0,5.04,0.48,2.43,938.5120000000036
0,3,0,0,-47,0,1,0,4,-94,-39,0,0,0,2,62,-20,0,0,5.04,0.48,2.43,939.9350000000036
0,4,0,-13,-54,0,1,0,4,-105,-45,0,0,0,2,88,-54,0,0,5.04,0.48,2.43,941.3580000000036
0,4,0,-20,-60,0,1,0,4,-106,-45,0,0,0,2,96,-59,0,0,5.04,0.48,2.43,942.7810000000036
0,3,0,-27,-61,0,1,0,4,-96,-33,0,0,0,2,112,-63,0,0,5.04,0.48,2.43,944.2040000000036
0,2,0,-28,-57,0,1,0,3,-76,20,0,0,0,2,138,-67,0,0,5.04,0.48,2.43,945.6270000000036
0,2,0,-26,-54,0,0,0,3,-58,22,0,0,0,3,171,-85,0,0,5.04,0.48,2.43,947.0500000000036
0,1,0,-25,-54,0,0,0,3,-52,6,0,0,0,3,185,-87,0,0,5.04,0.48,2.43,948.4730000000036
0,2,0,-16,-48,0,0,0,3,-50,-54,0,0,1,3,206,-139,0,1,5.04,0.48,2.43,949.8960000000036
0,2,0,-7,-41,0,0,0,2,-35,-81,0,0,1,4,206,-172,0,1,5.04,0.48,2.43,951.3190000000036
0,2,0,1,-29,0,2,0,1,40,-4,0,0,1,4,196,-154,0,1,5.04,0.48,2.43,952.7420000000036
0,2,0,3,-24,0,2,0,1,71,34,0,0,1,4,199,-145,0,0,5.04,0.48,2.43,954.1650000000036
0,2,0,6,-13,0,1,0,0,123,110,0,1,1,4,222,-101,0,0,5.04,0.48,2.43,955.5880000000036
0,2,0,6,-8,0,1,0,0,138,135,0,0,0,4,250,-58,0,0,5.04,0.48,2.43,957.0110000000036
0,2,0,6,-10,0,1,0,0,128,152,0,0,0,4,250,-59,0,0,5.04,0.48,2.43,958.4340000000036
0,2,0,8,-12,0,0,0,0,131,144,0,0,0,4,250,-64,0,0,5.04,0.48,2.43,959.8570000000036
0,2,0,10,-18,0,0,0,0,135,118,0,0,0,4,217,-30,0,0,5.03,0.45,2.31,961.2070000000036
0,2,0,12,-17,0,0,0,0,141,100,0,-1,1,3,159,-39,0,0,5.03,0.45,2.31,962.5570000000037
0,2,0,13,-6,0,0,0,0,146,113,0,0,0,3,124,24,0,0,5.03,0.45,2.31,963.9070000000037
0,2,0,12,2,0,0,0,0,143,124,0,-1,1,3,97,-16,0,0,5.03,0.45,2.31,965.2570000000037
0,2,0,14,20,0,0,0,0,104,124,0,0,0,2,92,48,0,0,5.03,0.45,2.31,966.6070000000037
0,2,0,15,34,0,0,0,1,54,118,0,-1,1,2,70,114,0,0,5.03,0.45,2.31,967.9570000000037
0,2,0,14,40,0,0,0,2,3,117,0,0,0,1,95,156,0,0,5.03,0.45,2.31,969.3070000000038
0,2,0,11,40,0,0,0,2,-1,124,0,-1,0,2,14,250,0,0,5.03,0.45,2.31,970.6570000000038
0,2,0,9,50,0,0,0,2,-4,127,0,0,2,2,-40,200,0,0,5.03,0.45,2.31,972.0070000000038
0,3,0,1,55,0,0,0,2,14,96,0,0,2,1,-64,159,0,0,5.03,0.45,2.31,973.3570000000038
0,3,0,-9,56,0,0,0,2,27,60,0,0,1,1,-170,118,0,0,5.03,0.45,2.31,974.7070000000039
0,3,0,-13,57,0,0,0,2,26,40,0,0,1,0,-197,105,0,0,5.03,0.45,2.31,976.0570000000039
0,3,0,-20,59,0,0,0,2,25,-9,0,0,0,0,-213,68,0,0,5.03,0.45,2.31,977.4070000000039
0,3,0,-25,61,0,0,0,3,11,-31,0,0,1,1,-216,25,0,0,5.03,0.45,2.31,978.7570000000039
0,2,0,-30,69,0,0,0,3,-7,-36,0,0,0,1,-222,-9,0,0,5.03,0.45,2.31,980.107000000004
0,2,0,-33,71,0,0,0,3,-12,-41,0,0,0,1,-225,-34,0,0,5.03,0.45,2.31,981.457000000004
0,2,0,-40,79,0,0,0,2,-12,-60,0,0,0,1,-238,-61,0,0,5.03,0.45,2.31,982.807000000004
0,2,0,-45,86,0,0,0,2,-27,-82,0,0,0,2,-250,-32,0,0,5.03,0.45,2.31,984.157000000004
0,2,0,-46,87,0,0,0,2,-42,-89,0,0,0,2,-250,-26,0,0,5.03,0.45,2.31,985.507000000004
0,1,0,-49,88,0,1,0,3,-91,-92,0,0,0,1,-250,25,0,0,5.03,0.45,2.31,986.8570000000041
0,1,0,-49,84,0,1,0,3,-119,-85,0,0,1,1,-250,94,0,0,5.03,0.45,2.31,988.2070000000041
0,1,0,-47,72,0,1,0,4,-131,-90,0,0,1,1,-250,149,0,0,5.04,0.47,2.41,989.6140000000041
0,1,-1,-46,65,0,1,0,3,-136,-90,0,0,1,0,-250,163,0,0,5.04,0.47,2.41,991.0210000000042
-1,2,-1,-36,42,0,1,0,4,-149,-89,0,0,1,0,-250,163,0,0,5.04,0.47,2.41,992.4280000000042
-1,2,0,-18,17,0,1,0,4,-136,-55,0,0,1,1,-250,107,0,0,5.04,0.47,2.41,993.8350000000042
-1,2,0,6,-10,0,0,0,4,-123,-28,0,0,0,1,-173,75,0,0,5.04,0.47,2.41,995.2420000000043
-1,2,0,14,-1,0,0,0,4,-118,-32,0,-1,0,2,-122,45,0,0,5.04,0.47,2.41,996.6490000000043
-1,2,0,16,-25,0,1,-1,5,-107,-48,0,-1,0,2,-39,27,0,0,5.04,0.47,2.41,998.0560000000044
0,2,0,19,-30,0,1,-1,5,-92,-24,0,0,-1,2,-6,19,0,0,5.04,0.47,2.41,999.4630000000044
0,2,0,18,-32,0,0,-1,5,-56,-42,0,0,0,2,32,13,0,0,5.04,0.47,2.41,1000.8700000000044
0,2,0,17,-31,0,0,-1,4,-42,-53,0,0,0,2,51,13,0,0,5.04,0.47,2.41,1002.2770000000045
0,2,0,17,-34,0,0,-1,4,-8,-94,0,0,0,2,137,11,0,0,5.04,0.47,2.41,1003.6840000000045
0,2,0,19,-35,0,0,0,4,13,-119,0,0,0,2,195,-35,0,0,5.04,0.47,2.41,1005.0910000000046
0,2,0,20,-35,0,0,0,5,20,-120,0,0,0,1,210,-18,0,0,5.04,0.47,2.41,1006.4980000000046
0,2,0,22,-35,0,0,0,5,9,-145,0,0,1,1,250,-44,0,0,5.04,0.47,2.41,1007.9050000000046
0,2,0,24,-41,0,0,0,4,-9,-175,0,0,0,0,227,-24,0,0,5.04,0.47,2.41,1009.3120000000047
0,2,0,26,-60,0,1,0,3,0,-111,0,-1,1,1,221,-43,0,0,5.04,0.47,2.41,1010.7190000000047
-1,2,0,22,-79,0,2,1,0,36,45,0,-1,0,2,240,-110,0,0,5.04,0.47,2.41,1012.1260000000048
-1,2,0,20,-84,0,2,1,0,51,80,0,-1,1,3,237,-111,0,0,5.04,0.47,2.41,1013.5330000000048
-1,3,0,9,-94,0,1,1,0,65,109,0,-2,0,4,250,-198,0,0,5.04,0.47,2.41,1014.9400000000048
0,3,0,-5,-95,0,0,2,0,22,73,0,-1,1,4,236,-250,0,0,5.04,0.47,2.41,1016.3470000000049
0,2,0,-16,-94,0,0,1,0,-40,14,0,-1,0,4,200,-250,0,0,5.04,0.47,2.41,1017.7540000000049
0,2,0,-20,-91,0,0,0,1,-52,3,0,-1,0,4,184,-250,0,0,5.04,0.47,2.37,1019.1410000000049
0,2,0,-25,-82,0,1,0,0,-20,49,0,0,0,4,130,-166,0,0,5.04,0.47,2.37,1020.5280000000048
0,2,0,-28,-65,0,1,0,0,44,111,0,0,0,4,111,-114,0,0,5.04,0.47,2.37,1021.9150000000047
0,2,0,-34,-44,0,1,0,0,93,134,0,0,0,4,109,-75,0,0,5.04,0.47,2.37,1023.3020000000047
0,2,0,-35,-37,0,0,0,0,96,138,0,0,0,4,112,-68,0,0,5.04,0.47,2.37,1024.6890000000046
0,3,0,-33,-14,0,0,0,1,117,97,0,0,0,4,137,-70,0,0,5.04,0.47,2.37,1026.0760000000046
1,4,0,-22,12,0,0,0,1,134,59,0,0,0,3,131,-85,0,0,5.04,0.47,2.37,1027.4630000000045
1,4,0,-15,19,0,0,0,1,138,44,0,0,0,3,101,-96,0,0,5.04,0.47,2.37,1028.8500000000045
0,3,0,-3,23,0,0,0,1,138,25,0,0,0,2,29,-57,0,0,5.04,0.47,2.37,1030.2370000000044
0,2,0,-6,19,0,0,0,1,132,34,0,0,0,3,44,53,0,0,5.04,0.47,2.37,1031.6240000000043
0,1,-1,-5,19,0,1,0,1,123,75,0,0,0,3,29,110,0,0,5.04,0.47,2.37,1033.0110000000043
0,1,-1,-7,18,0,1,0,1,117,92,0,0,0,3,30,114,0,0,5.04,0.47,2.37,1034.3980000000042
0,1,-1,-2,15,0,0,0,1,81,105,0,0,1,3,30,134,0,0,5.04,0.47,2.37,1035.7850000000042
0,2,-1,10,10,0,0,0,1,29,104,0,0,1,2,50,70,0,0,5.04,0.47,2.37,1037.1720000000041
0,2,-1,23,7,0,0,0,2,-13,112,0,0,2,3,28,152,0,0,5.04,0.47,2.37,1038.559000000004
0,2,0,28,8,0,0,0,2,-24,115,0,0,1,1,131,200,0,0,5.04,0.47,2.37,1039.946000000004
0,2,0,33,10,0,0,0,3,-37,129,0,0,-1,0,250,158,0,0,5.04,0.47,2.37,1041.333000000004
0,2,0,28,12,0,0,0,2,-37,133,0,0,3,4,250,157,0,0,5.04,0.47,2.37,1042.720000000004
0,2,0,25,11,0,0,0,2,-34,124,0,0,3,3,80,167,0,0,5.04,0.47,2.37,1044.1070000000038
0,3,0,12,11,0,0,0,2,-24,63,0,-2,1,0,-234,176,0,0,5.04,0.47,2.37,1045.4940000000038
0,3,0,0,16,0,0,0,3,-32,16,0,0,1,1,-250,83,0,0,5.04,0.47,2.37,1046.8810000000037
0,3,0,-10,25,0,0,0,3,-43,-1,0,-1,0,1,-241,11,0,0,5.03,0.43,2.18,1048.1550000000036
0,3,0,-13,28,0,0,0,3,-50,-11,0,-1,0,1,-235,-11,0,0,5.03,0.43,2.18,1049.4290000000035
0,3,0,-21,34,0,0,0,3,-64,-29,0,0,0,1,-250,-16,0,0,5.03,0.43,2.18,1050.7030000000034
0,3,0,-30,35,0,0,0,3,-67,-62,0,0,0,1,-250,-1,0,0,5.03,0.43,2.18,1051.9770000000033
0,2,0,-39,33,0,0,0,2,-70,-111,0,1,0,1,-250,47,0,0,5.03,0.43,2.18,1053.2510000000032
0,2,0,-41,35,0,0,0,2,-76,-132,0,1,0,1,-250,94,0,0,5.03,0.43,2.18,1054.525000000003
0,2,0,-45,40,0,0,1,2,-95,-182,0,0,1,1,-250,150,0,0,5.03,0.43,2.18,1055.799000000003
0,1,0,-46,47,0,1,1,3,-119,-185,0,0,0,0,-250,216,0,0,5.03,0.43,2.18,1057.0730000000028
0,1,0,-43,57,0,1,0,3,-134,-137,0,0,1,1,-250,234,0,0,5.03,0.43,2.18,1058.3470000000027
0,1,0,-43,56,0,1,0,3,-139,-117,0,0,0,1,-250,223,0,0,5.03,0.43,2.18,1059.6210000000026
0,1,0,-37,56,0,1,0,3,-134,-70,0,0,1,1,-227,186,0,0,5.03,0.43,2.18,1060.8950000000025
0,1,0,-32,48,0,0,0,3,-117,-50,0,-1,0,1,-144,124,0,0,5.03,0.43,2.18,1062.1690000000024
0,2,0,-22,33,0,0,0,4,-93,-47,0,-2,0,2,-56,68,0,0,5.03,0.43,2.18,1063.4430000000023
-1,2,0,-16,28,0,0,0,4,-81,-49,0,-2,0,2,-36,53,0,0,5.03,0.43,2.18,1064.7170000000021
-1,2,0,-2,11,0,0,0,4,-64,-48,0,-2,0,2,-18,38,0,0,5.03,0.43,2.18,1065.991000000002
-1,3,0,8,0,0,0,0,5,-55,-37,0,-2,0,2,-4,13,0,0,5.03,0.43,2.18,1067.265000000002
-1,3,0,12,-1,0,0,0,4,-42,-47,0,-2,0,2,26,-45,0,0,5.03,0.43,2.18,1068.5390000000018
0,2,0,11,-1,0,0,0,4,-34,-49,0,-2,0,2,42,-68,0,0,5.03,0.43,2.18,1069.8130000000017
0,2,0,8,0,0,1,0,4,-13,-47,0,-1,0,2,78,-117,0,0,5.03,0.43,2.18,1071.0870000000016
0,2,0,7,3,0,1,0,4,-2,-31,0,0,0,2,108,-135,0,0,5.03,0.43,2.18,1072.3610000000015
0,2,0,8,4,0,1,0,4,-2,-21,0,0,0,2,118,-131,0,0,5.03,0.43,2.18,1073.6350000000014
0,2,0,10,3,0,1,0,4,-8,-2,0,0,0,1,139,-121,0,0,5.04,0.48,2.44,1075.0620000000013
0,2,0,13,0,0,1,0,4,-16,4,0,0,0,1,157,-110,0,0,5.04,0.48,2.44,1076.4890000000012
0,2,0,16,-11,0,0,0,3,-19,-3,0,0,0,1,171,-120,0,0,5.04,0.48,2.44,1077.916000000001
0,2,0,18,-17,0,0,0,3,-21,-8,0,0,0,0,177,-138,0,0,5.04,0.48,2.44,1079.343000000001
-1,2,0,22,-33,0,1,0,2,-9,10,0,0,0,0,205,-189,0,0,5.04,0.48,2.44,1080.770000000001
-1,1,0,26,-49,0,1,0,2,2,54,0,0,1,1,220,-229,0,0,5.04,0.48,2.44,1082.1970000000008
-1,1,0,29,-59,0,0,1,1,1,81,0,0,1,1,219,-237,0,0,5.04,0.48,2.44,1083.6240000000007
0,1,0,20,-8,0,0,0,2,31,40,0,0,1,1,226,11,0,0,5.04,0.49,2.49,1085.0780000000007
0,2,0,24,-6,0,0,0,2,46,66,0,0,1,2,250,40,0,0,5.04,0.49,2.49,1086.5320000000006
0,2,0,27,-16,0,0,0,1,55,103,0,-1,1,3,250,15,0,0,5.04,0.49,2.49,1087.9860000000006
0,2,0,27,-20,0,0,0,1,53,109,0,-1,1,3,232,-4,0,0,5.04,0.49,2.49,1089.4400000000005
-1,2,0,22,-35,0,0,1,1,43,104,0,-2,1,3,181,-77,0,0,5.04,0.49,2.49,1090.8940000000005
-1,2,0,17,-49,0,0,0,0,36,78,0,-1,1,3,159,-83,0,0,5.04,0.49,2.49,1092.3480000000004
-1,1,0,18,-57,0,0,0,0,44,51,0,0,1,3,147,-47,0,0,5.04,0.49,2.47,1093.7930000000003
-1,1,0,18,-60,0,0,0,0,46,42,0,0,0,3,145,-31,0,0,5.04,0.49,2.47,1095.2380000000003
-1,1,0,20,-63,0,0,0,0,51,32,0,0,0,3,155,1,0,0,5.04,0.49,2.47,1096.6830000000002
-1,2,0,21,-64,0,0,0,1,56,41,0,-1,0,3,163,-11,0,0,5.04,0.49,2.47,1098.1280000000002
0,3,0,14,-60,0,0,0,1,50,44,0,-1,1,2,147,-47,0,0,5.04,0.49,2.47,1099.573
0,3,0,8,-56,0,0,0,1,46,44,0,-1,1,3,117,-48,0,0,5.04,0.49,2.47,1101.018
0,4,0,-14,-50,0,0,0,1,34,35,0,-1,1,3,46,-57,0,0,5.04,0.49,2.47,1102.463
0,3,0,-27,-50,0,0,0,1,27,19,0,-1,0,1,-26,18,0,1,5.04,0.49,2.47,1103.908
0,3,0,-29,-50,0,0,0,1,28,14,0,-1,0,2,-3,23,0,0,5.04,0.49,2.47,1105.3529999999998
0,2,0,-26,-46,0,0,0,2,43,-16,0,0,0,1,16,-88,0,0,5.04,0.49,2.47,1106.7979999999998
0,2,0,-18,-40,0,0,0,3,38,-43,0,-1,2,2,-49,178,0,0,5.04,0.49,2.47,1108.2429999999997
0,3,-1,-12,-22,0,1,0,3,13,-22,0,0,1,1,-45,28,0,0,5.04,0.49,2.47,1109.6879999999996
0,3,-1,-9,-13,0,1,0,3,2,-20,0,0,0,2,-55,17,0,0,5.04,0.49,2.47,1111.1329999999996
0,3,-1,0,9,0,1,0,3,-20,-52,0,-1,1,1,-98,14,0,0,5.04,0.49,2.47,1112.5779999999995
0,3,0,6,20,0,1,0,3,-35,-61,0,-1,1,1,-169,15,0,0,5.04,0.49,2.47,1114.0229999999995
0,3,0,-2,19,0,1,0,2,-51,-42,0,-1,1,1,-194,-33,0,0,5.04,0.49,2.47,1115.4679999999994
0,3,0,-9,15,0,0,0,2,-58,-40,0,0,1,1,-191,-63,0,0,5.04,0.49,2.47,1116.9129999999993
0,2,0,-14,11,0,0,0,2,-65,-31,0,0,2,1,-184,-89,0,0,5.04,0.49,2.47,1118.3579999999993
0,1,0,-9,18,0,0,0,2,-80,-32,0,0,1,1,-189,-115,0,0,5.04,0.49,2.47,1119.8029999999992
0,1,0,-6,20,0,0,0,2,-83,-27,0,0,2,1,-196,-134,0,0,5.04,0.49,2.47,1121.2479999999991
0,1,0,2,24,0,0,0,3,-103,-20,0,0,1,1,-225,-163,0,0,5.04,0.49,2.47,1122.692999999999
0,1,0,10,28,0,0,0,3,-119,-19,0,0,1,1,-241,-139,0,0,5.03,0.43,2.2,1123.980999999999
0,1,0,15,27,0,0,0,2,-120,-32,0,0,1,1,-247,-111,0,0,5.03,0.43,2.2,1125.268999999999
0,1,0,16,26,0,0,0,2,-118,-43,0,0,1,1,-244,-75,0,0,5.03,0.43,2.2,1126.556999999999
0,2,0,18,27,0,0,0,2,-112,-74,0,0,1,1,-238,-87,0,0,5.03,0.43,2.2,1127.8449999999991
0,2,0,10,39,0,0,0,2,-103,-102,0,0,0,2,-233,73,0,0,5.03,0.43,2.2,1129.1329999999991
0,3,0,-1,52,0,1,0,3,-90,-113,0,0,0,2,-217,132,0,0,5.03,0.43,2.2,1130.4209999999991
0,3,0,-3,57,0,1,0,3,-83,-111,0,0,0,2,-209,137,0,0,5.03,0.43,2.2,1131.7089999999992
0,3,0,-16,55,0,1,0,3,-46,-69,0,0,0,1,-167,136,0,0,5.03,0.43,2.2,1134.2849999999992
-1,3,0,-21,38,0,1,0,4,-33,-50,0,0,0,2,-122,121,0,0,5.03,0.43,2.2,1135.5729999999992
0,2,0,-25,34,0,1,0,4,-28,-42,0,0,0,2,-106,119,0,0,5.03,0.43,2.2,1136.8609999999992
0,2,0,-31,22,0,1,0,4,-18,-37,0,0,0,2,-62,118,0,0,5.03,0.43,2.2,1138.1489999999992
0,2,0,-34,13,0,0,-1,5,-1,-62,0,0,0,2,-14,108,0,0,5.03,0.43,2.2,1139.4369999999992
0,1,0,-34,8,0,0,0,5,9,-85,0,0,0,2,28,84,0,0,5.03,0.43,2.2,1140.7249999999992
0,1,0,-34,5,0,0,0,4,9,-89,0,0,0,2,42,68,0,0,5.03,0.43,2.2,1142.0129999999992
0,1,0,-33,2,0,0,0,4,18,-101,0,0,0,1,76,30,0,0,5.03,0.43,2.2,1143.3009999999992
0,1,0,-27,1,0,1,0,3,33,-71,0,0,0,1,101,14,0,0,5.03,0.43,2.2,1144.5889999999993
0,1,0,-24,2,0,1,0,3,40,-54,0,0,0,2,112,5,0,0,5.03,0.43,2.2,1145.8769999999993
0,2,0,-18,1,0,1,0,3,76,-1,0,0,0,1,141,30,0,0,5.03,0.43,2.2,1147.1649999999993
0,2,0,-9,1,0,1,0,3,80,56,0,0,1,1,142,47,0,1,5.03,0.43,2.2,1148.4529999999993
0,2,0,-5,-5,0,1,0,2,83,104,0,-1,1,1,165,-2,0,0,5.03,0.43,2.2,1149.7409999999993
0,3,0,-3,-8,0,0,0,2,86,114,0,-1,1,1,170,-26,0,0,5.04,0.45,2.29,1151.0819999999992
0,3,0,-1,-17,0,0,0,2,84,115,0,-1,1,2,185,-63,0,0,5.04,0.45,2.29,1152.422999999999
0,2,0,-3,-22,0,0,0,1,78,117,0,0,1,2,195,-73,0,0,5.04,0.45,2.29,1153.763999999999
0,2,0,-2,-16,0,0,0,1,68,125,0,0,1,2,164,-21,0,0,5.04,0.45,2.29,1155.1049999999989
0,2,0,-1,-9,0,0,0,1,63,125,0,0,1,2,165,10,0,1,5.04,0.45,2.29,1156.4459999999988
0,2,0,1,0,0,0,0,1,47,112,0,-1,1,3,164,41,0,0,5.04,0.45,2.29,1157.7869999999987
0,2,0,6,4,0,0,0,1,42,87,0,-2,1,3,117,23,0,0,5.04,0.45,2.29,1159.1279999999986
0,2,0,7,1,0,0,0,1,47,64,0,-2,0,3,78,-32,0,0,5.04,0.45,2.29,1160.4689999999985
0,2,0,7,-1,0,0,0,1,53,61,0,-1,0,3,73,-57,0,0,5.04,0.45,2.29,1161.8099999999984
0,2,0,7,-9,0,0,0,1,66,70,0,0,0,3,104,-70,0,0,5.04,0.45,2.29,1163.1509999999982
0,2,0,10,-14,0,0,0,1,72,87,0,0,0,3,131,-44,0,0,5.04,0.45,2.29,1164.4919999999981
0,2,0,14,-20,0,0,0,1,68,94,0,0,0,3,121,-19,0,0,5.04,0.45,2.29,1165.832999999998
0,2,0,17,-21,0,0,0,1,67,91,0,0,0,3,107,-21,0,0,5.04,0.45,2.29,1167.173999999998
0,2,0,22,-23,0,0,0,1,62,74,0,-1,0,3,84,-20,0,0,5.04,0.45,2.29,1168.5149999999978
-1,1,0,24,-29,0,0,0,1,54,53,0,-1,1,2,69,-13,0,0,5.04,0.45,2.29,1169.8559999999977
-1,2,0,23,-37,0,0,0,1,45,34,0,-1,0,3,38,-5,0,1,5.04,0.45,2.29,1171.1969999999976
-1,2,0,22,-40,0,0,0,0,43,33,0,-1,1,2,18,-9,0,0,5.04,0.45,2.29,1172.5379999999975
-1,2,0,20,-47,0,0,0,0,59,34,0,-1,0,2,42,-24,0,0,5.04,0.45,2.29,1173.8789999999974
0,3,0,11,-50,0,0,0,1,61,49,0,-1,3,2,-32,205,0,0,5.04,0.45,2.29,1175.2199999999973
0,3,0,-3,-49,0,0,0,2,29,17,0,0,2,2,-87,51,0,0,5.04,0.45,2.29,1176.5609999999972
0,3,0,-9,-48,0,0,0,2,20,7,0,0,2,2,-104,70,0,0,5.04,0.45,2.29,1177.901999999997
0,3,0,-20,-46,0,0,1,2,-8,-16,0,0,1,1,-193,5,0,0,5.04,0.45,2.31,1179.2559999999971
0,2,0,-27,-41,0,1,1,3,-47,-16,0,0,1,1,-228,-20,0,0,5.04,0.45,2.31,1180.6099999999972
0,2,0,-29,-37,0,0,0,3,-80,-21,0,0,1,1,-250,-88,0,0,5.04,0.45,2.31,1181.9639999999972
0,2,0,-28,-34,0,0,0,3,-83,-31,0,0,1,1,-250,-102,0,0,5.04,0.45,2.31,1183.3179999999973
0,2,0,-23,-22,0,0,0,3,-81,-83,0,0,1,2,-250,-96,0,0,5.04,0.45,2.31,1184.6719999999973
0,3,0,-12,-2,0,0,0,4,-73,-155,0,0,1,1,-250,-24,0,0,5.04,0.45,2.31,1186.0259999999973
0,3,0,5,20,0,0,0,4,-67,-213,0,1,0,0,-250,91,0,0,5.04,0.45,2.31,1187.3799999999974
0,3,-1,12,27,0,0,0,4,-63,-225,0,1,0,0,-250,145,0,0,5.04,0.45,2.31,1188.7339999999974
0,2,-1,22,36,0,1,0,4,-60,-234,0,0,0,0,-224,168,0,0,5.04,0.45,2.31,1190.0879999999975
0,2,0,25,31,0,1,0,4,-77,-213,0,0,0,0,-179,115,0,0,5.04,0.45,2.31,1191.4419999999975
0,2,0,16,23,0,2,0,5,-95,-163,0,-1,0,1,-131,35,0,0,5.04,0.45,2.31,1192.7959999999975
0,2,0,11,20,0,2,0,4,-95,-143,0,-1,0,1,-116,17,0,0,5.04,0.45,2.31,1194.1499999999976
0,2,0,0,15,0,1,0,4,-76,-72,0,0,0,1,-73,-4,0,0,5.04,0.45,2.31,1195.5039999999976
0,2,0,0,16,0,1,0,4,-36,-15,0,-1,-1,1,-19,-9,0,0,5.04,0.45,2.31,1196.8579999999977
0,2,0,1,18,0,1,0,4,-23,-7,0,0,0,1,-1,10,0,0,5.04,0.45,2.31,1198.2119999999977
0,1,0,3,22,0,0,0,4,-9,-19,0,0,0,1,44,18,0,0,5.04,0.45,2.31,1199.5659999999978
0,1,0,5,27,0,0,0,4,-13,-42,0,0,0,1,54,21,0,0,5.04,0.45,2.31,1200.9199999999978
0,2,0,6,31,0,0,0,4,-21,-78,0,0,0,1,50,22,0,0,5.04,0.45,2.31,1202.2739999999978
0,2,0,4,32,0,0,0,4,-25,-91,0,0,0,1,46,18,0,0,5.04,0.45,2.31,1203.6279999999979
0,3,0,-1,34,0,1,0,3,-39,-108,0,0,0,1,33,12,0,0,5.04,0.45,2.31,1204.981999999998
0,4,0,-9,32,0,1,0,2,-55,-126,0,0,0,1,41,7,0,0,5.04,0.45,2.31,1206.335999999998
0,4,0,-12,30,0,1,0,2,-58,-132,0,0,0,2,73,-6,0,0,5.03,0.44,2.24,1207.648999999998
0,3,0,-13,29,0,1,0,2,-57,-127,0,0,0,2,80,-10,0,0,5.03,0.44,2.24,1208.9619999999982
0,3,0,-20,23,0,1,0,2,-73,-106,0,-1,0,2,91,-19,0,0,5.03,0.44,2.24,1210.2749999999983
0,2,0,-24,15,0,1,0,2,-82,-68,0,-1,0,2,77,-39,0,0,5.03,0.44,2.24,1211.5879999999984
0,1,0,-26,8,0,0,0,2,-110,-21,0,0,0,1,83,-66,0,0,5.03,0.44,2.24,1212.9009999999985
0,1,0,-27,6,0,0,0,2,-103,-5,0,0,0,2,81,-78,0,0,5.03,0.44,2.24,1214.2139999999986
0,1,0,-27,0,0,0,0,1,-1,4,0,0,0,2,158,-61,0,0,5.03,0.44,2.24,1216.8399999999988
0,1,-1,-24,0,0,0,0,1,26,6,0,0,1,2,182,-88,0,0,5.03,0.44,2.24,1218.1529999999989
0,1,-1,-21,0,0,0,0,1,27,2,0,-1,1,2,183,-91,0,0,5.03,0.44,2.24,1219.465999999999
-1,2,-1,-11,-3,0,1,0,1,16,8,0,0,1,3,176,-115,0,0,5.03,0.44,2.24,1220.778999999999
-1,3,-1,-4,-10,0,1,0,1,0,31,0,0,0,3,169,-93,0,0,5.03,0.44,2.24,1222.0919999999992
0,4,0,-3,-12,0,1,0,1,9,71,0,0,1,2,180,-49,0,0,5.03,0.44,2.24,1223.4049999999993
0,4,0,-6,-13,0,0,0,1,19,85,0,0,1,2,184,-27,0,0,5.03,0.44,2.24,1224.7179999999994
0,3,0,-8,-10,0,0,0,1,51,107,0,0,1,2,176,40,0,0,5.03,0.44,2.24,1226.0309999999995
0,2,0,-4,-2,0,0,0,0,71,88,0,0,0,3,170,62,0,0,5.03,0.44,2.24,1227.3439999999996
0,2,0,-1,2,0,0,0,0,83,58,0,-1,0,4,174,55,0,0,5.03,0.44,2.24,1228.6569999999997
0,2,0,-1,3,0,0,0,0,86,50,0,-1,0,4,161,49,0,0,5.03,0.44,2.24,1229.9699999999998
0,1,0,1,6,0,0,0,1,91,42,0,-1,1,4,109,14,0,0,5.03,0.44,2.24,1231.283
0,1,0,5,1,0,1,0,1,88,83,0,0,1,3,83,96,0,0,5.03,0.44,2.24,1233.909
0,1,0,5,0,0,1,0,1,85,99,0,0,1,3,77,113,0,0,5.04,0.48,2.42,1235.327
0,1,0,7,-7,0,1,0,1,77,131,0,-1,1,3,88,151,0,0,5.04,0.48,2.42,1236.745
0,1,0,9,-14,0,0,0,1,61,140,0,-1,2,2,55,125,0,0,5.04,0.48,2.42,1238.1629999999998
0,1,0,10,-15,0,0,0,1,57,142,0,-1,1,2,65,92,0,0,5.04,0.48,2.42,1239.5809999999997
0,2,0,15,-20,0,0,0,1,47,144,0,-2,2,1,0,134,0,0,5.04,0.48,2.42,1240.9989999999996
0,2,0,21,-20,0,0,0,2,42,156,0,-1,3,1,-70,56,0,0,5.04,0.48,2.42,1242.4169999999995
0,2,0,23,-22,0,0,0,3,52,74,0,-1,3,2,-191,-9,0,0,5.04,0.48,2.42,1243.8349999999994
-1,3,0,15,-24,0,0,0,3,45,48,0,-1,2,1,-250,-36,0,0,5.04,0.48,2.42,1245.2529999999992
-1,3,0,0,-30,0,0,0,3,25,43,0,-1,2,1,-250,-131,0,0,5.04,0.48,2.42,1246.6709999999991
0,4,0,-8,-34,0,0,0,3,15,53,0,0,2,1,-250,-157,0,0,5.04,0.48,2.42,1248.088999999999
0,4,0,-32,-45,0,0,0,3,3,76,0,0,1,1,-250,-231,0,0,5.04,0.48,2.42,1249.506999999999
0,3,0,-42,-46,0,0,0,3,-9,71,0,0,1,1,-250,-240,0,0,5.04,0.48,2.42,1250.9249999999988
0,3,0,-48,-38,0,0,0,3,-24,42,0,0,1,1,-250,-124,0,0,5.04,0.48,2.42,1252.3429999999987
0,2,0,-49,-34,0,0,0,3,-26,25,0,0,1,2,-250,-163,0,0,5.04,0.48,2.42,1253.7609999999986
0,2,0,-47,-29,0,0,0,3,-29,-34,0,0,0,1,-250,-30,0,0,5.04,0.48,2.42,1255.1789999999985
0,2,0,-39,-15,0,0,0,4,-34,-87,0,0,0,1,-250,109,0,0,5.04,0.48,2.42,1256.5969999999984
0,2,0,-30,-3,0,0,0,4,-44,-118,0,0,0,1,-248,156,0,0,5.04,0.48,2.42,1258.0149999999983
0,2,0,-26,0,0,0,0,4,-49,-128,0,0,0,1,-243,138,0,0,5.04,0.48,2.42,1259.4329999999982
0,2,0,-12,14,0,1,0,4,-64,-127,0,-1,0,1,-214,66,0,0,5.04,0.48,2.42,1260.850999999998
0,2,0,3,17,0,2,0,5,-74,-82,0,0,0,1,-186,26,0,0,5.04,0.48,2.42,1262.268999999998
0,1,0,14,15,0,1,0,4,-78,-27,0,0,0,1,-134,6,0,0,5.04,0.48,2.42,1263.6869999999979
0,1,0,17,12,0,1,0,4,-75,-15,0,0,0,1,-99,0,0,0,5.03,0.45,2.31,1265.039999999998
0,1,0,22,4,0,0,0,4,-52,-15,0,0,-1,1,-20,27,0,0,5.03,0.45,2.31,1266.392999999998
0,2,0,22,-3,0,0,0,4,-26,-46,0,0,0,1,40,39,0,0,5.03,0.45,2.31,1267.745999999998
0,2,0,22,-1,0,0,0,4,-4,-87,0,0,0,1,76,47,0,0,5.03,0.45,2.31,1269.0989999999981
0,2,0,22,2,0,1,0,4,1,-97,0,0,0,1,77,33,0,0,5.03,0.45,2.31,1270.4519999999982
0,3,0,18,10,0,1,0,4,11,-106,0,0,0,1,83,-2,0,0,5.03,0.45,2.31,1271.8049999999982
0,2,0,12,15,0,1,0,3,15,-93,0,0,0,1,94,-33,0,0,5.03,0.45,2.31,1273.1579999999983
0,2,0,9,18,0,1,0,3,13,-57,0,0,0,1,127,-50,0,0,5.03,0.45,2.31,1274.5109999999984
0,2,0,8,18,0,1,0,3,12,-44,0,0,0,1,135,-57,0,0,5.03,0.45,2.31,1275.8639999999984
0,2,0,8,17,0,1,0,3,13,-6,0,0,0,2,128,-58,0,0,5.03,0.45,2.31,1277.2169999999985
0,3,0,7,21,0,0,0,3,11,27,0,0,0,2,122,-39,0,0,5.03,0.45,2.31,1278.5699999999986
0,3,0,0,21,0,0,0,2,5,55,0,0,1,2,105,-26,0,0,5.03,0.45,2.31,1279.9229999999986
0,3,0,-4,46,0,0,0,3,-20,15,0,-1,0,1,128,-182,0,0,5.04,0.46,2.33,1281.2849999999987
0,4,0,-24,49,0,0,0,2,-19,23,0,0,0,1,152,-193,0,1,5.03,0.44,2.25,1282.6029999999987
0,3,0,-32,46,0,0,1,2,-14,19,0,0,1,1,177,-183,0,0,5.03,0.44,2.25,1283.9209999999987
0,3,0,-31,45,0,0,1,2,-16,17,0,0,1,1,194,-177,0,0,5.03,0.44,2.25,1285.2389999999987
0,2,0,-33,44,0,0,0,2,-26,15,0,0,1,2,229,-170,0,0,5.03,0.44,2.25,1286.5569999999987
0,1,0,-34,42,0,0,0,2,-21,21,0,0,1,2,222,-181,0,0,5.03,0.44,2.25,1287.8749999999986
0,1,0,-37,35,0,0,0,1,-16,24,0,0,1,3,199,-211,0,0,5.03,0.44,2.25,1289.1929999999986
0,1,0,-43,27,0,0,0,1,-8,16,0,0,1,2,194,-205,0,0,5.03,0.44,2.25,1290.5109999999986
0,1,0,-45,24,0,0,0,1,-6,9,0,0,1,2,175,-180,0,0,5.03,0.44,2.25,1291.8289999999986
-1,2,0,-50,13,0,0,0,1,1,-2,0,1,1,2,155,-108,0,0,5.03,0.44,2.25,1293.1469999999986
-1,2,0,-50,2,0,0,0,1,8,0,0,0,1,2,181,-78,0,0,5.03,0.44,2.25,1294.4649999999986
-1,2,0,-43,-20,0,0,0,1,15,31,0,0,1,3,160,-54,0,0,5.03,0.44,2.25,1295.7829999999985
-1,2,0,-36,-25,0,0,0,1,15,38,0,0,1,3,155,-48,0,0,5.03,0.44,2.25,1297.1009999999985
-1,3,0,-14,-20,0,0,0,1,19,38,0,0,1,3,138,-30,0,0,5.03,0.44,2.25,1298.4189999999985
0,2,0,-4,-29,0,0,0,1,29,24,0,0,1,4,129,-18,0,0,5.03,0.44,2.25,1299.7369999999985
0,2,0,0,-19,0,0,0,1,45,2,0,0,1,4,117,3,0,0,5.03,0.44,2.25,1301.0549999999985
0,2,0,0,-15,0,0,0,1,52,-5,0,0,1,4,110,10,0,0,5.03,0.44,2.25,1302.3729999999985
0,2,0,9,-5,0,0,0,2,69,-18,0,0,1,3,101,42,0,0,5.03,0.44,2.25,1303.6909999999984
0,2,0,21,0,0,0,0,2,77,-8,0,0,1,3,91,78,0,0,5.03,0.44,2.25,1305.0089999999984
0,2,0,24,-1,0,0,0,2,77,0,0,0,1,3,71,90,0,0,5.03,0.44,2.25,1306.3269999999984
0,2,0,28,-6,0,0,0,1,78,26,0,0,1,3,25,85,0,0,5.03,0.44,2.25,1307.6449999999984
-1,2,0,28,-17,0,0,0,1,76,38,0,0,1,3,3,72,0,0,5.03,0.44,2.25,1308.9629999999984
-1,2,0,25,-26,0,0,0,1,72,50,0,0,0,2,-5,55,0,0,5.04,0.47,2.38,1310.3589999999983
-1,2,0,22,-32,0,0,0,1,71,51,0,0,2,3,-60,110,0,0,5.04,0.47,2.38,1311.7549999999983
-1,2,0,20,-32,0,0,1,1,50,53,0,0,1,2,16,200,0,0,5.04,0.47,2.38,1313.1509999999982
-1,1,0,17,-35,0,0,1,2,22,57,0,0,0,2,86,123,0,0,5.04,0.47,2.38,1314.5469999999982
-1,1,0,18,-37,0,0,1,2,-6,75,0,0,3,2,50,164,0,0,5.04,0.47,2.38,1315.9429999999982
0,1,0,18,-38,0,0,1,2,-19,81,0,0,2,0,-34,99,0,0,5.04,0.47,2.38,1317.3389999999981
0,2,0,14,-45,0,0,0,3,-35,88,0,-1,1,1,-176,24,0,0,5.04,0.47,2.38,1318.734999999998
0,2,0,5,-49,0,0,0,3,-22,54,0,0,2,1,-216,-27,0,0,5.04,0.47,2.38,1320.130999999998
0,3,0,-7,-51,0,0,0,3,-3,-14,0,0,0,2,-235,-31,0,0,5.04,0.47,2.38,1321.526999999998
0,3,0,-10,-47,0,0,0,3,-2,-40,0,0,1,2,-250,-39,0,0,5.04,0.47,2.38,1322.922999999998
0,3,0,-17,-47,0,0,0,3,-15,-98,0,0,1,2,-250,6,0,0,5.04,0.47,2.38,1324.318999999998
0,2,0,-16,-38,0,0,0,3,-37,-121,0,0,0,1,-250,62,0,0,5.04,0.47,2.38,1325.7149999999979
0,2,0,-16,-37,0,0,0,3,-47,-126,0,0,0,1,-250,86,0,0,5.04,0.47,2.38,1327.1109999999978
0,2,0,-12,-29,0,0,0,3,-74,-129,0,0,0,1,-250,141,0,0,5.04,0.47,2.38,1328.5069999999978
0,2,0,-10,-18,0,1,0,3,-92,-121,0,0,1,0,-250,167,0,0,5.04,0.47,2.38,1329.9029999999977
0,2,0,-9,-3,0,1,0,3,-98,-118,0,0,0,0,-250,198,0,0,5.04,0.47,2.38,1331.2989999999977
0,3,0,-9,2,0,1,0,4,-102,-118,0,0,0,0,-250,212,0,0,5.04,0.47,2.38,1332.6949999999977
0,3,0,-13,11,0,1,0,4,-116,-93,0,-1,0,0,-250,159,0,0,5.04,0.47,2.38,1334.0909999999976
0,3,0,-19,15,0,1,0,4,-111,-77,0,0,1,0,-250,185,0,0,5.04,0.47,2.38,1335.4869999999976
0,2,0,-23,12,0,0,0,3,-88,-108,0,0,0,1,-173,141,0,0,5.04,0.47,2.38,1336.8829999999975
0,2,0,-23,9,0,0,0,3,-81,-120,0,0,0,1,-138,121,0,0,5.04,0.47,2.38,1338.2789999999975
0,2,0,-17,5,0,0,0,3,-55,-133,0,0,0,2,-49,82,0,0,5.04,0.47,2.39,1339.6819999999975
0,1,0,-10,4,0,1,0,4,0,-130,0,0,0,2,4,50,0,0,5.04,0.47,2.39,1341.0849999999975
0,1,0,-1,6,0,1,0,4,21,-97,0,0,0,2,27,40,0,0,5.04,0.47,2.39,1342.4879999999976
0,1,0,1,6,0,1,0,4,19,-78,0,0,0,2,31,33,0,0,5.04,0.47,2.39,1343.8909999999976
0,2,0,8,10,0,1,0,3,7,-19,0,0,0,1,55,23,0,0,5.04,0.47,2.39,1345.2939999999976
0,2,0,14,14,0,1,0,3,-1,2,0,-1,0,2,88,-21,0,0,5.04,0.47,2.39,1346.6969999999976
0,2,0,16,18,0,1,0,3,-2,12,0,-1,0,1,118,-79,0,0,5.04,0.47,2.39,1348.0999999999976
0,3,0,14,23,0,1,0,3,0,19,0,0,0,1,135,-100,0,0,5.04,0.47,2.39,1349.5029999999977
0,3,0,5,31,0,1,0,3,19,49,0,0,0,1,158,-147,0,0,5.04,0.47,2.39,1350.9059999999977
0,3,0,-3,39,0,1,0,3,53,84,0,0,0,1,188,-157,0,0,5.04,0.47,2.39,1352.3089999999977
0,3,0,-6,39,0,1,0,3,60,91,0,0,1,1,191,-171,0,0,5.04,0.47,2.39,1353.7119999999977
