0,2,0,-41,116,0,2,0,0,100,5,0,-1,0,1,-84,70,0,0,5.03,0.45,2.29,1393.7109999999984
0,2,0,-42,114,0,2,0,0,103,16,0,-1,0,1,-86,68,0,0,5.03,0.45,2.29,1395.0899999999983
0,2,0,-42,114,0,2,0,0,103,21,0,-1,0,1,-85,65,0,0,5.03,0.45,2.29,1396.4689999999982
0,2,0,-42,111,0,2,0,0,103,32,0,-2,0,1,-87,47,0,0,5.03,0.45,2.29,1397.8479999999981
0,2,0,-41,108,0,2,0,0,102,38,0,-2,0,1,-90,29,0,0,5.03,0.45,2.29,1399.226999999998
0,2,0,-39,110,0,2,0,0,102,40,0,-2,0,1,-93,18,0,0,5.03,0.45,2.29,1400.605999999998
0,2,0,-36,112,0,2,0,0,105,36,0,-2,0,1,-97,16,0,0,5.03,0.45,2.29,1401.9849999999979
0,2,0,-36,112,0,2,0,0,106,34,0,-2,0,1,-98,18,0,0,5.03,0.45,2.29,1403.3639999999978
0,2,0,-36,112,0,2,0,0,110,30,0,-2,0,1,-100,25,0,0,5.03,0.45,2.29,1404.7429999999977
0,2,0,-36,104,0,2,0,0,112,31,0,-2,0,1,-101,33,0,0,5.03,0.45,2.29,1406.1219999999976
0,2,0,-34,92,0,2,0,0,107,35,0,-2,0,1,-100,41,0,0,5.03,0.45,2.29,1407.5009999999975
-1,2,0,-33,88,0,2,0,0,104,36,0,-3,0,1,-99,43,0,0,5.03,0.45,2.29,1408.8829999999975
-1,2,0,-31,76,0,2,0,0,99,28,0,-3,0,1,-92,48,0,0,5.03,0.45,2.29,1410.2649999999976
-1,2,0,-27,65,0,2,0,0,94,11,0,-3,0,1,-86,46,0,0,5.03,0.45,2.29,1411.6469999999977
-1,2,0,-24,59,0,2,0,0,90,-8,0,-3,0,1,-82,38,0,0,5.03,0.45,2.29,1413.0289999999977
0,2,0,-21,57,0,2,0,0,88,-26,0,-3,0,1,-79,27,0,0,5.03,0.45,2.29,1414.4109999999978
0,2,0,-20,58,0,2,0,0,87,-32,0,-3,0,1,-78,23,0,0,5.03,0.45,2.29,1415.7929999999978
0,2,0,-17,60,0,2,0,0,86,-38,0,-2,0,1,-79,9,0,0,5.03,0.45,2.29,1417.174999999998
0,2,0,-13,65,0,2,0,0,85,-37,0,-2,0,1,-78,7,0,0,5.03,0.45,2.29,1418.556999999998
0,2,0,-8,70,0,3,0,0,83,-26,0,-2,0,1,-75,12,0,0,5.03,0.45,2.29,1419.938999999998
0,2,0,-5,76,0,3,0,0,82,-15,0,-2,0,1,-73,14,0,0,5.03,0.45,2.29,1421.320999999998
0,2,0,-4,78,0,3,0,0,82,-11,0,-2,0,0,-74,14,0,0,5.03,0.45,2.29,1422.7029999999982
0,2,0,-3,85,0,3,0,0,76,6,0,-1,0,0,-77,10,0,0,5.03,0.45,2.29,1424.0849999999982
0,2,0,-4,93,0,3,0,0,75,21,0,-1,0,0,-81,8,0,0,5.03,0.45,2.29,1425.4669999999983
0,2,0,-4,102,0,3,0,0,75,30,0,-2,0,0,-83,12,0,0,5.03,0.45,2.29,1426.8489999999983
0,2,0,-3,109,0,3,0,0,79,39,0,-2,0,0,-86,17,0,0,5.03,0.45,2.29,1428.2309999999984
0,2,0,-2,117,0,3,0,0,84,45,0,-2,0,0,-88,23,0,0,5.03,0.45,2.29,1429.6129999999985
0,2,0,-1,120,0,3,0,0,85,46,0,-2,0,0,-89,24,0,0,5.03,0.45,2.29,1430.9949999999985
0,2,0,0,127,0,3,0,0,88,48,0,-2,0,0,-90,23,0,0,5.03,0.45,2.29,1432.3769999999986
0,2,0,2,136,0,3,0,0,91,50,0,-2,0,0,-94,24,0,0,5.03,0.45,2.29,1433.7589999999987
0,2,0,5,144,0,3,0,0,96,56,0,-2,0,0,-103,28,0,0,5.03,0.45,2.29,1435.1409999999987
0,2,0,8,151,0,3,0,0,102,64,0,-2,0,0,-109,33,0,0,5.03,0.45,2.29,1436.5229999999988
0,2,0,9,153,0,3,0,0,104,67,0,-2,0,0,-110,36,0,0,5.06,0.54,2.74,1438.1739999999988
0,2,0,13,160,0,3,0,0,112,80,0,-2,0,0,-111,44,0,0,5.06,0.54,2.74,1439.824999999999
0,2,0,16,165,0,3,0,0,117,92,0,-2,0,0,-111,46,0,0,5.06,0.54,2.74,1441.475999999999
0,2,0,19,167,0,3,0,0,122,101,0,-2,0,0,-111,40,0,0,5.06,0.54,2.74,1443.126999999999
0,2,0,20,169,0,3,0,0,125,105,0,-2,0,0,-110,31,0,0,5.06,0.54,2.74,1444.777999999999
0,2,0,20,169,0,3,0,0,129,106,0,-2,0,0,-106,22,0,0,5.06,0.54,2.74,1446.4289999999992
0,2,0,20,169,0,3,0,0,130,108,0,-2,0,0,-105,21,0,0,5.06,0.54,2.74,1448.0799999999992
0,2,0,18,169,0,3,0,0,134,112,0,-2,0,0,-100,20,0,0,5.06,0.54,2.74,1449.7309999999993
0,2,0,17,169,0,2,0,0,139,113,0,-2,0,0,-94,22,0,0,5.06,0.54,2.74,1451.3819999999994
0,2,0,16,168,0,2,0,0,142,105,0,-2,0,0,-89,22,0,0,5.06,0.54,2.74,1453.0329999999994
0,2,0,15,169,0,2,0,0,152,90,0,-2,0,0,-84,20,0,0,5.06,0.54,2.74,1454.6839999999995
0,2,0,15,169,0,2,0,0,155,84,0,-2,0,0,-83,19,0,0,5.06,0.54,2.74,1456.3349999999996
0,2,0,14,170,0,2,0,0,166,78,0,-2,0,0,-82,18,0,0,5.06,0.54,2.74,1457.9859999999996
0,2,0,12,170,0,2,0,0,174,79,0,-2,0,0,-84,19,0,0,5.06,0.54,2.74,1459.6369999999997
0,2,0,8,169,0,2,0,0,181,86,0,-2,0,0,-86,24,0,0,5.06,0.54,2.74,1461.2879999999998
0,2,0,1,165,0,2,0,0,179,92,0,-2,0,0,-92,34,0,0,5.06,0.54,2.74,1462.9389999999999
0,2,0,-7,159,0,2,0,0,177,91,0,-2,0,0,-100,48,0,0,5.06,0.54,2.74,1464.59
0,2,0,-14,155,0,2,0,0,173,87,0,-2,0,0,-113,61,0,0,5.06,0.54,2.74,1466.241
0,2,0,-19,156,0,2,1,0,172,83,0,-2,0,0,-126,70,0,0,5.06,0.54,2.74,1467.892
0,2,0,-20,157,0,2,1,0,174,83,0,-2,0,0,-132,71,0,0,5.06,0.54,2.74,1469.5430000000001
0,3,0,-25,170,0,2,1,0,169,71,0,-2,0,0,-157,70,0,0,5.06,0.54,2.74,1471.1940000000002
0,3,0,-29,175,0,2,1,0,159,52,0,-2,0,0,-163,69,0,0,5.06,0.57,2.89,1472.9340000000002
0,3,0,-31,176,0,2,2,0,155,45,0,-2,0,0,-164,69,0,0,5.06,0.57,2.89,1474.6740000000002
0,2,0,-36,177,0,1,2,0,132,22,0,-2,0,1,-168,74,0,0,5.06,0.57,2.89,1476.4140000000002
0,2,0,-39,174,0,1,1,0,132,4,0,-1,0,1,-170,81,0,0,5.06,0.57,2.89,1478.1540000000002
0,2,0,-39,170,0,1,1,0,126,-6,0,-1,0,1,-167,90,0,0,5.06,0.57,2.89,1479.8940000000002
0,2,0,-40,167,0,1,1,0,114,-3,0,-1,0,1,-157,94,0,0,5.06,0.57,2.89,1481.6340000000002
0,2,0,-40,166,0,1,1,0,100,10,0,-1,0,1,-142,97,0,0,5.06,0.57,2.89,1483.3740000000003
0,2,0,-40,166,0,2,1,0,94,15,0,-1,0,1,-136,98,0,0,5.06,0.57,2.89,1485.1140000000003
0,2,0,-42,166,0,1,1,0,82,26,0,-1,0,1,-121,98,0,0,5.06,0.57,2.89,1486.8540000000003
0,2,0,-44,162,0,1,1,0,77,31,0,-1,0,1,-111,97,0,0,5.06,0.57,2.89,1488.5940000000003
0,2,0,-45,153,0,1,1,0,76,30,0,-1,0,1,-102,96,0,0,5.06,0.57,2.89,1490.3340000000003
0,2,0,-45,143,0,1,1,0,73,25,0,-1,0,1,-98,90,0,0,5.06,0.57,2.89,1492.0740000000003
0,2,0,-45,139,0,1,1,0,69,23,0,-1,0,1,-96,86,0,0,5.06,0.57,2.89,1493.8140000000003
0,2,0,-43,130,0,1,1,0,61,16,0,-1,0,1,-93,77,0,0,5.06,0.57,2.89,1495.5540000000003
0,2,0,-40,122,0,1,1,0,61,11,0,-1,0,1,-88,69,0,0,5.06,0.57,2.89,1497.2940000000003
0,2,0,-37,118,0,2,1,0,66,10,0,-1,0,1,-85,66,0,0,5.06,0.57,2.89,1499.0340000000003
0,2,0,-37,119,0,2,1,0,74,18,0,-1,0,1,-83,67,0,0,5.06,0.57,2.89,1500.7740000000003
0,2,0,-36,118,0,2,1,0,83,32,0,-1,0,1,-83,71,0,0,5.06,0.57,2.89,1502.5140000000004
0,2,0,-35,119,0,2,1,0,89,44,0,-1,0,1,-84,76,0,0,5.06,0.57,2.89,1504.2540000000004
0,2,0,-35,119,0,2,1,0,91,48,0,-1,0,1,-85,77,0,0,5.06,0.57,2.89,1505.9940000000004
0,2,0,-34,118,0,2,1,0,95,50,0,-1,0,1,-85,77,0,0,5.06,0.57,2.89,1507.7340000000004
0,2,0,-32,117,0,2,1,0,100,47,0,-1,0,1,-83,74,0,0,5.06,0.58,2.97,1509.5220000000004
0,2,0,-31,118,0,2,1,0,103,45,0,-1,0,1,-81,72,0,0,5.06,0.58,2.97,1511.3100000000004
0,2,0,-28,119,0,2,1,0,103,42,0,-1,0,1,-80,76,0,0,5.06,0.58,2.97,1513.0980000000004
0,2,0,-23,121,0,2,0,0,103,41,0,-1,0,1,-77,81,0,0,5.06,0.58,2.97,1514.8860000000004
0,2,0,-21,121,0,2,1,0,103,40,0,-1,1,1,-76,82,0,0,5.06,0.58,2.97,1516.6740000000004
0,3,0,-17,122,0,2,1,0,107,32,0,-1,1,1,-76,80,0,0,5.06,0.58,2.97,1518.4620000000004
0,3,0,-17,118,0,2,1,0,112,13,0,-2,1,1,-81,71,0,0,5.06,0.58,2.97,1520.2500000000005
-1,3,0,-23,107,0,2,1,0,115,-1,0,-2,1,1,-88,59,0,0,5.06,0.58,2.97,1522.0380000000005
-1,2,0,-32,91,0,2,0,0,115,-8,0,-3,1,1,-93,50,0,0,5.06,0.58,2.97,1523.8260000000005
0,2,0,-35,84,0,2,0,0,112,-4,0,-2,1,1,-87,49,0,0,5.06,0.58,2.97,1525.6140000000005
0,2,0,-36,84,0,2,0,0,111,0,0,-2,1,1,-84,50,0,0,5.06,0.58,2.97,1527.4020000000005
0,2,0,-32,92,0,2,0,0,110,7,0,-2,1,1,-74,48,0,0,5.06,0.58,2.97,1529.1900000000005
0,2,0,-27,103,0,2,0,0,111,17,0,-2,1,1,-67,35,0,0,5.06,0.58,2.97,1530.9780000000005
0,2,0,-24,114,0,2,0,0,108,28,0,-2,1,0,-68,19,0,0,5.06,0.58,2.97,1532.7660000000005
0,2,0,-21,124,0,2,0,0,106,46,0,-1,1,0,-70,13,0,0,5.06,0.58,2.97,1534.5540000000005
0,2,0,-18,133,0,2,0,0,103,69,0,-1,1,0,-75,17,0,0,5.06,0.58,2.97,1536.3420000000006
0,2,0,-17,137,0,2,0,0,103,76,0,-1,1,0,-76,20,0,0,5.06,0.58,2.97,1538.1300000000006
0,2,0,-14,150,0,2,0,0,104,88,0,-1,1,0,-78,28,0,0,5.06,0.58,2.97,1539.9180000000006
0,2,0,-13,163,0,3,0,0,111,95,0,-1,1,0,-78,41,0,0,5.06,0.58,2.97,1541.7060000000006
0,2,0,-14,173,0,3,0,0,120,97,0,-1,1,0,-77,55,0,0,5.06,0.58,2.97,1543.4940000000006
0,2,0,-16,181,0,3,0,0,131,107,0,-2,1,0,-77,67,0,0,5.06,0.58,2.97,1545.2820000000006
0,2,0,-17,183,0,3,0,0,135,112,0,-2,1,0,-77,71,0,0,5.07,0.6,3.05,1547.1170000000006
0,2,0,-19,189,0,3,0,0,143,133,0,-2,1,0,-75,80,0,0,5.07,0.6,3.05,1548.9520000000007
0,2,0,-21,196,0,3,0,0,153,158,0,-2,1,0,-66,84,0,0,5.07,0.6,3.05,1550.7870000000007
0,2,0,-21,199,0,3,0,0,160,182,0,-2,1,0,-48,74,0,0,5.07,0.6,3.05,1552.6220000000008
0,2,0,-19,200,0,3,0,0,163,204,0,-3,1,0,-30,55,0,0,5.07,0.6,3.05,1554.4570000000008
0,2,0,-15,197,0,2,0,0,158,213,0,-3,1,0,-22,38,0,0,5.07,0.6,3.05,1556.2920000000008
0,2,0,-13,194,0,2,0,0,155,213,0,-3,1,1,-21,35,0,0,5.07,0.6,3.05,1558.1270000000009
-1,2,0,-8,185,0,2,0,0,146,198,0,-2,1,1,-21,31,0,0,5.07,0.6,3.05,1559.962000000001
-1,2,0,-3,177,0,2,0,0,137,164,0,-2,1,1,-14,28,0,0,5.07,0.6,3.05,1561.797000000001
-1,2,0,1,171,0,2,0,1,134,130,0,-2,1,1,-6,27,0,0,5.07,0.6,3.05,1563.632000000001
-1,2,0,3,170,0,2,0,1,135,122,0,-2,1,1,-4,28,0,0,5.07,0.6,3.05,1565.467000000001
-1,2,0,6,166,0,2,0,1,143,112,0,-2,1,1,0,24,0,0,5.07,0.6,3.05,1567.302000000001
-1,2,0,13,165,0,3,0,1,157,111,0,-2,1,1,4,15,0,0,5.07,0.6,3.05,1569.137000000001
-1,2,0,9,160,0,3,0,2,180,121,0,-1,1,2,12,1,0,0,5.07,0.6,3.05,1570.9720000000011
-1,2,0,7,156,0,3,0,2,204,127,0,-1,1,2,27,-9,0,0,5.07,0.6,3.05,1572.8070000000012
0,2,0,7,154,0,4,0,1,231,120,0,-1,1,2,48,-18,0,0,5.07,0.6,3.05,1574.6420000000012
0,2,0,6,153,0,4,0,1,250,108,0,-1,1,2,65,-24,0,0,5.07,0.6,3.05,1576.4770000000012
0,2,0,6,153,0,4,0,1,250,103,0,0,1,1,70,-20,0,0,5.07,0.6,3.05,1578.3120000000013
0,2,0,6,153,0,3,0,1,250,88,0,0,1,1,85,-16,0,0,5.07,0.6,3.05,1580.1470000000013
0,2,0,6,151,0,3,0,1,250,86,0,0,1,1,99,-15,0,0,5.07,0.6,3.05,1581.9820000000013
0,2,0,6,149,0,3,0,0,250,94,0,0,1,1,114,-2,0,0,5.07,0.6,3.05,1583.8170000000014
0,2,0,6,146,0,3,0,0,250,103,0,0,1,0,129,22,0,0,5.07,0.6,3.08,1585.6700000000014
0,2,0,6,144,0,3,0,0,250,107,0,0,1,0,134,35,0,0,5.07,0.6,3.08,1587.5230000000015
0,2,0,8,140,0,2,1,0,250,120,0,0,1,0,142,71,0,0,5.07,0.6,3.08,1589.3760000000016
-1,2,0,8,131,0,2,1,0,250,134,0,0,1,0,138,99,0,0,5.07,0.6,3.08,1591.2290000000016
0,2,0,6,118,0,2,1,0,250,134,0,0,1,0,128,103,0,0,5.07,0.6,3.08,1593.0820000000017
0,3,0,0,102,0,2,1,0,232,137,0,0,1,0,119,86,0,0,5.07,0.6,3.08,1594.9350000000018
0,3,0,-6,90,0,2,1,0,205,168,0,0,1,0,114,70,0,0,5.07,0.6,3.08,1596.7880000000018
0,3,0,-7,86,0,2,1,0,195,179,0,0,1,0,111,65,0,0,5.07,0.6,3.08,1598.641000000002
0,3,0,-11,81,0,1,1,-1,169,202,0,0,1,0,100,60,0,0,5.07,0.6,3.08,1600.494000000002
0,2,0,-48,77,0,3,-1,0,17,-189,0,-3,2,0,-125,1,0,0,5.04,0.46,2.36,181.2159999999999
0,2,0,-48,81,0,3,-1,0,20,-211,0,-3,2,0,-123,15,0,0,5.04,0.46,2.36,182.6259999999999
0,2,0,-47,86,0,4,-1,0,42,-245,0,-4,2,0,-122,50,0,0,5.04,0.46,2.36,184.0359999999999
0,2,0,-46,91,0,4,-1,0,72,-246,0,-4,2,1,-128,53,0,0,5.04,0.46,2.36,185.44599999999988
0,2,0,-44,98,0,5,-1,0,105,-212,0,-4,2,1,-138,57,0,0,5.04,0.46,2.36,186.85599999999988
0,2,0,-43,101,0,5,-1,0,116,-190,0,-4,2,1,-146,55,0,0,5.04,0.46,2.36,188.26599999999988
0,3,0,-40,114,0,5,-1,0,131,-142,0,-4,2,1,-164,44,0,0,5.04,0.46,2.36,189.67599999999987
0,3,0,-39,133,0,5,-1,0,140,-78,0,-4,1,1,-177,37,0,0,5.04,0.46,2.36,191.08599999999987
0,2,0,-39,150,0,5,-1,0,150,-32,0,-4,1,1,-181,32,0,0,5.04,0.46,2.36,192.49599999999987
0,2,0,-39,155,0,5,0,0,153,-26,0,-4,1,1,-180,30,0,0,5.04,0.46,2.36,193.90599999999986
0,2,0,-37,168,0,4,0,0,166,-26,0,-3,0,1,-172,24,0,0,5.04,0.46,2.36,195.31599999999986
0,2,0,-32,183,0,3,0,0,167,-25,0,-3,0,1,-159,20,0,0,5.04,0.46,2.36,196.72599999999986
0,2,0,-27,198,0,3,0,0,197,-48,0,-3,0,1,-146,25,0,0,5.04,0.47,2.39,198.15499999999986
0,2,0,-23,214,0,4,0,0,192,-22,0,-3,0,1,-144,39,0,0,5.04,0.47,2.39,199.58399999999986
0,2,0,-22,220,0,3,0,0,191,-7,0,-3,0,1,-144,44,0,0,5.04,0.47,2.39,201.01299999999986
0,2,0,-22,229,0,3,0,0,212,22,0,-2,0,0,-150,53,0,0,5.04,0.47,2.39,202.44199999999987
0,2,0,-24,236,0,3,0,0,216,44,0,-2,0,0,-161,60,0,0,5.04,0.47,2.39,203.87099999999987
0,2,0,-27,241,0,2,0,0,228,47,0,-3,0,0,-178,66,0,0,5.04,0.47,2.39,205.29999999999987
0,2,0,-28,242,0,2,0,0,233,41,0,-2,0,0,-188,61,0,0,5.04,0.47,2.39,206.72899999999987
0,2,0,-30,246,0,2,0,0,247,21,0,-2,0,0,-217,68,0,0,5.04,0.47,2.39,208.15799999999987
0,2,0,-31,250,0,2,0,0,250,1,0,-2,0,0,-247,64,0,0,5.04,0.47,2.39,209.58699999999988
0,2,0,-33,250,0,2,0,0,250,1,0,-2,0,0,-250,56,0,0,5.04,0.47,2.39,211.01599999999988
0,2,0,-33,250,0,2,0,0,250,21,0,-2,0,0,-250,39,0,0,5.04,0.47,2.39,212.44499999999988
0,2,0,-33,250,0,2,0,0,250,29,0,-2,0,0,-250,32,0,0,5.04,0.47,2.39,213.87399999999988
0,2,0,-31,250,0,2,0,0,250,41,0,-2,0,0,-243,12,0,0,5.04,0.47,2.39,215.30299999999988
0,2,0,-25,249,0,2,0,0,250,37,0,-2,0,0,-230,-8,0,0,5.04,0.47,2.39,216.73199999999989
0,2,0,-17,237,0,2,0,0,250,8,0,-2,0,1,-220,-26,0,0,5.04,0.47,2.39,218.1609999999999
-1,2,0,-13,231,0,2,0,0,250,-1,0,-2,0,1,-215,-31,0,0,5.04,0.47,2.39,219.5899999999999
-1,2,-1,-2,217,0,2,0,0,250,-13,0,-2,0,1,-199,-41,0,0,5.04,0.47,2.39,221.0189999999999
-1,2,0,7,203,0,3,0,0,250,-3,0,-2,0,1,-178,-47,0,0,5.04,0.47,2.39,222.4479999999999
-1,2,0,17,194,0,3,0,0,250,22,0,-2,0,1,-152,-47,0,0,5.04,0.47,2.39,223.8769999999999
-1,2,0,19,194,0,3,0,0,250,25,0,-2,0,1,-143,-45,0,0,5.04,0.47,2.39,225.3059999999999
-1,2,0,20,199,0,3,0,0,249,29,0,-2,0,1,-121,-37,0,0,5.04,0.47,2.39,226.7349999999999
0,2,0,-58,128,0,3,0,0,119,46,0,-3,0,0,-123,18,0,0,5.03,0.44,2.22,228.0659999999999
0,2,0,-57,132,0,3,0,0,121,39,0,-3,0,0,-131,15,0,0,5.03,0.44,2.22,229.39699999999988
0,2,0,-54,142,0,3,0,0,127,29,0,-3,0,0,-137,10,0,0,5.03,0.44,2.22,230.72799999999987
0,2,0,-49,154,0,3,0,0,136,24,0,-3,0,0,-141,8,0,0,5.03,0.44,2.22,232.05899999999986
0,2,0,-47,159,0,3,0,0,139,23,0,-3,0,0,-142,9,0,0,5.03,0.44,2.22,233.38999999999984
0,2,0,-43,169,0,3,0,0,144,24,0,-3,0,0,-145,14,0,0,5.03,0.44,2.22,234.72099999999983
0,2,0,-40,174,0,3,0,0,146,24,0,-3,0,0,-147,20,0,0,5.03,0.44,2.22,236.05199999999982
0,2,0,-37,177,0,3,0,0,146,23,0,-3,0,0,-149,17,0,0,5.03,0.44,2.22,237.3829999999998
0,2,0,-36,178,0,3,0,0,146,21,0,-3,0,0,-149,14,0,0,5.03,0.44,2.22,238.7139999999998
0,2,0,-34,183,0,3,0,0,144,22,0,-3,0,0,-146,5,0,0,5.03,0.44,2.22,240.0449999999998
0,2,0,-31,191,0,3,0,0,148,29,0,-3,0,0,-140,5,0,0,5.03,0.44,2.22,241.37599999999978
0,2,0,-28,200,0,3,0,0,154,52,0,-3,0,0,-135,9,0,0,5.03,0.44,2.22,242.70699999999977
0,2,0,-28,203,0,3,0,0,156,62,0,-3,0,0,-135,11,0,0,5.03,0.44,2.22,244.03799999999976
0,2,0,-27,215,0,3,0,0,162,75,0,-3,0,0,-139,21,0,0,5.04,0.46,2.35,245.44499999999977
0,2,0,-27,228,0,3,0,0,167,73,0,-3,0,0,-140,25,0,0,5.04,0.46,2.35,246.85199999999978
0,2,0,-26,241,0,3,0,0,174,68,0,-3,0,0,-144,25,0,0,5.04,0.46,2.35,248.2589999999998
0,2,0,-26,246,0,3,0,0,176,64,0,-3,0,0,-144,27,0,0,5.04,0.46,2.35,249.6659999999998
0,2,0,-26,250,0,3,0,0,187,64,0,-3,0,0,-144,31,0,0,5.04,0.46,2.35,251.0729999999998
0,2,0,-26,250,0,3,0,0,197,67,0,-3,0,0,-138,42,0,0,5.04,0.46,2.35,252.47999999999982
0,2,0,-24,250,0,3,0,0,202,67,0,-3,0,0,-138,48,0,0,5.04,0.46,2.35,253.88699999999983
0,2,0,-24,250,0,3,0,0,202,65,0,-3,0,0,-138,51,0,0,5.04,0.46,2.35,255.29399999999984
0,2,0,-22,250,0,3,0,0,194,59,0,-3,0,0,-147,60,0,0,5.04,0.46,2.35,256.70099999999985
0,2,-1,-20,250,0,3,0,0,178,66,0,-2,0,0,-143,70,0,0,5.04,0.46,2.35,258.10799999999983
0,2,-1,-21,250,0,2,0,0,164,86,0,-2,0,0,-135,81,0,0,5.04,0.46,2.35,259.5149999999998
0,2,-1,-24,250,0,2,0,0,156,108,0,-2,0,0,-131,95,0,0,5.04,0.46,2.35,260.9219999999998
0,2,-1,-25,250,0,2,0,0,157,114,0,-2,0,0,-131,102,0,0,5.04,0.46,2.35,262.3289999999998
0,2,-1,-31,250,0,2,0,0,170,124,0,-2,0,0,-130,110,0,0,5.04,0.46,2.35,263.73599999999976
0,3,0,-35,250,0,2,0,0,188,123,0,-2,0,0,-132,112,0,0,5.04,0.46,2.35,265.14299999999974
-1,3,-1,-34,250,0,1,0,0,197,123,0,-2,0,1,-134,112,0,0,5.04,0.46,2.35,266.5499999999997
-1,3,-1,-35,250,0,2,0,0,205,117,0,-2,0,1,-133,113,0,0,5.04,0.46,2.35,267.9569999999997
-1,2,-1,-31,237,0,2,0,0,228,109,0,-2,0,1,-128,113,0,0,5.04,0.46,2.35,269.3639999999997
-1,2,0,-28,221,0,2,1,0,231,102,0,-2,0,1,-124,118,0,0,5.04,0.46,2.35,270.7709999999997
-1,2,0,-27,203,0,2,1,0,228,103,0,-2,0,1,-115,113,0,0,5.04,0.46,2.35,272.17799999999966
-1,2,0,-27,196,0,2,1,0,226,105,0,-2,0,1,-111,109,0,0,5.04,0.46,2.35,273.58499999999964
-1,2,0,-27,181,0,2,1,0,221,103,0,-2,0,1,-103,106,0,0,5.04,0.46,2.32,274.9729999999996
-1,2,0,-27,169,0,2,0,0,214,97,0,-1,0,1,-92,104,0,1,5.04,0.46,2.32,276.3609999999996
0,2,0,-27,161,0,2,0,0,209,100,0,-1,0,1,-77,105,0,1,5.04,0.46,2.32,277.74899999999957
0,2,0,-27,154,0,3,1,1,181,147,0,-1,0,1,-61,105,0,0,5.04,0.46,2.32,279.13699999999955
0,2,0,-27,151,0,2,1,0,197,123,0,-1,0,1,-55,103,0,0,5.04,0.46,2.32,280.5249999999995
0,2,0,-26,146,0,2,1,0,189,139,0,-1,0,1,-46,93,0,0,5.04,0.46,2.32,281.9129999999995
0,2,0,-25,143,0,2,1,0,175,135,0,-1,1,1,-51,89,0,0,5.04,0.46,2.32,283.3009999999995
0,2,0,-23,143,0,2,1,0,157,130,0,-1,1,1,-54,91,0,0,5.04,0.46,2.32,284.68899999999945
0,2,0,-22,142,0,2,1,0,152,129,0,-1,1,1,-56,92,0,0,5.04,0.46,2.32,286.07699999999943
0,2,0,-21,142,0,2,1,0,142,130,0,-1,1,1,-61,88,0,0,5.04,0.46,2.32,287.4649999999994
0,2,0,-23,142,0,1,1,0,132,133,0,-1,1,1,-61,86,0,0,5.04,0.46,2.32,288.8529999999994
0,2,0,-24,142,0,2,1,0,124,139,0,-1,1,1,-55,88,0,0,5.04,0.46,2.32,290.24099999999936
0,2,0,-24,142,0,2,1,0,122,142,0,-1,1,1,-55,88,0,0,5.04,0.46,2.32,291.62899999999934
0,2,0,-22,141,0,2,1,0,116,150,0,0,1,1,-52,94,0,0,5.04,0.46,2.32,293.0169999999993
0,2,0,-18,142,0,2,1,0,113,156,0,-1,1,1,-51,98,0,0,5.04,0.46,2.32,294.4049999999993
0,2,0,-13,145,0,2,1,0,112,154,0,-1,1,1,-54,104,0,0,5.04,0.46,2.32,295.79299999999927
0,2,0,-12,146,0,2,1,1,112,152,0,-1,1,1,-54,106,0,0,5.04,0.46,2.32,297.18099999999924
0,2,0,-13,152,0,2,1,1,111,148,0,0,1,1,-51,107,0,0,5.04,0.46,2.32,298.5689999999992
0,2,0,-16,154,0,1,1,1,112,145,0,0,1,1,-50,106,0,0,5.04,0.46,2.32,299.9569999999992
0,2,0,-16,154,0,2,1,1,115,153,0,-1,1,1,-44,112,0,0,5.04,0.46,2.32,301.3449999999992
0,2,0,-15,152,0,2,1,1,116,158,0,-1,1,0,-42,115,0,0,5.04,0.46,2.32,302.73299999999915
0,2,0,-13,151,0,2,1,1,117,170,0,-1,1,0,-39,120,0,0,5.03,0.44,2.26,304.08599999999916
0,2,0,-12,151,0,2,1,1,120,180,0,-1,1,0,-35,121,0,0,5.03,0.44,2.26,305.43899999999917
0,3,0,-12,152,0,2,1,1,126,184,0,-1,2,0,-35,124,0,0,5.03,0.44,2.26,306.7919999999992
0,3,0,-12,155,0,2,1,1,132,174,0,-1,2,1,-39,131,0,0,5.03,0.44,2.26,308.1449999999992
0,3,0,-12,157,0,2,1,1,134,167,0,-1,2,1,-42,137,0,0,5.03,0.44,2.26,309.4979999999992
-1,3,0,-13,163,0,2,1,1,134,142,0,-1,2,1,-45,162,0,0,5.03,0.44,2.26,310.8509999999992
-1,2,0,-16,159,0,2,1,1,132,112,0,-1,2,1,-56,160,0,0,5.03,0.44,2.26,312.2039999999992
-1,2,0,-17,152,0,2,1,1,124,94,0,-1,2,1,-50,149,0,0,5.03,0.44,2.26,313.5569999999992
-1,2,0,-18,149,0,2,1,1,120,93,0,-1,2,1,-50,147,0,0,5.03,0.44,2.26,314.90999999999923
0,2,0,-21,141,0,2,1,1,110,100,0,-1,2,1,-46,136,0,0,5.03,0.44,2.26,316.26299999999924
0,2,0,-26,137,0,2,1,1,98,122,0,-1,2,1,-41,115,0,0,5.03,0.44,2.26,317.61599999999925
0,2,0,-31,133,0,2,1,1,88,141,0,-1,1,0,-36,94,0,0,5.03,0.44,2.26,318.96899999999926
0,2,0,-33,130,0,1,1,1,84,148,0,-1,2,1,-34,75,0,0,5.03,0.44,2.26,320.32199999999926
0,2,0,-33,129,0,1,1,1,83,146,0,-1,2,1,-34,68,0,0,5.03,0.44,2.26,321.6749999999993
0,2,0,-33,129,0,1,1,1,82,133,0,-1,2,1,-31,48,0,0,5.03,0.44,2.26,323.0279999999993
0,2,0,-31,131,0,1,1,1,80,116,0,-1,2,1,-25,28,0,0,5.03,0.44,2.26,324.3809999999993
0,2,0,-28,131,0,2,1,1,78,119,0,-1,2,1,-20,16,0,0,5.03,0.44,2.26,325.7339999999993
0,2,0,-27,131,0,2,1,1,77,124,0,-1,2,1,-19,16,0,0,5.03,0.44,2.26,327.0869999999993
0,2,0,-23,130,0,2,1,1,75,144,0,-1,2,1,-15,12,0,0,5.03,0.44,2.26,328.4399999999993
0,2,0,-20,128,0,2,1,1,82,171,0,0,2,2,-23,6,0,0,5.03,0.44,2.26,329.7929999999993
0,2,0,-19,125,0,2,1,1,94,183,0,-1,2,2,-18,-15,0,0,5.03,0.44,2.26,331.14599999999933
0,2,0,-19,124,0,2,1,1,99,181,0,0,2,1,-8,-22,0,0,5.04,0.47,2.41,332.5889999999993
0,2,0,-21,124,0,2,1,2,109,168,0,0,2,1,19,-37,0,0,5.04,0.47,2.41,334.0319999999993
0,2,0,-22,126,0,2,1,2,117,167,0,0,2,1,62,-43,0,0,5.04,0.47,2.41,335.4749999999993
0,2,0,-21,128,0,2,1,1,130,182,0,0,2,1,87,-24,0,0,5.04,0.47,2.41,336.91799999999927
0,2,0,-21,129,0,2,1,1,137,189,0,0,2,1,93,-10,0,0,5.04,0.47,2.41,338.36099999999925
0,2,0,-19,130,0,2,1,1,164,190,0,0,2,1,99,29,0,0,5.04,0.47,2.41,339.80399999999923
0,2,0,-17,130,0,1,1,0,185,161,0,0,2,0,92,68,0,0,5.04,0.47,2.41,341.2469999999992
0,2,0,-14,129,0,1,1,0,196,121,0,-1,2,0,90,77,0,0,5.04,0.47,2.41,342.6899999999992
0,2,0,-13,128,0,2,1,0,193,106,0,-1,2,0,89,74,0,0,5.04,0.47,2.41,344.1329999999992
-1,2,0,-7,122,0,2,2,0,178,89,0,-1,2,0,87,63,0,0,5.04,0.47,2.41,345.57599999999917
-1,2,0,-2,111,0,2,2,0,151,98,0,-1,2,0,92,48,0,0,5.04,0.47,2.41,347.01899999999915
-1,2,0,-2,95,0,1,2,0,89,131,0,-1,2,-1,93,66,0,0,5.04,0.47,2.41,348.46199999999914
-1,2,0,-3,88,0,1,2,-1,99,99,0,-1,2,-1,86,78,0,0,5.04,0.47,2.41,349.9049999999991
-1,2,0,-5,67,0,0,2,-2,81,88,0,-1,2,-1,57,115,0,0,5.04,0.47,2.41,351.3479999999991
-1,2,0,-3,51,0,0,3,-3,47,60,0,-2,2,-2,24,122,0,0,5.04,0.47,2.41,352.7909999999991
-1,2,0,-3,40,0,0,3,-3,7,19,0,-3,2,-3,-17,128,0,0,5.04,0.47,2.41,354.23399999999907
0,2,0,-2,34,0,0,3,-4,-53,-30,0,-3,1,-3,-83,184,0,0,5.04,0.47,2.41,355.67699999999905
0,2,0,-3,31,0,0,3,-4,-86,-58,0,-3,1,-3,-109,213,0,0,5.04,0.47,2.41,357.11999999999904
0,2,0,-4,27,0,0,3,-5,-153,-155,0,-3,1,-3,-178,250,0,0,5.04,0.47,2.41,358.562999999999
0,2,0,-5,22,0,-1,3,-4,-237,-250,0,-3,1,-2,-232,250,0,0,5.04,0.47,2.41,360.005999999999
0,2,0,-6,19,0,0,2,-2,-250,-250,0,-3,1,-1,-250,250,0,0,5.04,0.47,2.41,361.448999999999
0,2,0,-6,14,0,0,1,-1,-250,-250,0,-3,0,0,-250,250,0,0,5.04,0.47,2.39,362.879999999999
0,2,0,-6,12,0,0,0,-1,-250,-250,0,-2,0,0,-250,250,0,0,5.04,0.47,2.39,364.31099999999896
0,2,0,-7,5,0,0,0,0,-250,-250,0,-2,0,1,-250,250,0,0,5.04,0.47,2.39,365.74199999999894
-1,2,0,-6,-4,0,5,-5,5,250,250,0,-5,-5,5,250,250,0,0,5.04,0.47,2.39,367.1729999999989
-1,2,0,-8,-12,0,5,5,5,98,-250,0,3,5,-5,-139,250,0,0,5.04,0.47,2.39,368.6039999999989
0,2,0,-15,-16,0,5,5,5,168,-250,0,4,5,-1,-198,250,0,0,5.04,0.47,2.39,370.0349999999989
0,2,0,-29,-17,0,1,0,-1,54,-108,0,-2,-3,-1,-9,69,0,0,5.04,0.47,2.39,371.46599999999887
0,2,0,-27,-25,0,2,0,-1,-20,-24,0,1,1,1,60,153,0,0,5.04,0.47,2.39,372.89699999999885
0,2,0,-19,-34,0,1,3,3,-170,17,0,-1,1,0,54,81,0,0,5.04,0.47,2.39,374.32799999999884
0,2,0,-19,-37,0,2,2,1,-195,55,0,-2,2,1,3,55,0,0,5.04,0.47,2.39,375.7589999999988
0,2,0,-23,-37,0,0,1,2,-123,26,0,-1,2,1,4,92,0,0,5.04,0.47,2.39,377.1899999999988
0,2,0,-29,-45,0,1,1,2,-77,-20,0,-1,2,1,-50,-39,0,0,5.04,0.47,2.39,378.6209999999988
0,3,0,-33,-40,0,1,1,2,-84,-20,0,-1,2,1,-40,-149,0,0,5.04,0.47,2.39,380.05199999999877
0,3,0,-34,-42,0,1,1,2,-85,-22,0,0,2,1,-44,-176,0,0,5.04,0.47,2.39,381.48299999999875
0,2,0,-33,-38,0,2,1,2,-101,-21,0,0,2,1,-34,-201,0,0,5.04,0.47,2.39,382.91399999999874
0,2,0,-35,-38,0,2,1,1,-84,-39,0,0,2,0,-10,-163,0,0,5.04,0.47,2.39,384.3449999999987
0,2,0,-39,-41,0,2,1,1,-45,-37,0,0,2,1,11,-74,0,0,5.04,0.47,2.39,385.7759999999987
0,2,0,-46,-48,0,2,1,1,-17,-10,0,0,2,0,53,-20,0,0,5.04,0.47,2.39,387.2069999999987
0,2,0,-49,-53,0,2,1,1,-11,2,0,0,2,0,53,-13,0,0,5.04,0.47,2.39,388.63799999999867
0,2,0,-52,-49,0,2,1,1,-9,14,0,-1,1,0,54,-34,0,0,5.04,0.47,2.39,390.06899999999865
0,2,0,-55,-50,0,2,0,1,-11,19,0,-1,2,0,41,-87,0,0,5.04,0.47,2.39,391.49999999999864
0,2,0,-55,-37,0,2,0,1,-7,14,0,-1,2,0,28,-112,0,0,5.03,0.44,2.23,392.8369999999986
0,2,0,-55,-34,0,2,0,1,-2,13,0,-1,2,0,25,-118,0,0,5.03,0.44,2.23,394.1739999999986
0,2,0,-55,-25,0,2,0,1,13,19,0,-1,2,0,16,-109,0,0,5.03,0.44,2.23,395.5109999999986
0,2,0,-54,-14,0,2,0,0,26,35,0,0,2,0,10,-85,0,0,5.03,0.44,2.23,396.8479999999986
0,2,0,-53,-4,0,2,0,0,41,53,0,-1,2,0,7,-50,0,0,5.03,0.44,2.23,398.1849999999986
0,2,0,-52,0,0,2,0,0,56,63,0,-1,2,0,5,-41,0,0,5.03,0.44,2.23,399.52199999999857
0,2,0,-53,10,0,2,0,0,62,45,0,-1,2,0,-12,-25,0,0,5.03,0.44,2.23,400.85899999999856
0,2,0,-53,22,0,2,0,1,70,10,0,-1,2,0,-28,-17,0,0,5.03,0.44,2.23,402.19599999999855
0,2,0,-50,37,0,2,0,1,78,-14,0,-1,2,0,-46,-11,0,0,5.03,0.44,2.23,403.53299999999854
0,2,0,-46,53,0,2,0,1,78,-11,0,-1,2,0,-75,6,0,0,5.03,0.44,2.23,404.8699999999985
0,2,0,-44,59,0,3,0,1,77,-4,0,-1,2,0,-89,9,0,0,5.03,0.44,2.23,406.2069999999985
0,2,0,-40,76,0,3,0,1,79,24,0,-1,2,0,-112,33,0,0,5.03,0.44,2.23,407.5439999999985
0,2,0,-37,95,0,3,0,1,79,56,0,-1,2,0,-117,57,0,0,5.03,0.44,2.23,408.8809999999985
0,2,0,-35,116,0,3,0,0,80,82,0,-1,2,0,-125,76,0,0,5.03,0.44,2.23,410.2179999999985
0,2,0,-34,124,0,3,0,0,81,88,0,-1,2,0,-127,83,0,0,5.03,0.44,2.23,411.5549999999985
0,2,0,-34,142,0,3,0,0,83,97,0,-2,2,0,-121,100,0,0,5.03,0.44,2.23,412.89199999999846
0,2,0,-34,160,0,3,0,0,88,98,0,-2,2,0,-104,102,0,0,5.03,0.44,2.23,414.22899999999845
0,2,0,-36,176,0,3,0,0,98,91,0,-2,2,0,-97,103,0,0,5.03,0.44,2.23,415.56599999999844
0,2,0,-37,180,0,3,0,0,100,92,0,-2,2,0,-96,107,0,0,5.03,0.44,2.23,416.9029999999984
0,2,0,-38,190,0,3,0,0,109,97,0,-2,2,0,-96,119,0,0,5.03,0.44,2.23,418.2399999999984
0,2,0,-38,200,0,3,0,0,113,105,0,-2,2,0,-101,139,0,0,5.03,0.44,2.23,419.5769999999984
0,2,0,-35,209,0,3,0,0,118,117,0,-2,2,0,-103,160,0,0,5.04,0.48,2.42,421.0279999999984
0,2,0,-34,213,0,3,0,0,121,121,0,-2,2,0,-104,166,0,0,5.04,0.48,2.42,422.47899999999845
0,2,0,-30,222,0,3,0,0,125,127,0,-2,2,0,-104,181,0,0,5.04,0.48,2.42,423.9299999999985
0,2,0,-28,232,0,3,0,0,130,127,0,-2,2,0,-104,187,0,0,5.04,0.48,2.42,425.3809999999985
0,2,0,-28,243,0,3,0,0,140,126,0,-3,1,0,-93,190,0,0,5.04,0.48,2.42,426.8319999999985
0,2,0,-27,247,0,3,0,0,144,128,0,-3,1,0,-91,192,0,0,5.04,0.48,2.42,428.28299999999854
0,2,0,-26,250,0,3,1,0,155,139,0,-3,1,0,-94,202,0,0,5.04,0.48,2.42,429.73399999999856
0,3,0,-26,250,0,3,1,0,163,155,0,-2,1,0,-106,213,0,0,5.04,0.48,2.42,431.1849999999986
0,2,0,-25,250,0,3,1,0,167,163,0,-2,1,0,-113,214,0,0,5.04,0.48,2.42,432.6359999999986
0,2,0,-23,250,0,3,1,0,165,156,0,-2,1,0,-120,204,0,0,5.04,0.48,2.42,434.0869999999986
0,2,0,-23,250,0,2,1,0,163,148,0,-2,1,0,-123,199,0,0,5.04,0.48,2.42,435.53799999999865
0,2,0,-23,250,0,2,1,0,162,122,0,-2,1,0,-120,184,0,0,5.04,0.48,2.42,436.98899999999867
-1,2,0,-22,250,0,2,1,0,162,102,0,-2,1,0,-116,171,0,0,5.04,0.48,2.42,438.4399999999987
-1,2,0,-18,245,0,2,1,0,159,107,0,-2,1,0,-114,169,0,0,5.04,0.48,2.42,439.8909999999987
-1,2,0,-17,243,0,2,1,0,158,114,0,-2,1,1,-114,171,0,0,5.04,0.48,2.42,441.34199999999873
-1,2,0,-14,236,0,2,1,0,158,134,0,-2,1,1,-116,173,0,0,5.04,0.48,2.42,442.79299999999876
-1,2,0,-14,227,0,2,1,0,150,141,0,-2,1,1,-107,164,0,0,5.04,0.48,2.42,444.2439999999988
0,2,0,-17,218,0,2,1,0,146,134,0,-2,1,1,-97,152,0,0,5.04,0.48,2.42,445.6949999999988
0,2,0,-18,215,0,1,1,0,144,127,0,-2,1,1,-94,149,0,0,5.04,0.48,2.42,447.1459999999988
0,2,0,-20,206,0,1,1,0,138,106,0,-2,1,1,-85,143,0,0,5.04,0.48,2.42,448.59699999999884
0,2,0,-23,197,0,1,1,0,137,97,0,-1,1,1,-77,135,0,0,5.04,0.48,2.42,450.04799999999886
0,2,0,-25,189,0,2,1,0,138,98,0,-1,1,1,-74,129,0,0,5.04,0.47,2.39,451.47699999999884
0,2,0,-26,181,0,2,1,0,137,103,0,-1,1,1,-72,120,0,0,5.04,0.47,2.39,452.9059999999988
0,2,0,-26,179,0,2,1,0,137,105,0,-1,1,1,-71,117,0,0,5.04,0.47,2.39,454.3349999999988
0,2,0,-26,174,0,2,1,0,131,108,0,-1,1,1,-67,111,0,0,5.04,0.47,2.39,455.76399999999876
0,2,0,-50,189,0,2,1,1,138,108,0,-1,2,0,-76,136,0,0,5.04,0.46,2.34,457.16799999999876
0,2,0,-50,192,0,2,1,1,137,111,0,-1,2,0,-70,160,0,0,5.04,0.46,2.34,458.57199999999875
0,2,0,-49,195,0,2,1,1,135,112,0,-1,2,0,-67,180,0,0,5.04,0.46,2.34,459.97599999999875
0,2,0,-49,198,0,2,1,1,134,115,0,-1,2,0,-67,188,0,0,5.04,0.46,2.34,461.37999999999874
0,2,0,-49,203,0,2,1,0,135,119,0,-1,2,0,-71,186,0,0,5.04,0.46,2.34,462.78399999999874
0,2,0,-49,204,0,2,1,0,136,120,0,-1,2,0,-73,183,0,0,5.04,0.46,2.34,464.18799999999874
0,2,0,-48,206,0,2,1,0,138,123,0,-1,2,0,-78,175,0,0,5.04,0.46,2.34,465.59199999999873
0,2,0,-45,203,0,2,1,0,141,117,0,-1,2,0,-76,175,0,0,5.04,0.46,2.34,466.99599999999873
0,2,0,-44,199,0,2,1,0,138,107,0,-1,2,0,-70,179,0,0,5.04,0.46,2.34,468.3999999999987
0,2,0,-44,197,0,2,1,0,132,100,0,-1,2,1,-68,182,0,0,5.04,0.45,2.29,469.77199999999874
0,2,0,-43,197,0,2,1,0,130,99,0,-1,2,1,-67,182,0,0,5.04,0.45,2.29,471.14399999999875
0,2,0,-42,197,0,2,1,0,125,101,0,-1,2,1,-64,179,0,0,5.04,0.45,2.29,472.51599999999877
0,2,0,-40,200,0,2,1,0,126,112,0,-1,2,1,-61,177,0,0,5.04,0.45,2.29,473.8879999999988
0,2,0,-38,202,0,2,1,0,131,121,0,-1,2,1,-58,172,0,0,5.04,0.45,2.29,475.2599999999988
0,2,0,-38,202,0,2,1,0,133,122,0,-1,2,1,-56,171,0,0,5.04,0.45,2.29,476.6319999999988
0,2,0,-37,200,0,2,1,0,135,117,0,-1,2,1,-52,166,0,0,5.04,0.45,2.29,478.0039999999988
0,2,0,-38,194,0,2,1,0,133,106,0,-1,1,1,-52,159,0,0,5.04,0.45,2.29,479.37599999999884
0,2,0,-38,188,0,2,1,0,128,98,0,-1,1,1,-55,149,0,0,5.04,0.45,2.29,480.74799999999885
0,2,0,-38,185,0,2,1,0,125,97,0,-1,1,1,-54,147,0,0,5.04,0.45,2.29,482.11999999999887
0,2,0,-34,177,0,2,1,0,120,102,0,-1,1,1,-52,142,0,0,5.04,0.45,2.29,483.4919999999989
0,2,0,-32,172,0,2,1,0,114,107,0,-1,1,1,-47,138,0,0,5.04,0.45,2.29,484.8639999999989
0,2,0,-28,169,0,2,1,0,109,109,0,-1,1,1,-40,135,0,0,5.04,0.45,2.29,486.2359999999989
0,2,0,-27,168,0,2,1,0,107,110,0,-1,1,1,-37,133,0,0,5.04,0.45,2.29,487.6079999999989
0,2,0,-24,167,0,2,1,0,100,106,0,-1,2,1,-29,132,0,0,5.04,0.45,2.29,488.97999999999894
0,2,0,-23,166,0,2,1,0,93,98,0,-1,2,0,-23,137,0,0,5.04,0.45,2.29,490.35199999999895
0,2,0,-24,162,0,2,1,0,89,95,0,-1,2,0,-18,147,0,0,5.04,0.45,2.29,491.72399999999897
0,2,0,-24,160,0,2,1,0,88,94,0,-1,2,0,-16,150,0,0,5.04,0.45,2.29,493.095999999999
0,2,0,-27,156,0,2,1,1,88,94,0,0,2,0,-11,164,0,0,5.04,0.45,2.29,494.467999999999
0,2,0,-31,158,0,2,1,1,86,96,0,-1,1,0,-13,174,0,0,5.04,0.45,2.29,495.839999999999
0,2,0,-32,162,0,2,1,1,84,101,0,-1,1,0,-21,176,0,0,5.04,0.45,2.29,497.211999999999
0,2,0,-31,162,0,2,1,1,84,104,0,-1,1,0,-25,173,0,0,5.03,0.44,2.23,498.546999999999
0,2,0,-28,162,0,2,1,1,80,114,0,-1,1,0,-30,162,0,0,5.03,0.44,2.23,499.881999999999
0,2,0,-25,163,0,2,1,1,75,127,0,-1,1,0,-30,147,0,0,5.03,0.44,2.23,501.21699999999896
0,2,0,-24,163,0,2,1,1,73,138,0,-1,2,0,-33,135,0,0,5.03,0.44,2.23,502.55199999999894
0,2,0,-27,160,0,2,1,1,73,139,0,-1,2,1,-40,133,0,0,5.03,0.44,2.23,503.8869999999989
-1,2,0,-30,159,0,2,1,1,76,136,0,-1,2,1,-43,135,0,0,5.03,0.44,2.23,505.2219999999989
-1,3,0,-37,154,0,1,0,1,87,121,0,-1,1,1,-47,151,0,0,5.03,0.44,2.23,506.5569999999989
-1,3,0,-40,150,0,1,0,1,100,94,0,0,1,1,-48,169,0,0,5.03,0.44,2.23,507.89199999999886
-1,2,0,-41,139,0,1,0,1,108,64,0,0,1,1,-40,171,0,0,5.03,0.44,2.23,509.22699999999884
-1,2,0,-41,137,0,1,0,1,110,55,0,0,1,1,-37,166,0,0,5.03,0.44,2.23,510.5619999999988
-1,2,0,-48,125,0,1,0,1,116,42,0,-1,1,1,-34,130,0,0,5.03,0.44,2.23,511.8969999999988
-1,2,0,-62,103,0,1,0,1,122,26,0,-1,1,1,-44,94,0,0,5.03,0.44,2.23,513.2319999999988
-1,2,0,-71,69,0,1,1,1,133,9,0,0,1,1,-43,79,0,0,5.03,0.44,2.23,514.5669999999989
-1,2,0,-67,41,0,2,1,0,144,6,0,0,1,1,-26,88,0,0,5.03,0.44,2.23,515.9019999999989
-1,2,0,-62,36,0,2,1,0,146,10,0,0,1,1,-26,82,0,0,5.03,0.44,2.23,517.236999999999
0,2,0,-57,33,0,2,1,0,141,31,0,-1,1,1,-25,85,0,0,5.03,0.44,2.23,518.571999999999
0,2,0,-60,36,0,2,2,0,128,46,0,-1,1,1,-38,79,0,0,5.03,0.44,2.23,519.906999999999
0,3,0,-61,37,0,2,2,0,114,47,0,-2,1,1,-58,70,0,0,5.03,0.44,2.23,521.241999999999
0,3,0,-61,38,0,2,2,0,111,42,0,-2,1,1,-61,65,0,0,5.03,0.44,2.23,522.5769999999991
0,2,0,-59,41,0,2,1,0,103,26,0,-2,1,1,-61,61,0,0,5.03,0.44,2.23,523.9119999999991
0,2,0,-55,56,0,2,1,0,96,7,0,-2,1,1,-51,65,0,0,5.03,0.44,2.23,525.2469999999992
0,1,0,-47,60,0,2,1,1,87,-8,0,-2,2,1,-41,52,0,0,5.03,0.46,2.33,526.6439999999992
0,1,0,-43,61,0,2,1,1,82,-5,0,-2,2,1,-39,43,0,0,5.03,0.46,2.33,528.0409999999993
0,1,0,-31,69,0,3,0,2,66,19,0,-2,2,1,-33,28,0,0,5.03,0.46,2.33,529.4379999999993
0,0,0,-21,86,0,3,0,2,57,67,0,-2,2,1,-26,31,0,0,5.03,0.46,2.33,530.8349999999994
0,1,0,-10,111,0,3,0,2,61,126,0,-2,2,1,-13,50,0,0,5.03,0.46,2.33,532.2319999999994
0,1,0,-7,121,0,3,0,2,69,147,0,-2,3,1,-15,52,0,0,5.03,0.46,2.33,533.6289999999995
0,1,0,1,146,0,2,0,1,105,172,0,-1,3,1,-8,53,0,0,5.03,0.46,2.33,535.0259999999995
0,2,0,5,156,0,2,0,2,139,154,0,-2,3,1,-10,24,0,0,5.03,0.46,2.33,536.4229999999995
0,4,0,6,152,0,2,0,2,157,129,0,-1,3,1,-9,-15,0,0,5.03,0.46,2.33,537.8199999999996
-2,5,0,-5,128,0,2,0,2,150,112,0,-1,2,2,-4,-35,0,0,5.03,0.46,2.33,539.2169999999996
-2,5,0,-13,106,0,2,1,2,152,103,0,-1,2,2,-1,-36,0,0,5.03,0.46,2.33,540.6139999999997
-2,4,0,-23,77,0,2,1,2,134,113,0,-1,2,1,8,-17,0,0,5.03,0.46,2.33,542.0109999999997
-2,2,0,-19,75,0,2,1,1,145,116,0,-1,2,1,18,4,0,0,5.03,0.46,2.33,543.4079999999998
-2,1,0,-11,63,0,2,1,2,151,113,0,-1,2,1,31,14,0,0,5.03,0.46,2.33,544.8049999999998
-2,1,0,-11,57,0,2,2,2,150,119,0,-1,2,1,37,13,0,0,5.03,0.46,2.33,546.2019999999999
-1,1,0,2,59,0,3,2,2,147,148,0,-1,2,1,48,0,0,0,5.03,0.46,2.33,547.5989999999999
-1,1,0,15,56,0,3,2,1,130,183,0,-1,2,1,57,-29,0,0,5.03,0.46,2.33,548.996
-1,2,0,20,52,0,2,1,1,122,202,0,-1,2,1,64,-47,0,0,5.03,0.46,2.33,550.393
-1,2,0,20,50,0,2,1,1,123,201,0,-1,2,1,68,-51,0,0,5.03,0.46,2.33,551.7900000000001
-1,2,0,18,43,0,2,1,0,129,182,0,-1,2,0,81,-55,0,0,5.03,0.46,2.33,553.1870000000001
0,2,0,13,38,0,1,1,0,138,159,0,-1,1,0,90,-43,0,0,5.03,0.46,2.33,554.5840000000002
0,2,0,11,37,0,1,1,0,142,156,0,0,1,0,88,-23,0,0,5.03,0.45,2.27,555.9430000000002
0,2,0,10,43,0,1,1,0,135,160,0,-1,1,0,83,-8,0,0,5.03,0.45,2.27,557.3020000000002
0,2,0,9,44,0,1,1,0,129,158,0,-1,1,0,78,-12,0,0,5.03,0.45,2.27,558.6610000000003
0,2,0,7,50,0,0,1,0,111,144,0,-1,1,-1,54,-20,0,0,5.03,0.45,2.27,560.0200000000003
0,2,0,6,56,0,0,1,-1,100,129,0,-1,1,-2,23,-21,0,0,5.03,0.45,2.27,561.3790000000004
0,2,0,2,61,0,0,1,-2,96,96,0,-1,1,-4,-10,19,0,1,5.03,0.45,2.27,562.7380000000004
0,2,0,0,61,0,0,1,-2,91,79,0,-1,1,-4,-17,44,0,1,5.03,0.45,2.27,564.0970000000004
0,2,0,0,61,0,0,2,-3,72,18,0,-1,2,-4,-65,122,0,0,5.03,0.45,2.27,565.4560000000005
-1,2,0,1,58,0,0,3,-3,34,-42,0,-2,2,-4,-126,178,0,0,5.03,0.45,2.27,566.8150000000005
-1,2,0,0,53,0,0,3,-3,-28,-109,0,-3,2,-5,-194,194,0,0,5.03,0.45,2.27,568.1740000000005
-1,2,0,-2,43,0,0,3,-4,-90,-177,0,-3,2,-5,-250,227,0,0,5.03,0.45,2.27,569.5330000000006
-1,2,0,-4,39,0,0,3,-4,-114,-198,0,-4,2,-5,-250,250,0,0,5.03,0.45,2.27,570.8920000000006
0,2,0,-8,26,0,0,3,-5,-191,-250,0,-3,1,-5,-250,250,0,0,5.03,0.45,2.27,572.2510000000007
0,2,0,-8,22,0,0,2,-4,-250,-250,0,-3,0,-2,-250,250,0,0,5.03,0.45,2.27,573.6100000000007
0,2,0,-8,22,0,0,1,-2,-250,-250,0,-3,0,0,-250,250,0,0,5.03,0.45,2.27,574.9690000000007
0,2,0,-7,25,0,0,0,-1,-250,-250,0,-3,-1,1,-250,250,0,0,5.03,0.45,2.27,576.3280000000008
0,2,0,-7,36,0,0,0,0,-250,-250,0,-3,-1,1,-250,250,0,0,5.03,0.45,2.27,577.6870000000008
0,2,0,-7,43,0,5,-5,5,123,172,0,5,-5,5,250,250,0,0,5.03,0.45,2.27,579.0460000000008
0,2,0,-7,40,0,2,5,1,-118,-250,0,4,5,-5,250,250,0,0,5.03,0.45,2.27,580.4050000000009
0,2,0,-9,39,0,-5,5,5,206,-211,0,-1,5,0,-97,250,0,0,5.03,0.45,2.27,581.7640000000009
0,2,0,-30,41,0,-1,-1,-5,-29,-144,0,-5,-1,-1,-5,59,0,0,5.03,0.45,2.27,583.123000000001
0,2,0,-30,36,0,0,-1,-4,229,-44,0,-2,0,1,68,-35,0,0,5.04,0.46,2.36,584.535000000001
0,2,0,-12,0,0,3,1,3,-120,-30,0,2,2,2,66,70,0,0,5.04,0.46,2.36,585.947000000001
0,2,0,-8,3,0,2,0,3,-83,-86,0,0,2,1,99,32,0,0,5.04,0.46,2.36,587.3590000000011
0,2,0,-12,9,0,3,2,2,-87,-104,0,-1,3,0,226,74,0,0,5.04,0.46,2.36,588.7710000000011
0,2,0,-16,4,0,2,2,1,-60,-135,0,-1,3,0,77,21,0,0,5.04,0.46,2.36,590.1830000000011
0,2,0,-16,4,0,2,2,0,-52,-95,0,-1,2,1,-84,-51,0,0,5.04,0.46,2.36,591.5950000000012
0,2,0,-17,0,0,2,2,0,-55,-77,0,0,2,0,-59,-88,0,0,5.04,0.46,2.36,593.0070000000012
0,2,0,-16,0,0,3,2,0,-54,-21,0,0,1,0,-76,-122,0,0,5.04,0.46,2.36,594.4190000000012
0,2,0,-17,-2,0,2,2,0,-5,-18,0,-1,3,0,-118,-113,0,0,5.04,0.46,2.36,595.8310000000013
0,2,0,-18,-6,0,2,1,0,20,-29,0,-2,3,1,-39,-54,0,0,5.04,0.46,2.36,597.2430000000013
0,2,0,-19,-8,0,2,1,1,16,-23,0,-1,2,0,-19,-32,0,0,5.04,0.46,2.36,598.6550000000013
0,2,0,-20,-9,0,2,1,1,9,-17,0,-2,3,0,-41,0,0,0,5.04,0.46,2.36,600.0670000000014
0,2,0,-22,-10,0,2,1,1,-10,-3,0,-1,1,1,16,81,0,0,5.04,0.46,2.36,601.4790000000014
0,2,0,-23,-12,0,2,1,1,-20,-4,0,-1,2,1,24,115,0,0,5.04,0.46,2.36,602.8910000000014
0,2,0,-22,-5,0,2,1,1,-20,-13,0,-1,1,0,9,16,0,0,5.04,0.46,2.36,604.3030000000015
0,2,0,-22,-5,0,1,1,1,-15,-19,0,-1,1,1,-1,-72,0,0,5.04,0.46,2.36,605.7150000000015
0,2,0,-23,-5,0,1,1,1,-14,-16,0,-1,1,1,-4,-93,0,0,5.04,0.46,2.36,607.1270000000015
0,2,0,-23,-8,0,2,1,1,12,-10,0,0,1,1,-7,-147,0,0,5.04,0.46,2.36,608.5390000000016
0,2,0,-23,-12,0,2,1,1,-37,18,0,0,1,1,0,-182,0,0,5.04,0.46,2.36,609.9510000000016
0,2,0,-26,-15,0,1,0,1,-36,24,0,0,2,1,12,-190,0,0,5.04,0.46,2.36,611.3630000000016
0,2,0,-27,-17,0,1,1,1,-21,-5,0,0,1,0,9,-191,0,0,5.04,0.46,2.36,612.7750000000017
0,2,0,-29,-16,0,1,0,1,1,-1,0,0,1,0,9,-172,0,0,5.04,0.47,2.41,614.2170000000017
0,2,0,-31,-14,0,2,0,1,-20,-4,0,0,1,0,1,-149,0,0,5.04,0.47,2.41,615.6590000000017
0,2,0,-33,-14,0,2,0,1,-26,4,0,0,1,0,-12,-117,0,0,5.04,0.47,2.41,617.1010000000017
0,2,0,-34,-13,0,2,0,1,-22,11,0,0,1,0,-13,-105,0,0,5.04,0.47,2.41,618.5430000000017
0,2,0,-33,-8,0,1,0,1,-6,8,0,0,2,0,-29,-34,0,0,5.04,0.47,2.41,619.9850000000017
0,2,0,-31,-3,0,1,0,0,13,5,0,-1,2,0,-48,30,0,0,5.04,0.47,2.41,621.4270000000017
0,2,0,-30,2,0,1,0,0,32,10,0,-1,2,0,-60,64,0,0,5.04,0.47,2.41,622.8690000000017
0,2,0,-30,5,0,2,0,0,38,13,0,-1,2,0,-73,70,0,0,5.04,0.47,2.41,624.3110000000017
0,2,0,-31,13,0,2,0,0,46,22,0,-2,1,0,-81,67,0,0,5.04,0.47,2.41,625.7530000000017
0,2,0,-32,21,0,2,0,0,53,13,0,-2,2,0,-71,28,0,0,5.04,0.47,2.41,627.1950000000018
0,2,0,-32,27,0,3,0,1,57,-1,0,-2,2,0,-66,-11,0,0,5.04,0.47,2.41,628.6370000000018
0,2,0,-31,29,0,2,0,1,64,-4,0,-2,2,0,-65,-25,0,0,5.04,0.47,2.41,630.0790000000018
0,2,0,-30,35,0,2,0,1,74,-12,0,-2,2,0,-71,-34,0,0,5.04,0.47,2.41,631.5210000000018
0,2,0,-30,44,0,3,0,0,90,-5,0,-2,2,0,-86,-31,0,0,5.04,0.47,2.41,632.9630000000018
0,2,0,-29,56,0,3,0,0,106,9,0,-2,2,0,-99,-3,0,0,5.04,0.47,2.41,634.4050000000018
0,2,0,-30,56,0,3,0,0,112,15,0,-2,2,0,-103,6,0,0,5.04,0.47,2.41,635.8470000000018
0,2,0,-27,77,0,3,0,0,122,21,0,-2,2,0,-107,33,0,0,5.04,0.47,2.41,637.2890000000018
0,2,0,-26,95,0,3,0,0,125,19,0,-2,2,0,-100,50,0,0,5.04,0.47,2.41,638.7310000000018
0,2,0,-24,112,0,3,0,0,127,18,0,-2,1,0,-90,54,0,0,5.04,0.47,2.41,640.1730000000018
0,2,0,-24,118,0,3,0,0,127,19,0,-2,1,0,-88,56,0,0,5.04,0.47,2.41,641.6150000000018
0,2,0,-23,129,0,3,0,0,127,27,0,-2,1,0,-85,56,0,0,5.04,0.47,2.41,643.0570000000018
0,2,0,-22,138,0,3,0,0,125,39,0,-2,1,0,-85,60,0,0,5.03,0.43,2.18,644.3620000000018
0,2,0,-22,147,0,3,0,0,125,45,0,-1,1,0,-84,69,0,0,5.03,0.43,2.18,645.6670000000017
0,2,0,-22,159,0,3,0,0,128,46,0,-1,1,0,-77,82,0,0,5.03,0.43,2.18,646.9720000000017
0,2,0,-22,164,0,3,0,0,129,47,0,-1,1,0,-74,87,0,0,5.03,0.43,2.18,648.2770000000016
0,2,0,-24,178,0,3,0,0,132,48,0,-1,1,0,-71,95,0,0,5.03,0.43,2.18,649.5820000000016
0,2,0,-24,190,0,3,0,0,134,59,0,-1,1,0,-71,103,0,0,5.03,0.43,2.18,650.8870000000015
0,2,0,-22,200,0,3,0,0,133,71,0,-2,1,0,-84,113,0,0,5.03,0.43,2.18,652.1920000000015
0,2,0,-21,203,0,3,0,0,133,74,0,-1,1,0,-91,117,0,0,5.03,0.43,2.18,653.4970000000014
0,2,0,-18,211,0,3,0,0,130,76,0,-1,1,0,-105,121,0,0,5.03,0.43,2.18,654.8020000000014
0,3,0,-16,217,0,2,0,0,130,65,0,-1,1,0,-111,126,0,0,5.03,0.43,2.18,656.1070000000013
0,3,0,-15,219,0,2,0,0,135,48,0,-1,1,0,-112,125,0,0,5.03,0.43,2.18,657.4120000000013
0,2,0,-17,215,0,3,0,0,141,34,0,-2,1,0,-113,121,0,0,5.03,0.43,2.18,658.7170000000012
0,2,0,-17,213,0,3,0,0,142,29,0,-2,1,1,-115,118,0,0,5.03,0.43,2.18,660.0220000000012
0,2,0,-16,205,0,3,0,0,141,22,0,-2,1,1,-124,107,0,0,5.03,0.43,2.18,661.3270000000011
0,2,0,-12,195,0,3,0,0,137,26,0,-2,1,1,-132,95,0,0,5.03,0.43,2.18,662.6320000000011
0,2,0,-10,187,0,2,0,0,136,37,0,-2,1,1,-134,82,0,0,5.03,0.43,2.18,663.937000000001
0,2,0,-9,183,0,2,1,0,136,40,0,-2,0,1,-133,77,0,0,5.03,0.43,2.18,665.242000000001
0,2,0,-12,177,0,2,1,0,140,37,0,-2,0,1,-129,68,0,0,5.03,0.43,2.18,666.5470000000009
0,2,0,-16,174,0,2,1,0,143,27,0,-2,0,1,-124,60,0,0,5.03,0.43,2.18,667.8520000000009
0,2,0,-20,172,0,2,1,0,144,16,0,-2,0,1,-119,55,0,0,5.03,0.43,2.18,669.1570000000008
0,2,0,-21,171,0,2,1,0,147,11,0,-2,0,1,-119,54,0,0,5.03,0.43,2.18,670.4620000000008
0,2,0,-24,171,0,2,1,0,145,17,0,-1,0,1,-112,58,0,0,5.04,0.47,2.4,671.9020000000008
0,2,0,-24,169,0,2,1,0,144,29,0,-1,0,1,-108,71,0,0,5.04,0.47,2.4,673.3420000000009
0,2,0,-23,166,0,2,1,0,140,41,0,-1,0,1,-109,79,0,0,5.04,0.47,2.4,674.782000000001
0,2,0,-22,164,0,2,1,0,138,45,0,-1,0,1,-110,78,0,0,5.04,0.47,2.4,676.222000000001
0,2,0,-21,158,0,2,1,0,135,53,0,-1,0,1,-110,66,0,0,5.04,0.47,2.4,677.6620000000011
0,2,0,-23,151,0,2,1,0,131,56,0,-1,0,1,-107,54,0,0,5.04,0.47,2.4,679.1020000000011
0,2,0,-27,146,0,2,1,0,131,58,0,-1,0,1,-100,49,0,0,5.04,0.47,2.4,680.5420000000012
0,2,0,-29,143,0,2,1,0,132,57,0,-1,0,1,-98,52,0,0,5.04,0.47,2.4,681.9820000000012
0,2,0,-30,134,0,2,0,0,132,53,0,-1,0,1,-93,65,0,0,5.04,0.47,2.4,683.4220000000013
0,2,0,-4,185,0,2,0,0,151,90,0,-2,1,0,-119,58,0,0,5.03,0.43,2.2,684.7430000000013
0,2,0,-3,185,0,3,0,0,155,98,0,-2,1,0,-119,61,0,0,5.03,0.43,2.2,686.0640000000013
0,2,0,-1,186,0,3,0,0,158,102,0,-2,1,0,-119,70,0,0,5.03,0.43,2.2,687.3850000000014
0,2,0,0,187,0,3,0,0,161,101,0,-2,0,0,-119,80,0,0,5.03,0.43,2.2,688.7060000000014
0,2,0,2,188,0,3,0,0,162,99,0,-2,0,0,-119,85,0,0,5.03,0.45,2.31,690.0910000000014
0,2,0,4,191,0,3,0,0,168,93,0,-2,0,1,-119,91,0,0,5.03,0.45,2.31,691.4760000000014
0,2,0,3,194,0,3,0,0,175,90,0,-2,0,1,-117,90,0,0,5.03,0.45,2.31,692.8610000000014
0,2,0,0,195,0,3,0,0,182,90,0,-2,0,1,-114,83,0,0,5.03,0.45,2.31,694.2460000000013
0,2,0,-3,194,0,3,0,0,183,89,0,-2,0,1,-112,79,0,0,5.03,0.45,2.31,695.6310000000013
0,2,0,-9,188,0,2,0,0,185,92,0,-2,0,1,-105,74,0,0,5.03,0.45,2.31,697.0160000000013
0,2,0,-12,177,0,2,0,0,185,94,0,-2,0,1,-97,73,0,0,5.03,0.45,2.31,698.4010000000013
0,2,0,-13,167,0,2,0,0,180,95,0,-2,0,1,-89,78,0,0,5.03,0.45,2.31,699.7860000000013
0,2,0,-13,165,0,2,0,0,179,95,0,-2,0,1,-87,80,0,0,5.03,0.45,2.31,701.1710000000013
0,2,0,-12,160,0,2,0,0,172,93,0,-2,0,1,-81,83,0,0,5.03,0.45,2.31,702.5560000000013
0,2,0,-12,159,0,2,0,0,167,90,0,-2,0,1,-79,82,0,0,5.03,0.45,2.31,703.9410000000013
0,2,0,-11,163,0,2,0,0,162,83,0,-2,0,1,-80,83,0,0,5.03,0.45,2.31,705.3260000000013
0,3,0,-13,161,0,2,0,0,160,80,0,-2,0,0,-80,85,0,0,5.03,0.45,2.31,706.7110000000013
0,3,0,-17,166,0,2,0,0,155,71,0,-2,1,0,-79,94,0,0,5.03,0.45,2.31,708.0960000000013
0,3,0,-23,171,0,2,0,0,151,69,0,-2,1,0,-79,108,0,0,5.03,0.45,2.31,709.4810000000012
0,3,0,-28,175,0,2,0,0,148,75,0,-2,1,1,-83,118,0,0,5.03,0.45,2.31,710.8660000000012
0,3,0,-33,175,0,2,0,0,147,81,0,-2,1,1,-93,128,0,0,5.03,0.45,2.31,712.2510000000012
0,3,0,-35,175,0,2,1,0,146,81,0,-2,1,1,-98,129,0,0,5.03,0.45,2.31,713.6360000000012
0,2,0,-39,175,0,2,0,0,146,77,0,-2,1,1,-107,127,0,0,5.03,0.45,2.31,715.0210000000012
0,2,0,-42,174,0,2,0,0,146,67,0,-2,0,1,-111,123,0,0,5.03,0.45,2.31,716.4060000000012
0,2,0,-43,172,0,2,0,0,144,56,0,-2,0,1,-112,120,0,0,5.03,0.45,2.31,717.7910000000012
0,2,0,-44,173,0,2,0,0,143,54,0,-2,0,1,-111,119,0,0,5.04,0.47,2.37,719.2110000000011
0,2,0,-44,172,0,2,0,0,139,51,0,-1,0,1,-110,117,0,0,5.04,0.47,2.37,720.6310000000011
0,2,0,-43,173,0,2,0,0,137,53,0,-1,0,1,-107,115,0,0,5.04,0.47,2.37,722.0510000000011
0,2,0,-41,173,0,2,0,0,136,54,0,-1,0,1,-106,114,0,0,5.04,0.47,2.37,723.471000000001
0,2,0,-41,174,0,2,0,0,137,53,0,-1,0,1,-105,104,0,0,5.04,0.47,2.37,724.891000000001
0,2,0,-42,175,0,2,0,0,138,52,0,-1,0,1,-104,100,0,0,5.04,0.47,2.37,726.311000000001
0,2,0,-45,176,0,2,1,0,139,46,0,-1,0,1,-102,87,0,0,5.04,0.47,2.37,727.7310000000009
0,2,0,-47,176,0,2,0,0,140,44,0,-1,1,1,-98,75,0,0,5.04,0.47,2.37,729.1510000000009
0,2,0,-48,175,0,2,0,0,141,45,0,-1,1,1,-94,68,0,0,5.04,0.47,2.37,730.5710000000008
0,2,0,-48,174,0,2,0,0,141,46,0,-1,1,1,-92,67,0,0,5.04,0.47,2.37,731.9910000000008
0,2,0,-49,172,0,2,0,0,142,52,0,-1,1,1,-86,70,0,0,5.04,0.47,2.37,733.4110000000007
0,2,0,-49,170,0,2,0,0,139,56,0,-1,1,1,-82,76,0,0,5.04,0.47,2.37,734.8310000000007
0,2,0,-47,170,0,2,1,0,134,60,0,-1,1,1,-77,84,0,0,5.04,0.47,2.37,736.2510000000007
0,2,0,-46,169,0,2,0,0,131,59,0,-1,1,1,-76,87,0,0,5.04,0.47,2.37,737.6710000000006
0,2,0,-44,169,0,2,0,0,124,54,0,-1,1,1,-73,90,0,0,5.04,0.47,2.37,739.0910000000006
0,2,0,-41,168,0,2,0,0,121,49,0,-1,1,1,-73,89,0,0,5.04,0.47,2.37,740.5110000000005
0,2,0,-39,164,0,2,0,0,121,47,0,-1,1,1,-75,87,0,0,5.04,0.47,2.37,741.9310000000005
0,2,0,-38,162,0,2,0,0,122,47,0,-1,1,1,-76,87,0,0,5.04,0.47,2.37,743.3510000000005
0,2,0,-36,155,0,2,1,0,122,51,0,-1,1,1,-79,88,0,0,5.04,0.47,2.37,744.7710000000004
0,3,0,-34,148,0,2,1,0,122,53,0,-1,1,1,-84,86,0,0,5.04,0.47,2.37,746.1910000000004
-1,3,0,-34,140,0,2,0,0,121,50,0,-2,1,1,-91,77,0,0,5.04,0.47,2.37,747.6110000000003
-1,3,0,-34,138,0,2,0,0,120,48,0,-2,1,1,-94,73,0,0,5.03,0.43,2.16,748.9070000000004
-1,2,0,-37,129,0,2,0,0,119,40,0,-2,1,1,-99,66,0,0,5.03,0.43,2.16,750.2030000000004
-1,2,0,-37,121,0,2,0,0,115,33,0,-2,1,1,-95,66,0,0,5.03,0.43,2.16,751.4990000000005
-1,2,0,-35,117,0,2,0,0,108,30,0,-2,1,1,-86,71,0,0,5.03,0.43,2.16,752.7950000000005
-1,2,0,-34,117,0,2,0,0,106,28,0,-2,1,1,-81,71,0,0,5.03,0.43,2.16,754.0910000000006
0,2,0,-31,117,0,2,0,0,99,21,0,-2,1,1,-70,64,0,0,5.03,0.43,2.16,755.3870000000006
0,2,0,-30,120,0,3,0,0,92,15,0,-2,1,1,-66,48,0,0,5.03,0.43,2.16,756.6830000000007
0,2,0,-28,122,0,3,0,0,84,15,0,-2,1,1,-66,33,0,0,5.03,0.43,2.16,757.9790000000007
0,2,0,-26,124,0,3,0,0,78,24,0,-1,1,1,-69,27,0,0,5.03,0.43,2.16,759.2750000000008
0,2,0,-25,124,0,3,0,1,76,29,0,-1,1,1,-69,25,0,0,5.03,0.43,2.16,760.5710000000008
0,2,0,-23,127,0,3,0,1,75,46,0,-1,1,1,-70,28,0,0,5.03,0.43,2.16,761.8670000000009
0,2,0,-22,133,0,3,0,1,77,69,0,-1,1,0,-69,37,0,0,5.03,0.43,2.16,763.1630000000009
0,2,0,-21,140,0,3,0,1,83,98,0,-1,1,0,-68,51,0,0,5.03,0.43,2.16,764.459000000001
0,2,0,-21,144,0,3,0,1,87,110,0,-1,1,0,-64,52,0,0,5.03,0.43,2.16,765.755000000001
0,2,0,-19,154,0,3,0,1,96,138,0,-1,1,0,-63,66,0,0,5.03,0.43,2.16,767.0510000000011
0,2,0,-17,164,0,3,0,1,102,157,0,-1,2,0,-65,84,0,0,5.03,0.43,2.16,768.3470000000011
0,2,0,-15,173,0,3,0,1,107,149,0,-1,2,0,-66,92,0,0,5.03,0.43,2.16,769.6430000000012
0,2,0,-12,178,0,3,0,1,126,129,0,-1,2,1,-58,96,0,0,5.03,0.43,2.16,770.9390000000012
0,2,0,-10,182,0,3,0,1,136,123,0,-1,2,1,-56,95,0,0,5.03,0.43,2.16,772.2350000000013
0,2,0,-7,181,0,3,-1,1,167,118,0,-1,2,1,-49,88,0,0,5.03,0.43,2.16,773.5310000000013
-1,2,0,-4,180,0,3,-1,1,194,121,0,-2,2,1,-44,82,0,0,5.03,0.43,2.16,774.8270000000014
-1,2,0,-1,178,0,3,-1,1,210,121,0,-1,2,1,-39,82,0,0,5.04,0.47,2.37,776.2470000000013
-1,2,0,0,176,0,3,0,1,215,119,0,-1,2,1,-38,78,0,0,5.04,0.47,2.37,777.6670000000013
-1,2,0,1,173,0,3,0,1,223,107,0,-1,2,1,-24,73,0,0,5.04,0.47,2.37,779.0870000000012
0,2,0,0,171,0,3,0,1,237,109,0,-1,2,1,-3,69,0,0,5.04,0.47,2.37,780.5070000000012
0,2,0,-2,170,0,3,0,1,250,118,0,-1,2,1,20,70,0,0,5.04,0.47,2.37,781.9270000000012
0,2,0,-3,170,0,3,0,1,250,120,0,-1,2,1,28,75,0,0,5.04,0.47,2.37,783.3470000000011
0,2,0,-5,173,0,3,0,0,250,118,0,-1,1,1,44,89,0,0,5.04,0.47,2.37,784.7670000000011
0,2,0,-5,175,0,3,0,0,250,111,0,-1,1,1,54,103,0,0,5.04,0.47,2.37,786.187000000001
0,2,0,-3,176,0,2,0,0,250,98,0,-1,1,1,59,101,0,0,5.04,0.47,2.37,787.607000000001
0,2,0,-2,176,0,2,0,0,250,93,0,-1,1,1,61,97,0,0,5.04,0.47,2.37,789.027000000001
0,2,0,-1,175,0,2,0,0,250,75,0,-1,1,1,66,80,0,0,5.04,0.47,2.37,790.4470000000009
0,2,0,0,172,0,2,0,0,250,85,0,-1,1,0,73,66,0,0,5.04,0.47,2.37,791.8670000000009
-1,2,0,2,167,0,2,1,0,250,123,0,-1,1,0,74,68,0,0,5.04,0.47,2.37,793.2870000000008
-1,2,0,2,161,0,2,2,0,250,137,0,-1,1,0,72,82,0,0,5.04,0.47,2.37,794.7070000000008
-1,2,0,2,159,0,2,1,0,242,155,0,-1,1,0,71,91,0,0,5.04,0.47,2.37,796.1270000000007
-1,2,0,3,153,0,1,2,0,195,163,0,-1,1,0,70,115,0,0,5.04,0.47,2.37,797.5470000000007
-1,2,0,4,144,0,1,2,0,155,156,0,-1,1,0,74,137,0,0,5.04,0.47,2.37,798.9670000000007
-1,2,0,3,131,0,1,2,-1,122,131,0,-1,1,0,75,156,0,0,5.04,0.47,2.37,800.3870000000006
-1,2,0,2,126,0,0,2,-1,112,120,0,-1,1,0,73,162,0,0,5.04,0.47,2.37,801.8070000000006
-1,3,0,-3,113,0,0,2,-1,90,103,0,-1,1,0,61,167,0,0,5.04,0.47,2.37,803.2270000000005
0,3,0,-9,103,0,0,2,-1,63,94,0,-1,1,0,37,169,0,0,5.04,0.47,2.37,804.6470000000005
0,3,0,-13,96,0,0,2,-1,39,76,0,-1,1,0,0,183,0,0,5.04,0.45,2.3,806.0260000000005
0,3,0,-14,94,0,0,2,-1,30,66,0,-1,1,0,-4,183,0,0,5.04,0.45,2.3,807.4050000000005
0,2,0,-15,92,0,0,2,0,10,48,0,-1,1,0,-33,187,0,0,5.04,0.45,2.3,808.7840000000006
0,2,0,-18,89,0,0,2,0,-5,30,0,-1,1,0,-60,180,0,0,5.04,0.45,2.3,810.1630000000006
0,2,0,-20,85,0,0,2,0,-23,12,0,-1,1,0,-72,198,0,0,5.04,0.45,2.3,811.5420000000006
0,2,0,-20,78,0,0,2,0,-33,6,0,-1,2,0,-85,195,0,0,5.04,0.45,2.3,812.9210000000006
0,2,0,-20,76,0,0,2,0,-33,9,0,-1,2,1,-89,188,0,0,5.04,0.45,2.3,814.3000000000006
0,2,0,-19,70,0,0,1,1,-32,26,0,-1,2,1,-91,167,0,0,5.04,0.45,2.3,815.6790000000007
0,2,0,-18,65,0,0,2,1,-21,53,0,-1,2,1,-75,167,0,0,5.04,0.45,2.3,817.0580000000007
0,2,0,-20,65,0,0,2,1,-9,57,0,-1,1,1,-32,191,0,0,5.04,0.45,2.3,818.4370000000007
0,2,0,-20,65,0,0,2,1,-6,51,0,-1,1,1,-12,198,0,0,5.04,0.45,2.3,819.8160000000007
0,2,0,-18,68,0,1,1,3,3,25,0,-1,1,3,25,163,0,0,5.04,0.45,2.3,821.1950000000007
0,2,0,-14,69,0,2,1,4,22,38,0,0,2,5,-18,90,0,0,5.04,0.45,2.3,822.5740000000008
0,2,0,-10,67,0,2,0,5,35,101,0,0,1,5,-23,34,0,0,5.04,0.45,2.3,823.9530000000008
0,2,0,-10,64,0,2,1,5,41,123,0,0,1,5,-12,19,0,0,5.04,0.45,2.3,825.3320000000008
0,2,0,-10,60,0,2,0,4,61,191,0,0,1,4,21,-27,0,0,5.04,0.45,2.3,826.7110000000008
0,2,0,-14,54,0,0,0,2,81,157,0,0,1,3,66,-35,0,0,5.04,0.45,2.3,828.0900000000008
0,2,0,-13,46,0,0,1,0,118,38,0,0,1,2,96,-13,0,0,5.04,0.45,2.3,829.4690000000008
0,2,0,-12,44,0,1,1,0,128,-5,0,0,1,2,100,-5,0,0,5.04,0.45,2.3,830.8480000000009
0,2,0,-9,39,0,1,2,0,136,-102,0,0,1,2,105,-15,0,0,5.04,0.45,2.3,832.2270000000009
0,2,0,-5,33,0,1,2,0,129,-123,0,0,2,2,101,-43,0,0,5.04,0.45,2.3,833.6060000000009
0,2,0,-3,28,0,2,2,0,76,-14,0,0,2,1,101,-90,0,0,5.03,0.43,2.18,834.9160000000008
0,2,0,-2,28,0,2,2,0,61,39,0,0,2,0,100,-92,0,0,5.03,0.43,2.18,836.2260000000008
0,2,0,1,20,0,1,2,0,25,144,0,0,2,0,90,-108,0,0,5.03,0.43,2.18,837.5360000000007
0,2,0,2,13,0,1,2,0,-13,220,0,0,2,-1,80,-149,0,0,5.03,0.43,2.18,838.8460000000007
0,2,0,4,5,0,0,2,-1,-13,211,0,-1,2,-3,72,-168,0,0,5.03,0.43,2.18,840.1560000000006
0,2,0,4,-1,0,0,2,-1,-9,151,0,-1,2,-4,61,-130,0,0,5.03,0.43,2.18,841.4660000000006
0,2,0,5,-3,0,0,2,-2,-4,123,0,-1,1,-4,81,-99,0,0,5.03,0.43,2.18,842.7760000000005
0,2,0,5,-10,0,-1,3,-2,0,36,0,-2,2,-4,30,-59,0,0,5.03,0.43,2.18,844.0860000000005
0,2,0,5,-14,0,-1,3,-3,-28,-57,0,-2,3,-5,-133,-53,0,0,5.03,0.43,2.18,845.3960000000004
0,2,0,5,-17,0,-1,4,-4,-79,-134,0,-3,2,-5,-228,2,0,0,5.03,0.43,2.18,846.7060000000004
0,2,0,5,-17,0,-1,4,-5,-102,-161,0,-3,2,-5,-250,56,0,0,5.03,0.43,2.18,848.0160000000003
0,2,0,6,-20,0,-1,4,-5,-161,-231,0,-3,2,-5,-250,204,0,0,5.03,0.43,2.18,849.3260000000002
0,2,0,7,-19,0,-1,3,-4,-220,-250,0,-3,1,-3,-250,250,0,0,5.03,0.43,2.18,850.6360000000002
0,2,0,8,-15,0,0,2,-2,-250,-250,0,-3,1,-1,-250,250,0,0,5.03,0.43,2.18,851.9460000000001
0,2,0,8,-13,0,0,1,-1,-250,-250,0,-2,0,0,-250,250,0,0,5.03,0.43,2.18,853.2560000000001
0,2,0,7,-13,0,0,0,-1,-250,-250,0,-1,0,0,-250,250,0,0,5.03,0.43,2.18,854.566
0,2,0,6,-16,0,0,0,-1,-250,-250,0,0,0,1,-250,250,0,0,5.03,0.43,2.18,855.876
0,2,0,3,-24,0,0,1,-5,-250,-250,0,0,-5,5,-121,250,0,0,5.03,0.43,2.18,857.1859999999999
0,2,0,-1,-30,0,5,-3,2,-250,-250,0,5,5,-4,250,-250,0,0,5.03,0.43,2.18,858.4959999999999
0,2,0,-4,-33,0,5,5,2,147,-250,0,4,5,-4,-250,250,0,0,5.03,0.43,2.18,859.8059999999998
0,2,0,-21,-31,0,4,5,0,93,-189,0,-5,-1,0,-23,52,0,0,5.03,0.43,2.18,861.1159999999998
0,2,0,-33,-23,0,1,0,-1,-3,-201,0,-2,1,0,-28,-17,0,0,5.04,0.46,2.36,862.5359999999997
0,2,0,-21,-29,0,3,2,0,-183,-10,0,-1,1,1,-49,-29,0,0,5.04,0.46,2.36,863.9559999999997
0,2,0,-19,-25,0,2,2,0,-197,101,0,0,0,1,-49,-44,0,0,5.04,0.46,2.36,865.3759999999996
0,2,0,-16,-21,0,0,0,1,-185,27,0,0,2,1,-21,41,0,0,5.04,0.46,2.36,866.7959999999996
0,2,0,-19,-13,0,1,1,2,-107,-60,0,-2,2,1,42,-58,0,0,5.04,0.46,2.36,868.2159999999996
0,2,0,-27,-15,0,1,0,2,-86,-37,0,-1,1,1,98,-68,0,0,5.04,0.46,2.36,869.6359999999995
0,2,0,-27,-15,0,1,0,1,-31,-73,0,0,2,1,65,-97,0,0,5.04,0.46,2.36,871.0559999999995
0,2,0,-26,-12,0,2,0,1,-64,-65,0,-1,2,0,28,-125,0,0,5.04,0.46,2.36,872.4759999999994
0,2,0,-25,-7,0,2,0,1,-67,-40,0,0,1,0,-52,-123,0,0,5.04,0.46,2.36,873.8959999999994
0,2,0,-25,0,0,2,0,1,-49,-40,0,0,1,0,-47,-110,0,0,5.04,0.46,2.36,875.3159999999993
0,2,0,-27,2,0,2,1,0,-11,-56,0,0,1,1,-39,-78,0,0,5.04,0.46,2.36,876.7359999999993
0,2,0,-28,3,0,2,1,0,23,-60,0,0,1,0,-36,-75,0,0,5.04,0.46,2.36,878.1559999999993
0,2,0,-29,3,0,2,1,1,17,-41,0,0,1,0,-14,-64,0,0,5.04,0.46,2.36,879.5759999999992
0,2,0,-33,4,0,2,1,1,31,-17,0,0,1,1,-6,-42,0,0,5.04,0.46,2.36,880.9959999999992
0,2,0,-34,4,0,2,1,1,13,-5,0,-1,1,1,-8,9,0,0,5.04,0.46,2.36,882.4159999999991
0,2,0,-34,5,0,2,1,1,11,-3,0,-1,1,1,-1,29,0,0,5.04,0.46,2.36,883.8359999999991
0,2,0,-34,8,0,2,1,1,5,-1,0,-1,1,1,11,72,0,0,5.04,0.46,2.36,885.2559999999991
0,2,0,-33,14,0,3,1,0,-6,15,0,-2,1,1,0,73,0,0,5.04,0.46,2.36,886.675999999999
0,2,0,-31,20,0,2,1,0,1,29,0,-1,1,1,8,38,0,0,5.04,0.46,2.36,888.095999999999
0,2,0,-32,22,0,3,0,0,2,38,0,-1,1,0,11,36,0,0,5.04,0.46,2.36,889.5159999999989
0,2,0,-33,25,0,2,0,0,12,48,0,-1,1,0,21,19,0,0,5.04,0.46,2.36,890.9359999999989
0,2,0,-35,28,0,2,1,0,22,38,0,-1,1,0,19,-4,0,0,5.03,0.43,2.21,892.260999999999
0,2,0,-37,29,0,2,1,0,35,13,0,-1,1,0,18,-3,0,0,5.03,0.43,2.21,893.585999999999
0,2,0,-38,30,0,2,1,1,40,-10,0,-1,1,0,11,5,0,0,5.03,0.43,2.21,894.910999999999
0,2,0,-39,31,0,2,1,1,40,-15,0,-1,1,0,10,5,0,0,5.03,0.43,2.21,896.2359999999991
0,2,0,-38,34,0,2,1,1,36,-20,0,-1,2,0,18,4,0,0,5.03,0.43,2.21,897.5609999999991
0,2,0,-37,37,0,2,1,1,32,-9,0,-1,2,0,5,-12,0,0,5.03,0.43,2.21,898.8859999999992
0,2,0,-37,41,0,2,1,0,22,9,0,-2,1,1,-38,-31,0,0,5.03,0.43,2.21,900.2109999999992
0,2,0,-37,42,0,2,1,0,19,16,0,-2,1,1,-51,-40,0,0,5.03,0.43,2.21,901.5359999999993
0,2,0,-38,43,0,2,0,0,14,32,0,-1,1,0,-64,-60,0,0,5.03,0.43,2.21,902.8609999999993
0,2,0,-39,43,0,2,0,0,13,39,0,-1,1,0,-64,-69,0,0,5.03,0.43,2.21,904.1859999999994
0,2,0,-40,44,0,2,0,0,18,36,0,-1,1,0,-61,-61,0,0,5.03,0.43,2.21,905.5109999999994
0,2,0,-40,44,0,2,0,0,20,30,0,-1,1,0,-59,-55,0,0,5.03,0.43,2.21,906.8359999999994
0,3,0,-28,250,0,3,0,0,217,117,0,-2,0,1,-186,120,0,0,5.04,0.47,2.39,908.2729999999995
0,2,0,-33,250,0,3,1,0,219,124,0,-2,0,1,-177,125,0,0,5.03,0.43,2.17,909.5779999999994
0,2,0,-34,250,0,3,1,0,215,135,0,-2,0,1,-164,121,0,0,5.03,0.43,2.17,910.8829999999994
0,2,0,-32,250,0,2,1,0,211,139,0,-2,0,1,-156,115,0,0,5.03,0.43,2.17,912.1879999999993
0,2,0,-29,250,0,2,1,0,209,126,0,-2,0,1,-151,107,0,0,5.03,0.43,2.17,913.4929999999993
0,2,0,-29,249,0,2,1,0,206,118,0,-2,0,1,-149,104,0,0,5.03,0.43,2.17,914.7979999999992
0,2,0,-30,242,0,2,1,0,203,98,0,-2,0,1,-146,97,0,0,5.03,0.43,2.17,916.1029999999992
0,2,0,-33,235,0,2,1,0,201,86,0,-2,0,1,-142,94,0,0,5.03,0.43,2.17,917.4079999999991
0,2,0,-37,229,0,2,1,0,198,84,0,-2,0,1,-137,92,0,0,5.03,0.43,2.17,918.712999999999
0,2,0,-37,227,0,2,1,0,196,86,0,-2,0,1,-134,92,0,0,5.03,0.43,2.17,920.017999999999
0,2,0,-37,223,0,2,1,0,188,98,0,-2,0,1,-125,89,0,0,5.03,0.43,2.17,921.322999999999
0,2,0,-36,220,0,2,1,0,179,103,0,-2,0,1,-115,81,0,0,5.03,0.43,2.17,922.6279999999989
0,2,0,-35,215,0,2,1,0,171,101,0,-2,0,1,-110,77,0,0,5.03,0.43,2.17,923.9329999999989
0,2,0,-36,208,0,2,1,0,165,92,0,-2,0,1,-109,76,0,0,5.03,0.43,2.17,925.2379999999988
0,2,0,-36,206,0,2,1,0,162,87,0,-2,0,1,-111,77,0,0,5.03,0.43,2.17,926.5429999999988
0,2,0,-36,196,0,2,1,0,156,77,0,-2,0,1,-113,83,0,0,5.03,0.43,2.17,927.8479999999987
0,2,0,-35,186,0,2,1,0,150,66,0,-2,0,1,-108,89,0,0,5.03,0.43,2.17,929.1529999999987
0,2,0,-32,176,0,2,1,0,146,60,0,-2,0,1,-104,96,0,0,5.03,0.43,2.17,930.4579999999986
0,2,0,-31,173,0,2,1,0,145,59,0,-2,0,1,-102,99,0,0,5.03,0.43,2.17,931.7629999999986
0,2,0,-28,164,0,2,1,0,142,59,0,-2,0,1,-98,105,0,0,5.03,0.43,2.17,933.0679999999985
0,2,0,-26,157,0,2,1,0,137,59,0,-2,0,1,-98,108,0,0,5.03,0.43,2.17,934.3729999999985
0,2,0,-25,152,0,2,1,0,131,58,0,-2,0,1,-99,113,0,0,5.03,0.43,2.17,935.6779999999984
0,2,0,-25,151,0,2,1,0,129,57,0,-2,0,1,-98,115,0,0,5.03,0.45,2.29,937.0509999999985
0,2,0,-23,147,0,2,1,0,126,57,0,-2,0,1,-94,116,0,0,5.03,0.45,2.29,938.4239999999985
0,2,0,-19,141,0,2,1,0,121,56,0,-2,0,1,-90,112,0,0,5.03,0.45,2.29,939.7969999999985
0,2,0,-16,134,0,2,1,0,114,58,0,-1,0,1,-91,105,0,0,5.03,0.45,2.29,941.1699999999986
0,2,0,-14,131,0,2,1,0,112,60,0,-1,0,2,-91,103,0,0,5.03,0.45,2.29,942.5429999999986
0,2,0,-12,128,0,2,1,1,96,66,0,-1,0,1,-89,100,0,0,5.03,0.45,2.29,943.9159999999987
0,2,0,-12,129,0,2,1,0,101,70,0,-1,0,1,-87,97,0,0,5.03,0.45,2.29,945.2889999999987
0,2,0,-12,131,0,2,1,0,92,78,0,-1,0,1,-85,92,0,0,5.03,0.45,2.29,946.6619999999988
0,2,0,-11,131,0,2,1,0,89,79,0,-1,0,1,-84,92,0,0,5.03,0.45,2.29,948.0349999999988
0,2,0,-10,131,0,2,1,0,84,79,0,-1,1,1,-81,85,0,0,5.03,0.45,2.29,949.4079999999989
0,2,0,-7,128,0,2,1,0,82,74,0,-1,1,1,-80,80,0,0,5.03,0.45,2.29,950.7809999999989
0,2,0,-5,122,0,2,1,0,79,65,0,-1,1,1,-80,74,0,0,5.03,0.45,2.29,952.153999999999
0,2,0,-5,121,0,2,1,0,77,62,0,-1,1,1,-81,72,0,0,5.03,0.45,2.29,953.526999999999
0,2,0,-4,119,0,2,1,0,77,57,0,-1,1,1,-81,69,0,0,5.03,0.45,2.29,954.8999999999991
0,2,0,-4,121,0,2,1,1,81,59,0,-1,1,1,-84,70,0,0,5.03,0.45,2.29,956.2729999999991
0,2,0,-3,124,0,2,1,1,82,64,0,-1,1,1,-84,74,0,0,5.03,0.45,2.29,957.6459999999992
0,2,0,-4,125,0,2,1,1,83,68,0,-1,1,1,-85,75,0,0,5.03,0.45,2.29,959.0189999999992
0,2,0,-4,126,0,2,1,1,83,69,0,-1,1,1,-86,76,0,0,5.03,0.45,2.29,960.3919999999993
0,2,0,-6,127,0,2,1,1,85,70,0,-1,1,1,-88,70,0,0,5.03,0.45,2.29,961.7649999999993
0,2,0,-8,129,0,1,1,1,85,70,0,-1,1,1,-90,67,0,0,5.03,0.45,2.29,963.1379999999994
0,2,0,-12,137,0,2,1,1,90,75,0,-1,1,1,-93,66,0,0,5.03,0.45,2.29,964.5109999999994
0,2,0,-15,135,0,2,1,1,95,76,0,-1,1,1,-92,68,0,0,5.04,0.47,2.4,965.9539999999994
0,2,0,-19,148,0,2,1,1,102,82,0,-1,1,1,-89,65,0,0,5.04,0.47,2.4,967.3969999999994
0,2,0,-21,156,0,2,0,1,106,92,0,-1,0,0,-86,74,0,0,5.04,0.47,2.4,968.8399999999993
0,2,0,-20,165,0,2,0,1,112,101,0,-1,0,0,-89,71,0,0,5.04,0.47,2.4,970.2829999999993
0,2,0,-15,167,0,1,0,0,123,102,0,-1,1,0,-90,68,0,0,5.04,0.47,2.4,971.7259999999993
0,2,0,-15,168,0,1,1,1,121,103,0,-1,1,1,-91,62,0,0,5.04,0.47,2.4,973.1689999999993
0,3,0,-11,166,0,1,1,0,125,86,0,-1,1,1,-95,42,0,0,5.04,0.47,2.4,974.6119999999993
0,3,0,-9,158,0,2,0,0,125,67,0,-2,1,1,-99,31,0,0,5.04,0.47,2.4,976.0549999999993
0,3,0,-16,150,0,2,0,0,121,56,0,-2,1,1,-104,26,0,0,5.04,0.47,2.4,977.4979999999993
0,2,0,-18,150,0,2,0,0,120,55,0,-2,1,1,-106,24,0,0,5.04,0.47,2.4,978.9409999999992
0,2,0,-26,144,0,2,0,0,119,57,0,-2,1,1,-104,32,0,0,5.04,0.47,2.4,980.3839999999992
0,2,0,-26,140,0,2,0,0,122,64,0,-2,1,1,-94,44,0,0,5.04,0.47,2.4,981.8269999999992
0,2,0,-23,142,0,2,0,0,125,68,0,-2,1,1,-84,48,0,0,5.04,0.47,2.4,983.2699999999992
0,2,0,-21,142,0,2,0,0,125,68,0,-2,1,1,-82,46,0,0,5.04,0.47,2.4,984.7129999999992
0,2,0,-17,142,0,2,1,0,127,62,0,-2,1,1,-80,35,0,0,5.04,0.47,2.4,986.1559999999992
0,2,0,-15,141,0,2,0,0,125,59,0,-2,1,1,-79,23,0,0,5.04,0.47,2.4,987.5989999999991
0,2,0,-13,139,0,3,0,0,118,62,0,-2,1,1,-81,17,0,0,5.04,0.47,2.4,989.0419999999991
0,2,0,-13,140,0,3,0,0,117,67,0,-2,1,0,-81,19,0,0,5.04,0.47,2.4,990.4849999999991
0,2,0,-14,144,0,3,0,0,120,75,0,-1,1,0,-77,21,0,0,5.04,0.47,2.4,991.9279999999991
0,2,0,-15,150,0,3,0,0,120,83,0,-1,1,0,-75,26,0,0,5.04,0.47,2.4,993.3709999999991
0,2,0,-16,156,0,3,0,0,124,89,0,-1,1,0,-74,34,0,0,5.04,0.47,2.4,994.813999999999
0,2,0,-16,158,0,3,0,0,126,92,0,-1,1,0,-74,37,0,0,5.03,0.43,2.17,996.118999999999
0,2,0,-16,165,0,3,0,0,130,101,0,-1,1,0,-77,51,0,0,5.03,0.43,2.17,997.423999999999
0,2,0,-16,171,0,2,0,0,139,108,0,-1,1,0,-77,56,0,0,5.03,0.43,2.17,998.7289999999989
0,2,0,-14,177,0,2,0,0,149,118,0,-1,1,0,-70,59,0,0,5.03,0.43,2.17,1000.0339999999989
0,2,0,-14,179,0,2,0,0,153,120,0,-1,1,0,-65,61,0,0,5.03,0.43,2.17,1001.3389999999988
0,2,0,-13,184,0,3,0,0,158,129,0,-1,1,0,-53,62,0,0,5.03,0.43,2.17,1002.6439999999988
0,2,0,-11,187,0,2,0,0,164,128,0,-1,1,1,-49,68,0,0,5.03,0.43,2.17,1003.9489999999987
0,2,0,-10,189,0,2,0,0,172,126,0,-1,1,1,-52,78,0,0,5.03,0.43,2.17,1005.2539999999987
0,2,0,-10,191,0,3,0,1,175,128,0,-1,1,1,-55,92,0,0,5.03,0.43,2.17,1006.5589999999986
0,2,0,-10,191,0,3,0,0,179,130,0,-1,1,1,-54,95,0,0,5.03,0.43,2.17,1007.8639999999986
0,2,0,-10,191,0,3,0,0,185,139,0,-2,1,1,-46,101,0,0,5.03,0.43,2.17,1009.1689999999985
0,2,0,-11,191,0,3,0,0,191,150,0,-2,2,1,-34,98,0,0,5.03,0.43,2.17,1010.4739999999985
0,2,0,-10,190,0,3,0,0,192,162,0,-2,2,1,-24,92,0,0,5.03,0.43,2.17,1011.7789999999984
0,2,0,-10,189,0,3,0,1,192,165,0,-2,2,1,-22,89,0,0,5.03,0.43,2.17,1013.0839999999984
0,2,0,-8,188,0,3,0,1,188,172,0,-2,2,1,-13,85,0,0,5.03,0.43,2.17,1014.3889999999983
0,2,0,-6,184,0,3,0,0,187,177,0,-2,2,1,-5,89,0,0,5.03,0.43,2.17,1015.6939999999983
0,2,0,-5,180,0,3,0,0,188,182,0,-2,2,1,1,73,0,0,5.03,0.43,2.17,1016.9989999999982
0,2,0,-4,178,0,3,0,0,189,184,0,-2,2,1,4,71,0,0,5.03,0.43,2.17,1018.3039999999982
0,2,0,-4,175,0,3,0,0,193,189,0,-1,1,1,17,70,0,0,5.03,0.43,2.17,1019.6089999999981
0,2,0,-4,173,0,3,0,0,196,188,0,-1,1,1,31,72,0,0,5.03,0.43,2.17,1020.913999999998
0,2,0,-4,171,0,2,0,0,196,180,0,-1,1,1,40,76,0,0,5.03,0.43,2.17,1022.218999999998
0,2,0,-6,168,0,2,1,0,198,168,0,-1,1,1,40,81,0,0,5.04,0.48,2.45,1023.687999999998
0,2,0,-7,166,0,2,1,0,199,162,0,-1,1,1,42,80,0,0,5.04,0.48,2.45,1025.156999999998
0,2,0,-10,159,0,2,1,0,203,153,0,-1,1,1,50,66,0,0,5.04,0.48,2.45,1026.6259999999982
0,2,0,-14,150,0,2,1,0,213,152,0,-1,1,1,63,59,0,0,5.04,0.48,2.45,1028.0949999999982
0,2,0,-17,141,0,2,1,0,224,159,0,-1,1,1,82,62,0,0,5.04,0.48,2.45,1029.5639999999983
0,2,0,-17,138,0,2,1,0,226,162,0,0,1,1,88,64,0,0,5.04,0.48,2.45,1031.0329999999983
0,2,0,-16,130,0,2,1,0,222,159,0,0,1,1,101,69,0,0,5.04,0.48,2.45,1032.5019999999984
0,2,0,-15,121,0,2,1,0,215,149,0,0,1,1,107,71,0,0,5.04,0.48,2.45,1033.9709999999984
-1,2,0,-15,113,0,1,1,0,209,132,0,0,1,1,112,68,0,0,5.04,0.48,2.45,1035.4399999999985
-1,2,0,-16,110,0,1,1,0,208,129,0,0,1,1,113,68,0,0,5.04,0.48,2.45,1036.9089999999985
-1,2,0,-17,102,0,1,1,0,210,140,0,0,1,0,117,71,0,0,5.04,0.48,2.45,1038.3779999999986
-1,2,0,-16,96,0,1,2,0,201,151,0,0,1,0,122,74,0,0,5.04,0.48,2.45,1039.8469999999986
-1,2,0,-14,90,0,1,2,0,176,150,0,0,1,0,123,79,0,0,5.04,0.48,2.45,1041.3159999999987
-1,2,0,-14,88,0,1,2,0,163,150,0,0,1,0,122,79,0,0,5.04,0.48,2.45,1042.7849999999987
0,2,0,-13,80,0,1,2,0,130,151,0,0,1,0,114,86,0,0,5.04,0.48,2.45,1044.2539999999988
0,2,0,-12,72,0,1,2,0,103,141,0,-1,1,0,103,80,0,0,5.04,0.48,2.45,1045.7229999999988
0,2,0,-11,65,0,0,2,0,83,132,0,0,1,0,93,63,0,0,5.04,0.48,2.45,1047.1919999999989
0,2,0,-10,59,0,0,2,0,66,123,0,0,1,0,86,50,0,0,5.04,0.48,2.45,1048.660999999999
0,2,0,-10,57,0,0,2,0,58,119,0,0,1,0,87,49,0,0,5.04,0.48,2.45,1050.129999999999
0,2,0,-8,50,0,0,2,0,38,111,0,0,1,0,82,41,0,0,5.04,0.48,2.45,1051.598999999999
0,3,0,-8,43,0,0,2,0,20,98,0,0,2,0,67,50,0,0,5.04,0.48,2.45,1053.067999999999
0,3,0,-7,35,0,0,2,0,1,73,0,0,2,0,40,62,0,0,5.04,0.46,2.35,1054.479999999999
0,2,0,-5,31,0,0,2,0,-2,60,0,0,2,0,38,62,0,0,5.04,0.46,2.35,1055.8919999999991
0,2,0,-5,28,0,0,2,0,-9,29,0,0,2,0,16,72,0,1,5.04,0.46,2.35,1057.3039999999992
0,2,0,-3,27,0,0,2,0,-17,10,0,0,2,0,3,80,0,0,5.04,0.46,2.35,1058.7159999999992
0,2,0,-3,25,0,0,2,0,-23,-1,0,0,2,-1,-10,100,0,0,5.04,0.46,2.35,1060.1279999999992
0,2,0,-5,25,0,0,2,0,-26,-6,0,0,2,-1,-18,109,0,0,5.04,0.46,2.35,1061.5399999999993
0,3,0,-10,21,0,0,2,0,-33,-17,0,0,2,-1,-38,148,0,0,5.04,0.46,2.35,1062.9519999999993
0,3,0,-16,17,0,0,2,0,-34,-31,0,0,2,-1,-55,181,0,0,5.04,0.46,2.35,1064.3639999999994
0,3,0,-19,14,0,0,2,0,-33,-52,0,-1,2,-1,-89,189,0,0,5.04,0.46,2.35,1065.7759999999994
0,2,0,-20,11,0,0,2,-1,-41,-66,0,-1,2,-1,-132,187,0,0,5.04,0.46,2.35,1067.1879999999994
0,2,0,-20,8,0,0,2,-1,-47,-73,0,-1,2,-2,-147,185,0,0,5.04,0.46,2.35,1068.5999999999995
0,2,0,-20,-1,0,0,3,-3,-87,-116,0,-2,2,-3,-183,240,0,0,5.04,0.46,2.35,1070.0119999999995
0,2,0,-21,-15,0,0,3,-5,-167,-216,0,-2,1,-3,-229,250,0,0,5.04,0.46,2.35,1071.4239999999995
0,2,0,-23,-22,0,0,3,-5,-250,-250,0,-3,1,-2,-250,250,0,0,5.04,0.46,2.35,1072.8359999999996
0,2,0,-23,-21,0,0,2,-5,-250,-250,0,-3,0,-1,-250,250,0,0,5.04,0.46,2.35,1074.2479999999996
0,2,0,-22,-17,0,1,1,-3,-250,-250,0,-2,0,0,-250,250,0,0,5.04,0.46,2.35,1075.6599999999996
0,2,0,-22,-15,0,1,0,-1,-250,-250,0,-2,0,0,-250,250,0,0,5.04,0.46,2.35,1077.0719999999997
0,2,0,-22,-15,0,1,0,0,-250,-250,0,-2,0,1,-250,247,0,0,5.04,0.46,2.35,1078.4839999999997
0,2,0,-21,-16,0,-2,3,-5,-250,-250,0,0,-5,5,30,250,0,0,5.04,0.46,2.35,1079.8959999999997
0,2,0,-19,-18,0,-5,0,2,-250,-250,0,5,2,-1,250,-250,0,0,5.04,0.46,2.35,1081.3079999999998
0,2,0,-28,-20,0,5,5,5,85,-215,0,1,5,-4,-190,90,0,0,5.04,0.46,2.35,1082.7199999999998
0,2,0,-42,-9,0,1,0,0,41,-157,0,-2,-2,-2,-9,-12,0,0,5.03,0.43,2.16,1084.0209999999997
0,2,0,-39,-4,0,1,-1,-2,28,-122,0,0,0,0,12,-3,0,0,5.03,0.43,2.16,1085.3219999999997
0,2,0,-29,-5,0,4,4,0,-5,-47,0,1,2,0,-15,23,0,0,5.03,0.43,2.16,1086.6229999999996
0,2,0,-20,-2,0,2,0,0,35,25,0,-1,2,1,-45,23,0,0,5.03,0.43,2.16,1087.9239999999995
0,2,0,-18,1,0,3,1,1,-105,68,0,-2,2,0,-22,-22,0,0,5.03,0.43,2.16,1089.2249999999995
0,2,0,-17,0,0,1,1,1,-99,39,0,-2,2,0,-22,-56,0,0,5.03,0.43,2.16,1090.5259999999994
0,2,0,-13,10,0,0,1,0,15,-55,0,-1,3,0,-52,-125,0,0,5.03,0.43,2.16,1091.8269999999993
0,2,0,-12,11,0,1,2,1,-82,-4,0,-1,2,0,-54,-100,0,0,5.03,0.43,2.16,1093.1279999999992
0,2,0,-12,14,0,2,1,0,-90,12,0,-1,2,0,-41,-79,0,0,5.03,0.43,2.16,1094.4289999999992
0,3,0,-13,12,0,2,1,0,-74,4,0,0,2,0,-10,-29,0,0,5.03,0.43,2.16,1095.729999999999
0,3,0,-13,11,0,2,1,0,-56,0,0,0,2,0,-5,-24,0,0,5.03,0.43,2.16,1097.030999999999
0,2,0,-17,3,0,2,1,1,-4,-29,0,0,2,1,7,-3,0,0,5.03,0.43,2.16,1098.331999999999
-1,2,0,-20,-7,0,2,1,1,16,-53,0,0,2,1,7,-4,0,0,5.03,0.43,2.16,1099.632999999999
0,2,0,-21,-17,0,2,1,1,14,-50,0,-1,2,1,-6,-16,0,0,5.03,0.43,2.16,1100.9339999999988
0,2,0,-19,-20,0,2,1,1,12,-46,0,-1,2,1,-12,-20,0,0,5.03,0.43,2.16,1102.2349999999988
0,2,0,-14,-27,0,2,1,1,3,-31,0,-1,2,1,-19,-28,0,0,5.03,0.43,2.16,1103.5359999999987
0,2,0,-10,-29,0,2,1,1,3,-18,0,-1,2,1,-22,-41,0,0,5.03,0.43,2.16,1104.8369999999986
0,2,0,-6,-28,0,1,1,1,9,-15,0,0,1,1,-25,-58,0,0,5.03,0.43,2.16,1106.1379999999986
0,2,0,-5,-26,0,2,1,0,10,-16,0,0,1,1,-26,-61,0,0,5.03,0.43,2.16,1107.4389999999985
0,2,0,-4,-21,0,1,1,0,25,-38,0,0,1,1,-31,-70,0,0,5.03,0.43,2.16,1108.7399999999984
0,2,0,-7,-17,0,2,1,0,-5,-11,0,0,1,1,-36,-81,0,0,5.03,0.43,2.16,1110.0409999999983
0,2,0,-11,-12,0,2,0,1,-14,-2,0,0,1,1,-42,-99,0,0,5.04,0.47,2.39,1111.4769999999983
0,3,0,-14,-12,0,2,0,1,-32,2,0,0,1,1,-44,-106,0,0,5.04,0.47,2.39,1112.9129999999982
0,2,0,-21,-12,0,2,0,1,-31,16,0,0,1,1,-48,-119,0,0,5.04,0.47,2.39,1114.3489999999981
0,2,0,-28,-14,0,1,0,1,-37,15,0,0,1,1,-41,-119,0,0,5.04,0.47,2.39,1115.784999999998
0,2,0,-33,-14,0,2,0,1,-18,8,0,0,1,1,-47,-101,0,0,5.04,0.47,2.39,1117.220999999998
0,2,0,-34,-14,0,2,0,1,-8,7,0,0,1,1,-49,-97,0,0,5.04,0.47,2.39,1118.6569999999979
0,2,0,-36,-11,0,2,0,1,3,17,0,0,1,1,-50,-80,0,0,5.04,0.47,2.39,1120.0929999999978
0,2,0,-37,-6,0,2,0,0,11,22,0,0,1,0,-53,-62,0,0,5.04,0.47,2.39,1121.5289999999977
0,2,0,-36,-1,0,2,0,0,8,35,0,0,2,0,-56,-29,0,0,5.04,0.47,2.39,1122.9649999999976
0,2,0,-34,4,0,2,0,0,-3,42,0,0,1,0,-57,16,0,0,5.04,0.47,2.39,1124.4009999999976
0,2,0,-34,6,0,2,0,0,-6,40,0,0,1,0,-55,28,0,0,5.04,0.47,2.39,1125.8369999999975
0,2,0,-33,10,0,2,0,0,-2,12,0,-1,1,0,-51,55,0,0,5.04,0.47,2.39,1127.2729999999974
0,2,0,-33,12,0,2,0,0,8,-22,0,-1,1,0,-46,68,0,0,5.04,0.47,2.39,1128.7089999999973
0,2,0,-32,17,0,2,0,0,23,-63,0,-1,1,0,-38,68,0,0,5.04,0.47,2.39,1130.1449999999973
0,2,0,-33,19,0,2,0,0,31,-77,0,-1,2,0,-33,67,0,0,5.04,0.47,2.39,1131.5809999999972
0,3,0,10,111,0,2,0,0,117,45,0,-1,1,1,-34,107,0,0,5.04,0.48,2.45,1133.055999999997
0,3,0,6,110,0,3,0,0,116,62,0,-1,1,1,-39,104,0,0,5.04,0.48,2.45,1134.530999999997
0,2,0,5,109,0,3,0,0,110,82,0,-1,1,1,-39,98,0,0,5.04,0.48,2.45,1136.005999999997
0,2,0,4,110,0,2,0,0,101,93,0,-1,1,1,-47,95,0,0,5.04,0.48,2.45,1137.4809999999968
0,2,0,4,110,0,2,0,0,98,95,0,-1,1,1,-49,97,0,0,5.04,0.48,2.45,1138.9559999999967
0,2,0,5,112,0,2,0,0,93,93,0,-1,1,1,-56,93,0,0,5.04,0.48,2.45,1140.4309999999966
0,2,0,6,114,0,2,0,0,88,85,0,-1,1,1,-61,86,0,0,5.04,0.48,2.45,1141.9059999999965
0,2,0,4,115,0,2,0,0,86,76,0,-1,1,1,-63,88,0,0,5.04,0.48,2.45,1143.3809999999964
0,2,0,3,116,0,2,0,0,85,74,0,-1,1,1,-62,88,0,0,5.04,0.48,2.45,1144.8559999999964
0,2,0,0,116,0,2,0,0,86,73,0,-1,1,1,-57,91,0,0,5.04,0.48,2.45,1146.3309999999963
0,2,0,-5,116,0,2,0,0,86,73,0,0,1,1,-52,90,0,0,5.04,0.48,2.45,1147.8059999999962
0,2,0,-10,115,0,2,0,0,85,70,0,0,1,1,-48,109,0,0,5.04,0.48,2.45,1149.280999999996
0,2,0,-13,114,0,1,0,0,84,68,0,0,1,1,-48,87,0,0,5.04,0.48,2.45,1150.755999999996
0,2,0,-18,111,0,1,0,0,83,61,0,0,1,1,-40,72,0,0,5.04,0.48,2.45,1152.230999999996
0,2,0,-23,108,0,1,0,0,83,55,0,0,1,1,-39,60,0,0,5.04,0.48,2.45,1153.7059999999958
0,2,0,-29,105,0,1,0,0,84,45,0,0,1,0,-38,50,0,0,5.04,0.48,2.45,1155.1809999999957
0,2,0,-30,104,0,1,0,0,84,41,0,0,1,0,-38,49,0,0,5.04,0.48,2.45,1156.6559999999956
0,2,0,-36,103,0,1,0,0,85,33,0,0,1,0,-41,46,0,0,5.04,0.48,2.45,1158.1309999999955
0,2,0,-40,105,0,1,0,0,87,25,0,0,1,0,-47,43,0,0,5.04,0.48,2.45,1159.6059999999954
0,2,0,-44,108,0,1,0,0,90,18,0,0,1,0,-56,38,0,0,5.03,0.45,2.28,1160.9799999999955
0,2,0,-48,110,0,1,0,0,91,15,0,0,1,0,-68,33,0,0,5.03,0.45,2.28,1162.3539999999955
0,2,0,-49,112,0,1,0,0,91,15,0,0,1,0,-72,33,0,0,5.03,0.45,2.28,1163.7279999999955
0,2,0,-53,114,0,1,0,0,94,17,0,0,1,0,-83,36,0,0,5.03,0.45,2.28,1165.1019999999955
0,2,0,-55,116,0,2,0,0,96,23,0,-1,1,1,-89,45,0,0,5.03,0.45,2.28,1166.4759999999956
0,2,0,-57,121,0,2,0,0,98,36,0,-1,1,1,-93,55,0,0,5.03,0.45,2.28,1167.8499999999956
0,2,0,-57,123,0,2,0,0,100,41,0,-1,1,1,-93,58,0,0,5.03,0.45,2.28,1169.2239999999956
0,2,0,-58,129,0,2,0,0,106,57,0,-1,1,1,-94,61,0,0,5.03,0.45,2.28,1170.5979999999956
0,2,0,-58,137,0,2,0,0,112,67,0,-1,1,1,-100,56,0,0,5.03,0.45,2.28,1171.9719999999957
0,2,0,-57,146,0,3,0,0,121,74,0,-1,1,1,-90,61,0,0,5.03,0.45,2.28,1173.3459999999957
0,3,0,-56,148,0,3,0,0,124,73,0,-1,1,1,-89,62,0,0,5.03,0.45,2.28,1174.7199999999957
0,3,0,-56,154,0,3,0,0,131,59,0,-1,1,1,-90,60,0,0,5.03,0.45,2.28,1176.0939999999957
-1,2,0,-58,129,0,3,0,0,136,13,0,-2,1,1,-94,66,0,0,5.03,0.45,2.28,1178.8419999999958
-1,2,0,-61,123,0,2,0,0,133,7,0,-2,1,1,-93,72,0,0,5.03,0.45,2.28,1180.2159999999958
-1,2,0,-63,108,0,3,0,0,132,4,0,-2,1,1,-94,88,0,0,5.03,0.45,2.28,1181.5899999999958
-1,2,0,-59,106,0,3,0,0,127,12,0,-2,1,1,-90,103,0,0,5.03,0.45,2.28,1182.9639999999958
-1,2,0,-52,112,0,2,1,0,125,16,0,-2,1,1,-84,112,0,0,5.03,0.45,2.28,1184.3379999999959
0,2,0,-48,116,0,2,1,0,125,17,0,-2,1,1,-82,111,0,0,5.03,0.45,2.28,1185.711999999996
0,2,0,-39,124,0,2,1,0,124,17,0,-2,1,1,-81,100,0,0,5.03,0.45,2.28,1187.085999999996
0,2,0,-32,128,0,2,1,0,118,21,0,-2,1,1,-83,83,0,0,5.03,0.45,2.28,1188.459999999996
0,2,0,-26,127,0,2,0,0,109,27,0,-2,1,1,-89,66,0,0,5.03,0.44,2.25,1189.813999999996
0,2,0,-25,126,0,2,0,0,103,30,0,-2,1,1,-91,62,0,0,5.03,0.44,2.25,1191.167999999996
0,2,0,-24,125,0,3,0,0,87,38,0,-2,1,1,-97,54,0,0,5.03,0.44,2.25,1192.521999999996
0,2,0,-24,126,0,3,0,0,76,47,0,-2,1,0,-101,54,0,0,5.03,0.44,2.25,1193.875999999996
0,2,0,-24,131,0,3,0,0,74,62,0,-2,1,0,-104,61,0,0,5.03,0.44,2.25,1195.2299999999962
0,2,0,-22,138,0,3,0,0,77,76,0,-2,1,0,-106,71,0,0,5.03,0.44,2.25,1196.5839999999962
0,2,0,-22,141,0,3,0,0,78,81,0,-2,1,0,-104,75,0,0,5.03,0.44,2.25,1197.9379999999962
0,2,0,-20,150,0,3,0,0,86,93,0,-2,1,0,-102,82,0,0,5.03,0.44,2.25,1199.2919999999963
0,2,0,-18,161,0,3,0,0,95,104,0,-2,1,0,-100,86,0,0,5.03,0.44,2.25,1200.6459999999963
0,2,0,-16,170,0,2,0,0,105,111,0,-2,1,0,-99,86,0,0,5.03,0.44,2.25,1201.9999999999964
0,2,0,-16,174,0,2,0,0,109,113,0,-2,1,0,-100,86,0,0,5.03,0.44,2.25,1203.3539999999964
0,2,0,-16,181,0,2,0,0,123,112,0,-2,1,0,-102,89,0,0,5.03,0.44,2.25,1204.7079999999964
0,2,0,-19,186,0,2,0,0,133,107,0,-2,1,0,-108,96,0,0,5.03,0.44,2.25,1206.0619999999965
0,2,0,-20,191,0,2,0,0,146,101,0,-2,1,0,-113,106,0,0,5.03,0.44,2.25,1207.4159999999965
0,2,0,-20,193,0,3,0,0,148,100,0,-2,1,0,-114,111,0,0,5.03,0.44,2.25,1208.7699999999966
0,2,0,-20,197,0,2,0,0,150,99,0,-2,1,0,-115,118,0,0,5.03,0.44,2.25,1210.1239999999966
0,2,0,-18,203,0,2,0,0,155,103,0,-2,1,0,-115,113,0,0,5.03,0.44,2.25,1211.4779999999967
0,2,0,-16,210,0,2,0,0,160,109,0,-2,1,0,-114,96,0,0,5.03,0.44,2.25,1212.8319999999967
0,2,0,-14,217,0,2,0,0,164,114,0,-3,1,0,-112,71,0,0,5.03,0.44,2.25,1214.1859999999967
0,2,0,-14,220,0,2,0,0,166,113,0,-3,1,0,-110,60,0,0,5.03,0.44,2.25,1215.5399999999968
0,2,0,-13,227,0,2,0,0,170,104,0,-3,0,0,-96,22,0,0,5.03,0.44,2.25,1216.8939999999968
0,2,0,-14,234,0,2,0,0,176,95,0,-3,0,0,-72,-7,0,0,5.04,0.46,2.34,1218.303999999997
0,2,0,-15,240,0,2,0,0,183,94,0,-3,0,0,-43,-24,0,0,5.04,0.46,2.34,1219.713999999997
0,2,0,-15,241,0,2,0,0,185,96,0,-2,0,0,-32,-23,0,0,5.04,0.46,2.34,1221.123999999997
0,2,0,-18,246,0,2,0,0,194,104,0,-2,0,1,-14,-10,0,0,5.04,0.46,2.34,1222.5339999999971
0,2,0,-20,249,0,3,0,0,204,116,0,-2,0,1,-11,18,0,0,5.04,0.46,2.34,1223.9439999999972
0,2,0,-20,250,0,3,0,0,215,130,0,-2,0,1,-14,56,0,0,5.04,0.46,2.34,1225.3539999999973
0,2,0,-20,250,0,2,0,0,221,137,0,-2,0,1,-17,70,0,0,5.04,0.46,2.34,1226.7639999999974
0,2,0,-19,250,0,2,0,0,235,159,0,-2,0,1,-23,105,0,0,5.04,0.46,2.34,1228.1739999999975
0,2,0,-18,250,0,2,0,0,249,180,0,-2,0,1,-31,133,0,0,5.04,0.46,2.34,1229.5839999999976
0,2,0,-16,247,0,2,0,0,250,180,0,-2,0,1,-38,142,0,0,5.04,0.46,2.34,1230.9939999999976
0,2,0,-14,246,0,2,0,0,250,174,0,-2,0,1,-39,142,0,0,5.04,0.46,2.34,1232.4039999999977
0,2,0,-12,245,0,2,0,0,250,150,0,-1,0,1,-39,137,0,0,5.04,0.46,2.34,1233.8139999999978
0,3,0,-12,247,0,2,0,0,250,128,0,-1,0,1,-35,137,0,0,5.04,0.46,2.34,1235.223999999998
0,3,0,-17,250,0,3,1,0,250,120,0,-1,1,1,-29,148,0,0,5.04,0.46,2.34,1236.633999999998
0,3,0,-21,250,0,3,1,0,250,123,0,-1,1,1,-28,154,0,0,5.04,0.46,2.34,1238.043999999998
0,3,0,-31,250,0,3,1,0,250,140,0,-1,1,1,-26,171,0,0,5.04,0.46,2.34,1239.4539999999981
0,3,0,-38,250,0,3,1,0,250,159,0,-1,1,1,-30,190,0,0,5.04,0.46,2.34,1240.8639999999982
0,3,0,-44,250,0,3,1,0,232,168,0,-1,1,1,-33,210,0,0,5.04,0.46,2.34,1242.2739999999983
0,3,0,-46,250,0,3,1,0,224,169,0,-1,1,1,-31,207,0,0,5.04,0.46,2.34,1243.6839999999984
0,3,0,-51,250,0,2,1,0,205,152,0,-1,1,1,-28,204,0,0,5.04,0.46,2.34,1245.0939999999985
0,3,0,-53,245,0,2,1,0,178,137,0,-2,1,1,-26,192,0,0,5.04,0.46,2.34,1246.5039999999985
0,2,0,-52,241,0,2,1,0,181,119,0,-1,1,1,-28,187,0,0,5.03,0.44,2.23,1247.8479999999986
0,2,0,-51,238,0,2,1,0,179,117,0,-1,1,1,-29,188,0,0,5.03,0.44,2.23,1249.1919999999986
0,2,0,-47,236,0,2,1,0,164,130,0,-2,1,1,-39,191,0,0,5.03,0.44,2.23,1250.5359999999987
0,2,0,-42,231,0,2,1,0,153,135,0,-1,1,1,-49,202,0,0,5.03,0.44,2.23,1251.8799999999987
0,2,0,-37,225,0,2,1,0,147,129,0,-1,1,1,-55,213,0,0,5.03,0.44,2.23,1253.2239999999988
0,2,0,-32,216,0,2,1,0,147,114,0,-1,1,2,-58,219,0,0,5.03,0.44,2.23,1254.5679999999988
0,2,0,-31,212,0,2,1,0,148,106,0,-1,1,2,-61,219,0,0,5.03,0.44,2.23,1255.911999999999
0,2,0,-29,204,0,2,1,0,153,85,0,-1,1,2,-65,211,0,0,5.03,0.44,2.23,1257.255999999999
0,2,0,-28,195,0,1,1,0,157,70,0,-1,1,2,-64,201,0,0,5.03,0.44,2.23,1258.599999999999
0,2,0,-29,187,0,1,1,0,159,65,0,-1,1,2,-61,183,0,0,5.03,0.44,2.23,1259.943999999999
0,2,0,-30,184,0,1,1,0,160,67,0,-1,1,1,-59,176,0,0,5.03,0.44,2.23,1261.287999999999
0,2,0,-31,176,0,1,1,0,162,81,0,-1,1,1,-55,162,0,0,5.03,0.44,2.23,1262.6319999999992
0,2,0,-31,168,0,1,1,0,170,110,0,0,1,1,-54,155,0,0,5.03,0.44,2.23,1263.9759999999992
0,2,0,-29,161,0,2,1,0,176,133,0,0,1,2,-53,152,0,0,5.03,0.44,2.23,1265.3199999999993
0,2,0,-28,158,0,2,1,0,179,140,0,0,1,2,-50,153,0,0,5.03,0.44,2.23,1266.6639999999993
0,2,0,-26,151,0,2,1,0,187,150,0,0,1,1,-42,145,0,0,5.03,0.44,2.23,1268.0079999999994
0,2,0,-23,143,0,2,1,1,188,153,0,0,1,1,-48,113,0,0,5.03,0.44,2.23,1269.3519999999994
0,2,0,-20,133,0,2,2,1,183,155,0,0,2,2,-50,78,0,0,5.03,0.44,2.23,1270.6959999999995
0,2,0,-17,122,0,2,2,0,208,121,0,0,2,2,-37,52,0,0,5.03,0.44,2.23,1272.0399999999995
0,2,0,-16,117,0,2,2,1,210,179,0,0,2,2,-36,51,0,0,5.03,0.44,2.23,1273.3839999999996
0,2,0,-7,103,0,2,2,1,136,181,0,0,2,2,-9,33,0,0,5.03,0.44,2.23,1274.7279999999996
0,2,0,-5,101,0,2,2,1,130,179,0,0,2,2,0,35,0,0,5.03,0.45,2.29,1276.1089999999997
0,2,0,0,99,0,2,2,1,128,173,0,0,2,2,29,29,0,0,5.03,0.45,2.29,1277.4899999999998
0,2,0,5,98,0,2,2,0,137,176,0,0,2,2,54,30,0,0,5.03,0.45,2.29,1278.8709999999999
0,2,0,10,98,0,2,2,0,130,195,0,0,2,2,77,32,0,0,5.03,0.45,2.29,1280.252
0,2,0,12,99,0,2,2,0,121,201,0,0,2,2,83,33,0,0,5.03,0.45,2.29,1281.633
0,2,0,18,98,0,2,2,0,99,204,0,0,2,1,97,53,0,0,5.03,0.45,2.29,1283.0140000000001
0,2,0,23,96,0,2,1,0,81,190,0,0,2,1,106,62,0,0,5.03,0.45,2.29,1284.3950000000002
0,2,0,28,92,0,2,2,0,65,169,0,0,2,0,111,67,0,0,5.03,0.45,2.29,1285.7760000000003
0,2,0,30,91,0,2,2,0,61,163,0,0,2,0,112,64,0,0,5.03,0.45,2.29,1287.1570000000004
0,3,0,33,88,0,1,2,0,52,140,0,0,2,0,109,67,0,0,5.03,0.45,2.29,1288.5380000000005
0,3,0,33,84,0,1,2,0,48,118,0,-1,2,0,103,81,0,0,5.03,0.45,2.29,1289.9190000000006
-1,3,0,28,77,0,1,2,0,45,108,0,-1,2,0,91,103,0,0,5.03,0.45,2.29,1291.3000000000006
-1,3,0,25,74,0,1,2,0,48,105,0,-1,2,0,85,118,0,0,5.03,0.45,2.29,1292.6810000000007
-1,3,0,16,61,0,1,2,0,52,95,0,-1,2,0,69,153,0,0,5.03,0.45,2.29,1294.0620000000008
0,2,0,13,51,0,1,2,0,38,90,0,-1,2,-1,50,166,0,0,5.03,0.45,2.29,1295.443000000001
0,2,0,15,49,0,0,2,0,20,90,0,-1,2,-1,28,156,0,0,5.03,0.45,2.29,1296.824000000001
0,2,0,15,48,0,0,2,0,12,88,0,-1,1,-1,1,143,0,0,5.03,0.45,2.29,1298.205000000001
0,2,0,14,50,0,0,2,0,12,88,0,-1,1,-1,-7,139,0,0,5.03,0.45,2.29,1299.5860000000011
0,2,0,9,49,0,0,2,0,14,75,0,-1,1,-1,-28,129,0,0,5.03,0.45,2.29,1300.9670000000012
0,2,0,2,47,0,0,2,0,17,49,0,-1,1,-1,-50,119,0,0,5.03,0.45,2.29,1302.3480000000013
0,2,0,-4,46,0,0,2,0,11,12,0,-1,2,-1,-92,103,0,0,5.03,0.45,2.29,1303.7290000000014
0,2,0,-6,46,0,0,2,0,7,-1,0,-1,1,-1,-94,106,0,0,5.03,0.44,2.26,1305.0880000000013
0,2,0,-9,44,0,0,2,0,-8,-34,0,-1,1,-1,-117,103,0,0,5.03,0.44,2.26,1306.4470000000013
0,2,0,-12,43,0,0,2,0,-25,-56,0,-1,1,-1,-138,111,0,0,5.03,0.44,2.26,1307.8060000000012
0,2,0,-14,44,0,0,2,0,-41,-71,0,-1,1,-1,-160,123,0,0,5.03,0.44,2.26,1309.165000000001
0,2,0,-15,44,0,0,2,-1,-55,-84,0,-1,1,-1,-171,160,0,0,5.03,0.44,2.26,1310.524000000001
0,2,0,-15,44,0,0,2,-1,-61,-93,0,-2,1,-1,-178,165,0,0,5.03,0.44,2.26,1311.883000000001
0,2,0,-16,48,0,-1,2,-2,-87,-136,0,-3,2,-1,-216,192,0,0,5.03,0.44,2.26,1313.2420000000009
0,2,0,-17,51,0,0,3,-2,-140,-193,0,-4,2,-1,-250,250,0,0,5.03,0.44,2.26,1314.6010000000008
0,2,0,-18,49,0,0,3,-2,-211,-234,0,-4,2,-2,-250,250,0,0,5.03,0.44,2.26,1315.9600000000007
0,2,0,-18,48,0,0,3,-2,-238,-246,0,-3,1,-1,-250,250,0,0,5.03,0.44,2.26,1317.3190000000006
0,2,0,-18,46,0,0,2,-2,-250,-250,0,-3,1,0,-250,250,0,0,5.03,0.44,2.26,1318.6780000000006
0,2,0,-15,45,0,1,0,-1,-250,-250,0,-3,0,0,-250,250,0,0,5.03,0.44,2.26,1320.0370000000005
0,2,0,-10,42,0,0,1,-5,-250,-250,0,-2,-5,5,-1,250,0,0,5.03,0.44,2.26,1321.3960000000004
0,2,0,-7,40,0,5,-5,5,250,250,0,5,-5,5,250,250,0,0,5.03,0.44,2.26,1322.7550000000003
0,2,-1,-22,28,0,5,5,-4,49,-59,0,-3,0,-2,-59,83,0,0,5.03,0.44,2.26,1325.4730000000002
0,2,0,-29,26,0,1,0,-1,14,79,0,0,-1,0,75,218,0,0,5.03,0.44,2.26,1326.832
0,2,0,-25,20,0,3,2,0,15,54,0,2,1,1,104,201,0,0,5.03,0.44,2.26,1328.191
0,2,0,-14,17,0,2,1,2,-11,168,0,-1,3,1,44,159,0,0,5.03,0.44,2.26,1329.55
0,2,0,-4,16,0,0,1,2,-102,112,0,-1,2,1,6,126,0,0,5.03,0.44,2.26,1330.9089999999999
0,2,0,-1,6,0,0,2,1,-57,57,0,-2,3,1,84,82,0,0,5.03,0.44,2.26,1332.2679999999998
0,2,0,-6,2,0,0,2,1,-57,33,0,-1,3,0,35,82,0,0,5.04,0.47,2.38,1333.6989999999998
0,2,0,3,3,0,0,2,1,-76,4,0,0,1,1,-42,-1,0,0,5.04,0.47,2.38,1335.1299999999999
0,2,0,7,2,0,1,2,1,-74,6,0,0,2,0,-27,-79,0,0,5.04,0.47,2.38,1336.561
0,2,0,6,5,0,1,1,1,-61,0,0,0,1,0,-24,-105,0,0,5.04,0.47,2.38,1337.992
0,2,0,5,7,0,1,1,1,-51,0,0,0,2,0,-31,-100,0,0,5.04,0.47,2.38,1339.423
0,2,0,2,8,0,1,1,1,-23,-14,0,0,2,0,-24,-30,0,0,5.04,0.47,2.38,1340.854
0,2,0,-2,5,0,1,1,1,-8,-28,0,0,1,0,18,13,0,0,5.04,0.47,2.38,1342.285
0,2,0,-9,0,0,1,1,1,0,-36,0,-1,2,0,17,44,0,0,5.04,0.47,2.38,1343.7160000000001
0,2,0,-15,-4,0,1,0,1,4,-46,0,-1,2,0,6,48,0,0,5.04,0.47,2.38,1345.1470000000002
0,2,0,-16,-1,0,1,0,1,7,-50,0,-1,1,0,4,35,0,0,5.04,0.47,2.38,1346.5780000000002
0,2,0,-20,-3,0,1,0,1,12,-60,0,-1,1,0,-16,-22,0,0,5.04,0.47,2.38,1348.0090000000002
0,2,0,-24,-1,0,1,0,1,12,-52,0,0,1,1,-30,-62,0,0,5.04,0.47,2.38,1349.4400000000003
0,2,0,-28,0,0,1,0,1,10,-44,0,0,1,0,-37,-83,0,0,5.04,0.47,2.38,1350.8710000000003
0,2,0,-29,2,0,1,0,1,10,-41,0,0,1,0,-39,-89,0,0,5.04,0.47,2.38,1352.3020000000004
0,2,0,-33,6,0,2,0,0,70,-49,0,0,1,0,-40,-100,0,0,5.04,0.47,2.38,1353.7330000000004
0,2,0,-37,12,0,2,0,0,-11,-31,0,0,1,0,-42,-111,0,0,5.04,0.47,2.38,1355.1640000000004
0,2,0,-40,18,0,1,0,1,5,-46,0,0,1,0,-56,-111,0,0,5.04,0.47,2.38,1356.5950000000005
0,3,0,12,104,0,2,0,0,155,-16,0,-2,0,1,-57,-22,0,0,5.03,0.42,2.14,1357.8860000000004
0,3,0,6,112,0,2,0,0,161,-10,0,-1,0,1,-58,-21,0,0,5.03,0.42,2.14,1359.1770000000004
0,3,0,0,119,0,2,0,0,168,1,0,-1,0,1,-60,-19,0,0,5.03,0.42,2.14,1360.4680000000003
0,3,0,-8,123,0,2,0,0,170,15,0,-1,0,1,-61,-14,0,0,5.03,0.42,2.14,1361.7590000000002
0,3,0,-11,123,0,2,0,0,170,18,0,-1,0,1,-61,-12,0,0,5.03,0.42,2.14,1363.0500000000002
0,2,0,-18,123,0,2,0,0,171,23,0,-1,0,1,-61,-2,0,0,5.03,0.42,2.14,1364.3410000000001
0,2,0,-22,120,0,2,0,0,169,21,0,-1,0,1,-60,11,0,0,5.03,0.42,2.14,1365.632
0,2,0,-23,117,0,2,0,0,167,14,0,-1,0,1,-58,23,0,0,5.03,0.42,2.14,1366.923
0,2,0,-22,114,0,2,0,0,164,7,0,-1,0,1,-56,30,0,0,5.03,0.42,2.14,1368.214
0,2,0,-22,112,0,2,0,0,163,3,0,-1,0,1,-55,31,0,0,5.03,0.42,2.14,1369.5049999999999
0,2,0,-21,110,0,2,0,0,157,-7,0,-1,0,1,-54,33,0,0,5.03,0.42,2.14,1370.7959999999998
0,2,0,-21,108,0,2,0,0,153,-17,0,-1,0,1,-52,30,0,0,5.03,0.42,2.14,1372.0869999999998
0,2,0,-21,105,0,2,0,0,147,-28,0,-1,0,1,-50,23,0,0,5.03,0.42,2.14,1373.3779999999997
0,2,0,-21,104,0,2,0,0,145,-33,0,-1,0,1,-50,20,0,0,5.03,0.42,2.14,1374.6689999999996
0,2,0,-24,101,0,2,0,0,135,-50,0,-1,0,1,-51,13,0,0,5.03,0.42,2.14,1375.9599999999996
0,2,0,-30,101,0,2,0,0,141,-58,0,-1,0,1,-53,12,0,0,5.03,0.42,2.14,1377.2509999999995
0,2,0,-36,102,0,2,0,0,137,-64,0,-1,0,1,-57,19,0,0,5.03,0.42,2.14,1378.5419999999995
0,2,0,-38,102,0,2,0,0,135,-66,0,-1,0,1,-58,25,0,0,5.03,0.45,2.29,1379.9209999999994
0,2,0,-41,105,0,2,0,0,130,-62,0,-1,0,1,-60,39,0,0,5.03,0.45,2.29,1381.2999999999993
0,2,0,-43,107,0,2,0,0,127,-51,0,-1,0,1,-60,49,0,0,5.03,0.45,2.29,1382.6789999999992
0,2,0,-44,110,0,2,0,0,126,-39,0,-1,0,1,-62,53,0,0,5.03,0.45,2.29,1384.057999999999
0,2,0,-44,110,0,2,0,0,125,-34,0,-1,0,1,-63,54,0,0,5.03,0.45,2.29,1385.436999999999
0,2,0,-44,112,0,2,0,0,119,-24,0,-1,0,1,-67,57,0,0,5.03,0.45,2.29,1386.815999999999
0,2,0,-43,113,0,2,0,0,111,-16,0,-1,0,1,-69,52,0,0,5.03,0.45,2.29,1388.1949999999988
0,2,0,-42,116,0,2,0,0,104,-11,0,-1,0,1,-74,78,0,0,5.03,0.45,2.29,1389.5739999999987
0,2,0,-42,116,0,2,0,0,102,-9,0,-1,0,1,-76,89,0,0,5.03,0.45,2.29,1390.9529999999986
0,2,0,-41,117,0,2,0,0,100,-2,0,-1,0,1,-80,75,0,0,5.03,0.45,2.29,1392.3319999999985
