0,3,0,-13,148,0,2,0,0,180,153,0,-2,0,0,-17,171,0,0,5.04,0.47,2.38,1177.1910000000046
0,2,0,-16,142,0,2,1,0,167,147,0,-2,0,0,-15,171,0,0,5.04,0.47,2.38,1178.4000000000046
0,2,0,-16,136,0,2,1,0,158,137,0,-2,0,1,-17,168,0,0,5.04,0.47,2.38,1179.6090000000047
0,2,0,-14,133,0,2,1,0,141,135,0,-2,0,1,-15,168,0,0,5.03,0.45,2.28,1180.7710000000047
0,2,0,-12,132,0,2,1,0,131,137,0,-2,0,1,-16,168,0,0,5.03,0.45,2.28,1181.9330000000048
0,2,0,-9,131,0,2,1,0,114,145,0,-2,0,0,-19,176,0,0,5.03,0.45,2.28,1183.0950000000048
0,2,0,-5,133,0,2,1,0,102,146,0,-2,1,0,-7,193,0,0,5.03,0.45,2.28,1184.2570000000048
0,2,0,-3,135,0,2,1,0,94,149,0,-2,1,0,0,201,0,0,5.03,0.45,2.28,1185.4190000000049
0,2,0,-3,136,0,1,1,0,94,146,0,-2,1,0,-2,211,0,0,5.03,0.45,2.28,1186.581000000005
0,2,0,-2,139,0,1,1,0,91,147,0,-2,1,1,-5,210,0,0,5.03,0.45,2.28,1187.743000000005
0,3,0,-2,140,0,1,1,0,84,151,0,-1,1,1,-6,205,0,0,5.03,0.45,2.28,1188.905000000005
0,3,0,-3,140,0,1,1,0,73,164,0,-1,1,1,-7,182,0,0,5.03,0.45,2.28,1190.067000000005
0,3,0,-4,141,0,1,1,0,71,166,0,-1,1,0,-6,185,0,0,5.03,0.45,2.28,1191.229000000005
0,3,0,-6,141,0,1,1,0,72,165,0,-1,1,0,2,189,0,0,5.03,0.45,2.28,1192.391000000005
0,2,0,-7,138,0,1,1,0,74,156,0,-1,1,0,7,191,0,0,5.03,0.45,2.28,1193.553000000005
0,2,0,-8,136,0,1,1,0,75,145,0,-2,1,0,9,187,0,0,5.03,0.45,2.28,1194.7150000000051
0,2,0,-9,125,0,1,2,0,62,141,0,-1,1,1,11,190,0,0,5.03,0.45,2.28,1195.8770000000052
0,2,0,-9,115,0,0,2,0,35,108,0,-1,1,1,23,195,0,0,5.03,0.45,2.28,1197.0390000000052
0,2,0,-8,107,0,1,2,0,62,74,0,-1,1,1,30,198,0,0,5.03,0.45,2.28,1198.2010000000053
0,2,0,-9,107,0,1,2,0,55,76,0,-1,1,1,27,198,0,0,5.03,0.45,2.28,1199.3630000000053
0,2,0,-9,108,0,0,2,0,23,67,0,-1,1,1,32,210,0,0,5.03,0.45,2.28,1200.5250000000053
0,2,0,-7,109,0,1,1,0,17,63,0,-1,1,1,26,220,0,0,5.03,0.45,2.28,1201.6870000000054
0,2,0,-6,110,0,0,2,0,9,55,0,-1,1,1,13,205,0,0,5.03,0.45,2.28,1202.8490000000054
0,2,0,-5,111,0,0,2,0,4,52,0,-1,1,1,21,220,0,0,5.03,0.45,2.28,1204.0110000000054
0,2,0,-5,112,0,0,2,0,3,53,0,-1,1,1,16,211,0,0,5.04,0.46,2.33,1205.1940000000054
0,2,0,-6,112,0,0,2,0,2,52,0,0,1,1,15,219,0,0,5.04,0.46,2.33,1206.3770000000054
0,2,0,-6,111,0,0,2,0,-3,54,0,-1,1,1,7,213,0,0,5.04,0.46,2.33,1207.5600000000054
0,2,0,-7,109,0,0,2,0,-5,58,0,-1,1,1,9,215,0,0,5.04,0.46,2.33,1208.7430000000054
0,2,0,-7,105,0,0,2,1,-7,65,0,0,1,1,0,201,0,0,5.04,0.46,2.33,1209.9260000000054
0,2,0,-6,101,0,0,2,1,-10,76,0,0,2,1,-7,179,0,0,5.04,0.46,2.33,1211.1090000000054
0,2,0,-12,125,0,2,1,0,109,72,0,-2,0,0,-5,128,0,0,5.03,0.44,2.26,41.408999999999985
0,2,0,-11,122,0,2,1,0,102,73,0,-2,0,0,-5,129,0,0,5.03,0.44,2.26,42.54699999999998
0,2,0,-9,112,0,1,1,0,89,74,0,-2,0,0,-3,133,0,0,5.03,0.44,2.26,43.68499999999998
0,2,0,-5,103,0,1,1,0,78,59,0,-2,0,0,-5,137,0,0,5.03,0.44,2.26,44.82299999999998
0,2,0,-2,96,0,1,1,0,74,48,0,-2,0,0,-4,153,0,0,5.03,0.44,2.26,45.96099999999998
0,2,0,-1,93,0,1,1,0,70,44,0,-2,0,0,-8,157,0,0,5.03,0.44,2.26,47.098999999999975
0,2,0,2,88,0,1,1,0,47,43,0,-2,0,0,-13,172,0,0,5.03,0.44,2.26,48.23699999999997
0,2,0,5,83,0,1,1,0,36,36,0,-2,0,1,-19,189,0,0,5.03,0.44,2.26,49.37499999999997
0,2,0,7,74,0,1,2,0,23,12,0,-2,0,1,-25,201,0,0,5.03,0.44,2.26,50.51299999999997
0,2,0,8,72,0,1,2,0,22,1,0,-2,0,1,-28,206,0,0,5.03,0.44,2.26,51.65099999999997
0,2,0,8,61,0,1,2,0,24,-26,0,-1,0,1,-45,195,0,0,5.03,0.44,2.26,52.788999999999966
0,3,0,7,52,0,1,2,0,11,-29,0,-1,0,0,-45,188,0,1,5.03,0.44,2.26,53.926999999999964
0,3,0,4,43,0,1,2,0,3,-38,0,-1,0,1,-53,187,0,0,5.03,0.44,2.26,55.06499999999996
0,3,0,3,38,0,1,2,0,-10,-51,0,-1,1,1,-54,166,0,0,5.03,0.44,2.26,56.20299999999996
0,3,0,3,37,0,1,2,0,-17,-56,0,-1,1,1,-61,159,0,0,5.03,0.44,2.26,57.34099999999996
0,2,0,2,39,0,1,2,0,-39,-73,0,-1,1,0,-60,158,0,0,5.03,0.44,2.26,58.47899999999996
0,2,0,5,40,0,1,2,-1,-80,-78,0,-1,0,0,-64,174,0,0,5.03,0.45,2.3,59.63999999999996
0,2,0,6,41,0,1,2,0,-95,-79,0,-1,1,0,-66,185,0,0,5.03,0.45,2.3,60.80099999999996
0,2,0,9,44,0,1,2,0,-135,-83,0,-1,1,0,-84,202,0,0,5.03,0.45,2.3,61.96199999999996
0,2,0,12,45,0,1,2,-1,-183,-89,0,-1,1,0,-132,208,0,0,5.03,0.45,2.3,63.12299999999996
0,2,0,13,42,0,1,2,-1,-244,-89,0,-1,1,0,-189,210,0,0,5.03,0.45,2.3,64.28399999999996
0,2,0,12,35,0,1,1,-2,-243,-89,0,-1,1,0,-205,212,0,0,5.03,0.45,2.3,65.44499999999996
0,2,0,12,30,0,1,0,-1,-250,-55,0,-1,0,0,-240,216,0,0,5.03,0.45,2.3,66.60599999999997
0,2,0,13,23,0,1,0,-1,-250,-13,0,-1,0,0,-250,208,0,0,5.03,0.45,2.3,67.76699999999997
0,2,0,15,22,0,1,-4,4,-165,124,0,0,-2,5,-250,250,0,0,5.03,0.45,2.3,68.92799999999997
0,2,0,16,7,0,-3,1,5,-193,-225,0,5,2,-5,84,-250,0,0,5.03,0.45,2.3,70.08899999999997
0,2,0,3,0,0,5,5,-2,-23,-143,0,0,5,-1,-108,-24,0,0,5.03,0.45,2.3,71.24999999999997
0,2,0,-5,-4,0,1,-1,0,-61,53,0,1,0,0,-88,21,0,0,5.03,0.45,2.3,72.41099999999997
0,2,0,-2,-6,0,0,-2,0,-63,12,0,3,0,3,-46,71,0,0,5.03,0.45,2.3,73.57199999999997
0,2,0,2,-10,0,1,2,1,50,-43,0,0,1,1,-38,28,0,0,5.03,0.45,2.3,74.73299999999998
0,2,0,6,-14,0,0,2,1,-23,15,0,0,1,1,-31,5,0,0,5.03,0.45,2.3,75.89399999999998
0,2,0,2,-12,0,1,1,1,-25,22,0,0,1,1,-28,-22,0,0,5.03,0.45,2.3,77.05499999999998
0,2,0,0,-11,0,1,1,1,-37,27,0,0,1,1,-27,-34,0,0,5.03,0.45,2.3,78.21599999999998
0,2,0,-2,-11,0,0,2,1,-30,21,0,0,2,1,-30,-60,0,0,5.03,0.45,2.3,79.37699999999998
0,2,0,-8,-8,0,1,1,1,-24,16,0,0,2,1,-30,-56,0,0,5.03,0.45,2.3,80.53799999999998
0,2,0,-10,-10,0,1,1,1,-25,12,0,0,2,1,-28,-49,0,0,5.03,0.45,2.3,81.69899999999998
0,2,0,-15,-7,0,1,1,1,-17,7,0,0,2,1,-15,-25,0,0,5.03,0.45,2.3,82.85999999999999
0,2,0,-17,-5,0,1,1,1,-7,-1,0,0,2,0,-1,-15,0,0,5.03,0.44,2.25,83.99499999999999
0,2,0,-19,-2,0,1,1,1,0,-5,0,0,1,0,11,-5,0,0,5.03,0.44,2.25,85.13
0,2,0,-20,-1,0,1,0,1,0,-7,0,0,1,0,10,-4,0,0,5.03,0.44,2.25,86.265
0,2,0,-23,2,0,1,0,1,1,-16,0,0,2,0,-6,16,0,0,5.03,0.44,2.25,87.4
0,2,0,-25,5,0,1,0,1,7,-28,0,0,1,1,-7,22,0,0,5.03,0.44,2.25,88.53500000000001
0,2,0,-26,8,0,1,0,1,15,-37,0,0,1,1,-26,19,0,0,5.03,0.44,2.25,89.67000000000002
0,2,0,-26,9,0,1,0,1,19,-38,0,0,1,1,-30,19,0,0,5.03,0.44,2.25,90.80500000000002
0,2,0,-28,15,0,1,0,1,31,-36,0,0,1,0,-41,8,0,0,5.03,0.44,2.25,91.94000000000003
0,2,0,-31,22,0,1,0,1,40,-38,0,0,1,0,-56,0,0,0,5.03,0.44,2.25,93.07500000000003
0,2,0,-33,27,0,1,0,1,51,-41,0,0,1,0,-51,0,0,0,5.03,0.44,2.25,94.21000000000004
0,2,0,-34,32,0,1,0,0,64,-31,0,0,1,0,-67,2,0,0,5.03,0.44,2.25,95.34500000000004
0,2,0,-34,34,0,1,0,0,68,-30,0,0,0,0,-69,7,0,0,5.03,0.44,2.25,96.48000000000005
0,2,0,-33,39,0,0,0,0,72,-35,0,0,0,0,-67,20,0,0,5.03,0.44,2.25,97.61500000000005
0,2,0,-32,44,0,0,0,0,86,-43,0,0,0,0,-68,32,0,0,5.03,0.44,2.25,98.75000000000006
0,2,0,-31,49,0,1,0,0,97,-52,0,0,0,0,-78,38,0,0,5.03,0.44,2.25,99.88500000000006
0,2,0,-30,52,0,1,0,0,101,-60,0,0,0,0,-76,30,0,0,5.03,0.44,2.25,101.02000000000007
0,2,0,-31,60,0,0,-1,0,106,-87,0,0,0,0,-88,12,0,0,5.03,0.44,2.25,102.15500000000007
0,2,0,-31,67,0,0,-1,0,122,-117,0,0,0,0,-103,6,0,0,5.03,0.44,2.25,103.29000000000008
0,2,0,-32,70,0,1,-1,0,126,-127,0,0,0,0,-112,7,0,0,5.03,0.44,2.25,104.42500000000008
0,2,0,-32,76,0,1,-1,0,132,-144,0,0,0,0,-126,13,0,0,5.03,0.44,2.25,105.56000000000009
0,2,0,-30,80,0,1,-1,0,134,-148,0,0,0,0,-143,19,0,0,5.03,0.44,2.25,106.69500000000009
0,2,0,-29,84,0,1,-1,0,126,-152,0,0,0,0,-168,30,0,0,5.04,0.47,2.37,107.8890000000001
0,2,0,-28,86,0,1,-2,-1,127,-150,0,-1,0,0,-177,29,0,0,5.04,0.47,2.37,109.0830000000001
0,2,0,-26,90,0,2,-2,-1,132,-143,0,-1,0,0,-193,13,0,0,5.04,0.47,2.37,110.2770000000001
0,2,0,-24,94,0,2,-2,-2,138,-136,0,-1,0,0,-202,-3,0,0,5.04,0.47,2.37,111.4710000000001
0,2,0,-22,97,0,2,-2,-2,128,-145,0,-1,-1,1,-213,11,0,0,5.04,0.47,2.37,112.6650000000001
0,2,0,-22,99,0,2,-3,-2,124,-152,0,-1,-1,1,-212,21,0,0,5.04,0.47,2.37,113.85900000000011
0,2,0,-21,99,0,2,-3,-2,108,-181,0,-1,-1,1,-205,46,0,0,5.04,0.47,2.37,115.05300000000011
0,2,0,-20,100,0,3,-3,-2,107,-187,0,-2,-1,1,-207,55,0,0,5.04,0.47,2.37,116.24700000000011
0,2,0,-21,100,0,3,-3,-2,111,-182,0,-2,-1,2,-207,65,0,0,5.04,0.47,2.37,117.44100000000012
0,2,0,-22,101,0,3,-3,-2,104,-166,0,-3,-2,2,-219,75,0,0,5.04,0.47,2.37,118.63500000000012
0,2,0,-24,103,0,2,-3,-2,98,-156,0,-3,-2,2,-224,96,0,0,5.04,0.47,2.37,119.82900000000012
0,2,0,-25,102,0,2,-3,-2,81,-173,0,-3,-2,2,-203,75,0,0,5.04,0.47,2.37,121.02300000000012
0,2,0,-25,112,0,2,-3,-2,71,-182,0,-4,-1,2,-180,92,0,0,5.04,0.47,2.37,122.21700000000013
0,2,0,-25,110,0,2,-3,-2,59,-202,0,-3,-1,2,-122,137,0,0,5.04,0.47,2.37,123.41100000000013
0,2,0,-26,113,0,2,-3,-2,54,-199,0,-4,-1,2,-134,83,0,0,5.04,0.47,2.37,124.60500000000013
0,2,0,-25,114,0,2,-3,-2,52,-202,0,-4,-1,2,-144,59,0,0,5.04,0.47,2.37,125.79900000000013
0,2,0,-25,114,0,2,-3,-2,48,-195,0,-4,-1,2,-160,29,0,0,5.04,0.47,2.37,126.99300000000014
0,2,0,-25,116,0,2,-3,-2,43,-184,0,-3,-1,2,-173,-19,0,0,5.04,0.47,2.37,128.18700000000013
0,2,0,-25,120,0,2,-3,-2,40,-174,0,-3,-1,2,-174,-45,0,0,5.04,0.47,2.37,129.3810000000001
0,2,0,-26,122,0,2,-3,-2,39,-174,0,-3,-1,1,-175,-58,0,0,5.04,0.47,2.37,130.5750000000001
0,2,0,-26,124,0,2,-3,-2,37,-166,0,-2,-1,1,-159,-52,0,0,5.04,0.47,2.37,131.7690000000001
0,2,0,-27,125,0,1,-3,-2,38,-158,0,-3,-1,1,-141,-36,0,0,5.03,0.45,2.3,132.9290000000001
0,2,0,-28,126,0,1,-2,-2,38,-161,0,-2,-1,1,-119,-3,0,0,5.03,0.45,2.3,134.08900000000008
0,2,0,-31,128,0,1,-2,-2,32,-170,0,-3,-1,1,-118,-24,0,0,5.03,0.45,2.3,135.24900000000008
0,2,0,-32,131,0,1,-2,-2,28,-179,0,-3,-1,1,-114,-70,0,0,5.03,0.45,2.3,136.40900000000008
0,2,0,-33,132,0,1,-2,-2,27,-183,0,-3,-1,1,-121,-89,0,0,5.03,0.45,2.3,137.56900000000007
0,2,0,-34,135,0,1,-2,-2,26,-189,0,-3,0,1,-117,-131,0,0,5.03,0.45,2.3,138.72900000000007
0,2,0,-36,139,0,1,-2,-2,27,-194,0,-2,-1,1,-114,-146,0,0,5.03,0.45,2.3,139.88900000000007
0,2,0,-38,146,0,1,-1,-2,25,-198,0,-2,0,1,-118,-160,0,0,5.03,0.45,2.3,141.04900000000006
0,2,0,-40,149,0,1,-1,-2,25,-199,0,-2,-1,1,-108,-160,0,0,5.03,0.45,2.3,142.20900000000006
0,2,0,-44,159,0,1,-1,-2,24,-201,0,-2,-1,1,-111,-154,0,0,5.03,0.45,2.3,143.36900000000006
0,2,0,-46,170,0,1,-1,-2,27,-199,0,-2,-1,1,-110,-137,0,0,5.03,0.45,2.3,144.52900000000005
0,2,0,-48,179,0,1,-1,-2,29,-200,0,-2,-1,0,-114,-138,0,0,5.03,0.45,2.3,145.68900000000005
0,2,0,-48,183,0,1,-1,-2,29,-200,0,-2,-1,0,-114,-136,0,0,5.03,0.45,2.3,146.84900000000005
0,2,0,-48,192,0,0,-1,-2,25,-201,0,-2,-1,0,-120,-135,0,0,5.03,0.45,2.3,148.00900000000004
0,2,0,-47,200,0,0,-1,-2,20,-204,0,-2,-1,0,-119,-127,0,0,5.03,0.45,2.3,149.16900000000004
0,2,0,-43,208,0,0,-1,-2,12,-213,0,-2,-1,0,-120,-123,0,0,5.03,0.45,2.3,150.32900000000004
0,2,0,-42,211,0,0,-1,-2,10,-219,0,-2,-1,0,-119,-122,0,0,5.03,0.45,2.3,151.48900000000003
0,2,0,-36,217,0,0,-1,-2,9,-234,0,-2,-1,0,-124,-128,0,0,5.03,0.45,2.3,152.64900000000003
0,2,0,-32,224,0,0,-2,-2,2,-247,0,-2,-1,0,-129,-138,0,0,5.03,0.45,2.3,153.80900000000003
0,3,0,-29,229,0,0,-1,-2,4,-250,0,-2,-1,0,-132,-154,0,0,5.03,0.45,2.3,154.96900000000002
0,2,0,-24,233,0,0,-1,-2,-10,-250,0,-2,-1,0,-135,-159,0,0,5.03,0.45,2.3,156.12900000000002
-1,3,0,-32,227,0,0,-1,-2,4,-250,0,-2,-1,0,-139,-173,0,0,5.03,0.45,2.3,157.288
-1,3,0,-47,214,0,0,-1,-2,9,-248,0,-2,-1,0,-141,-180,0,0,5.03,0.45,2.3,158.447
-1,3,0,-52,208,0,0,-1,-2,10,-245,0,-3,-1,0,-142,-181,0,0,5.03,0.45,2.3,159.606
0,2,0,-59,200,0,0,-1,-2,16,-242,0,-3,-1,0,-141,-184,0,0,5.03,0.45,2.3,160.765
0,2,0,-58,195,0,0,-1,-1,0,-237,0,-3,-1,-1,-141,-186,0,0,5.03,0.45,2.3,161.92399999999998
0,2,0,-49,200,0,0,-1,-2,-1,-226,0,-3,-2,-1,-137,-196,0,0,5.03,0.45,2.3,163.08299999999997
0,2,0,-46,201,0,1,-2,-2,15,-224,0,-3,-1,-1,-143,-194,0,0,5.03,0.45,2.3,164.24199999999996
0,2,0,-38,208,0,1,-1,-2,32,-233,0,-3,-1,-1,-152,-199,0,0,5.03,0.45,2.3,165.40099999999995
0,2,0,-31,217,0,1,-1,-2,40,-246,0,-3,-1,-1,-159,-208,0,0,5.03,0.45,2.3,166.55999999999995
0,2,0,-28,220,0,1,-1,-2,46,-250,0,-3,-1,-1,-165,-207,0,0,5.03,0.45,2.3,167.71899999999994
0,2,0,-17,236,0,1,-1,-2,42,-250,0,-3,-1,-1,-170,-218,0,0,5.03,0.45,2.3,168.87799999999993
0,2,0,-16,239,0,1,-1,-2,40,-250,0,-3,-1,-1,-167,-211,0,0,5.03,0.45,2.3,170.03699999999992
0,2,0,-13,249,0,1,-1,-2,35,-237,0,-3,-1,-1,-164,-204,0,0,5.03,0.45,2.3,171.1959999999999
0,2,0,-12,250,0,1,-1,-2,37,-231,0,-3,-1,-1,-162,-192,0,0,5.03,0.45,2.3,172.3549999999999
0,2,0,-13,250,0,1,-1,-2,42,-230,0,-3,-1,-1,-176,-187,0,0,5.03,0.45,2.3,173.5139999999999
0,2,0,-15,250,0,1,-1,-1,43,-231,0,-3,-1,-1,-174,-184,0,0,5.03,0.45,2.3,174.6729999999999
0,2,0,-18,250,0,1,-1,-1,48,-234,0,-2,-1,-1,-177,-176,0,0,5.03,0.45,2.3,175.83199999999988
0,3,0,-26,201,0,2,0,0,210,75,0,-3,0,0,-78,20,0,0,5.03,0.44,2.21,176.9479999999999
0,2,0,-30,202,0,3,0,0,217,74,0,-3,0,0,-76,15,0,0,5.03,0.44,2.21,178.0639999999999
0,2,0,-32,198,0,2,0,0,221,68,0,-3,0,0,-70,11,0,0,5.03,0.44,2.21,179.17999999999992
0,2,0,-32,194,0,2,0,0,220,63,0,-3,0,0,-61,18,0,0,5.03,0.44,2.21,180.29599999999994
0,2,0,-31,192,0,2,0,0,218,63,0,-3,0,0,-60,19,0,0,5.03,0.44,2.21,181.41199999999995
0,2,0,-24,186,0,3,0,0,211,73,0,-3,0,1,-57,35,0,0,5.03,0.44,2.21,182.52799999999996
0,2,0,-16,183,0,3,0,0,203,84,0,-3,0,1,-57,52,0,0,5.03,0.44,2.21,183.64399999999998
0,2,0,-2,176,0,2,1,0,185,84,0,-2,0,1,-59,60,0,0,5.03,0.44,2.21,185.876
0,2,0,0,173,0,2,1,0,181,83,0,-3,0,1,-60,48,0,0,5.03,0.44,2.21,186.99200000000002
0,2,0,5,167,0,2,1,0,164,76,0,-2,0,1,-59,41,0,0,5.03,0.44,2.21,188.10800000000003
0,2,0,10,159,0,2,1,0,149,72,0,-2,0,1,-49,45,0,0,5.03,0.44,2.21,189.22400000000005
0,2,0,14,148,0,2,1,0,136,72,0,-2,0,1,-35,47,0,0,5.03,0.44,2.21,190.34000000000006
0,2,0,15,143,0,2,1,0,134,73,0,-2,0,1,-33,47,0,0,5.03,0.44,2.21,191.45600000000007
0,2,0,15,127,0,2,1,0,128,74,0,-2,0,1,-20,55,0,0,5.03,0.44,2.21,192.5720000000001
0,2,0,9,102,0,2,1,0,119,73,0,-2,0,1,-11,61,0,0,5.03,0.44,2.21,193.6880000000001
0,2,0,4,73,0,2,1,0,108,67,0,-2,0,1,-3,61,0,0,5.03,0.44,2.21,194.80400000000012
0,2,0,3,62,0,2,2,0,104,62,0,-2,0,1,0,58,0,0,5.04,0.46,2.36,195.99500000000012
0,2,0,3,42,0,1,2,0,89,48,0,-2,0,1,9,53,0,0,5.04,0.46,2.36,197.18600000000012
0,2,0,6,33,0,2,2,0,72,41,0,-2,0,1,17,52,0,0,5.04,0.46,2.36,198.37700000000012
0,2,0,10,31,0,2,2,0,59,40,0,-1,0,1,21,60,0,0,5.04,0.46,2.36,199.56800000000013
0,2,0,12,31,0,2,2,0,56,39,0,-1,0,1,23,61,0,0,5.04,0.46,2.36,200.75900000000013
0,2,0,16,34,0,2,2,0,42,35,0,-1,0,1,21,60,0,0,5.04,0.46,2.36,201.95000000000013
0,2,0,20,34,0,2,2,0,31,27,0,-1,0,1,17,60,0,0,5.04,0.46,2.36,203.14100000000013
0,2,0,21,33,0,2,2,0,26,27,0,-1,0,1,17,57,0,0,5.04,0.46,2.36,204.33200000000014
0,2,0,22,26,0,1,2,0,10,12,0,-1,0,1,17,42,0,0,5.04,0.46,2.36,205.52300000000014
0,2,0,21,16,0,1,2,0,0,1,0,-1,0,1,22,29,0,0,5.04,0.46,2.36,206.71400000000014
0,2,0,18,4,0,1,2,0,-10,-3,0,-1,0,1,30,35,0,0,5.04,0.46,2.36,207.90500000000014
0,2,0,16,0,0,1,2,0,-9,-4,0,-1,0,1,33,41,0,0,5.04,0.46,2.36,209.09600000000015
0,2,0,11,-11,0,1,2,0,-31,-8,0,-1,1,1,33,42,0,0,5.04,0.46,2.36,210.28700000000015
0,2,0,6,-23,0,1,2,0,-37,8,0,-1,1,1,24,38,0,0,5.04,0.46,2.36,211.47800000000015
0,2,0,3,-33,0,1,1,0,-37,11,0,0,1,0,26,43,0,0,5.04,0.46,2.36,212.66900000000015
0,2,0,2,-36,0,1,2,0,-41,9,0,0,1,0,25,46,0,0,5.04,0.46,2.36,213.86000000000016
0,2,0,0,-43,0,1,1,0,-42,7,0,0,1,1,20,50,0,1,5.04,0.46,2.36,215.05100000000016
0,2,0,1,-49,0,1,1,0,-68,3,0,0,1,1,7,45,0,0,5.04,0.46,2.36,216.24200000000016
0,2,0,2,-51,0,1,1,0,-69,-3,0,0,1,1,4,40,0,0,5.04,0.46,2.36,217.43300000000016
0,2,0,4,-57,0,1,1,0,-78,-17,0,0,1,1,-3,17,0,0,5.04,0.46,2.36,218.62400000000017
0,2,0,5,-57,0,1,1,0,-77,-31,0,0,1,1,2,13,0,1,5.04,0.46,2.36,219.81500000000017
0,2,0,5,-60,0,1,1,0,-85,-45,0,0,1,0,7,5,0,1,5.03,0.45,2.28,220.96700000000016
0,2,0,5,-60,0,1,1,0,-90,-50,0,0,1,0,9,0,0,1,5.03,0.45,2.28,222.11900000000014
0,2,0,5,-60,0,1,1,0,-94,-64,0,0,1,0,11,-10,0,1,5.03,0.45,2.28,223.27100000000013
0,2,0,4,-60,0,1,1,0,-92,-68,0,0,2,1,0,-5,0,1,5.03,0.45,2.28,224.42300000000012
0,2,0,3,-61,0,1,1,1,-93,-64,0,0,2,1,-10,-10,0,1,5.03,0.45,2.28,225.5750000000001
0,2,0,2,-59,0,1,1,1,-93,-43,0,0,2,1,-10,-16,0,0,5.03,0.45,2.28,226.7270000000001
0,2,0,0,-54,0,1,1,1,-97,-24,0,0,1,0,-5,-6,0,0,5.03,0.45,2.28,227.87900000000008
0,2,0,0,-54,0,1,0,1,-87,-14,0,0,2,0,-2,0,0,0,5.03,0.45,2.28,229.03100000000006
0,2,0,0,-52,0,1,1,1,-82,-9,0,0,2,0,1,12,0,0,5.03,0.45,2.28,230.18300000000005
0,2,0,0,-52,0,1,1,1,-69,-12,0,0,2,1,-3,18,0,0,5.03,0.45,2.28,231.33500000000004
0,2,0,0,-51,0,1,1,1,-55,-15,0,0,2,1,-8,8,0,0,5.03,0.45,2.28,232.48700000000002
0,2,0,0,-51,0,1,1,1,-50,-19,0,0,2,1,-10,8,0,0,5.03,0.45,2.28,233.639
0,2,0,0,-48,0,1,1,1,-44,-24,0,0,2,0,-11,9,0,0,5.03,0.45,2.28,234.791
0,2,0,-1,-45,0,1,1,1,-39,-31,0,0,2,0,-12,3,0,0,5.03,0.45,2.28,235.94299999999998
0,2,0,-1,-44,0,1,1,1,-37,-34,0,0,2,0,-19,1,0,0,5.03,0.45,2.28,237.09499999999997
0,2,0,-1,-43,0,1,1,1,-28,-51,0,0,2,0,-12,6,0,0,5.03,0.45,2.28,238.24699999999996
0,2,0,-1,-40,0,1,1,1,-24,-75,0,0,2,1,-16,0,0,0,5.03,0.45,2.28,239.39899999999994
0,2,0,-1,-36,0,1,1,1,-25,-80,0,0,2,0,-23,-7,0,0,5.03,0.45,2.28,240.55099999999993
0,2,0,-1,-34,0,1,1,1,-24,-76,0,0,2,0,-24,-6,0,0,5.03,0.45,2.28,241.70299999999992
0,2,0,-1,-30,0,1,1,1,-23,-60,0,0,2,0,-22,-10,0,0,5.03,0.45,2.28,242.8549999999999
0,2,0,-1,-26,0,1,1,1,-21,-41,0,0,2,0,-21,-14,0,0,5.03,0.45,2.28,244.0069999999999
0,2,0,-1,-24,0,1,1,1,-19,-32,0,0,2,0,-10,-11,0,0,5.04,0.46,2.33,245.18399999999988
0,2,0,-1,-23,0,1,1,1,-18,-31,0,0,2,0,0,-19,0,0,5.04,0.46,2.33,246.36099999999988
0,2,0,-2,-20,0,1,1,1,-18,-39,0,0,2,0,-4,-4,0,0,5.04,0.46,2.33,247.53799999999987
0,2,0,-3,-16,0,1,1,0,-20,-47,0,0,2,0,0,10,0,0,5.04,0.46,2.33,248.71499999999986
0,2,0,-3,-15,0,1,2,0,-21,-56,0,0,2,0,-16,6,0,0,5.04,0.46,2.33,249.89199999999985
0,2,0,-3,-13,0,1,2,0,-46,-102,0,0,2,-1,-25,42,0,0,5.04,0.46,2.33,251.06899999999985
0,2,0,-3,-12,0,1,3,-1,-101,-142,0,0,3,-1,-84,87,0,0,5.04,0.46,2.33,252.24599999999984
0,2,0,-4,-9,0,1,2,-1,-160,-121,0,-1,2,-2,-151,111,0,0,5.04,0.46,2.33,253.42299999999983
0,2,0,-4,-8,0,1,2,-1,-184,-99,0,-1,3,-2,-183,103,0,0,5.04,0.46,2.33,254.59999999999982
0,2,0,-3,-6,0,1,2,-2,-250,-44,0,0,3,-3,-250,124,0,0,5.04,0.46,2.33,255.77699999999982
0,2,0,-1,-6,0,0,1,-3,-250,9,0,0,1,0,-250,125,0,0,5.04,0.46,2.33,256.95399999999984
0,2,0,0,-4,0,0,-5,5,-250,-250,0,0,-5,5,246,-250,0,0,5.04,0.46,2.33,258.13099999999986
0,2,0,0,-2,0,-5,3,5,-146,-249,0,2,5,-5,-95,-250,0,0,5.04,0.46,2.33,259.3079999999999
0,2,0,-15,-4,0,5,5,0,55,-74,0,3,3,1,-94,-77,0,0,5.04,0.46,2.33,260.4849999999999
0,2,0,-21,9,0,2,-1,0,3,17,0,0,1,0,-31,65,0,0,5.04,0.46,2.33,261.6619999999999
0,2,0,-20,8,0,0,0,0,30,16,0,1,1,1,-19,71,0,0,5.04,0.46,2.33,262.83899999999994
0,2,0,-9,13,0,0,1,2,-18,15,0,0,1,0,-13,90,0,0,5.04,0.46,2.33,264.01599999999996
0,2,0,-3,11,0,1,1,1,-5,30,0,0,1,1,-15,93,0,0,5.04,0.46,2.33,265.193
0,2,0,-9,13,0,0,1,2,16,35,0,0,2,0,-11,64,0,0,5.04,0.46,2.33,266.37
0,2,0,-13,25,0,1,1,2,-1,33,0,0,1,0,-22,39,0,0,5.04,0.46,2.33,267.547
0,2,0,-18,32,0,1,0,1,-5,13,0,0,2,0,-37,43,0,0,5.04,0.46,2.33,268.72400000000005
0,2,0,-19,30,0,1,0,1,3,8,0,0,2,0,-40,53,0,0,5.03,0.46,2.32,269.89400000000006
0,2,0,-23,38,0,1,0,1,18,0,0,0,2,0,-35,69,0,0,5.03,0.46,2.32,271.0640000000001
0,2,0,-26,43,0,1,0,1,28,-2,0,0,2,0,-29,90,0,0,5.03,0.46,2.32,272.2340000000001
0,2,0,-27,44,0,1,0,1,25,-3,0,0,2,0,-30,101,0,0,5.03,0.46,2.32,273.4040000000001
0,2,0,-31,47,0,1,0,1,38,-13,0,0,2,0,-39,116,0,0,5.03,0.46,2.32,274.5740000000001
0,2,0,-34,49,0,1,0,1,43,-22,0,0,1,0,-51,114,0,0,5.03,0.46,2.32,275.74400000000014
0,2,0,-35,52,0,1,0,1,52,-43,0,0,1,0,-66,93,0,0,5.03,0.46,2.32,276.91400000000016
0,2,0,-36,53,0,1,0,1,57,-50,0,0,1,0,-63,87,0,0,5.03,0.46,2.32,278.0840000000002
0,2,0,-35,55,0,1,0,1,72,-71,0,0,1,0,-75,68,0,0,5.03,0.46,2.32,279.2540000000002
0,2,0,-35,58,0,1,0,1,89,-89,0,0,0,0,-83,70,0,0,5.03,0.46,2.32,280.4240000000002
0,2,0,-35,61,0,0,0,1,103,-103,0,0,0,0,-83,72,0,0,5.03,0.46,2.32,281.5940000000002
0,2,0,-34,64,0,0,0,0,108,-106,0,0,0,0,-84,70,0,0,5.03,0.46,2.32,282.76400000000024
0,2,0,-33,69,0,0,0,0,123,-109,0,0,0,0,-87,64,0,0,5.03,0.46,2.32,283.93400000000025
0,2,0,-33,73,0,1,0,0,132,-94,0,0,0,0,-96,71,0,0,5.03,0.46,2.32,285.10400000000027
0,2,0,-33,74,0,1,0,0,138,-89,0,0,0,0,-97,77,0,0,5.03,0.46,2.32,286.2740000000003
0,2,0,-31,78,0,1,0,0,146,-82,0,0,0,0,-101,74,0,0,5.03,0.46,2.32,287.4440000000003
0,2,0,-30,81,0,1,-1,0,153,-84,0,0,0,0,-111,61,0,0,5.03,0.46,2.32,288.6140000000003
0,2,0,-29,84,0,1,-1,0,152,-92,0,0,0,0,-127,38,0,0,5.03,0.46,2.32,289.78400000000033
0,2,0,-29,85,0,1,-1,0,152,-99,0,0,0,0,-128,27,0,0,5.03,0.46,2.32,290.95400000000035
0,2,0,-28,87,0,0,-1,0,149,-136,0,0,0,0,-156,14,0,0,5.03,0.46,2.32,292.12400000000036
0,2,0,-27,88,0,1,-1,-1,151,-179,0,0,0,0,-189,9,0,0,5.03,0.46,2.32,293.2940000000004
0,2,0,-26,90,0,1,-2,-1,157,-205,0,0,0,0,-208,5,0,0,5.03,0.44,2.22,294.4140000000004
0,2,0,-26,91,0,1,-2,-1,161,-205,0,0,-1,0,-217,-1,0,0,5.03,0.44,2.22,295.5340000000004
0,2,0,-25,93,0,2,-2,-1,158,-189,0,0,-1,0,-231,6,0,0,5.03,0.44,2.22,296.6540000000004
0,2,0,-23,96,0,3,-3,-1,147,-173,0,-1,-2,0,-250,11,0,0,5.03,0.44,2.22,297.7740000000004
0,2,0,-21,96,0,3,-3,-1,140,-171,0,-1,-2,0,-250,15,0,0,5.03,0.44,2.22,298.8940000000004
0,2,0,-18,97,0,3,-3,-2,132,-165,0,-2,-2,1,-250,20,0,0,5.03,0.44,2.22,300.0140000000004
0,2,0,-17,97,0,3,-3,-2,120,-179,0,-2,-2,1,-250,65,0,0,5.03,0.44,2.22,301.1340000000004
0,2,0,-17,97,0,3,-3,-2,98,-200,0,-2,-3,1,-249,126,0,0,5.03,0.44,2.22,302.2540000000004
0,2,0,-19,95,0,3,-4,-2,103,-180,0,-2,-3,1,-250,130,0,0,5.03,0.44,2.22,303.3740000000004
0,2,0,-21,97,0,3,-3,-2,114,-105,0,-2,-2,1,-235,156,0,0,5.03,0.44,2.22,304.4940000000004
0,2,0,-20,98,0,3,-4,-2,92,-43,0,-3,-3,1,-221,140,0,0,5.03,0.44,2.22,305.61400000000043
0,2,0,-21,98,0,2,-4,-2,66,-4,0,-3,-4,1,-194,94,0,0,5.03,0.44,2.22,306.73400000000044
0,2,0,-21,97,0,2,-4,-2,52,4,0,-3,-4,1,-188,73,0,0,5.03,0.44,2.22,307.85400000000044
0,2,0,-23,97,0,2,-4,-2,17,11,0,-3,-4,1,-152,61,0,0,5.03,0.44,2.22,308.97400000000044
0,2,0,-26,94,0,2,-4,-2,-25,1,0,-3,-4,1,-129,42,0,0,5.03,0.44,2.22,310.09400000000045
0,2,0,-28,92,0,2,-4,-1,-61,-32,0,-3,-3,1,-124,24,0,0,5.03,0.44,2.22,311.21400000000045
0,2,0,-29,91,0,2,-5,-2,-42,-39,0,-3,-3,1,-124,17,0,0,5.03,0.44,2.22,312.33400000000046
0,2,0,-31,89,0,2,-4,-1,-106,-97,0,-3,-3,1,-124,6,0,0,5.03,0.44,2.22,313.45400000000046
0,2,0,-31,89,0,1,-3,-1,-120,-157,0,-3,-2,1,-119,-4,0,0,5.03,0.44,2.22,314.57400000000047
0,2,0,-31,90,0,1,-3,-1,-123,-177,0,-3,-2,1,-119,-10,0,0,5.03,0.44,2.22,315.69400000000047
0,2,0,-32,89,0,1,-3,-1,-126,-220,0,-3,-2,1,-114,-14,0,0,5.03,0.44,2.22,316.8140000000005
0,2,0,-35,88,0,1,-3,-1,-110,-237,0,-2,-2,1,-91,-2,0,0,5.04,0.48,2.44,318.04300000000046
0,2,0,-36,93,0,1,-2,-2,-86,-227,0,-2,-1,1,-115,-39,0,0,5.04,0.48,2.44,319.27200000000045
0,2,0,-36,96,0,1,-2,-1,-91,-225,0,-2,-2,1,-101,-51,0,0,5.04,0.48,2.44,320.50100000000043
0,2,0,-36,100,0,2,-3,-1,-62,-153,0,-2,-2,1,-85,-51,0,0,5.04,0.48,2.44,321.7300000000004
0,2,0,-40,104,0,0,-1,-1,-72,-169,0,-2,-2,0,-75,-52,0,0,5.04,0.48,2.44,322.9590000000004
0,2,0,-39,114,0,1,-2,-1,-81,-180,0,-2,-2,1,-82,-62,0,0,5.04,0.48,2.44,324.1880000000004
0,2,0,-37,118,0,1,-2,-1,-75,-183,0,-2,-2,1,-66,-63,0,0,5.04,0.48,2.44,325.41700000000037
0,2,0,-36,126,0,1,-2,-1,-50,-178,0,-1,-2,0,-48,-70,0,0,5.04,0.48,2.44,326.64600000000036
0,2,0,-34,134,0,1,-2,-1,-29,-174,0,-1,-2,0,-51,-77,0,0,5.04,0.48,2.44,327.87500000000034
0,2,0,-34,136,0,1,-2,-1,-18,-172,0,-1,-2,0,-54,-77,0,0,5.04,0.48,2.44,329.1040000000003
0,2,0,-32,145,0,1,-2,-1,-1,-178,0,-1,-1,0,-50,-70,0,0,5.04,0.48,2.44,330.3330000000003
0,2,0,-29,153,0,0,-2,-1,15,-181,0,-1,-1,0,-54,-68,0,0,5.04,0.48,2.44,331.5620000000003
0,2,0,-28,160,0,0,-2,-1,15,-176,0,-1,-1,0,-55,-82,0,0,5.04,0.48,2.44,332.7910000000003
0,2,0,-28,163,0,0,-2,-1,17,-170,0,-1,-2,0,-59,-97,0,0,5.04,0.48,2.44,334.02000000000027
0,3,0,-30,168,0,0,-2,-1,22,-159,0,-2,-2,0,-65,-121,0,0,5.04,0.48,2.44,335.24900000000025
0,3,0,-34,165,0,0,-2,-1,39,-147,0,-2,-2,0,-64,-146,0,0,5.04,0.48,2.44,336.47800000000024
0,2,0,-36,160,0,0,-2,-1,44,-144,0,-2,-2,0,-66,-154,0,0,5.04,0.48,2.44,337.7070000000002
-1,2,0,-40,147,0,0,-2,-1,55,-136,0,-2,-2,0,-61,-173,0,0,5.04,0.48,2.44,338.9360000000002
0,2,0,-41,136,0,0,-1,-1,57,-131,0,-2,-2,0,-61,-200,0,0,5.04,0.48,2.44,340.1650000000002
0,2,0,-41,131,0,0,-2,-1,66,-133,0,-2,-2,0,-56,-218,0,0,5.04,0.48,2.44,341.3940000000002
0,2,0,-40,132,0,0,-1,-1,47,-134,0,-2,-2,0,-50,-226,0,0,5.04,0.48,2.44,342.62300000000016
0,2,0,-40,134,0,0,-1,-1,29,-135,0,-2,-2,0,-45,-224,0,0,5.03,0.44,2.22,343.74100000000016
0,2,0,-34,142,0,0,-1,-1,31,-149,0,-2,-2,0,-41,-226,0,0,5.03,0.44,2.22,344.85900000000015
0,2,0,-34,148,0,0,-1,-1,28,-162,0,-2,-2,0,-42,-227,0,0,5.03,0.44,2.22,345.97700000000015
0,2,0,-31,159,0,0,-2,-1,31,-173,0,-2,-2,0,-51,-229,0,0,5.03,0.44,2.22,347.09500000000014
0,2,0,-30,163,0,0,-2,-1,33,-177,0,-2,-2,0,-55,-229,0,0,5.03,0.44,2.22,348.21300000000014
0,2,0,-27,171,0,0,-2,-1,36,-188,0,-2,-2,-1,-65,-250,0,0,5.03,0.44,2.22,349.33100000000013
0,2,0,-24,176,0,0,-2,-1,36,-196,0,-2,-1,-1,-78,-224,0,0,5.03,0.44,2.22,350.4490000000001
0,2,0,-21,181,0,0,-2,-1,35,-196,0,-2,-1,-1,-75,-221,0,0,5.03,0.44,2.22,351.5670000000001
0,2,0,-20,190,0,0,-2,-1,35,-195,0,-2,-2,-1,-79,-219,0,0,5.03,0.44,2.22,352.6850000000001
0,2,0,-18,202,0,0,-2,-1,40,-185,0,-2,-1,-1,-76,-215,0,0,5.03,0.44,2.22,353.8030000000001
0,2,0,-17,214,0,0,-2,-1,45,-181,0,-2,-1,-1,-81,-218,0,0,5.03,0.44,2.22,354.9210000000001
0,2,0,-17,218,0,0,-2,-1,45,-182,0,-2,-1,-1,-82,-219,0,0,5.03,0.44,2.22,356.0390000000001
0,2,0,-18,230,0,0,-2,-2,47,-187,0,-2,-1,-1,-87,-230,0,0,5.03,0.44,2.22,357.1570000000001
0,2,0,-20,240,0,0,-2,-2,49,-194,0,-2,-1,-1,-91,-239,0,0,5.03,0.44,2.22,358.2750000000001
0,2,0,-23,248,0,0,-2,-2,52,-199,0,-2,-1,-1,-100,-238,0,0,5.03,0.44,2.22,359.3930000000001
0,2,0,-26,250,0,0,-2,-2,57,-207,0,-2,-1,-1,-109,-235,0,0,5.03,0.44,2.22,360.5110000000001
0,2,0,-30,250,0,1,-2,-2,62,-209,0,-2,-2,-1,-120,-228,0,0,5.03,0.44,2.22,361.6290000000001
0,2,0,-32,250,0,1,-2,-2,69,-210,0,-2,-2,-1,-132,-221,0,0,5.03,0.44,2.22,362.74700000000007
0,2,0,-33,250,0,1,-2,-2,71,-211,0,-2,-2,-1,-136,-218,0,0,5.03,0.44,2.22,363.86500000000007
0,2,0,-33,250,0,1,-2,-2,80,-211,0,-2,-2,-1,-144,-209,0,0,5.03,0.44,2.22,364.98300000000006
0,2,0,-33,250,0,1,-1,-2,88,-213,0,-2,-2,-1,-152,-202,0,0,5.03,0.44,2.22,366.10100000000006
0,2,0,-33,250,0,1,-1,-2,95,-218,0,-2,-2,-1,-158,-193,0,0,5.04,0.46,2.33,367.28000000000003
0,2,0,-34,250,0,1,-1,-2,102,-219,0,-1,-2,-1,-162,-182,0,0,5.04,0.46,2.33,368.459
0,3,0,-35,250,0,1,-1,-2,105,-219,0,-1,-2,-1,-164,-176,0,0,5.04,0.46,2.33,369.638
0,3,0,-35,250,0,1,-1,-2,110,-217,0,-1,-2,-1,-163,-170,0,0,5.04,0.46,2.33,370.81699999999995
0,3,0,-35,250,0,1,-1,-2,111,-215,0,-1,-2,-1,-163,-168,0,0,5.04,0.46,2.33,371.9959999999999
0,2,0,-35,250,0,1,-1,-2,115,-212,0,-1,-2,0,-162,-162,0,0,5.04,0.46,2.33,373.1749999999999
0,2,0,-35,250,0,1,-1,-2,123,-211,0,-1,-2,0,-164,-161,0,0,5.04,0.46,2.33,374.35399999999987
0,2,-1,-35,250,0,1,-1,-2,130,-210,0,-1,-2,0,-168,-160,0,0,5.04,0.46,2.33,375.53299999999984
0,2,-1,-35,250,0,1,-1,-2,133,-209,0,-1,-2,0,-167,-152,0,0,5.04,0.46,2.33,376.7119999999998
0,2,-1,-34,250,0,1,-1,-1,137,-204,0,-1,-2,0,-161,-142,0,0,5.04,0.46,2.33,377.8909999999998
0,2,0,-33,250,0,1,-1,-1,140,-198,0,-1,-2,0,-157,-137,0,0,5.04,0.46,2.33,379.06999999999977
0,2,0,-32,250,0,1,-1,-1,149,-192,0,-1,-2,0,-158,-144,0,0,5.04,0.46,2.33,380.24899999999974
0,2,0,-31,250,0,1,-1,-1,142,-194,0,-1,-2,0,-158,-147,0,0,5.04,0.46,2.33,381.4279999999997
0,2,0,-29,250,0,1,-1,-1,149,-192,0,-1,-2,0,-155,-155,0,0,5.04,0.46,2.33,382.6069999999997
0,2,0,-29,250,0,1,0,-1,140,-190,0,-1,-2,0,-148,-165,0,0,5.04,0.46,2.33,383.78599999999966
0,2,0,-30,250,0,1,-1,-1,146,-195,0,-1,-2,0,-139,-166,0,0,5.04,0.46,2.33,384.96499999999963
0,2,0,-30,250,0,1,-1,-1,134,-195,0,-1,-2,0,-142,-164,0,0,5.04,0.46,2.33,386.1439999999996
0,2,0,-28,250,0,1,-1,-1,146,-191,0,-1,-2,0,-141,-156,0,0,5.04,0.46,2.33,387.3229999999996
0,2,0,-26,250,0,1,-1,-1,125,-186,0,-1,-2,0,-137,-144,0,0,5.04,0.46,2.33,388.50199999999955
0,2,0,-27,250,0,1,-1,-1,122,-180,0,-1,-2,0,-131,-137,0,0,5.04,0.46,2.33,389.68099999999953
0,2,0,-26,250,0,1,-1,-1,127,-179,0,-1,-2,0,-130,-135,0,0,5.04,0.46,2.33,390.8599999999995
0,2,0,-27,250,0,2,-1,-1,120,-171,0,-1,-2,0,-131,-136,0,0,5.03,0.46,2.36,392.0529999999995
0,2,0,-27,250,0,2,-1,-1,127,-168,0,-1,-2,0,-137,-139,0,0,5.03,0.46,2.36,393.24599999999947
0,2,0,-28,250,0,2,-1,-1,125,-164,0,-1,-2,0,-140,-142,0,0,5.03,0.46,2.36,394.43899999999945
0,2,0,-30,250,0,2,-1,-1,123,-157,0,-1,-2,0,-136,-140,0,0,5.03,0.46,2.36,395.63199999999944
0,2,0,7,24,0,3,0,0,31,63,0,-3,-1,0,102,18,0,0,5.03,0.44,2.24,396.76399999999944
0,2,0,8,22,0,3,0,0,13,70,0,-3,-1,0,98,14,0,0,5.03,0.44,2.24,397.89599999999945
0,2,0,8,19,0,3,0,0,-3,81,0,-3,0,0,91,7,0,0,5.03,0.44,2.24,399.02799999999945
0,2,0,8,17,0,3,0,0,-17,91,0,-2,-1,0,67,17,0,0,5.03,0.44,2.24,400.15999999999946
0,2,0,9,15,0,3,0,0,-30,97,0,-3,0,0,83,-3,0,0,5.03,0.44,2.24,401.29199999999946
0,2,0,9,14,0,3,0,0,-46,97,0,-2,0,0,68,7,0,0,5.03,0.44,2.24,402.42399999999947
0,2,0,9,11,0,2,0,0,-55,106,0,-2,0,0,57,16,0,0,5.03,0.44,2.24,403.5559999999995
0,2,0,10,12,0,2,0,0,-57,105,0,-2,0,0,47,19,0,0,5.03,0.44,2.24,404.6879999999995
0,2,0,9,10,0,2,0,0,-53,111,0,-2,0,0,51,23,0,0,5.03,0.44,2.24,405.8199999999995
0,2,0,8,9,0,2,0,0,-52,102,0,-2,0,0,34,32,0,0,5.04,0.46,2.35,407.0099999999995
0,2,0,9,8,0,2,0,0,-77,112,0,-2,0,0,33,54,0,0,5.04,0.46,2.35,408.1999999999995
0,2,0,7,9,0,2,0,0,-76,108,0,-1,0,0,27,74,0,0,5.04,0.46,2.35,409.3899999999995
0,2,0,8,7,0,1,0,0,-77,101,0,-1,0,0,26,80,0,0,5.04,0.46,2.35,410.5799999999995
0,2,0,8,6,0,1,0,0,-82,87,0,-1,0,0,15,83,0,0,5.04,0.46,2.35,411.76999999999947
0,2,0,9,3,0,1,0,0,-76,61,0,-1,0,0,6,91,0,0,5.04,0.46,2.35,412.95999999999947
0,2,0,10,7,0,1,0,0,-75,52,0,-1,0,0,3,90,0,0,5.04,0.46,2.35,414.14999999999947
0,2,0,10,6,0,1,0,0,-95,54,0,-1,0,0,-12,75,0,0,5.04,0.46,2.35,415.33999999999946
0,2,0,8,4,0,1,0,1,-93,27,0,-1,0,0,-9,68,0,0,5.04,0.46,2.35,416.52999999999946
0,2,0,8,2,0,1,0,0,-61,17,0,-1,0,0,-15,47,0,0,5.04,0.46,2.35,417.71999999999946
0,2,0,7,0,0,1,0,0,-63,21,0,0,0,0,-11,36,0,0,5.04,0.46,2.35,418.90999999999946
0,2,0,7,0,0,1,0,0,-80,14,0,0,0,0,-34,13,0,0,5.04,0.46,2.35,420.09999999999945
0,2,0,6,-2,0,1,0,0,-70,1,0,0,0,0,-36,29,0,0,5.04,0.46,2.35,421.28999999999945
0,2,0,8,-1,0,1,0,0,-67,-2,0,0,0,0,-25,48,0,0,5.04,0.46,2.35,422.47999999999945
0,2,0,9,-1,0,1,0,0,-68,0,0,0,1,0,-23,70,0,0,5.04,0.46,2.35,423.66999999999945
0,2,0,9,-1,0,1,0,0,-70,1,0,0,1,0,-29,82,0,0,5.04,0.46,2.35,424.85999999999945
0,2,0,9,0,0,1,0,0,-60,-3,0,0,1,0,-42,80,0,0,5.04,0.46,2.35,426.04999999999944
0,2,0,9,0,0,0,0,0,-61,-22,0,0,1,0,-43,79,0,0,5.04,0.46,2.35,427.23999999999944
0,2,0,9,0,0,1,1,0,-58,-60,0,0,1,0,-41,75,0,0,5.04,0.46,2.35,428.42999999999944
0,2,0,9,0,0,0,1,0,-58,-74,0,0,1,0,-44,73,0,0,5.04,0.46,2.35,429.61999999999944
0,2,0,7,0,0,0,1,0,-66,-114,0,0,1,0,-52,83,0,0,5.04,0.46,2.35,430.80999999999943
0,2,0,6,1,0,0,2,0,-86,-153,0,0,1,0,-74,106,0,0,5.04,0.48,2.45,432.04699999999946
0,2,0,4,2,0,1,2,-1,-140,-179,0,0,1,-1,-107,128,0,0,5.04,0.48,2.45,433.2839999999995
0,2,0,4,2,0,1,2,-1,-167,-186,0,0,1,-1,-138,138,0,0,5.04,0.48,2.45,434.5209999999995
0,2,0,3,2,0,1,2,-2,-229,-177,0,0,1,-2,-220,163,0,0,5.04,0.48,2.45,435.7579999999995
0,2,0,4,0,0,1,1,-1,-250,-106,0,0,1,-1,-250,169,0,0,5.04,0.48,2.45,436.99499999999955
0,2,0,4,0,0,1,1,-1,-250,-71,0,0,1,-1,-250,163,0,0,5.04,0.48,2.45,438.2319999999996
0,2,0,5,-1,0,5,-5,5,-56,250,0,4,0,-5,-250,250,0,0,5.04,0.48,2.45,439.4689999999996
0,2,0,4,0,0,1,-2,5,-166,-76,0,5,0,-5,58,-119,0,0,5.04,0.48,2.45,440.7059999999996
0,2,0,-8,0,0,-3,5,3,-14,85,0,-5,5,0,11,39,0,0,5.04,0.48,2.45,441.94299999999964
0,2,0,-14,2,0,-1,5,0,-26,72,0,-3,5,0,-61,37,0,0,5.04,0.48,2.45,443.17999999999967
0,2,0,-16,7,0,-1,-1,1,-42,-158,0,0,1,0,-68,62,0,0,5.04,0.48,2.45,444.4169999999997
0,2,0,-13,8,0,2,1,1,32,-119,0,1,0,0,-41,43,0,0,5.04,0.48,2.45,445.6539999999997
0,2,0,-4,14,0,0,1,1,57,-128,0,0,1,0,-31,18,0,0,5.04,0.48,2.45,446.89099999999974
0,2,0,-6,8,0,1,1,0,56,-108,0,0,1,1,-25,26,0,0,5.04,0.48,2.45,448.12799999999976
0,2,0,-7,13,0,2,1,1,10,-32,0,0,1,1,-16,13,0,0,5.04,0.48,2.45,449.3649999999998
0,2,0,-12,12,0,1,1,2,-10,9,0,0,1,1,-21,5,0,0,5.04,0.48,2.45,450.6019999999998
0,2,0,-14,11,0,1,1,1,-11,10,0,0,1,1,-23,8,0,0,5.04,0.48,2.45,451.8389999999998
0,2,0,-19,10,0,1,1,1,-16,-8,0,0,1,1,-25,22,0,0,5.04,0.48,2.45,453.07599999999985
0,2,0,-21,11,0,1,1,1,-2,-30,0,0,1,0,-28,39,0,0,5.04,0.48,2.45,454.3129999999999
0,2,0,-22,13,0,1,0,1,17,-52,0,0,1,0,-31,59,0,0,5.04,0.48,2.45,455.5499999999999
0,2,0,-23,13,0,1,0,1,24,-59,0,0,1,0,-32,65,0,0,5.04,0.48,2.45,456.7869999999999
0,2,0,-24,16,0,1,0,1,29,-64,0,0,1,0,-34,75,0,0,5.03,0.45,2.26,457.9309999999999
0,2,0,-26,16,0,1,0,1,30,-70,0,0,1,0,-37,71,0,0,5.03,0.45,2.26,459.07499999999993
0,2,0,-27,15,0,1,0,1,26,-72,0,0,1,0,-40,63,0,0,5.03,0.45,2.26,460.21899999999994
0,2,0,-27,15,0,1,0,1,26,-76,0,0,1,0,-43,58,0,0,5.03,0.45,2.26,461.36299999999994
0,2,0,-28,14,0,1,0,1,31,-96,0,0,0,0,-51,43,0,0,5.03,0.45,2.26,462.50699999999995
0,2,0,-29,14,0,1,0,0,40,-108,0,0,0,0,-61,31,0,0,5.03,0.45,2.26,463.65099999999995
0,2,0,-32,16,0,1,0,0,60,-100,0,0,0,0,-66,45,0,0,5.03,0.45,2.26,464.79499999999996
0,2,0,-37,19,0,1,-1,0,83,-88,0,0,0,0,-79,46,0,0,5.03,0.45,2.26,467.08299999999997
0,2,0,-39,22,0,1,-1,0,99,-79,0,-1,0,0,-90,37,0,0,5.03,0.45,2.26,468.227
0,2,0,-43,26,0,1,-1,0,110,-76,0,-1,0,0,-101,33,0,0,5.03,0.45,2.26,469.371
0,2,0,-43,30,0,1,-1,0,122,-84,0,0,0,0,-107,43,0,0,5.03,0.45,2.26,470.515
0,2,0,-44,32,0,1,-1,0,123,-89,0,0,0,0,-105,51,0,0,5.03,0.45,2.26,471.659
0,2,0,-47,38,0,1,-1,0,129,-107,0,-1,0,0,-110,65,0,0,5.03,0.45,2.26,472.803
0,2,0,-49,43,0,2,-2,0,138,-125,0,-1,0,0,-110,80,0,0,5.03,0.45,2.26,473.947
0,2,0,-50,45,0,2,-2,-1,142,-131,0,-2,0,0,-118,79,0,0,5.03,0.45,2.26,475.091
0,2,0,-52,51,0,2,-2,-1,149,-139,0,-2,0,0,-127,74,0,0,5.03,0.45,2.26,476.235
0,2,0,-53,56,0,2,-2,-1,150,-143,0,-2,0,0,-122,63,0,0,5.03,0.45,2.26,477.379
0,2,0,-53,60,0,2,-2,-1,148,-147,0,-2,0,1,-122,48,0,0,5.03,0.45,2.26,478.523
0,2,0,-52,61,0,2,-2,-1,146,-147,0,-2,0,1,-118,49,0,0,5.03,0.45,2.26,479.66700000000003
0,2,0,-48,60,0,2,-2,-2,136,-135,0,-2,0,1,-131,40,0,0,5.03,0.45,2.26,480.81100000000004
0,2,0,-42,57,0,3,-3,-2,124,-124,0,-2,-1,1,-138,46,0,0,5.04,0.47,2.37,482.009
0,2,0,-36,53,0,3,-3,-2,113,-120,0,-3,-1,0,-151,38,0,0,5.04,0.47,2.37,483.207
0,2,0,-33,51,0,3,-3,-2,108,-123,0,-2,-1,0,-153,37,0,0,5.04,0.47,2.37,484.405
0,2,0,-26,46,0,3,-3,-2,92,-138,0,-2,-2,1,-154,19,0,0,5.04,0.47,2.37,485.60299999999995
0,2,0,-20,40,0,3,-3,-2,79,-154,0,-3,-2,1,-144,4,0,0,5.04,0.47,2.37,486.80099999999993
0,2,0,-19,38,0,2,-3,-2,71,-161,0,-3,-2,1,-144,4,0,0,5.04,0.47,2.37,487.9989999999999
0,2,0,-14,36,0,2,-3,-2,61,-176,0,-3,-2,1,-139,-1,0,0,5.04,0.47,2.37,489.1969999999999
0,2,0,-11,34,0,2,-3,-2,37,-161,0,-2,-2,1,-140,6,0,0,5.04,0.47,2.37,490.39499999999987
0,2,0,-9,34,0,2,-3,-2,42,-169,0,-2,-2,0,-133,34,0,0,5.04,0.47,2.37,491.59299999999985
0,2,0,-7,35,0,2,-3,-2,28,-166,0,-2,-3,0,-128,42,0,0,5.04,0.47,2.37,492.7909999999998
0,2,0,-7,38,0,2,-3,-2,25,-159,0,-2,-3,0,-110,59,0,0,5.04,0.47,2.37,493.9889999999998
0,2,0,-7,45,0,2,-3,-2,20,-155,0,-2,-2,0,-86,68,0,0,5.04,0.47,2.37,495.1869999999998
0,2,0,-6,53,0,2,-3,-2,11,-146,0,-2,-3,0,-68,57,0,0,5.04,0.47,2.37,496.38499999999976
0,2,0,-5,56,0,2,-3,-2,5,-146,0,-2,-2,0,-61,54,0,0,5.04,0.47,2.37,497.58299999999974
0,2,0,-4,64,0,2,-2,-2,-7,-142,0,-2,-3,0,-33,51,0,0,5.04,0.47,2.37,498.7809999999997
0,2,0,-5,79,0,1,-2,-2,-14,-147,0,-2,-2,0,-47,35,0,0,5.04,0.47,2.37,499.9789999999997
0,2,0,-5,83,0,1,-2,-2,-16,-147,0,-2,-2,0,-46,35,0,0,5.04,0.47,2.37,501.1769999999997
0,2,0,-5,94,0,1,-2,-2,-18,-146,0,-2,-2,0,-35,49,0,0,5.04,0.47,2.37,502.37499999999966
0,2,0,-6,105,0,1,-2,-2,-15,-144,0,-2,-2,0,-46,22,0,0,5.04,0.47,2.37,503.57299999999964
0,2,0,-8,114,0,1,-2,-1,-13,-141,0,-2,-2,0,-58,-1,0,0,5.04,0.47,2.37,504.7709999999996
0,2,0,-9,123,0,1,-2,-1,-9,-142,0,-2,-1,0,-59,-18,0,0,5.04,0.47,2.37,505.9689999999996
0,2,0,-9,130,0,1,-2,-1,-5,-143,0,-2,-1,0,-65,-30,0,0,5.03,0.45,2.3,507.1299999999996
0,2,0,-10,132,0,1,-2,-1,-3,-143,0,-2,-1,0,-60,-35,0,0,5.03,0.45,2.3,508.2909999999996
0,2,0,-12,136,0,1,-2,-1,2,-145,0,-2,-1,0,-66,-42,0,0,5.03,0.45,2.3,509.4519999999996
0,2,0,-13,142,0,1,-2,-1,7,-145,0,-2,-2,0,-43,-22,0,0,5.03,0.45,2.3,510.6129999999996
0,2,0,-12,143,0,1,-2,-1,6,-145,0,-2,-1,0,-53,-48,0,0,5.03,0.45,2.3,511.7739999999996
0,2,0,-15,143,0,1,-2,-1,7,-144,0,-2,-1,0,-45,-42,0,0,5.03,0.45,2.3,512.9349999999996
0,2,0,-13,144,0,1,-2,-1,4,-131,0,-2,-2,0,-43,-58,0,0,5.03,0.45,2.3,514.0959999999995
0,3,0,-12,148,0,1,-2,-1,6,-134,0,-2,-2,0,-46,-66,0,0,5.03,0.45,2.3,515.2569999999995
0,3,0,-13,148,0,1,-2,-1,11,-141,0,-2,-2,0,-46,-70,0,0,5.03,0.45,2.3,516.4179999999994
0,3,0,-16,159,0,1,-2,-1,18,-148,0,-2,-1,0,-58,-69,0,0,5.03,0.45,2.3,517.5789999999994
0,3,0,-17,170,0,1,-1,-1,15,-145,0,-2,-1,0,-37,-66,0,0,5.03,0.45,2.3,518.7399999999993
0,2,0,-22,175,0,1,-1,-1,24,-144,0,-2,-1,0,-43,-68,0,0,5.03,0.45,2.3,519.9009999999993
0,2,0,-24,177,0,1,-1,-1,27,-147,0,-2,-1,0,-47,-75,0,0,5.03,0.45,2.3,521.0619999999992
0,2,0,-27,177,0,1,-1,-1,32,-152,0,-2,-1,0,-45,-93,0,0,5.03,0.45,2.3,522.2229999999992
0,2,0,-30,173,0,1,-1,-1,34,-156,0,-2,-1,0,-49,-108,0,0,5.03,0.45,2.3,523.3839999999991
0,2,0,-31,172,0,1,-1,-1,28,-154,0,-2,-1,0,-59,-135,0,0,5.03,0.45,2.3,524.544999999999
0,2,0,-30,172,0,1,-2,-1,37,-148,0,-2,-1,0,-63,-143,0,0,5.03,0.45,2.3,525.705999999999
0,2,0,-29,170,0,1,-2,-1,25,-141,0,-2,-1,0,-65,-167,0,0,5.03,0.45,2.3,526.8669999999989
0,2,0,-28,170,0,1,-2,-1,38,-135,0,-2,-2,0,-68,-193,0,0,5.03,0.45,2.3,528.0279999999989
0,2,0,-27,172,0,1,-2,-1,40,-132,0,-2,-2,0,-66,-223,0,0,5.03,0.45,2.3,529.1889999999988
0,2,0,-26,178,0,1,-2,-1,41,-126,0,-2,-2,0,-70,-215,0,0,5.03,0.45,2.3,530.3499999999988
0,2,0,-25,186,0,1,-2,-1,41,-122,0,-2,-2,0,-69,-215,0,0,5.03,0.46,2.32,531.5239999999988
0,2,0,-24,196,0,1,-2,-1,43,-112,0,-2,-2,0,-62,-215,0,0,5.03,0.46,2.32,532.6979999999987
0,2,0,-24,199,0,1,-2,-1,43,-109,0,-2,-2,0,-55,-215,0,0,5.03,0.46,2.32,533.8719999999987
0,2,0,-26,209,0,1,-2,-1,44,-100,0,-2,-2,0,-47,-215,0,0,5.03,0.46,2.32,535.0459999999987
0,2,0,-27,217,0,1,-2,-1,41,-93,0,-2,-2,0,-40,-212,0,0,5.03,0.46,2.32,536.2199999999987
0,2,0,-28,219,0,1,-2,-1,41,-91,0,-2,-2,0,-41,-211,0,0,5.03,0.46,2.32,537.3939999999986
0,2,0,-28,225,0,1,-2,-1,45,-96,0,-2,-2,0,-42,-211,0,0,5.03,0.46,2.32,538.5679999999986
0,2,0,-27,230,0,0,-2,-1,52,-105,0,-2,-2,0,-35,-214,0,0,5.03,0.46,2.32,539.7419999999986
0,2,0,-24,234,0,0,-2,-1,62,-117,0,-2,-2,0,-57,-227,0,0,5.03,0.46,2.32,540.9159999999986
0,2,0,-22,235,0,0,-2,-1,65,-121,0,-2,-2,0,-61,-234,0,0,5.03,0.46,2.32,542.0899999999986
0,2,0,-18,241,0,0,-1,-1,73,-132,0,-2,-2,-1,-70,-231,0,0,5.03,0.46,2.32,543.2639999999985
0,2,0,-15,250,0,0,-1,-1,80,-141,0,-2,-2,-1,-80,-233,0,0,5.03,0.46,2.32,544.4379999999985
0,2,0,-12,250,0,0,-1,-1,85,-150,0,-2,-2,-1,-95,-231,0,0,5.03,0.46,2.32,545.6119999999985
0,2,0,-10,250,0,0,-1,-1,92,-162,0,-2,-2,-1,-103,-233,0,0,5.03,0.46,2.32,546.7859999999985
0,2,0,-11,250,0,0,-1,-1,95,-167,0,-2,-2,-1,-102,-234,0,0,5.03,0.46,2.32,547.9599999999984
0,3,0,-14,250,0,0,-1,-1,103,-182,0,-2,-2,-1,-111,-238,0,0,5.03,0.46,2.32,549.1339999999984
0,3,0,-19,250,0,0,-1,-1,110,-194,0,-2,-2,-1,-118,-246,0,0,5.03,0.46,2.32,550.3079999999984
0,3,0,-29,250,0,0,-1,-1,117,-205,0,-2,-2,-1,-120,-250,0,0,5.03,0.46,2.32,551.4819999999984
-1,3,0,-33,250,0,0,-1,-1,119,-210,0,-2,-2,-1,-120,-250,0,0,5.03,0.46,2.32,552.6559999999984
-1,3,0,-37,250,0,0,-1,-1,122,-217,0,-2,-2,-1,-119,-250,0,0,5.03,0.46,2.32,553.8299999999983
-1,2,0,-44,250,0,0,-1,-1,124,-228,0,-2,-2,-2,-116,-250,0,0,5.03,0.46,2.32,555.0039999999983
0,2,0,-45,236,0,1,-1,-2,127,-228,0,-2,-2,-2,-116,-250,0,0,5.04,0.47,2.41,556.2219999999983
0,2,0,-45,229,0,1,-1,-1,124,-234,0,-2,-2,-2,-116,-250,0,0,5.04,0.47,2.41,557.4399999999982
0,2,0,-40,219,0,1,-1,-1,119,-232,0,-2,-2,-2,-120,-250,0,0,5.04,0.47,2.41,558.6579999999982
0,2,0,-31,220,0,1,-1,-1,114,-226,0,-2,-2,-1,-135,-250,0,0,5.04,0.47,2.41,559.8759999999982
0,2,0,-23,228,0,1,-1,-2,110,-216,0,-2,-2,-1,-151,-250,0,0,5.04,0.47,2.41,561.0939999999981
0,2,0,-21,231,0,1,-1,-2,111,-212,0,-2,-2,-1,-156,-250,0,0,5.04,0.47,2.41,562.3119999999981
0,2,0,-14,236,0,1,-1,-1,113,-198,0,-2,-2,-1,-158,-250,0,0,5.04,0.47,2.41,563.529999999998
0,2,0,-8,237,0,1,-1,-1,115,-186,0,-2,-2,-1,-155,-250,0,0,5.04,0.47,2.41,564.747999999998
0,2,0,-6,238,0,1,-1,-1,114,-183,0,-2,-2,-1,-150,-250,0,0,5.04,0.47,2.41,565.965999999998
0,2,0,-2,239,0,1,-1,-1,110,-179,0,-2,-2,-1,-140,-250,0,0,5.04,0.47,2.41,567.1839999999979
0,2,0,0,240,0,1,-1,-2,112,-185,0,-2,-2,-1,-124,-245,0,0,5.04,0.47,2.41,568.4019999999979
0,2,0,0,240,0,1,-1,-2,118,-193,0,-2,-2,-1,-113,-225,0,0,5.04,0.47,2.41,569.6199999999978
0,2,0,0,241,0,1,-1,-2,121,-197,0,-2,-2,-1,-109,-219,0,0,5.04,0.47,2.41,570.8379999999978
0,2,0,0,243,0,1,-1,-2,128,-206,0,-2,-2,-1,-103,-206,0,0,5.04,0.47,2.41,572.0559999999978
0,2,0,-34,125,0,3,0,0,198,-23,0,-2,-1,1,30,-42,0,0,5.04,0.47,2.37,573.2559999999978
0,2,0,-40,114,0,3,0,0,192,-8,0,-2,-1,1,39,-21,0,0,5.04,0.47,2.37,574.4559999999979
0,2,0,-43,103,0,3,0,0,186,0,0,-3,0,1,52,5,0,0,5.04,0.47,2.37,575.6559999999979
0,2,0,-44,101,0,3,0,0,191,4,0,-2,-1,1,47,16,0,0,5.04,0.47,2.37,576.855999999998
0,2,0,-41,97,0,3,0,0,185,8,0,-2,0,1,52,34,0,0,5.04,0.47,2.37,578.055999999998
0,2,0,-35,98,0,3,0,0,168,19,0,-3,0,1,40,23,0,0,5.04,0.47,2.37,579.255999999998
0,1,0,-26,100,0,3,0,0,152,41,0,-2,-1,1,42,37,0,0,5.04,0.47,2.37,580.4559999999981
0,1,0,-22,99,0,3,0,0,146,48,0,-2,0,0,55,52,0,0,5.04,0.47,2.37,581.6559999999981
0,2,0,-12,98,0,3,0,0,140,66,0,-3,0,1,39,62,0,0,5.04,0.47,2.37,582.8559999999982
0,2,0,-1,97,0,3,0,0,135,77,0,-3,0,0,50,71,0,0,5.04,0.47,2.37,584.0559999999982
0,2,0,2,96,0,3,0,0,135,80,0,-3,0,1,45,76,0,0,5.04,0.47,2.37,585.2559999999983
0,2,0,9,94,0,3,0,0,125,73,0,-3,0,0,35,78,0,0,5.04,0.47,2.37,586.4559999999983
0,2,0,12,91,0,3,0,0,112,65,0,-2,0,0,34,100,0,0,5.04,0.47,2.37,587.6559999999984
0,2,0,13,85,0,3,0,0,109,55,0,-3,0,0,39,107,0,0,5.04,0.47,2.37,588.8559999999984
0,2,0,13,82,0,2,0,0,104,53,0,-3,0,0,38,118,0,0,5.04,0.47,2.37,590.0559999999984
0,2,0,17,75,0,2,0,0,108,54,0,-3,0,0,35,129,0,0,5.04,0.47,2.37,591.2559999999985
0,2,0,16,66,0,2,0,0,89,52,0,-3,0,0,22,124,0,0,5.04,0.47,2.37,592.4559999999985
0,2,0,17,55,0,2,0,0,69,51,0,-3,0,0,14,117,0,0,5.04,0.47,2.37,593.6559999999986
0,2,0,16,52,0,2,0,0,56,50,0,-3,0,0,14,113,0,0,5.04,0.47,2.37,594.8559999999986
0,2,0,17,44,0,2,0,0,35,39,0,-3,0,0,7,104,0,0,5.04,0.47,2.37,596.0559999999987
0,2,0,18,39,0,2,0,0,24,48,0,-2,0,0,9,105,0,0,5.04,0.47,2.37,597.2539999999987
0,2,0,20,37,0,2,0,0,18,45,0,-2,0,0,0,109,0,0,5.04,0.47,2.37,598.4519999999986
0,2,0,20,35,0,3,0,-1,36,53,0,-2,0,0,-9,120,0,0,5.04,0.47,2.37,599.6499999999986
0,2,0,21,36,0,2,0,0,-2,51,0,-2,0,0,-17,129,0,0,5.04,0.47,2.37,600.8479999999986
0,2,0,23,36,0,2,1,0,-35,57,0,-2,0,0,-13,131,0,0,5.04,0.47,2.37,602.0459999999986
0,2,0,23,36,0,2,0,0,-45,59,0,-2,0,0,-32,136,0,0,5.04,0.47,2.37,603.2439999999986
0,2,0,21,33,0,2,1,0,-73,53,0,-2,0,0,-41,122,0,0,5.04,0.47,2.37,604.4419999999985
0,2,0,17,29,0,2,1,0,-75,50,0,-2,0,0,-54,105,0,0,5.04,0.47,2.37,605.6399999999985
0,2,0,13,27,0,2,1,0,-68,58,0,-1,0,0,-65,101,0,1,5.04,0.47,2.37,606.8379999999985
0,2,0,10,22,0,1,1,0,-67,53,0,-1,0,0,-65,109,0,0,5.04,0.47,2.37,608.0359999999985
0,2,0,11,26,0,2,1,0,-73,55,0,-1,0,0,-60,109,0,0,5.04,0.47,2.37,609.2339999999984
0,2,0,10,24,0,1,1,0,-80,55,0,0,0,0,-96,116,0,0,5.04,0.47,2.37,610.4319999999984
0,2,0,10,26,0,1,1,0,-86,54,0,-1,0,0,-68,73,0,0,5.04,0.47,2.37,611.6299999999984
0,2,0,11,26,0,1,1,0,-84,48,0,-2,0,0,-78,74,0,0,5.04,0.47,2.37,612.8279999999984
0,2,0,10,26,0,1,1,0,-82,46,0,0,0,0,-65,67,0,0,5.04,0.47,2.37,614.0259999999984
0,2,0,11,27,0,1,1,0,-74,45,0,0,1,0,-63,70,0,0,5.04,0.47,2.37,615.2239999999983
0,2,0,11,26,0,1,1,0,-68,50,0,0,1,1,-57,66,0,0,5.04,0.47,2.37,616.4219999999983
0,2,0,11,25,0,1,1,0,-66,50,0,0,1,1,-64,58,0,0,5.04,0.47,2.37,617.6199999999983
0,2,0,10,24,0,1,1,0,-58,47,0,0,1,1,-58,58,0,0,5.04,0.47,2.37,618.8179999999983
0,2,0,8,23,0,1,1,0,-52,38,0,0,1,1,-49,69,0,0,5.04,0.47,2.37,620.0159999999983
0,2,0,6,21,0,1,1,1,-47,35,0,0,1,1,-45,89,0,0,5.04,0.47,2.37,621.2139999999982
0,2,0,6,20,0,1,1,1,-47,33,0,0,1,1,-40,98,0,0,5.04,0.47,2.39,622.4229999999982
0,2,0,7,17,0,1,1,1,-45,25,0,0,1,1,-30,95,0,0,5.04,0.47,2.39,623.6319999999981
0,2,0,8,13,0,0,1,1,-41,12,0,0,1,1,-24,84,0,0,5.04,0.47,2.39,624.8409999999981
0,2,0,6,12,0,0,1,0,-43,-3,0,0,1,1,-15,78,0,0,5.04,0.47,2.39,626.049999999998
0,2,0,6,12,0,0,1,0,-40,-13,0,0,1,1,-13,78,0,0,5.04,0.47,2.39,627.258999999998
0,2,0,5,11,0,1,1,1,-38,-24,0,0,1,1,-6,96,0,0,5.04,0.47,2.39,628.4679999999979
0,2,0,7,10,0,1,1,1,-42,-31,0,0,2,1,-6,108,0,0,5.04,0.47,2.39,629.6769999999979
0,2,0,7,5,0,1,1,1,-46,-35,0,0,2,1,-8,107,0,0,5.04,0.47,2.39,630.8859999999978
0,2,0,9,10,0,1,1,1,-47,-37,0,0,2,1,-5,102,0,0,5.04,0.47,2.39,632.0949999999978
0,2,0,7,8,0,0,1,1,-47,-40,0,0,2,1,0,86,0,0,5.04,0.47,2.39,633.3039999999977
0,2,0,5,7,0,0,1,1,-42,-43,0,0,2,1,5,71,0,0,5.04,0.47,2.39,634.5129999999976
0,2,0,5,8,0,1,1,1,-39,-43,0,0,2,1,7,64,0,0,5.04,0.47,2.39,635.7219999999976
0,2,0,4,7,0,0,1,1,-34,-42,0,0,2,1,9,45,0,0,5.04,0.47,2.39,636.9309999999975
0,2,0,4,6,0,1,1,1,-29,-40,0,0,2,1,6,29,0,0,5.04,0.47,2.39,638.1399999999975
0,2,0,4,5,0,1,1,1,-28,-43,0,0,2,0,2,17,0,0,5.04,0.47,2.39,639.3489999999974
0,2,0,4,5,0,1,1,1,-30,-44,0,0,2,0,0,18,0,0,5.04,0.47,2.39,640.5579999999974
0,2,0,3,4,0,1,1,1,-30,-51,0,0,2,0,0,22,0,0,5.04,0.47,2.39,641.7669999999973
0,2,0,2,3,0,1,1,1,-28,-62,0,0,2,0,0,24,0,0,5.04,0.47,2.39,642.9759999999973
0,2,0,2,2,0,1,1,1,-20,-73,0,0,2,0,0,27,0,0,5.04,0.47,2.39,644.1849999999972
0,2,0,2,1,0,1,1,1,-14,-76,0,0,2,0,-2,27,0,0,5.04,0.47,2.39,645.3939999999972
0,2,0,1,0,0,0,1,1,-7,-88,0,0,2,0,-11,40,0,0,5.04,0.47,2.39,646.6029999999971
0,2,0,1,-1,0,0,2,0,-10,-115,0,0,2,0,-32,63,0,0,5.04,0.46,2.34,647.7889999999971
0,2,0,1,-3,0,0,3,0,-53,-172,0,0,2,-1,-75,92,0,0,5.04,0.46,2.34,648.9749999999972
0,2,0,0,-4,0,0,3,-1,-77,-176,0,0,2,-1,-110,88,0,0,5.04,0.46,2.34,650.1609999999972
0,2,0,0,-4,0,1,3,-2,-142,-140,0,0,2,-1,-176,100,0,0,5.04,0.46,2.34,651.3469999999973
0,2,0,1,-4,0,1,2,-2,-174,-80,0,0,2,-1,-235,120,0,0,5.04,0.46,2.34,652.5329999999973
0,2,0,2,-4,0,0,2,-2,-247,2,0,0,2,-1,-250,146,0,0,5.04,0.46,2.34,653.7189999999973
0,2,0,1,-5,0,2,0,1,-232,77,0,4,2,0,-250,250,0,0,5.04,0.46,2.34,654.9049999999974
0,2,0,2,-4,0,2,-5,4,-198,-166,0,0,-5,5,102,-250,0,0,5.04,0.46,2.34,656.0909999999974
0,2,0,-6,-5,0,0,5,0,10,0,0,-2,5,2,-111,149,0,0,5.04,0.46,2.34,657.2769999999974
0,2,0,-12,-3,0,4,5,1,40,40,0,-4,5,0,-70,-9,0,0,5.04,0.46,2.34,658.4629999999975
0,2,0,-14,-1,0,0,0,1,-14,-25,0,0,1,0,-78,75,0,0,5.04,0.46,2.34,659.6489999999975
0,2,0,-5,-2,0,0,0,1,32,-42,0,-1,0,0,-48,16,0,0,5.04,0.46,2.34,660.8349999999975
0,2,0,-2,-2,0,0,1,2,-3,-54,0,0,1,0,-26,-4,0,0,5.04,0.46,2.34,662.0209999999976
0,2,0,0,0,0,1,1,2,-24,-47,0,0,1,0,-17,0,0,0,5.04,0.46,2.34,663.2069999999976
0,2,0,-2,0,0,1,1,1,-13,-45,0,0,1,1,-18,-16,0,0,5.04,0.46,2.34,664.3929999999976
0,2,0,-6,0,0,1,1,1,-9,-43,0,0,1,0,-17,-36,0,0,5.04,0.46,2.34,665.5789999999977
0,2,0,-9,1,0,1,1,1,-10,-48,0,0,1,0,-14,-16,0,0,5.04,0.46,2.34,666.7649999999977
0,2,0,-11,1,0,1,1,1,-4,-47,0,0,1,0,-7,-4,0,0,5.04,0.46,2.34,667.9509999999977
0,2,0,-13,5,0,1,1,0,-8,-39,0,0,1,0,-1,31,0,0,5.04,0.46,2.34,669.1369999999978
0,2,0,-15,10,0,1,1,1,-4,-50,0,0,1,0,0,50,0,0,5.04,0.46,2.34,670.3229999999978
0,2,0,-15,12,0,1,0,1,2,-53,0,0,1,0,-6,51,0,0,5.04,0.46,2.34,671.5089999999979
0,2,0,-18,14,0,1,0,1,11,-58,0,0,1,0,-12,50,0,0,5.03,0.45,2.3,672.6719999999979
0,2,0,-20,16,0,1,0,1,17,-54,0,0,1,0,-21,46,0,0,5.03,0.45,2.3,673.8349999999979
0,2,0,-22,18,0,1,0,1,19,-57,0,0,1,0,-26,46,0,0,5.03,0.45,2.3,674.9979999999979
0,2,0,-23,19,0,1,0,1,16,-59,0,0,0,0,-28,47,0,0,5.03,0.45,2.3,676.1609999999979
0,2,0,-25,22,0,0,0,0,24,-73,0,0,0,0,-31,38,0,0,5.03,0.45,2.3,677.3239999999979
0,2,0,-29,27,0,0,0,1,27,-98,0,0,0,0,-40,31,0,0,5.03,0.45,2.3,678.4869999999979
0,2,0,-33,32,0,0,0,0,46,-120,0,0,0,0,-51,28,0,0,5.03,0.45,2.3,679.6499999999979
0,2,0,-34,35,0,0,0,0,50,-136,0,0,0,0,-52,28,0,0,5.03,0.45,2.3,680.8129999999979
0,2,0,-38,40,0,0,0,0,60,-170,0,0,0,0,-58,34,0,0,5.03,0.45,2.3,681.975999999998
0,2,0,-40,44,0,0,-1,0,77,-186,0,0,0,0,-68,38,0,0,5.03,0.45,2.3,683.138999999998
0,2,0,-39,45,0,0,-1,0,83,-193,0,0,0,0,-72,37,0,0,5.03,0.45,2.3,684.301999999998
0,2,0,-37,46,0,1,-1,0,101,-207,0,-1,0,0,-80,27,0,0,5.03,0.45,2.3,685.464999999998
0,2,0,-34,46,0,1,-1,0,109,-204,0,-1,0,0,-104,5,0,0,5.03,0.45,2.3,686.627999999998
0,2,0,-30,44,0,1,-2,0,116,-193,0,-1,0,0,-118,-22,0,0,5.03,0.45,2.3,687.790999999998
0,2,0,-26,44,0,2,-2,0,127,-169,0,-1,0,0,-143,-45,0,0,5.03,0.45,2.3,688.953999999998
0,2,0,-25,44,0,2,-2,-1,131,-160,0,-1,0,0,-156,-52,0,0,5.03,0.45,2.3,690.116999999998
0,2,0,-21,46,0,1,-2,-1,138,-141,0,-1,-1,0,-182,-31,0,0,5.03,0.45,2.3,691.279999999998
0,2,0,-17,48,0,1,-2,-1,136,-141,0,-2,-1,0,-215,-14,0,0,5.03,0.45,2.3,692.442999999998
0,2,0,-12,52,0,1,-3,-1,130,-153,0,-2,-2,1,-225,-13,0,0,5.03,0.45,2.3,693.6059999999981
0,2,0,-11,53,0,1,-3,-1,127,-166,0,-2,-1,1,-232,-17,0,0,5.03,0.45,2.3,694.7689999999981
0,2,0,-8,58,0,1,-3,-2,121,-194,0,-2,-1,1,-235,-17,0,0,5.03,0.45,2.3,695.9319999999981
0,2,0,-6,62,0,1,-4,-2,120,-207,0,-2,-2,1,-243,23,0,0,5.04,0.48,2.45,697.1749999999981
0,2,0,-5,66,0,2,-4,-3,123,-214,0,-2,-2,1,-243,88,0,0,5.04,0.48,2.45,698.4179999999982
0,2,0,-5,67,0,2,-4,-3,124,-224,0,-2,-2,1,-239,111,0,0,5.04,0.48,2.45,699.6609999999982
0,2,0,-6,74,0,2,-4,-3,127,-228,0,-3,-2,1,-239,140,0,0,5.04,0.48,2.45,700.9039999999983
0,2,0,-6,82,0,2,-4,-4,125,-239,0,-4,-3,1,-200,106,0,0,5.04,0.48,2.45,702.1469999999983
0,2,0,-8,92,0,2,-4,-4,122,-240,0,-4,-3,1,-174,24,0,0,5.04,0.48,2.45,703.3899999999984
0,2,0,-9,96,0,2,-4,-4,117,-226,0,-4,-3,1,-169,-14,0,0,5.04,0.48,2.45,704.6329999999984
0,2,0,-11,105,0,2,-4,-3,96,-196,0,-3,-3,1,-172,-38,0,0,5.04,0.48,2.45,705.8759999999985
0,2,0,-12,110,0,2,-4,-3,96,-184,0,-3,-3,1,-160,-7,0,0,5.04,0.48,2.45,707.1189999999986
0,2,0,-13,112,0,2,-4,-3,88,-178,0,-3,-3,1,-156,11,0,0,5.04,0.48,2.45,708.3619999999986
0,2,0,-13,116,0,2,-3,-3,70,-155,0,-3,-2,1,-145,49,0,0,5.04,0.48,2.45,709.6049999999987
0,2,0,-14,119,0,2,-3,-3,52,-137,0,-3,-2,1,-132,80,0,0,5.04,0.48,2.45,710.8479999999987
0,2,0,-15,125,0,2,-3,-3,28,-129,0,-3,-2,1,-117,103,0,0,5.04,0.48,2.45,712.0909999999988
0,2,0,-15,129,0,2,-3,-3,24,-128,0,-3,-2,1,-110,107,0,0,5.04,0.48,2.45,713.3339999999988
0,2,0,-16,132,0,2,-2,-3,14,-135,0,-3,-2,1,-70,116,0,0,5.04,0.48,2.45,714.5769999999989
0,3,0,-17,134,0,1,-2,-3,5,-144,0,-3,-2,1,-57,112,0,0,5.04,0.48,2.45,715.8199999999989
0,2,0,-17,135,0,1,-2,-2,0,-152,0,-3,-2,1,-31,72,0,0,5.04,0.48,2.45,717.062999999999
0,2,0,-17,134,0,1,-2,-2,-1,-156,0,-3,-2,1,-30,62,0,0,5.04,0.48,2.45,718.305999999999
0,2,0,-18,131,0,1,-2,-2,-10,-169,0,-3,-1,0,-13,48,0,0,5.04,0.48,2.45,719.5489999999991
0,2,0,-18,135,0,1,-1,-2,-18,-183,0,-3,-1,0,0,34,0,0,5.04,0.48,2.45,720.7919999999991
0,2,0,-21,134,0,1,-1,-2,-21,-193,0,-3,-1,0,-33,16,0,0,5.04,0.48,2.45,722.0349999999992
0,2,0,-21,134,0,0,-1,-2,-21,-216,0,-3,-1,0,-28,-10,0,0,5.03,0.43,2.19,723.1429999999991
0,2,0,-21,135,0,0,-1,-2,-30,-235,0,-2,-1,0,-33,-43,0,0,5.03,0.43,2.19,724.2509999999991
0,2,0,-21,134,0,0,-1,-2,-39,-249,0,-3,-1,0,-33,-74,0,0,5.03,0.43,2.19,725.358999999999
0,2,0,-20,134,0,0,-1,-2,-46,-250,0,-2,-1,0,-38,-82,0,0,5.03,0.43,2.19,726.466999999999
0,2,0,-18,138,0,1,-2,-2,-57,-247,0,-2,-1,0,-48,-95,0,0,5.03,0.43,2.19,727.5749999999989
0,2,0,-17,139,0,0,-1,-2,-66,-250,0,-2,-2,0,-23,-105,0,0,5.03,0.43,2.19,728.6829999999989
0,2,0,-20,142,0,0,-2,-2,-66,-250,0,-2,-2,0,-44,-118,0,0,5.03,0.43,2.19,729.7909999999988
0,2,0,-20,144,0,0,-1,-2,-65,-250,0,-2,-2,0,-49,-119,0,0,5.03,0.43,2.19,730.8989999999988
0,2,0,-22,150,0,0,-1,-2,-58,-250,0,-2,-2,0,-49,-118,0,0,5.03,0.43,2.19,732.0069999999987
0,2,0,-26,158,0,0,-1,-2,-35,-250,0,-2,-2,0,-47,-118,0,0,5.03,0.43,2.19,733.1149999999986
0,2,0,-28,167,0,0,-1,-2,-19,-250,0,-2,-1,0,-62,-148,0,0,5.03,0.43,2.19,734.2229999999986
0,2,0,-29,170,0,0,-1,-2,-14,-249,0,-2,-1,0,-63,-159,0,0,5.03,0.43,2.19,735.3309999999985
0,3,-1,-10,250,0,1,0,-2,179,-157,0,-2,-2,-1,-184,-209,0,0,5.04,0.47,2.37,736.5319999999986
0,3,-1,-13,250,0,1,0,-2,179,-150,0,-2,-2,-1,-195,-203,0,0,5.03,0.44,2.23,737.6619999999986
0,3,-1,-15,250,0,1,0,-2,177,-141,0,-2,-2,-1,-203,-204,0,0,5.03,0.44,2.23,738.7919999999986
0,3,-1,-17,250,0,1,0,-2,177,-133,0,-2,-2,-1,-211,-209,0,0,5.03,0.44,2.23,739.9219999999985
0,3,-1,-18,250,0,1,0,-2,178,-129,0,-2,-2,-1,-214,-212,0,0,5.03,0.44,2.23,741.0519999999985
0,3,-1,-21,250,0,1,0,-2,183,-122,0,-1,-2,-1,-205,-211,0,0,5.03,0.44,2.23,742.1819999999985
0,3,0,-26,250,0,1,0,-2,189,-119,0,-2,-2,-1,-179,-189,0,0,5.03,0.44,2.23,743.3119999999985
0,3,0,-28,250,0,1,0,-2,192,-119,0,-2,-2,-1,-176,-180,0,0,5.03,0.44,2.23,744.4419999999985
0,3,0,-31,250,0,1,0,-2,198,-116,0,-1,-2,-1,-209,-195,0,0,5.03,0.44,2.23,745.5719999999985
0,3,0,-34,250,0,2,0,-2,205,-115,0,-1,-2,0,-205,-192,0,0,5.03,0.44,2.23,746.7019999999985
0,2,-1,-35,250,0,2,0,-2,210,-112,0,-1,-2,0,-199,-184,0,0,5.03,0.44,2.23,747.8319999999985
0,2,-1,-35,250,0,2,0,-2,207,-104,0,-1,-2,0,-197,-188,0,0,5.03,0.44,2.23,748.9619999999985
0,2,-1,-34,250,0,2,0,-2,203,-99,0,-1,-2,0,-196,-182,0,0,5.03,0.44,2.23,750.0919999999985
0,2,-1,-31,250,0,2,0,-1,196,-91,0,-1,-2,0,-177,-168,0,0,5.03,0.44,2.23,751.2219999999985
0,2,-1,-28,250,0,2,0,-1,192,-84,0,-1,-2,0,-154,-157,0,0,5.03,0.44,2.23,752.3519999999985
0,2,0,-25,250,0,2,0,-1,191,-74,0,-1,-2,0,-150,-149,0,0,5.03,0.44,2.23,753.4819999999985
0,2,0,-25,250,0,2,0,-1,190,-69,0,-1,-2,0,-147,-146,0,0,5.03,0.44,2.23,754.6119999999985
0,2,0,-24,250,0,2,0,-1,181,-48,0,-1,-2,0,-135,-141,0,0,5.03,0.44,2.23,755.7419999999985
0,2,0,-25,250,0,2,0,-1,178,-43,0,-1,-2,0,-123,-139,0,0,5.03,0.44,2.23,756.8719999999985
0,2,0,-26,250,0,2,0,0,181,-43,0,-1,-2,0,-118,-135,0,0,5.03,0.44,2.23,758.0019999999985
0,2,0,-26,245,0,2,0,0,189,-44,0,-1,-2,0,-104,-124,0,0,5.03,0.44,2.23,759.1319999999985
0,2,0,-26,242,0,2,0,0,175,-45,0,-1,-2,0,-86,-107,0,0,5.03,0.44,2.23,760.2619999999985
0,2,0,-24,239,0,2,-1,-1,195,-43,0,-1,-2,0,-67,-98,0,0,5.04,0.47,2.38,761.4689999999985
0,2,0,-24,237,0,2,-1,-1,199,-43,0,-2,-2,0,-60,-96,0,0,5.04,0.47,2.38,762.6759999999985
0,2,0,-22,234,0,2,-1,-1,204,-42,0,-2,-2,0,-46,-90,0,0,5.04,0.47,2.38,763.8829999999984
0,2,0,-19,232,0,2,-1,-1,221,-44,0,-2,-2,0,-30,-89,0,0,5.04,0.47,2.38,765.0899999999984
0,3,0,-16,232,0,2,-1,-1,237,-46,0,-2,-2,0,-14,-82,0,0,5.04,0.47,2.38,766.2969999999984
0,3,0,-14,231,0,2,-1,-1,243,-47,0,-2,-2,0,-10,-78,0,0,5.04,0.47,2.38,767.5039999999984
0,3,0,-12,231,0,2,-1,-1,247,-45,0,-2,-2,0,-5,-67,0,0,5.04,0.47,2.38,768.7109999999984
0,3,0,-10,228,0,3,-1,-1,250,-36,0,-2,-2,0,-4,-57,0,0,5.04,0.47,2.38,769.9179999999984
0,3,0,-9,226,0,3,-1,-1,250,-29,0,-2,-2,0,-4,-55,0,0,5.04,0.47,2.38,771.1249999999984
0,3,0,-12,218,0,2,-1,-1,250,-22,0,-2,-1,0,-1,-52,0,0,5.04,0.47,2.38,772.3319999999984
0,2,0,-5,212,0,3,-1,0,250,-13,0,-2,-1,0,7,-56,0,0,5.04,0.47,2.38,773.5389999999984
0,2,0,-3,198,0,2,0,0,250,-14,0,-2,-1,0,18,-57,0,0,5.04,0.47,2.38,774.7459999999984
0,2,0,-2,193,0,3,-1,0,250,2,0,-2,-1,0,19,-57,0,0,5.04,0.47,2.38,775.9529999999984
-1,2,0,-1,177,0,2,0,0,250,8,0,-2,-1,0,23,-57,0,0,5.04,0.47,2.38,777.1599999999984
-1,2,0,2,165,0,2,0,0,250,9,0,-2,-1,0,24,-53,0,0,5.04,0.47,2.38,778.3669999999984
-1,2,0,2,159,0,2,0,0,250,10,0,-2,-1,0,25,-51,0,0,5.04,0.47,2.38,779.5739999999984
0,2,0,4,144,0,3,0,0,250,19,0,-2,-1,0,23,-47,0,0,5.04,0.47,2.38,780.7809999999984
0,2,0,3,131,0,3,0,0,250,34,0,-1,-2,0,37,15,0,0,5.04,0.47,2.38,781.9879999999984
0,2,0,1,120,0,3,0,0,232,53,0,-3,-2,0,10,-39,0,0,5.04,0.47,2.38,783.1949999999983
0,2,0,0,117,0,3,0,0,219,62,0,-3,-2,0,23,-37,0,0,5.04,0.47,2.38,784.4019999999983
0,2,0,-2,111,0,3,0,0,198,71,0,-3,-2,0,61,-22,0,0,5.04,0.47,2.38,785.6089999999983
0,2,0,-5,110,0,3,0,0,181,74,0,-3,-2,0,63,12,0,0,5.03,0.42,2.15,786.7009999999983
0,2,0,-5,108,0,2,0,0,153,82,0,-3,-1,0,57,41,0,0,5.03,0.42,2.15,787.7929999999983
0,2,0,-5,106,0,3,0,0,139,86,0,-3,-1,0,58,45,0,0,5.03,0.42,2.15,788.8849999999983
0,2,0,-4,105,0,3,0,0,116,90,0,-3,-1,0,44,63,0,0,5.03,0.42,2.15,789.9769999999983
0,2,0,-1,106,0,2,0,0,103,98,0,-4,-2,0,25,61,0,0,5.03,0.42,2.15,791.0689999999983
0,3,0,1,109,0,3,0,0,94,107,0,-3,-1,0,31,44,0,0,5.03,0.42,2.15,792.1609999999982
0,3,0,1,110,0,3,0,0,94,110,0,-3,-1,0,25,35,0,0,5.03,0.42,2.15,793.2529999999982
0,3,0,2,114,0,3,0,0,92,109,0,-3,-1,0,20,32,0,0,5.03,0.42,2.15,794.3449999999982
0,3,0,0,112,0,3,0,0,88,104,0,-3,0,0,12,45,0,0,5.03,0.42,2.15,795.4369999999982
0,2,0,-1,99,0,2,0,0,90,89,0,-3,0,0,-18,43,0,0,5.03,0.42,2.15,796.5289999999982
0,2,0,0,83,0,2,0,0,93,77,0,-3,0,0,-27,45,0,0,5.03,0.42,2.15,797.6209999999982
0,2,0,0,77,0,2,0,0,86,75,0,-3,0,0,-29,49,0,0,5.03,0.42,2.15,798.7129999999981
0,2,0,3,69,0,2,0,0,75,65,0,-3,0,0,-44,37,0,0,5.03,0.42,2.15,799.8049999999981
0,2,0,6,64,0,2,0,0,53,54,0,-3,0,0,-50,31,0,0,5.03,0.42,2.15,800.8969999999981
0,2,0,7,62,0,2,0,0,50,44,0,-3,0,0,-53,34,0,0,5.03,0.42,2.15,801.9889999999981
0,2,0,10,59,0,2,1,0,58,33,0,-3,0,0,-45,29,0,0,5.03,0.42,2.15,803.0809999999981
0,2,0,11,57,0,2,1,0,58,34,0,-3,0,0,-55,23,0,0,5.03,0.42,2.15,804.1729999999981
0,2,0,13,54,0,2,1,0,48,45,0,-2,0,0,-88,56,0,0,5.03,0.42,2.15,805.264999999998
0,2,0,13,52,0,2,1,0,41,47,0,-3,0,0,-69,53,0,0,5.03,0.42,2.15,806.356999999998
0,2,0,15,48,0,2,1,0,32,45,0,-2,0,0,-57,71,0,0,5.03,0.42,2.15,807.448999999998
0,2,0,17,43,0,2,1,0,26,33,0,-2,0,0,-38,82,0,0,5.03,0.42,2.15,808.540999999998
0,2,0,18,41,0,1,1,0,24,29,0,-2,0,0,-35,91,0,0,5.03,0.47,2.37,809.742999999998
0,2,0,19,35,0,1,1,0,8,18,0,-2,0,0,-39,87,0,0,5.03,0.47,2.37,810.944999999998
0,2,0,19,29,0,2,1,0,-4,9,0,-1,0,0,-42,87,0,0,5.03,0.47,2.37,812.146999999998
0,2,0,19,23,0,1,1,0,-14,9,0,-1,0,0,-56,94,0,0,5.03,0.47,2.37,813.348999999998
0,2,0,18,21,0,1,1,0,-17,11,0,-1,0,0,-48,94,0,0,5.03,0.47,2.37,814.550999999998
0,2,0,17,16,0,1,1,0,-28,19,0,-1,0,0,-61,90,0,0,5.03,0.47,2.37,815.752999999998
0,2,0,16,12,0,1,1,0,-38,23,0,-1,0,0,-43,86,0,0,5.03,0.47,2.37,816.954999999998
0,2,0,14,8,0,1,1,0,-49,26,0,-1,0,0,-53,75,0,0,5.03,0.47,2.37,818.156999999998
0,2,0,13,8,0,1,1,0,-55,27,0,-1,0,0,-34,59,0,0,5.03,0.47,2.37,819.358999999998
0,2,0,11,8,0,1,1,0,-63,22,0,-1,0,0,-34,40,0,0,5.03,0.47,2.37,820.560999999998
0,2,0,9,7,0,1,1,0,-75,25,0,0,0,0,-20,32,0,0,5.03,0.47,2.37,821.762999999998
0,2,0,7,7,0,1,1,0,-79,20,0,0,0,0,-20,36,0,0,5.03,0.47,2.37,822.964999999998
0,2,0,6,8,0,1,1,0,-79,15,0,0,0,0,-15,28,0,0,5.03,0.47,2.37,824.166999999998
0,2,0,8,12,0,0,1,0,-89,-10,0,0,1,0,-12,58,0,0,5.03,0.47,2.37,825.368999999998
0,2,0,6,10,0,1,1,0,-75,-16,0,0,1,0,-7,70,0,0,5.03,0.47,2.37,826.570999999998
0,2,0,5,9,0,1,1,0,-78,-29,0,0,1,0,-8,90,0,0,5.03,0.47,2.37,827.772999999998
0,2,0,6,13,0,1,1,0,-72,-39,0,0,1,0,-5,96,0,0,5.03,0.47,2.37,828.974999999998
0,2,0,6,10,0,1,1,0,-82,-40,0,0,1,0,-7,103,0,0,5.03,0.47,2.37,830.176999999998
0,2,0,3,6,0,1,1,0,-83,-38,0,0,1,1,-18,98,0,0,5.03,0.47,2.37,831.378999999998
0,2,0,4,1,0,1,1,0,-78,-23,0,0,1,1,-30,81,0,0,5.03,0.47,2.37,832.580999999998
0,2,0,5,1,0,1,1,1,-79,-16,0,0,1,1,-31,75,0,0,5.03,0.47,2.37,833.782999999998
0,2,0,4,-2,0,1,1,1,-82,1,0,0,1,1,-23,62,0,0,5.04,0.46,2.33,834.964999999998
0,2,0,4,-4,0,1,1,0,-75,3,0,0,1,1,-20,64,0,0,5.04,0.46,2.33,836.146999999998
0,2,0,2,-4,0,1,1,0,-68,-17,0,0,1,1,-10,67,0,0,5.04,0.46,2.33,837.328999999998
0,2,0,1,-5,0,0,1,0,-63,-31,0,0,1,1,-8,65,0,0,5.04,0.46,2.33,838.510999999998
0,2,0,0,-6,0,0,1,0,-55,-71,0,0,2,1,-7,54,0,0,5.04,0.46,2.33,839.692999999998
0,2,0,1,-7,0,0,1,0,-52,-97,0,0,2,1,-8,60,0,0,5.04,0.46,2.33,840.8749999999981
0,2,0,0,-8,0,1,1,0,-51,-100,0,0,2,0,-9,57,0,0,5.04,0.46,2.33,842.0569999999981
0,2,0,0,-5,0,0,1,0,-52,-99,0,0,2,0,-15,44,0,0,5.04,0.46,2.33,843.2389999999981
0,2,0,1,-6,0,0,2,0,-67,-130,0,0,2,0,-30,51,0,0,5.04,0.46,2.33,844.4209999999981
0,2,0,1,-7,0,0,2,0,-115,-182,0,0,2,-1,-72,91,0,0,5.04,0.46,2.33,845.6029999999981
0,2,0,1,-8,0,0,2,-1,-134,-187,0,0,2,-1,-102,117,0,0,5.04,0.46,2.33,846.7849999999981
0,2,0,0,-10,0,0,2,-1,-173,-156,0,0,2,-2,-180,183,0,0,5.04,0.46,2.33,847.9669999999982
0,2,0,2,-9,0,0,2,-1,-247,-2,0,0,1,-1,-250,167,0,0,5.04,0.46,2.33,850.3309999999982
0,2,0,2,-7,0,4,-5,5,38,250,0,-1,-1,5,-204,250,0,0,5.04,0.46,2.33,851.5129999999982
0,2,0,1,-8,0,-5,-2,5,-139,-250,0,5,0,-5,13,-250,0,0,5.04,0.46,2.33,852.6949999999982
0,2,0,-8,-8,0,5,5,-1,73,-36,0,3,5,0,-164,6,0,0,5.04,0.46,2.33,853.8769999999982
0,2,0,-12,-7,0,5,4,0,27,20,0,2,2,2,-89,9,0,0,5.04,0.46,2.33,855.0589999999983
0,2,0,-12,-7,0,0,-1,2,1,-42,0,1,1,1,-58,80,0,0,5.04,0.46,2.33,856.2409999999983
0,2,0,-6,-5,0,0,1,1,52,-31,0,1,1,0,-47,85,0,0,5.04,0.46,2.33,857.4229999999983
0,2,0,-1,-4,0,0,1,1,5,-25,0,0,1,0,-50,83,0,0,5.04,0.46,2.33,858.6049999999983
0,2,0,-2,-4,0,0,1,1,17,-40,0,0,1,0,-43,71,0,0,5.03,0.42,2.16,859.6989999999984
0,2,0,-5,3,0,1,0,1,39,-41,0,0,1,0,-40,45,0,0,5.03,0.42,2.16,860.7929999999984
0,2,0,-11,10,0,1,1,1,40,-40,0,0,1,0,-46,47,0,0,5.03,0.42,2.16,861.8869999999985
0,2,0,-13,12,0,1,1,1,32,-36,0,0,1,0,-46,55,0,0,5.03,0.42,2.16,862.9809999999985
0,2,0,-18,20,0,1,0,0,25,-42,0,0,1,0,-45,77,0,0,5.03,0.42,2.16,864.0749999999986
0,2,0,-23,29,0,1,0,0,34,-51,0,0,1,0,-37,81,0,0,5.03,0.42,2.16,865.1689999999986
0,2,0,-28,36,0,1,0,0,40,-69,0,0,1,0,-28,79,0,0,5.03,0.42,2.16,866.2629999999987
0,2,0,-30,39,0,1,0,0,42,-76,0,0,1,0,-27,81,0,0,5.03,0.42,2.16,867.3569999999987
0,2,0,-34,46,0,1,0,0,48,-104,0,0,1,0,-34,83,0,0,5.03,0.42,2.16,868.4509999999988
0,2,0,-38,53,0,1,0,0,44,-122,0,0,0,0,-48,81,0,0,5.03,0.42,2.16,869.5449999999988
0,2,0,-41,59,0,1,0,0,45,-131,0,0,0,0,-61,80,0,0,5.03,0.42,2.16,870.6389999999989
0,2,0,-41,62,0,1,0,0,49,-133,0,0,0,0,-62,83,0,0,5.03,0.42,2.16,871.7329999999989
0,2,0,-43,68,0,1,-1,0,69,-130,0,0,0,0,-70,88,0,0,5.03,0.42,2.16,872.826999999999
0,2,0,-43,76,0,1,-1,0,92,-114,0,-1,0,0,-74,93,0,0,5.03,0.42,2.16,873.920999999999
0,2,0,-43,82,0,1,-1,0,106,-114,0,-1,0,0,-77,88,0,0,5.03,0.42,2.16,875.0149999999991
0,2,0,-42,85,0,1,-1,0,108,-117,0,-1,0,0,-78,80,0,0,5.03,0.42,2.16,876.1089999999991
0,2,0,-41,90,0,1,-1,0,116,-122,0,-1,0,0,-82,53,0,0,5.03,0.42,2.16,877.2029999999992
0,2,0,-39,94,0,2,-2,0,118,-122,0,-1,0,0,-91,18,0,0,5.03,0.42,2.16,878.2969999999992
0,2,0,-37,94,0,2,-2,-1,124,-123,0,-1,0,0,-96,8,0,0,5.03,0.42,2.16,879.3909999999993
0,2,0,-32,95,0,2,-2,-1,133,-107,0,-2,0,1,-120,-1,0,0,5.03,0.42,2.16,880.4849999999993
0,2,0,-28,96,0,2,-2,-1,128,-101,0,-2,0,0,-138,6,0,0,5.03,0.42,2.16,881.5789999999994
0,2,0,-25,99,0,1,-3,-1,132,-108,0,-2,0,0,-152,18,0,0,5.04,0.49,2.48,882.8379999999994
0,2,0,-24,100,0,1,-3,-1,140,-118,0,-2,0,1,-157,21,0,0,5.04,0.49,2.48,884.0969999999994
0,2,0,-22,105,0,2,-3,-1,140,-151,0,-2,0,1,-175,-10,0,0,5.04,0.49,2.48,885.3559999999994
0,2,0,-18,107,0,2,-3,-1,104,-159,0,-2,-1,1,-172,-51,0,0,5.04,0.49,2.48,886.6149999999994
0,2,0,-17,108,0,2,-3,-2,103,-174,0,-3,0,1,-211,-72,0,0,5.04,0.49,2.48,887.8739999999995
0,2,0,-14,114,0,2,-3,-2,109,-206,0,-2,0,1,-189,-36,0,0,5.04,0.49,2.48,889.1329999999995
0,2,0,-12,116,0,2,-3,-2,107,-228,0,-2,-1,1,-172,1,0,0,5.04,0.49,2.48,890.3919999999995
0,2,0,-13,116,0,2,-3,-3,116,-224,0,-3,0,1,-168,-3,0,0,5.04,0.49,2.48,891.6509999999995
0,3,0,-14,115,0,2,-4,-3,117,-223,0,-3,-1,1,-183,-8,0,0,5.04,0.49,2.48,892.9099999999995
0,3,0,-16,119,0,2,-3,-3,119,-229,0,-4,-1,1,-208,-61,0,0,5.04,0.49,2.48,894.1689999999995
0,3,0,-17,123,0,2,-3,-3,122,-233,0,-4,-1,1,-226,-87,0,0,5.04,0.49,2.48,895.4279999999995
0,3,0,-17,126,0,2,-3,-4,122,-241,0,-3,-1,1,-233,-92,0,0,5.04,0.49,2.48,896.6869999999996
0,2,0,-18,134,0,2,-3,-4,129,-250,0,-3,-1,1,-245,-100,0,0,5.04,0.49,2.48,897.9459999999996
0,2,0,-19,142,0,2,-3,-4,127,-250,0,-3,-1,2,-237,-98,0,0,5.04,0.49,2.48,899.2049999999996
0,2,0,-19,146,0,2,-2,-4,123,-250,0,-3,-1,2,-223,-102,0,0,5.04,0.49,2.48,900.4639999999996
0,2,0,-18,147,0,2,-2,-4,127,-250,0,-3,-1,2,-217,-107,0,0,5.04,0.49,2.48,901.7229999999996
0,2,0,-17,189,0,1,-2,-1,70,-44,0,-2,-1,0,-160,-73,0,0,5.03,0.46,2.34,902.9099999999996
0,2,0,-13,190,0,0,-2,-1,71,-44,0,-2,-1,0,-164,-85,0,0,5.03,0.46,2.34,904.0969999999996
0,2,0,-9,192,0,0,-1,-1,84,-58,0,-2,-1,0,-164,-100,0,0,5.03,0.46,2.34,905.2839999999997
0,2,0,-6,192,0,0,-1,0,88,-65,0,-2,-2,0,-159,-117,0,0,5.03,0.46,2.34,906.4709999999997
0,2,0,-4,197,0,1,-1,-1,93,-76,0,-2,-2,0,-158,-127,0,0,5.03,0.46,2.34,907.6579999999997
0,3,0,-4,196,0,0,-1,-1,103,-92,0,-2,-2,0,-152,-137,0,0,5.03,0.46,2.34,908.8449999999997
0,3,0,-4,196,0,1,-1,-1,108,-94,0,-2,-2,0,-152,-142,0,0,5.03,0.46,2.34,910.0319999999997
0,3,0,-4,197,0,1,-1,-1,114,-93,0,-2,-2,0,-151,-144,0,0,5.03,0.46,2.34,911.2189999999997
0,2,0,-6,197,0,1,-1,-1,127,-101,0,-2,-2,0,-149,-139,0,0,5.03,0.46,2.34,912.4059999999997
0,2,0,-6,196,0,1,-1,-1,146,-107,0,-2,-2,0,-146,-134,0,0,5.03,0.46,2.34,913.5929999999997
0,2,0,-5,197,0,1,-1,-1,163,-113,0,-2,-2,0,-135,-130,0,0,5.03,0.46,2.34,914.7799999999997
0,2,0,-5,198,0,1,-1,-1,167,-118,0,-2,-2,0,-129,-135,0,0,5.03,0.46,2.34,915.9669999999998
0,2,0,-3,199,0,1,-1,-1,167,-125,0,-2,-2,0,-117,-134,0,0,5.03,0.46,2.34,917.1539999999998
0,2,0,-2,200,0,1,-1,-1,161,-126,0,-2,-1,0,-99,-123,0,0,5.03,0.46,2.34,918.3409999999998
0,2,0,-2,204,0,1,-1,-1,159,-130,0,-2,-1,0,-93,-140,0,0,5.03,0.46,2.34,919.5279999999998
0,2,0,-2,205,0,1,-1,-1,157,-131,0,-2,-2,0,-94,-144,0,0,5.03,0.46,2.34,920.7149999999998
0,3,0,-4,207,0,1,0,-1,159,-130,0,-2,-1,0,-89,-149,0,0,5.03,0.46,2.34,921.9019999999998
0,3,0,-7,207,0,2,-1,-1,161,-125,0,-2,-1,0,-85,-150,0,0,5.03,0.46,2.34,923.0889999999998
0,3,0,-9,208,0,2,-1,-1,161,-125,0,-2,-1,0,-83,-150,0,0,5.03,0.43,2.19,924.1999999999998
0,3,0,-12,206,0,1,-1,-1,163,-125,0,-2,-1,0,-55,-114,0,0,5.03,0.43,2.19,925.3109999999998
0,2,0,-15,205,0,1,-1,-1,163,-130,0,-2,-2,0,-83,-137,0,0,5.03,0.43,2.19,926.4219999999998
0,2,0,-15,204,0,1,-1,-1,163,-137,0,-2,-1,0,-80,-123,0,0,5.03,0.43,2.19,927.5329999999998
0,2,0,-14,202,0,1,0,-1,162,-142,0,-2,-1,0,-78,-129,0,0,5.03,0.43,2.19,928.6439999999998
0,2,0,-12,200,0,2,0,-1,162,-144,0,-2,-1,0,-79,-128,0,0,5.03,0.43,2.19,929.7549999999998
0,2,0,-11,199,0,2,0,-1,162,-143,0,-2,-1,0,-75,-132,0,0,5.03,0.43,2.19,930.8659999999998
0,2,0,-8,196,0,2,0,-1,157,-133,0,-2,-2,0,-70,-136,0,0,5.03,0.43,2.19,931.9769999999997
0,2,0,-4,194,0,2,-1,-1,151,-120,0,-2,-1,0,-73,-142,0,0,5.03,0.43,2.19,933.0879999999997
0,2,0,-2,193,0,2,-1,-1,143,-107,0,-1,-2,0,-67,-140,0,0,5.03,0.43,2.19,934.1989999999997
0,2,0,-2,193,0,2,-1,-1,140,-102,0,-2,-1,0,-72,-141,0,0,5.03,0.43,2.19,935.3099999999997
0,2,0,0,193,0,1,-1,-1,135,-96,0,-1,-1,0,-69,-134,0,0,5.03,0.43,2.19,936.4209999999997
0,2,0,2,192,0,1,-1,-1,129,-92,0,-1,-1,0,-63,-121,0,0,5.03,0.43,2.19,937.5319999999997
0,2,0,2,191,0,2,-1,-1,128,-92,0,-1,-2,0,-61,-121,0,0,5.03,0.43,2.19,938.6429999999997
0,2,0,5,188,0,2,-1,-1,124,-93,0,-1,-2,0,-59,-111,0,0,5.03,0.43,2.19,939.7539999999997
0,2,0,7,184,0,2,-1,-1,122,-91,0,-1,-2,0,-53,-95,0,0,5.03,0.43,2.19,940.8649999999997
0,2,0,9,179,0,2,-1,-1,118,-86,0,-1,-2,0,-43,-77,0,0,5.03,0.43,2.19,941.9759999999997
0,2,0,10,177,0,2,-1,-1,115,-84,0,-1,-1,0,-40,-71,0,0,5.03,0.43,2.19,943.0869999999996
0,2,0,12,169,0,2,0,-1,108,-80,0,-1,-1,0,-38,-61,0,0,5.03,0.43,2.19,944.1979999999996
0,2,0,12,161,0,2,-1,-1,112,-81,0,-1,-1,0,-32,-55,0,0,5.03,0.43,2.19,945.3089999999996
0,2,0,11,158,0,2,0,-1,110,-80,0,-1,-1,0,-30,-53,0,0,5.03,0.43,2.19,946.4199999999996
0,2,0,10,151,0,2,0,-1,109,-80,0,-1,-1,0,-29,-48,0,0,5.03,0.45,2.28,947.5769999999997
0,2,0,8,144,0,2,0,-1,115,-78,0,-1,-1,0,-28,-47,0,0,5.03,0.45,2.28,948.7339999999997
0,2,0,5,141,0,2,0,-1,102,-79,0,-1,-1,0,-28,-53,0,0,5.03,0.45,2.28,949.8909999999997
0,2,0,4,139,0,2,0,-1,103,-77,0,-1,-1,0,-29,-54,0,0,5.03,0.45,2.28,951.0479999999998
0,2,0,2,136,0,2,-1,-1,110,-71,0,-1,-1,0,-35,-50,0,0,5.03,0.45,2.28,952.2049999999998
0,2,0,2,133,0,2,-1,-1,101,-69,0,-1,-1,0,-26,-48,0,0,5.03,0.45,2.28,953.3619999999999
0,2,0,3,131,0,2,-1,-1,101,-61,0,-1,-1,1,-19,-42,0,0,5.03,0.45,2.28,954.5189999999999
0,2,0,3,129,0,2,-1,-1,101,-58,0,-1,-1,0,-20,-40,0,0,5.03,0.45,2.28,955.6759999999999
0,2,0,5,126,0,2,-1,-1,95,-51,0,-1,-1,1,-21,-36,0,0,5.03,0.45,2.28,956.833
0,2,0,5,122,0,2,-1,-1,91,-46,0,-1,-1,1,-14,-32,0,0,5.03,0.45,2.28,957.99
0,2,0,6,121,0,2,-1,-1,89,-43,0,-1,-1,1,-10,-29,0,0,5.03,0.45,2.28,959.147
0,2,0,6,117,0,2,-1,-1,88,-37,0,-2,-1,1,-8,-27,0,0,5.03,0.45,2.28,960.3040000000001
0,3,0,4,113,0,2,-1,-1,93,-29,0,-1,-1,1,-3,-17,0,0,5.03,0.45,2.28,961.4610000000001
0,3,0,0,112,0,2,-1,-1,95,-24,0,-1,-1,1,0,-5,0,0,5.03,0.45,2.28,962.6180000000002
0,3,0,-4,114,0,2,-1,-1,98,-23,0,-1,-1,1,1,-1,0,0,5.03,0.45,2.28,963.7750000000002
0,3,0,-13,119,0,2,-1,-1,108,-22,0,-1,-1,1,1,13,0,0,5.03,0.45,2.28,964.9320000000002
0,2,0,-17,125,0,2,-1,-1,118,-26,0,-2,-1,1,-7,35,0,0,5.03,0.45,2.28,966.0890000000003
0,2,0,-18,127,0,2,-1,-1,124,-33,0,-1,-1,1,-22,44,0,0,5.03,0.45,2.28,967.2460000000003
0,2,0,-14,123,0,3,-1,-1,120,-23,0,-2,-1,1,6,77,0,0,5.03,0.45,2.28,968.4030000000004
0,2,0,-13,123,0,2,-1,-1,118,-22,0,-2,0,1,18,73,0,0,5.03,0.45,2.28,969.5600000000004
0,2,0,-10,119,0,3,-1,-1,104,-10,0,-2,-1,0,-19,65,0,0,5.03,0.45,2.28,970.7170000000004
0,2,0,-7,114,0,3,-1,-1,96,2,0,-2,-1,1,-22,39,0,0,5.04,0.45,2.31,971.8890000000005
0,2,0,-5,107,0,3,-1,0,96,18,0,-2,0,1,-24,35,0,0,5.04,0.45,2.31,973.0610000000005
0,2,0,-4,104,0,3,-1,0,96,18,0,-2,0,1,-24,36,0,0,5.04,0.45,2.31,974.2330000000005
0,2,0,-3,97,0,3,-1,0,95,25,0,-3,0,1,-27,28,0,0,5.04,0.45,2.31,975.4050000000005
0,2,0,-3,90,0,3,0,0,91,31,0,-3,0,1,-28,11,0,0,5.04,0.45,2.31,976.5770000000006
0,2,0,-4,84,0,3,0,-1,97,37,0,-3,0,1,-30,1,0,0,5.04,0.45,2.31,977.7490000000006
0,2,0,-4,82,0,3,0,0,98,43,0,-3,0,1,-33,-1,0,0,5.04,0.45,2.31,978.9210000000006
0,2,0,-5,78,0,3,0,0,103,47,0,-3,0,1,-42,-9,0,0,5.04,0.45,2.31,980.0930000000006
0,2,0,-6,74,0,3,0,0,102,57,0,-3,0,1,-45,-20,0,0,5.04,0.45,2.31,981.2650000000007
0,2,0,-6,74,0,3,0,0,102,61,0,-3,0,1,-45,-20,0,0,5.04,0.45,2.31,982.4370000000007
0,2,0,-7,72,0,3,0,0,95,88,0,-3,0,1,-34,-14,0,0,5.04,0.45,2.31,983.6090000000007
0,2,0,-7,73,0,3,0,0,92,102,0,-3,0,1,-31,-17,0,0,5.04,0.45,2.31,984.7810000000007
0,2,0,-4,77,0,3,0,0,92,116,0,-3,0,1,-30,-22,0,0,5.04,0.45,2.31,985.9530000000008
0,2,0,-4,78,0,3,0,0,94,109,0,-3,0,1,-28,-34,0,0,5.04,0.45,2.31,987.1250000000008
0,2,0,-3,78,0,3,0,0,94,108,0,-3,0,1,-12,-34,0,0,5.04,0.45,2.31,988.2970000000008
0,2,0,-2,80,0,3,0,0,94,112,0,-3,0,1,-26,-49,0,0,5.04,0.45,2.31,989.4690000000008
0,2,0,-2,80,0,3,0,0,88,124,0,-3,0,1,-28,-50,0,0,5.04,0.45,2.31,990.6410000000009
0,3,0,-3,80,0,3,0,0,78,129,0,-2,0,1,-6,-25,0,0,5.04,0.45,2.31,991.8130000000009
0,2,0,-7,78,0,2,0,0,72,128,0,-2,0,1,7,5,0,0,5.04,0.45,2.31,992.9850000000009
0,3,0,-9,72,0,2,0,0,61,120,0,-2,0,1,8,32,0,0,5.04,0.45,2.31,994.157000000001
0,2,0,-9,72,0,2,0,0,61,116,0,-2,0,0,11,40,0,0,5.04,0.45,2.31,995.329000000001
0,2,0,-10,64,0,2,0,0,53,108,0,-2,0,0,21,52,0,0,5.03,0.43,2.16,996.4270000000009
0,2,0,-7,56,0,2,0,0,46,102,0,-2,0,1,25,48,0,0,5.03,0.43,2.16,997.5250000000009
0,2,0,-3,52,0,2,0,0,36,95,0,-2,0,1,29,55,0,0,5.03,0.43,2.16,998.6230000000008
0,2,0,-1,51,0,2,0,0,33,94,0,-2,0,1,34,61,0,0,5.03,0.43,2.16,999.7210000000008
0,2,0,3,48,0,2,0,0,15,94,0,-2,0,0,35,74,0,0,5.03,0.43,2.16,1000.8190000000008
0,2,0,7,46,0,1,0,0,2,93,0,-2,0,0,34,81,0,0,5.03,0.43,2.16,1001.9170000000007
0,2,0,9,45,0,1,0,0,-1,93,0,-1,0,0,39,80,0,0,5.03,0.43,2.16,1003.0150000000007
0,2,0,9,45,0,1,0,0,-13,97,0,-1,0,0,36,53,0,0,5.03,0.43,2.16,1004.1130000000006
0,2,0,8,43,0,1,0,0,-23,99,0,-1,0,0,37,48,0,0,5.03,0.43,2.16,1005.2110000000006
0,2,0,8,41,0,1,0,0,-22,91,0,-1,0,0,33,41,0,0,5.03,0.43,2.16,1006.3090000000005
0,2,0,8,40,0,1,0,0,-28,88,0,-1,0,0,44,50,0,0,5.03,0.43,2.16,1007.4070000000005
0,2,0,8,40,0,1,0,0,-29,85,0,-1,0,0,43,52,0,0,5.03,0.43,2.16,1008.5050000000005
0,2,0,6,39,0,1,0,0,-28,82,0,-1,0,0,36,46,0,0,5.03,0.43,2.16,1009.6030000000004
0,2,0,4,40,0,1,1,0,-27,76,0,0,0,0,39,39,0,0,5.03,0.43,2.16,1010.7010000000004
0,2,0,2,39,0,1,1,0,-30,65,0,0,0,0,34,43,0,0,5.03,0.43,2.16,1011.7990000000003
0,2,0,2,39,0,1,1,0,-28,60,0,0,1,0,40,41,0,0,5.03,0.43,2.16,1012.8970000000003
0,2,0,2,37,0,1,1,0,-24,50,0,0,1,0,35,44,0,0,5.03,0.43,2.16,1013.9950000000002
0,2,0,2,36,0,0,1,0,-25,44,0,0,1,0,32,49,0,0,5.03,0.43,2.16,1015.0930000000002
0,2,0,2,36,0,1,1,0,-23,47,0,0,1,0,32,53,0,0,5.03,0.43,2.16,1016.1910000000001
0,2,0,3,33,0,1,1,0,-18,45,0,0,1,0,24,56,0,0,5.03,0.43,2.16,1017.2890000000001
0,2,0,4,31,0,0,1,1,-18,43,0,0,1,0,26,73,0,0,5.03,0.43,2.16,1018.3870000000001
0,2,0,5,27,0,0,1,1,-11,29,0,0,1,0,15,66,0,0,5.03,0.46,2.34,1019.5770000000001
0,2,0,4,27,0,0,1,1,-10,23,0,0,1,0,17,65,0,0,5.03,0.46,2.34,1020.7670000000002
0,2,0,3,26,0,0,1,1,-11,8,0,0,1,0,15,59,0,0,5.03,0.46,2.34,1021.9570000000002
0,2,0,2,27,0,0,1,0,-11,0,0,0,1,0,14,55,0,0,5.03,0.46,2.34,1023.1470000000003
0,2,0,0,28,0,0,1,1,-10,-4,0,0,1,0,16,58,0,0,5.03,0.46,2.34,1024.3370000000002
0,2,0,0,27,0,1,1,1,-8,-1,0,0,2,0,12,60,0,0,5.03,0.46,2.34,1025.5270000000003
0,2,0,-1,27,0,0,1,1,-5,0,0,0,2,0,13,60,0,0,5.03,0.46,2.34,1026.7170000000003
0,2,0,-1,27,0,0,2,1,-9,3,0,0,2,0,15,60,0,0,5.03,0.46,2.34,1027.9070000000004
0,2,0,-2,25,0,1,1,1,14,-1,0,0,2,0,12,51,0,0,5.03,0.46,2.34,1029.0970000000004
0,2,0,-3,24,0,1,2,1,-10,6,0,0,2,0,9,52,0,0,5.03,0.46,2.34,1030.2870000000005
0,2,0,-4,25,0,0,1,1,-23,15,0,0,2,0,7,50,0,0,5.03,0.46,2.34,1031.4770000000005
0,2,0,-4,24,0,0,1,1,-12,11,0,0,2,0,6,31,0,0,5.03,0.46,2.34,1032.6670000000006
0,2,0,-5,24,0,0,2,1,-12,9,0,0,2,0,7,30,0,0,5.03,0.46,2.34,1033.8570000000007
0,2,0,-5,24,0,0,2,0,-10,3,0,0,2,0,-4,50,0,0,5.03,0.46,2.34,1035.0470000000007
0,2,0,-5,23,0,0,2,0,-12,-9,0,0,2,0,-4,81,0,0,5.03,0.46,2.34,1036.2370000000008
0,2,0,-6,21,0,0,2,1,-11,-13,0,0,2,0,-9,99,0,0,5.03,0.46,2.34,1037.4270000000008
0,2,0,-6,21,0,0,2,1,-9,-15,0,0,2,0,-11,102,0,0,5.03,0.46,2.34,1038.6170000000009
0,2,0,-5,19,0,0,2,1,-15,-19,0,0,2,0,-19,109,0,0,5.03,0.46,2.34,1039.807000000001
0,2,0,-5,17,0,0,2,0,-17,-25,0,0,2,0,-29,110,0,0,5.03,0.46,2.34,1040.997000000001
0,2,0,-5,15,0,0,2,0,-19,-34,0,0,2,0,-30,113,0,0,5.03,0.46,2.34,1042.187000000001
0,2,0,-4,17,0,0,2,0,-21,-38,0,0,2,0,-29,114,0,0,5.03,0.46,2.34,1043.377000000001
0,2,0,-5,14,0,0,2,0,-23,-51,0,0,2,0,-33,109,0,0,5.03,0.45,2.27,1044.530000000001
0,2,0,-5,14,0,1,2,0,-26,-54,0,0,2,0,-38,108,0,0,5.03,0.45,2.27,1045.6830000000011
0,2,0,-5,14,0,0,2,0,-36,-63,0,0,2,0,-45,108,0,0,5.03,0.45,2.27,1046.8360000000011
0,2,0,-5,14,0,0,2,0,-41,-67,0,0,2,0,-48,107,0,0,5.03,0.45,2.27,1047.9890000000012
0,2,0,-4,13,0,0,2,0,-55,-75,0,0,2,0,-63,96,0,0,5.03,0.45,2.27,1049.1420000000012
0,2,0,-4,12,0,0,2,0,-71,-84,0,0,2,0,-83,96,0,0,5.03,0.45,2.27,1050.2950000000012
0,2,0,-5,13,0,0,2,0,-87,-78,0,0,2,0,-111,113,0,0,5.03,0.45,2.27,1051.4480000000012
0,2,0,-5,14,0,0,2,0,-99,-72,0,0,2,-1,-125,132,0,0,5.03,0.45,2.27,1052.6010000000012
0,2,0,-5,14,0,0,2,0,-145,-78,0,0,2,-1,-182,177,0,0,5.03,0.45,2.27,1053.7540000000013
0,2,0,-5,13,0,0,2,0,-196,-107,0,0,1,0,-250,185,0,0,5.03,0.45,2.27,1054.9070000000013
0,2,0,-5,13,0,0,2,-1,-208,-119,0,0,1,0,-250,179,0,0,5.03,0.45,2.27,1056.0600000000013
0,2,0,-5,14,0,0,1,0,-247,-125,0,0,1,0,-250,158,0,0,5.03,0.45,2.27,1057.2130000000013
0,2,0,-4,15,0,5,-5,5,-64,-250,0,-5,-5,5,250,-250,0,0,5.03,0.45,2.27,1058.3660000000013
0,2,0,-9,15,0,-1,5,0,17,-70,0,0,5,-1,-148,115,0,0,5.03,0.45,2.27,1059.5190000000014
0,2,0,-13,17,0,3,5,-1,62,-144,0,1,5,0,-128,10,0,0,5.03,0.45,2.27,1060.6720000000014
0,2,0,-21,24,0,0,0,1,12,-85,0,0,1,0,-87,83,0,0,5.03,0.45,2.27,1061.8250000000014
0,2,0,-16,24,0,2,1,1,56,-41,0,0,0,0,-61,46,0,0,5.03,0.45,2.27,1062.9780000000014
0,2,0,-17,76,0,1,-2,-1,3,-122,0,-3,-1,1,-13,0,0,0,5.03,0.43,2.16,1064.0760000000014
0,2,0,-19,77,0,1,-2,-1,11,-119,0,-2,-1,1,-5,-9,0,0,5.03,0.43,2.16,1065.1740000000013
0,2,0,-21,78,0,1,-2,-1,14,-121,0,-2,-1,0,-2,-10,0,0,5.03,0.43,2.16,1066.2720000000013
0,2,0,-24,80,0,1,-2,-1,16,-117,0,-2,-1,0,-1,-23,0,0,5.03,0.43,2.16,1067.3700000000013
0,2,0,-25,81,0,1,-2,-1,18,-120,0,-2,-1,0,3,-21,0,0,5.03,0.43,2.16,1068.4680000000012
0,3,0,-31,83,0,1,-2,-1,21,-125,0,-2,-1,0,16,-25,0,0,5.03,0.43,2.16,1069.5660000000012
0,3,0,-33,91,0,1,-2,-1,25,-135,0,-2,-1,0,2,-28,0,0,5.03,0.43,2.16,1070.6640000000011
0,3,0,-37,97,0,0,-2,-1,30,-139,0,-2,-1,0,-7,-41,0,0,5.03,0.43,2.16,1071.762000000001
0,3,0,-38,99,0,0,-2,-1,31,-141,0,-2,-1,0,-12,-57,0,0,5.03,0.43,2.16,1072.860000000001
0,2,0,-41,106,0,0,-1,-1,33,-142,0,-2,-1,0,-19,-53,0,0,5.03,0.43,2.16,1073.958000000001
0,2,0,-45,114,0,0,-1,-1,34,-142,0,-2,-1,0,-33,-58,0,0,5.03,0.43,2.16,1075.056000000001
0,2,0,-47,123,0,0,-1,-1,32,-142,0,-2,-1,0,-59,-82,0,0,5.03,0.43,2.16,1076.154000000001
0,2,0,-49,126,0,0,-1,-1,32,-142,0,-2,-1,0,-63,-88,0,0,5.03,0.43,2.16,1077.2520000000009
0,2,0,-51,136,0,0,-1,-1,31,-146,0,-1,0,0,-132,-67,0,0,5.03,0.43,2.16,1078.3500000000008
0,2,0,-52,147,0,0,-1,-1,30,-152,0,-2,-1,0,-76,-116,0,0,5.03,0.43,2.16,1079.4480000000008
0,2,0,-53,152,0,0,-1,-2,31,-154,0,-2,-1,0,-96,-118,0,0,5.03,0.43,2.16,1080.5460000000007
0,2,0,-52,163,0,0,-1,-1,29,-161,0,-2,-1,0,-100,-141,0,0,5.03,0.43,2.16,1081.6440000000007
0,2,0,-52,175,0,0,-1,-1,26,-165,0,-2,-1,0,-117,-148,0,0,5.03,0.45,2.29,1082.8070000000007
0,2,0,-53,185,0,0,-2,-1,32,-171,0,-2,-1,0,-124,-162,0,0,5.03,0.45,2.29,1083.9700000000007
0,2,0,-53,189,0,0,-2,-1,33,-172,0,-2,-1,0,-128,-163,0,0,5.03,0.45,2.29,1085.1330000000007
0,2,0,-50,197,0,0,-2,-1,29,-171,0,-1,-1,0,-138,-171,0,0,5.03,0.45,2.29,1086.2960000000007
0,2,0,-45,203,0,0,-2,-1,27,-172,0,-1,-1,0,-138,-172,0,0,5.03,0.45,2.29,1087.4590000000007
0,2,0,-39,209,0,0,-2,-1,24,-170,0,-2,-1,0,-150,-185,0,0,5.03,0.45,2.29,1088.6220000000008
0,2,0,-37,212,0,0,-2,-1,23,-168,0,-2,-1,0,-152,-186,0,0,5.03,0.45,2.29,1089.7850000000008
0,2,0,-32,223,0,0,-2,-1,22,-164,0,-2,-1,0,-157,-187,0,0,5.03,0.45,2.29,1090.9480000000008
0,2,0,-27,234,0,0,-2,-1,24,-158,0,-2,-1,0,-160,-198,0,0,5.03,0.45,2.29,1092.1110000000008
0,2,0,-25,239,0,0,-2,-1,25,-157,0,-2,-1,0,-164,-203,0,0,5.03,0.45,2.29,1093.2740000000008
0,3,0,-23,248,0,0,-2,-1,35,-156,0,-2,-2,0,-171,-214,0,0,5.03,0.45,2.29,1094.4370000000008
-1,2,0,-18,245,0,0,-2,-1,47,-157,0,-2,-2,0,-171,-223,0,0,5.03,0.45,2.29,1095.6000000000008
-1,2,0,-14,235,0,0,-2,-1,58,-163,0,-2,-2,0,-175,-219,0,0,5.03,0.45,2.29,1096.7630000000008
0,2,0,-16,224,0,0,-2,-1,66,-165,0,-2,-2,0,-175,-218,0,0,5.03,0.45,2.29,1097.9260000000008
0,2,0,-24,198,0,0,-2,-1,54,-163,0,-2,-2,0,-174,-211,0,0,5.03,0.45,2.29,1099.0890000000009
0,2,0,-32,176,0,0,-1,-1,56,-175,0,-2,-2,0,-166,-207,0,0,5.03,0.45,2.29,1100.2520000000009
0,2,0,-32,177,0,0,-1,-1,56,-170,0,-2,-2,0,-159,-211,0,0,5.03,0.45,2.29,1101.4150000000009
0,2,0,-30,180,0,0,-1,-1,55,-166,0,-2,-2,0,-154,-216,0,0,5.03,0.45,2.29,1102.5780000000009
0,2,0,-26,191,0,0,-1,-1,66,-162,0,-2,-2,0,-148,-225,0,0,5.03,0.45,2.29,1103.741000000001
0,2,0,-21,204,0,0,-1,-1,83,-167,0,-2,-2,-1,-140,-228,0,0,5.03,0.45,2.29,1104.904000000001
0,2,0,-17,213,0,0,-1,-2,99,-173,0,-2,-2,-1,-129,-219,0,0,5.03,0.45,2.29,1106.067000000001
0,2,0,-15,216,0,0,-1,-2,105,-174,0,-2,-2,-1,-128,-216,0,0,5.03,0.46,2.33,1107.249000000001
0,2,0,-12,221,0,1,-1,-2,117,-171,0,-2,-2,-1,-123,-201,0,0,5.03,0.46,2.33,1108.431000000001
0,2,0,-9,226,0,1,-1,-2,124,-161,0,-3,-2,-1,-117,-188,0,0,5.03,0.46,2.33,1109.613000000001
0,2,0,-5,233,0,1,-1,-2,126,-150,0,-3,-1,-1,-113,-181,0,0,5.03,0.46,2.33,1110.795000000001
0,2,0,-4,237,0,1,-1,-2,127,-147,0,-3,-1,-1,-112,-179,0,0,5.03,0.46,2.33,1111.977000000001
0,2,0,-1,247,0,1,-1,-2,135,-142,0,-3,-1,-1,-113,-176,0,0,5.03,0.46,2.33,1113.159000000001
0,2,0,-1,250,0,1,-1,-2,139,-141,0,-3,-1,-1,-112,-167,0,0,5.03,0.46,2.33,1114.341000000001
0,2,0,0,250,0,1,-1,-2,140,-143,0,-3,-1,-1,-113,-161,0,0,5.03,0.46,2.33,1115.523000000001
0,2,0,-2,250,0,1,-1,-2,143,-145,0,-2,-1,-1,-114,-151,0,0,5.03,0.46,2.33,1116.705000000001
0,2,0,-5,250,0,1,-1,-2,146,-144,0,-3,-1,-1,-116,-143,0,0,5.03,0.46,2.33,1117.887000000001
0,2,0,-10,250,0,1,-1,-2,152,-136,0,-2,-1,-1,-115,-138,0,0,5.03,0.46,2.33,1119.069000000001
0,3,0,-12,250,0,1,-1,-2,152,-130,0,-2,-1,-1,-122,-132,0,0,5.03,0.46,2.33,1120.251000000001
0,3,0,-16,250,0,1,-1,-1,155,-116,0,-3,-1,-1,-121,-125,0,0,5.03,0.46,2.33,1121.4330000000011
0,3,0,-22,250,0,1,-1,-1,159,-106,0,-3,-1,-1,-125,-117,0,0,5.03,0.46,2.33,1122.6150000000011
0,3,0,-26,250,0,1,-1,-1,163,-95,0,-3,-1,0,-131,-110,0,0,5.03,0.46,2.33,1123.7970000000012
0,3,0,-27,250,0,1,-1,-1,167,-92,0,-3,-1,0,-131,-107,0,0,5.03,0.46,2.33,1124.9790000000012
0,3,0,-31,250,0,1,-1,-1,176,-93,0,-3,-1,0,-132,-105,0,0,5.03,0.46,2.33,1126.1610000000012
0,3,0,-33,250,0,1,-1,-1,186,-92,0,-3,-1,0,-131,-104,0,0,5.03,0.46,2.33,1127.3430000000012
0,3,0,-34,250,0,1,-1,-1,190,-90,0,-3,-1,0,-129,-102,0,0,5.03,0.46,2.33,1128.5250000000012
0,3,0,-36,250,0,2,-1,-2,204,-84,0,-3,-1,0,-127,-97,0,0,5.03,0.46,2.33,1129.7070000000012
0,3,-1,-39,250,0,2,-1,-2,227,-72,0,-3,-1,0,-128,-90,0,0,5.03,0.46,2.33,1130.8890000000013
0,3,-1,-42,250,0,1,-1,-1,223,-77,0,-2,-1,0,-125,-75,0,0,5.03,0.43,2.18,1132.0000000000014
0,3,0,-43,250,0,1,-1,-2,239,-83,0,-3,-1,0,-139,-81,0,0,5.03,0.43,2.18,1133.1110000000015
0,3,-1,-45,250,0,2,-1,-2,250,-88,0,-3,-1,0,-139,-74,0,0,5.03,0.43,2.18,1134.2220000000016
0,2,-1,-46,250,0,2,-1,-1,250,-74,0,-3,-1,0,-141,-80,0,0,5.03,0.43,2.18,1135.3330000000017
0,2,-1,-45,250,0,2,0,-1,250,-66,0,-3,-1,0,-141,-88,0,0,5.03,0.43,2.18,1136.4440000000018
0,2,-1,-44,250,0,2,0,-1,250,-65,0,-3,-1,0,-141,-86,0,0,5.03,0.43,2.18,1137.5550000000019
0,2,-1,-41,250,0,2,0,-1,250,-60,0,-3,-1,0,-141,-90,0,0,5.03,0.43,2.18,1138.666000000002
0,2,-1,-37,250,0,2,-1,0,250,-54,0,-3,-1,0,-145,-94,0,0,5.03,0.43,2.18,1139.777000000002
0,2,-1,-32,250,0,2,0,-1,250,-40,0,-3,-1,0,-141,-92,0,0,5.03,0.43,2.18,1140.8880000000022
0,2,-1,-30,250,0,2,0,-1,235,-41,0,-3,-1,0,-144,-95,0,0,5.03,0.43,2.18,1141.9990000000023
0,2,-1,-27,250,0,2,0,-1,239,-25,0,-3,-1,0,-135,-88,0,0,5.03,0.43,2.18,1143.1100000000024
0,2,-1,-26,250,0,2,0,-1,237,-9,0,-3,-1,0,-127,-89,0,0,5.03,0.43,2.18,1144.2210000000025
0,2,-1,-25,250,0,2,0,-1,243,-3,0,-3,-1,0,-118,-87,0,0,5.03,0.43,2.18,1145.3320000000026
0,2,0,-25,250,0,2,0,-1,250,1,0,-3,-1,0,-111,-82,0,0,5.03,0.43,2.18,1146.4430000000027
0,2,0,-19,250,0,2,0,0,250,9,0,-3,-1,0,-99,-69,0,0,5.03,0.43,2.18,1147.5540000000028
0,2,0,-24,250,0,2,0,0,250,21,0,-3,-1,0,-93,-55,0,0,5.03,0.43,2.18,1148.665000000003
0,2,0,-21,250,0,2,0,0,250,36,0,-3,-1,0,-84,-40,0,0,5.03,0.43,2.18,1149.776000000003
0,2,0,-20,250,0,3,0,-1,250,40,0,-3,-1,0,-82,-34,0,0,5.03,0.43,2.18,1150.8870000000031
0,2,0,-17,249,0,2,0,-1,250,51,0,-2,-1,0,-69,-22,0,0,5.03,0.43,2.18,1151.9980000000032
0,2,0,-14,242,0,3,0,-1,250,57,0,-3,-1,0,-55,-6,0,0,5.03,0.43,2.18,1153.1090000000033
0,2,0,-14,241,0,3,0,-1,250,63,0,-3,-1,0,-55,-2,0,0,5.03,0.43,2.18,1154.2200000000034
0,2,0,-13,238,0,3,0,0,250,64,0,-3,-1,0,-42,16,0,0,5.04,0.47,2.38,1155.4290000000035
0,2,0,-13,235,0,3,0,0,250,63,0,-3,-1,0,-42,29,0,0,5.04,0.47,2.38,1156.6380000000036
0,2,0,-9,229,0,3,0,0,250,68,0,-2,0,0,-41,46,0,0,5.04,0.47,2.38,1157.8470000000036
0,2,0,-7,226,0,3,0,0,250,69,0,-3,0,1,-38,53,0,0,5.04,0.47,2.38,1159.0560000000037
0,2,0,-1,218,0,3,0,0,250,74,0,-2,0,1,-44,71,0,0,5.04,0.47,2.38,1160.2650000000037
0,2,0,5,213,0,3,0,0,250,84,0,-2,0,1,-42,82,0,0,5.04,0.47,2.38,1161.4740000000038
0,2,0,9,209,0,3,0,0,250,103,0,-3,0,1,-36,83,0,0,5.04,0.47,2.38,1162.6830000000039
0,2,0,9,209,0,3,0,0,250,110,0,-3,0,1,-34,80,0,0,5.04,0.47,2.38,1163.892000000004
0,2,0,10,210,0,3,0,0,250,122,0,-2,0,1,-33,81,0,0,5.04,0.47,2.38,1165.101000000004
0,2,0,6,211,0,3,0,0,250,123,0,-2,0,1,-33,96,0,0,5.04,0.47,2.38,1166.310000000004
0,2,0,4,207,0,3,0,0,250,121,0,-2,0,1,-31,114,0,0,5.04,0.47,2.38,1167.519000000004
0,2,0,4,203,0,2,0,0,250,122,0,-2,0,1,-30,121,0,0,5.04,0.47,2.38,1168.7280000000042
0,2,0,4,194,0,2,0,0,250,134,0,-2,0,1,-28,127,0,0,5.04,0.47,2.38,1169.9370000000042
0,2,0,2,182,0,2,0,0,235,152,0,-2,0,1,-26,128,0,0,5.04,0.47,2.38,1171.1460000000043
0,2,0,1,178,0,2,0,0,228,158,0,-2,0,1,-25,129,0,0,5.04,0.47,2.38,1172.3550000000043
0,2,0,-1,167,0,2,0,0,211,165,0,-2,0,1,-21,137,0,0,5.04,0.47,2.38,1173.5640000000044
0,3,0,-5,159,0,2,0,0,200,159,0,-2,0,1,-19,152,0,0,5.04,0.47,2.38,1174.7730000000045
0,3,0,-11,153,0,2,0,0,186,154,0,-2,0,1,-19,168,0,0,5.04,0.47,2.38,1175.9820000000045
