0,2,0,2,-4,0,1,0,3,-84,-5,0,0,0,1,104,33,0,0,5.01,0.39,2.0,380.4939999999992
0,2,0,2,-4,0,1,1,3,-67,-28,0,0,0,1,114,39,0,0,5.01,0.39,2.0,380.87399999999917
0,2,0,3,-3,0,1,1,4,-93,6,0,0,0,1,118,38,0,0,5.01,0.39,2.0,381.25399999999917
0,3,0,-10,24,0,0,0,2,151,-16,0,0,2,0,-11,-44,0,0,5.03,0.5,2.52,381.73299999999915
0,3,0,-12,27,0,0,0,2,146,-12,0,0,2,0,-16,-43,0,0,5.03,0.5,2.52,382.21199999999914
0,3,0,-13,26,0,0,0,2,141,-13,0,0,2,0,-21,-39,0,0,5.03,0.5,2.52,382.6909999999991
0,2,0,-12,25,0,0,0,2,131,-14,0,0,2,0,-44,-38,0,0,5.03,0.5,2.52,383.1699999999991
0,2,0,-12,24,0,0,0,3,131,-16,0,0,2,0,-62,-35,0,0,5.04,0.53,2.7,383.6839999999991
0,2,0,-10,22,0,0,0,2,132,-17,0,0,2,0,-78,-38,0,0,5.04,0.53,2.7,384.1979999999991
0,2,0,-10,20,0,0,0,2,141,-17,0,0,2,0,-88,-44,0,0,5.04,0.53,2.7,384.71199999999914
0,2,0,-10,16,0,0,0,3,155,-9,0,0,2,0,-98,-53,0,0,5.04,0.53,2.7,385.22599999999915
0,2,0,-10,14,0,1,0,3,158,-5,0,0,2,0,-96,-55,0,0,5.04,0.53,2.7,385.73999999999916
0,2,0,-10,12,0,1,0,2,159,-1,0,0,2,0,-94,-54,0,0,5.04,0.53,2.7,386.25399999999917
0,2,0,-10,11,0,0,0,2,157,-1,0,0,2,0,-92,-49,0,0,5.04,0.53,2.7,386.7679999999992
0,2,0,-10,10,0,0,0,2,154,1,0,0,2,0,-90,-45,0,0,5.04,0.53,2.7,387.2819999999992
0,2,0,-12,10,0,0,0,2,151,7,0,0,2,1,-89,-28,0,0,5.04,0.53,2.7,387.7959999999992
0,2,0,-13,11,0,0,0,2,154,3,0,0,2,1,-90,-11,0,0,5.04,0.53,2.7,388.3099999999992
0,2,0,-13,12,0,0,0,2,159,-3,0,0,2,1,-88,7,0,0,5.04,0.53,2.7,388.8239999999992
0,2,0,1,-35,0,0,1,2,-135,13,0,0,-1,1,-37,43,0,0,5.02,0.48,2.43,389.28699999999924
0,2,0,1,-35,0,0,1,2,-136,6,0,-1,-1,1,-27,29,0,0,5.02,0.48,2.43,389.74999999999926
0,2,0,-7,8,0,0,0,2,-92,84,0,0,0,2,-142,116,0,0,5.01,0.39,1.99,7.815
0,2,0,-6,7,0,0,1,2,-104,84,0,0,0,2,-155,100,0,0,5.01,0.39,1.99,8.175
0,2,0,-2,3,0,0,0,2,-133,87,0,0,0,2,-191,100,0,0,5.01,0.39,1.99,8.535
0,2,0,0,2,0,0,0,2,-142,79,0,0,0,2,-214,99,0,0,5.01,0.39,1.99,8.895
0,2,0,1,2,0,0,0,2,-148,66,0,0,0,2,-225,95,0,0,5.01,0.39,1.99,9.254999999999999
0,2,0,0,2,0,0,0,2,-151,50,0,0,0,1,-250,83,0,0,5.01,0.39,1.99,9.614999999999998
0,2,0,1,2,0,0,0,2,-156,32,0,0,0,1,-250,80,0,0,5.01,0.39,1.99,9.974999999999998
0,2,0,0,4,0,0,0,2,-165,15,0,0,0,1,-250,53,0,0,5.01,0.39,1.99,10.334999999999997
0,2,0,0,6,0,0,0,2,-160,3,0,0,0,0,-250,54,0,0,5.01,0.39,1.99,10.694999999999997
0,2,0,0,5,0,0,0,3,-157,0,0,0,0,0,-250,48,0,0,5.01,0.39,1.99,11.054999999999996
0,3,0,-7,-28,0,1,0,2,-76,-66,0,-1,0,1,176,50,0,0,5.01,0.41,2.09,11.433999999999996
0,3,0,-6,-27,0,1,0,2,-79,-59,0,-1,1,1,163,37,0,0,5.01,0.41,2.09,11.812999999999995
0,3,0,-3,-26,0,1,0,2,-84,-56,0,-1,1,2,153,24,0,0,5.01,0.41,2.09,12.191999999999995
0,3,0,-3,-21,0,1,0,2,-98,-36,0,-1,1,2,133,-6,0,0,5.01,0.41,2.09,12.570999999999994
0,3,0,-2,-20,0,1,0,2,-104,-32,0,-1,1,2,127,-12,0,0,5.01,0.41,2.09,12.949999999999994
0,2,0,-3,-19,0,1,0,2,-111,-34,0,-1,0,2,124,-16,0,0,5.01,0.41,2.09,13.328999999999994
0,2,0,-3,-17,0,1,0,2,-115,-35,0,-1,1,2,122,-22,0,0,5.01,0.41,2.09,13.707999999999993
0,2,0,-4,-14,0,1,0,2,-111,-29,0,-1,0,2,122,-42,0,0,5.01,0.41,2.09,14.086999999999993
0,2,0,-2,-9,0,1,0,2,-120,-49,0,-1,1,3,136,-13,0,0,5.01,0.41,2.09,14.465999999999992
0,2,0,0,-8,0,1,0,2,-123,-41,0,0,0,2,138,5,0,0,5.01,0.41,2.09,14.844999999999992
0,2,0,-4,-2,0,1,0,1,-126,-23,0,0,0,2,129,25,0,0,5.01,0.41,2.09,15.223999999999991
0,2,0,1,-13,0,1,0,1,-120,-6,0,-1,2,1,112,-6,0,0,5.01,0.41,2.09,15.60299999999999
0,2,0,6,-10,0,0,0,1,-109,1,0,-1,1,2,66,-69,0,0,5.01,0.41,2.09,15.98199999999999
0,2,0,3,-5,0,0,0,1,-94,7,0,-1,1,2,45,-75,0,0,5.01,0.41,2.09,16.36099999999999
0,2,0,2,-4,0,0,0,1,-91,0,0,-1,1,2,36,-81,0,0,5.01,0.41,2.09,16.73999999999999
-1,3,0,-15,19,0,0,1,2,10,21,0,0,1,2,-95,99,0,0,5.01,0.39,1.98,17.09899999999999
-1,3,0,-17,19,0,1,1,2,0,33,0,0,1,1,-118,87,0,0,5.01,0.39,1.98,17.45799999999999
-1,3,0,-14,18,0,0,1,2,-25,12,0,0,1,1,-115,77,0,0,5.01,0.39,1.98,17.816999999999993
-1,3,0,-13,13,0,0,1,2,-31,31,0,0,1,1,-116,45,0,0,5.01,0.39,1.98,18.175999999999995
0,2,0,-9,17,0,0,1,2,-50,33,0,-1,1,0,-153,-14,0,0,5.01,0.39,1.98,18.534999999999997
0,2,0,-6,18,0,0,0,3,-35,54,0,-1,1,0,-171,-30,0,0,5.01,0.39,1.98,18.894
0,2,0,-5,18,0,0,0,2,-30,52,0,-1,1,0,-180,-35,0,0,5.01,0.39,1.98,19.253
0,2,0,-3,19,0,0,0,2,-32,44,0,0,0,0,-189,-46,0,0,5.01,0.39,1.98,19.612000000000002
0,2,0,0,21,0,0,0,2,-31,28,0,0,0,1,-232,-12,0,0,5.01,0.39,1.98,19.971000000000004
0,2,0,1,23,0,0,0,3,-23,17,0,0,0,1,-250,-11,0,0,5.01,0.39,1.98,20.330000000000005
0,2,0,0,22,0,0,1,2,-30,16,0,0,0,1,-250,-22,0,0,5.01,0.39,1.98,20.689000000000007
0,2,0,2,20,0,0,0,2,-40,12,0,0,0,1,-250,-33,0,0,5.01,0.39,1.98,21.04800000000001
0,2,0,1,18,0,0,0,3,-61,13,0,0,0,1,-250,-63,0,0,5.01,0.39,1.98,21.40700000000001
0,2,0,-1,20,0,0,0,3,-71,8,0,0,0,1,-250,-70,0,0,5.01,0.39,1.96,21.763000000000012
0,2,0,0,19,0,0,0,3,-79,6,0,0,0,1,-250,-81,0,0,5.01,0.39,1.96,22.119000000000014
0,2,0,-18,-38,0,1,0,2,-73,-59,0,-1,1,2,184,18,0,0,5.01,0.4,2.03,22.487000000000013
0,3,0,-18,-36,0,2,0,2,-70,-45,0,-1,1,2,184,24,0,0,5.01,0.4,2.03,22.85500000000001
0,3,0,-17,-33,0,2,0,2,-68,-32,0,-1,0,2,186,34,0,0,5.01,0.4,2.03,23.22300000000001
0,3,0,-19,-31,0,2,0,2,-71,-25,0,-1,0,2,188,39,0,0,5.01,0.4,2.03,23.591000000000008
0,3,0,-18,-24,0,2,0,2,-66,-12,0,-2,1,2,193,65,0,0,5.01,0.4,2.03,23.959000000000007
0,3,0,-18,-22,0,2,0,2,-60,-4,0,-2,0,2,186,67,0,0,5.01,0.4,2.03,24.327000000000005
0,2,0,-18,-20,0,2,0,2,-59,8,0,-2,1,2,192,35,0,0,5.01,0.4,2.03,24.695000000000004
0,2,0,-15,-18,0,2,0,2,-60,28,0,-3,1,2,185,62,0,0,5.01,0.4,2.03,25.063000000000002
0,2,0,-10,-14,0,2,0,2,-46,40,0,-3,0,2,172,-11,0,0,5.01,0.4,2.03,25.431
0,2,0,-8,-12,0,2,0,1,-43,37,0,-2,2,3,168,-31,0,0,5.01,0.4,2.03,25.799
0,2,0,-6,-6,0,2,0,2,-33,34,0,-1,2,2,159,-37,0,0,5.01,0.4,2.03,26.166999999999998
0,2,0,-5,-1,0,2,0,1,-32,27,0,1,4,3,29,250,0,0,5.01,0.4,2.02,26.532999999999998
0,2,0,-5,1,0,2,0,2,-24,21,0,-3,1,4,202,-128,0,0,5.01,0.4,2.02,26.898999999999997
0,2,0,-3,0,0,1,0,2,-12,0,0,-1,2,2,119,28,0,0,5.01,0.4,2.02,27.264999999999997
0,2,0,7,3,0,0,1,2,0,36,0,0,1,2,-147,85,0,0,5.02,0.42,2.13,27.651999999999997
0,2,0,7,1,0,0,1,2,-12,27,0,0,1,2,-151,68,0,0,5.02,0.42,2.13,28.038999999999998
0,2,0,6,0,0,0,1,2,-17,26,0,0,1,2,-152,63,0,0,5.02,0.42,2.13,28.426
0,2,0,5,0,0,0,1,2,-24,25,0,0,1,2,-155,55,0,0,5.02,0.42,2.13,28.813
0,2,0,4,-3,0,0,0,2,-36,7,0,0,1,2,-156,44,0,0,5.02,0.42,2.13,29.2
0,2,0,3,-4,0,0,0,2,-46,10,0,0,1,2,-150,48,0,0,5.02,0.42,2.13,29.587
0,2,0,2,-3,0,0,0,2,-54,2,0,0,1,1,-148,45,0,0,5.02,0.42,2.13,29.974
0,2,0,1,-1,0,0,0,2,-62,1,0,0,1,2,-151,52,0,0,5.02,0.42,2.13,30.361
0,2,0,1,0,0,0,0,2,-71,2,0,0,1,1,-155,48,0,0,5.02,0.42,2.13,30.748
0,2,0,2,2,0,0,0,2,-88,6,0,0,1,2,-165,45,0,0,5.02,0.42,2.13,31.135
0,2,0,2,3,0,0,0,2,-92,10,0,0,1,2,-165,36,0,0,5.01,0.42,2.15,31.525000000000002
0,2,0,1,3,0,0,0,2,-97,16,0,0,0,2,-172,35,0,0,5.01,0.42,2.15,31.915000000000003
0,2,0,0,4,0,0,0,2,-106,22,0,0,1,2,-169,21,0,0,5.01,0.42,2.15,32.305
0,2,0,0,2,0,0,0,2,-111,25,0,0,1,2,-172,24,0,0,5.01,0.42,2.15,32.695
0,2,0,0,-2,0,0,0,2,-120,16,0,0,1,1,-192,20,0,0,5.01,0.42,2.15,33.085
0,2,0,5,-2,0,1,0,2,-49,-42,0,0,0,2,227,43,0,0,5.01,0.41,2.08,33.462
0,2,0,4,-3,0,2,0,1,-67,24,0,-1,0,2,218,45,0,0,5.01,0.41,2.08,33.839000000000006
0,2,0,4,-3,0,2,0,1,-70,47,0,-1,0,2,216,57,0,0,5.01,0.41,2.08,34.21600000000001
0,2,0,3,-2,0,2,0,1,-73,57,0,-1,1,2,213,44,0,0,5.01,0.41,2.08,34.59300000000001
0,2,0,3,-3,0,1,0,1,-75,66,0,-1,1,2,214,27,0,0,5.01,0.41,2.08,34.97000000000001
0,2,0,2,-3,0,1,0,1,-76,68,0,0,1,2,215,-8,0,0,5.01,0.41,2.08,35.347000000000016
0,2,0,2,-3,0,0,0,1,-75,62,0,0,2,2,172,49,0,0,5.01,0.41,2.08,35.72400000000002
0,2,0,1,-3,0,1,0,1,-73,48,0,-2,0,3,175,-32,0,0,5.01,0.41,2.08,36.10100000000002
0,2,0,1,-3,0,0,0,1,-72,42,0,0,1,2,137,8,0,0,5.01,0.42,2.14,36.49000000000002
0,2,0,-1,-2,0,0,0,2,-70,38,0,0,1,2,139,2,0,0,5.01,0.42,2.14,36.879000000000026
0,2,0,-1,-2,0,1,0,2,-67,43,0,0,1,2,140,-5,0,0,5.01,0.42,2.14,37.26800000000003
0,2,0,-1,-1,0,1,0,1,-65,53,0,-1,1,2,134,0,0,0,5.01,0.42,2.14,37.65700000000003
0,2,0,-2,0,0,0,0,1,-62,65,0,-1,1,2,135,-5,0,0,5.01,0.42,2.14,38.046000000000035
0,2,0,-4,4,0,1,0,1,-57,73,0,-1,1,2,130,-13,0,0,5.01,0.42,2.14,38.43500000000004
0,2,0,-3,6,0,0,0,1,-41,86,0,-1,1,2,74,-100,0,0,5.01,0.42,2.14,38.82400000000004
0,2,0,1,2,0,0,0,2,18,-32,0,0,1,2,-183,84,0,0,5.01,0.4,2.04,39.19500000000004
0,2,0,0,5,0,0,0,2,-4,5,0,0,1,2,-175,87,0,0,5.01,0.4,2.04,39.566000000000045
0,2,0,0,5,0,0,0,2,-13,22,0,0,1,2,-177,81,0,0,5.01,0.4,2.04,39.93700000000005
0,2,0,0,6,0,0,0,2,-21,37,0,0,1,1,-179,75,0,0,5.01,0.4,2.04,40.30800000000005
0,2,0,1,6,0,0,0,2,-27,47,0,0,1,1,-179,74,0,0,5.01,0.4,2.04,40.67900000000005
0,2,0,3,2,0,0,0,2,-48,62,0,0,0,1,-183,132,0,0,5.01,0.4,2.04,41.050000000000054
0,2,0,5,2,0,0,1,2,-58,71,0,0,0,1,-186,151,0,0,5.01,0.4,2.02,41.416000000000054
0,2,0,5,2,0,0,1,2,-61,60,0,0,0,1,-192,153,0,0,5.01,0.4,2.02,41.78200000000005
0,2,0,6,1,0,0,1,2,-65,45,0,0,0,1,-200,145,0,0,5.01,0.4,2.02,42.14800000000005
0,2,0,8,0,0,0,1,2,-79,33,0,0,0,1,-192,80,0,0,5.01,0.4,2.02,42.51400000000005
0,2,0,10,-1,0,0,1,2,-86,33,0,0,0,1,-197,65,0,0,5.01,0.4,2.02,42.88000000000005
0,2,0,11,-2,0,0,1,2,-98,47,0,0,0,1,-200,39,0,0,5.01,0.4,2.02,43.24600000000005
0,2,0,13,-3,0,1,1,2,-106,54,0,0,0,1,-202,22,0,0,5.01,0.4,2.02,43.61200000000005
0,2,0,13,-5,0,0,1,2,-107,34,0,0,0,0,-206,6,0,0,5.01,0.4,2.02,43.97800000000005
0,2,0,13,-9,0,0,0,3,-117,1,0,0,0,0,-197,-29,0,0,5.01,0.4,2.02,44.34400000000005
0,2,0,1,6,0,0,-1,1,63,-11,0,-1,1,3,232,87,0,1,5.01,0.39,1.97,44.70300000000005
0,2,0,4,5,0,1,-1,1,85,-3,0,-1,1,3,223,67,0,1,5.01,0.39,1.97,45.062000000000054
0,2,0,5,6,0,1,-1,1,93,8,0,-1,0,2,214,67,0,1,5.01,0.39,1.97,45.421000000000056
0,2,0,4,9,0,1,-1,1,99,22,0,-2,2,3,176,27,0,1,5.01,0.39,1.97,45.78000000000006
0,2,0,4,12,0,1,-1,1,110,40,0,0,0,3,238,51,0,1,5.01,0.39,1.98,46.14000000000006
0,2,0,4,6,0,1,-1,1,132,77,0,-1,1,2,225,66,0,1,5.01,0.39,1.98,46.50000000000006
0,2,0,15,5,0,0,0,1,139,86,0,-1,2,2,199,27,0,1,5.01,0.39,1.98,46.860000000000056
0,2,0,10,18,0,0,0,1,144,89,0,-1,1,2,185,14,0,1,5.01,0.39,1.98,47.220000000000056
0,2,0,4,27,0,0,0,1,153,93,0,0,1,2,166,11,0,1,5.01,0.39,1.98,47.580000000000055
0,2,0,4,28,0,0,0,1,160,93,0,0,1,2,152,13,0,1,5.01,0.39,1.98,47.940000000000055
0,2,0,10,24,0,0,0,1,170,93,0,0,1,2,123,11,0,0,5.01,0.39,1.98,48.300000000000054
0,2,0,10,22,0,0,0,1,173,96,0,0,1,2,126,9,0,0,5.01,0.39,1.98,48.66000000000005
0,2,0,11,23,0,0,0,1,174,99,0,0,1,2,123,6,0,0,5.01,0.39,1.98,49.02000000000005
0,2,0,12,22,0,0,0,1,174,102,0,0,1,2,112,0,0,0,5.01,0.39,1.98,49.38000000000005
0,2,0,9,32,0,0,0,2,175,107,0,0,1,2,96,-12,0,0,5.01,0.39,1.98,49.74000000000005
0,2,0,9,-6,0,0,0,2,-118,-6,0,0,0,1,-225,-45,0,0,5.01,0.41,2.09,50.12100000000005
0,2,0,10,-9,0,0,0,2,-118,-28,0,0,0,1,-219,-41,0,0,5.01,0.41,2.09,50.50200000000005
0,2,0,13,-11,0,0,0,2,-119,-29,0,0,0,1,-210,-48,0,0,5.01,0.39,1.98,50.86300000000005
0,2,0,13,-11,0,0,0,2,-123,-27,0,0,0,1,-200,-55,0,0,5.01,0.39,1.98,51.224000000000046
0,2,0,14,-12,0,0,0,2,-127,-24,0,0,0,1,-191,-56,0,0,5.01,0.39,1.98,51.58500000000004
0,2,0,15,-12,0,0,0,2,-132,-21,0,0,0,1,-184,-55,0,0,5.01,0.39,1.98,51.94600000000004
0,2,0,18,-13,0,0,0,3,-143,-8,0,0,0,1,-173,-31,0,0,5.01,0.39,1.98,52.30700000000004
0,2,0,19,-14,0,0,0,3,-146,-5,0,0,0,1,-167,-26,0,0,5.01,0.39,1.98,52.668000000000035
0,2,0,18,-13,0,0,0,3,-148,-4,0,0,0,1,-164,-20,0,0,5.01,0.39,1.98,53.02900000000003
0,2,0,18,-13,0,0,0,3,-149,-4,0,0,0,1,-158,-13,0,0,5.01,0.39,1.98,53.39000000000003
0,2,0,17,-16,0,0,0,3,-154,-7,0,0,0,1,-145,-8,0,0,5.01,0.39,1.98,53.751000000000026
0,2,0,16,-17,0,0,0,2,-158,-9,0,0,0,1,-143,-6,0,0,5.01,0.39,1.98,54.11200000000002
0,2,0,16,-19,0,0,0,3,-160,-10,0,0,0,1,-144,-9,0,0,5.01,0.39,1.98,54.47300000000002
0,2,0,13,-21,0,0,0,2,-158,-8,0,0,0,1,-144,-9,0,0,5.01,0.39,1.98,54.83400000000002
0,3,0,12,-23,0,0,0,2,-160,-8,0,0,0,1,-147,-24,0,0,5.01,0.39,1.98,55.195000000000014
0,2,0,4,20,0,1,-1,1,2,-9,0,0,0,3,154,89,0,0,5.01,0.4,2.01,55.56000000000002
0,2,0,11,6,0,1,-1,1,14,2,0,0,2,2,148,58,0,0,5.01,0.4,2.01,55.92500000000002
0,3,0,3,27,0,1,-1,1,40,35,0,-1,0,3,133,-43,0,0,5.01,0.4,2.01,56.29000000000002
0,2,0,1,30,0,0,-1,1,51,42,0,0,1,3,118,-50,0,0,5.01,0.4,2.01,56.65500000000002
0,3,0,1,32,0,0,-1,2,64,48,0,0,1,3,114,-48,0,0,5.01,0.4,2.01,57.020000000000024
0,3,0,0,34,0,0,-1,2,77,51,0,-1,1,3,116,-53,0,0,5.01,0.4,2.01,57.385000000000026
0,3,0,-3,34,0,0,-1,2,105,50,0,0,1,3,115,-39,0,0,5.01,0.4,2.01,57.75000000000003
0,3,0,-5,34,0,0,-1,2,114,48,0,0,1,3,118,-36,0,0,5.01,0.4,2.01,58.11500000000003
0,3,0,-9,34,0,0,-1,2,123,48,0,0,1,3,115,-31,0,0,5.01,0.4,2.01,58.48000000000003
0,2,0,-13,36,0,0,-1,2,130,49,0,0,1,3,113,-28,0,0,5.01,0.4,2.01,58.845000000000034
0,2,0,-12,34,0,0,-1,2,137,53,0,0,1,3,110,-24,0,0,5.01,0.4,2.01,59.210000000000036
0,2,0,-13,31,0,0,-1,2,155,65,0,0,1,2,94,-14,0,0,5.01,0.4,2.01,59.57500000000004
0,2,0,-15,33,0,0,-1,2,160,71,0,0,1,2,86,-10,0,0,5.01,0.4,2.01,59.94000000000004
0,2,0,-16,35,0,0,-1,2,164,76,0,0,1,2,79,-8,0,0,5.01,0.4,2.01,60.30500000000004
0,2,0,-20,37,0,0,0,2,168,78,0,0,1,2,70,-4,0,0,5.01,0.4,2.01,60.670000000000044
0,3,0,14,-34,0,0,1,2,-98,26,0,0,0,1,-237,-21,0,0,5.01,0.39,1.99,61.033000000000044
0,3,0,12,-35,0,0,1,2,-102,22,0,0,0,1,-239,-24,0,0,5.01,0.39,1.99,61.39600000000004
0,3,0,6,-39,0,0,1,2,-116,2,0,0,0,1,-250,-30,0,0,5.01,0.39,1.99,61.75900000000004
0,3,0,4,-39,0,0,0,2,-121,-1,0,0,0,1,-250,-34,0,0,5.01,0.39,1.99,62.12200000000004
0,3,0,1,-37,0,0,0,2,-127,-3,0,0,0,1,-250,-35,0,0,5.01,0.39,1.99,62.48500000000004
0,2,0,0,-40,0,0,0,2,-133,-4,0,0,0,1,-247,-33,0,0,5.01,0.39,1.99,62.84800000000004
0,2,0,-2,-40,0,0,0,3,-139,-3,0,0,0,1,-248,-27,0,0,5.01,0.39,1.99,63.21100000000004
0,2,0,-8,-43,0,0,0,3,-151,8,0,0,0,1,-245,-14,0,0,5.01,0.39,1.99,63.57400000000004
0,2,0,-9,-44,0,0,0,3,-155,10,0,0,0,1,-242,-12,0,0,5.01,0.39,1.99,63.93700000000004
0,2,0,-9,-45,0,0,0,3,-159,14,0,0,0,1,-237,-6,0,0,5.01,0.39,1.99,64.30000000000004
0,2,0,-12,-44,0,0,0,3,-162,18,0,0,0,1,-225,-3,0,0,5.01,0.39,1.99,64.66300000000004
0,2,0,-16,-34,0,0,0,3,-167,16,0,0,0,1,-189,-2,0,0,5.01,0.39,1.99,65.02600000000004
0,2,0,-18,-29,0,0,0,3,-167,12,0,0,0,1,-176,-5,0,0,5.01,0.39,1.99,65.38900000000004
0,2,0,-18,-26,0,0,0,3,-168,8,0,0,0,1,-162,-12,0,0,5.01,0.39,1.99,65.75200000000004
0,2,0,-18,-23,0,0,0,3,-169,5,0,0,0,1,-148,-16,0,0,5.01,0.39,1.99,66.11500000000004
0,2,0,-30,25,0,1,0,1,-28,1,0,0,1,2,151,86,0,0,5.01,0.41,2.08,66.49400000000004
0,2,0,-26,34,0,1,0,1,-18,4,0,-1,3,1,141,46,0,0,5.01,0.41,2.08,66.87300000000005
0,2,0,-35,47,0,1,0,1,9,15,0,-1,1,2,113,-16,0,0,5.01,0.41,2.08,67.25200000000005
0,2,0,-33,49,0,1,0,1,22,21,0,-1,1,2,105,-23,0,0,5.01,0.41,2.08,67.63100000000006
0,2,0,-33,47,0,1,0,1,37,28,0,-1,1,2,105,-35,0,0,5.01,0.41,2.08,68.01000000000006
0,2,0,-32,44,0,1,0,1,48,37,0,-1,1,2,93,-47,0,0,5.01,0.41,2.08,68.38900000000007
0,2,0,-35,40,0,1,0,1,56,44,0,-1,1,3,100,-47,0,0,5.01,0.41,2.08,68.76800000000007
0,2,0,-37,33,0,1,0,1,75,57,0,-1,1,3,124,-18,0,0,5.01,0.41,2.08,69.14700000000008
0,2,0,-36,29,0,1,0,1,83,62,0,-1,1,2,123,-12,0,0,5.01,0.41,2.08,69.52600000000008
0,2,0,-35,29,0,0,0,2,91,61,0,-1,1,2,130,-9,0,0,5.01,0.41,2.08,69.90500000000009
0,2,0,-35,28,0,0,-1,2,101,59,0,-1,1,2,135,-11,0,0,5.01,0.41,2.08,70.28400000000009
0,2,0,-31,29,0,0,-1,2,111,55,0,-1,1,2,138,-9,0,0,5.01,0.41,2.08,70.6630000000001
0,2,0,-28,32,0,0,0,2,130,49,0,-1,1,2,127,-4,0,0,5.01,0.41,2.08,71.0420000000001
0,2,0,-28,36,0,0,0,2,138,49,0,-1,2,2,121,-2,0,0,5.01,0.41,2.08,71.4210000000001
0,2,0,-9,-8,0,0,1,2,-81,30,0,0,0,1,-250,12,0,0,5.01,0.39,1.97,71.7810000000001
0,2,0,-8,-9,0,0,0,2,-84,22,0,0,0,1,-250,22,0,0,5.01,0.39,1.97,72.1410000000001
0,2,0,-8,-8,0,0,1,2,-84,10,0,0,0,1,-250,24,0,0,5.01,0.39,1.97,72.5010000000001
0,2,0,-4,-4,0,0,1,2,-93,-7,0,0,0,1,-250,47,0,0,5.01,0.39,1.97,72.8610000000001
0,2,0,-3,-4,0,0,1,2,-95,-6,0,0,0,1,-250,63,0,0,5.01,0.39,1.97,73.2210000000001
0,2,0,-2,-5,0,0,1,2,-103,-8,0,0,0,1,-250,64,0,0,5.01,0.39,1.97,73.5810000000001
0,2,0,-3,-5,0,0,0,2,-108,-16,0,0,0,1,-250,56,0,0,5.01,0.39,1.97,73.9410000000001
0,2,0,-4,-6,0,0,0,2,-113,-19,0,0,0,1,-250,55,0,0,5.01,0.39,1.97,74.3010000000001
0,2,0,-4,-11,0,0,0,2,-134,-8,0,0,0,0,-250,61,0,0,5.01,0.39,1.97,74.6610000000001
0,2,0,-6,-11,0,0,0,3,-139,-2,0,0,0,0,-250,52,0,0,5.01,0.39,1.97,75.0210000000001
0,2,0,-7,-15,0,0,0,3,-141,2,0,0,0,0,-250,59,0,0,5.01,0.39,1.97,75.3810000000001
0,2,0,-7,-18,0,0,0,3,-139,1,0,0,0,0,-250,46,0,0,5.01,0.39,1.97,75.7410000000001
0,2,0,-2,-24,0,0,0,3,-121,0,0,0,0,0,-216,28,0,0,5.01,0.39,1.97,76.1010000000001
0,2,0,-1,-26,0,0,0,3,-112,-3,0,0,0,0,-191,18,0,0,5.01,0.39,1.97,76.4610000000001
0,2,0,0,-28,0,0,0,3,-105,-9,0,0,0,0,-174,10,0,0,5.01,0.39,1.97,76.8210000000001
-1,3,0,-19,16,0,1,-1,1,22,0,0,-2,4,2,78,16,0,0,5.01,0.4,2.01,77.1880000000001
-1,3,0,-19,7,0,1,-1,1,35,13,0,-1,2,4,194,40,0,0,5.01,0.4,2.01,77.5550000000001
-1,3,0,-14,4,0,1,-1,1,50,31,0,0,0,4,207,87,0,0,5.01,0.4,2.01,77.92200000000011
-1,3,0,-3,-30,0,1,-1,1,86,67,0,-3,3,2,177,43,0,0,5.01,0.4,2.01,78.28900000000012
0,3,0,-2,-4,0,1,-1,1,99,78,0,-2,2,2,153,13,0,0,5.01,0.4,2.01,78.65600000000012
0,2,0,-18,18,0,0,-1,1,112,84,0,-1,1,3,137,0,0,0,5.01,0.4,2.01,79.02300000000012
0,2,0,-19,20,0,0,-1,1,124,89,0,-1,1,3,118,-7,0,0,5.01,0.4,2.01,79.39000000000013
0,2,0,-11,23,0,0,-1,2,136,91,0,-1,2,3,100,-27,0,0,5.01,0.4,2.01,79.75700000000013
0,2,0,-6,29,0,0,-1,2,160,89,0,-2,1,3,43,-114,0,0,5.01,0.4,2.01,80.12400000000014
0,2,0,-5,31,0,0,-1,2,168,91,0,-1,2,3,73,-95,0,0,5.01,0.4,2.01,80.49100000000014
0,2,0,-2,33,0,0,-1,2,174,90,0,-1,1,3,55,-103,0,0,5.01,0.4,2.01,80.85800000000015
0,2,0,0,32,0,0,-1,1,181,89,0,0,2,3,63,-84,0,0,5.01,0.4,2.01,81.22500000000015
0,2,0,3,26,0,0,0,1,198,89,0,0,1,2,51,-41,0,0,5.01,0.4,2.01,81.59200000000016
0,2,0,3,22,0,0,0,1,204,89,0,0,1,2,40,-34,0,0,5.01,0.4,2.01,81.95900000000016
0,2,0,3,19,0,0,0,1,211,86,0,0,1,2,32,-30,0,0,5.01,0.39,2.0,82.32400000000015
0,2,0,6,-30,0,0,0,3,-115,89,0,0,0,1,-39,-15,0,0,5.01,0.39,1.99,82.68700000000015
0,2,0,6,-28,0,0,0,3,-115,93,0,0,0,1,-30,-19,0,0,5.01,0.39,1.99,83.05000000000015
0,2,0,6,-25,0,0,0,3,-114,95,0,0,0,1,-21,-26,0,0,5.01,0.39,1.99,83.41300000000015
0,2,0,6,-22,0,0,0,3,-118,97,0,0,0,1,-9,-39,0,0,5.01,0.39,1.99,83.77600000000015
0,2,0,4,-19,0,0,1,3,-125,112,0,0,0,1,18,-40,0,0,5.01,0.39,1.99,84.13900000000015
0,2,0,4,-17,0,0,1,3,-129,112,0,0,0,1,32,-49,0,0,5.01,0.39,1.99,84.50200000000015
0,2,0,2,-15,0,0,1,3,-132,107,0,0,0,1,41,-52,0,0,5.01,0.39,1.99,84.86500000000015
0,2,0,3,-14,0,0,1,3,-134,99,0,0,0,1,54,-61,0,0,5.01,0.39,1.99,85.22800000000015
0,2,0,4,-12,0,0,0,3,-134,73,0,0,0,1,86,-61,0,0,5.01,0.39,1.99,85.59100000000015
0,2,0,3,-11,0,0,0,3,-128,62,0,0,0,1,93,-54,0,0,5.01,0.39,1.99,85.95400000000015
0,2,0,4,-9,0,0,0,3,-121,50,0,1,0,1,104,-44,0,0,5.01,0.39,1.99,86.31700000000015
0,2,0,4,-8,0,0,0,3,-113,41,0,1,0,1,116,-28,0,0,5.01,0.39,1.99,86.68000000000015
0,2,0,7,-5,0,0,1,3,-94,2,0,1,-1,1,142,7,0,0,5.01,0.4,2.0,87.04700000000015
0,2,0,9,-5,0,0,1,3,-86,-11,0,1,0,1,150,34,0,0,5.01,0.4,2.0,87.41400000000016
0,2,0,9,-5,0,0,1,3,-82,-26,0,1,0,1,161,57,0,0,5.01,0.4,2.0,87.78100000000016
0,2,0,-15,35,0,0,0,2,145,30,0,-1,2,1,-68,12,0,0,5.01,0.39,1.98,88.14300000000016
0,2,0,-14,35,0,0,0,2,143,23,0,-1,2,1,-75,12,0,0,5.01,0.39,1.98,88.50500000000015
0,2,0,-13,36,0,0,0,2,137,15,0,-1,2,1,-81,11,0,0,5.01,0.39,1.98,88.86700000000015
0,3,0,-13,36,0,0,0,2,135,9,0,-1,2,2,-82,13,0,0,5.01,0.39,1.98,89.22900000000014
-1,3,0,-14,27,0,0,0,2,133,-2,0,0,1,2,-77,18,0,0,5.01,0.39,1.98,89.59100000000014
0,3,0,-14,24,0,0,0,2,131,-5,0,0,2,2,-77,19,0,0,5.01,0.39,1.98,89.95300000000013
0,3,0,-13,21,0,0,0,2,134,-7,0,0,2,2,-70,19,0,0,5.01,0.39,1.98,90.31500000000013
0,3,0,-11,19,0,0,0,2,133,-9,0,0,2,1,-67,32,0,0,5.01,0.39,1.98,90.67700000000012
0,2,0,-8,12,0,0,1,2,122,-9,0,0,3,1,-98,47,0,0,5.01,0.39,1.98,91.03900000000012
0,2,0,-6,10,0,0,1,3,117,1,0,0,3,1,-116,58,0,0,5.01,0.39,1.98,91.40100000000011
0,2,0,-3,8,0,0,1,3,107,7,0,0,3,0,-127,67,0,0,5.01,0.4,2.02,91.77100000000011
0,2,0,-1,5,0,0,1,3,100,14,0,0,2,0,-134,54,0,0,5.01,0.4,2.02,92.14100000000012
0,2,0,0,2,0,0,1,3,94,12,0,0,2,1,-139,57,0,0,5.01,0.4,2.02,92.51100000000012
0,2,0,3,-4,0,0,1,3,72,17,0,0,1,1,-152,41,0,0,5.01,0.4,2.02,92.88100000000013
0,2,0,2,-14,0,1,1,3,17,-44,0,-1,0,1,229,68,0,0,5.01,0.39,1.98,93.24400000000013
0,2,0,4,-15,0,2,1,3,5,-15,0,0,0,2,250,72,0,0,5.01,0.39,1.98,93.60700000000013
0,2,0,6,-16,0,2,1,3,-2,3,0,0,0,2,250,74,0,0,5.01,0.39,1.98,93.97000000000013
0,2,0,8,-17,0,1,1,3,-14,19,0,0,0,1,250,64,0,0,5.01,0.39,1.98,94.33300000000013
0,2,0,9,-18,0,2,1,3,-23,40,0,0,0,2,250,95,0,0,5.01,0.39,1.98,94.69600000000013
0,2,0,8,-18,0,1,1,2,-54,72,0,0,1,2,250,112,0,0,5.01,0.39,1.98,95.05900000000013
0,2,0,8,-18,0,1,1,2,-64,76,0,-1,1,2,250,116,0,0,5.01,0.39,1.98,95.42200000000012
0,2,0,8,-16,0,0,1,2,-69,68,0,-1,1,3,250,118,0,0,5.01,0.39,1.98,95.78500000000012
0,2,0,8,-15,0,0,1,2,-77,57,0,-1,2,3,250,132,0,0,5.01,0.39,1.98,96.14800000000012
0,2,0,8,-13,0,0,1,2,-92,20,0,-2,1,2,225,133,0,0,5.01,0.42,2.12,96.53700000000012
0,2,0,9,-12,0,0,1,2,-96,5,0,-2,2,2,212,123,0,0,5.01,0.42,2.12,96.92600000000012
0,2,0,9,-12,0,0,0,2,-109,-27,0,-2,2,2,198,118,0,0,5.01,0.42,2.12,97.31500000000011
0,2,0,10,-12,0,0,0,2,-112,-48,0,-1,2,3,194,123,0,0,5.01,0.42,2.12,97.70400000000011
0,2,0,11,-11,0,0,0,2,-117,-68,0,-1,2,2,198,92,0,0,5.01,0.42,2.12,98.0930000000001
0,2,0,14,-9,0,0,0,2,-121,-90,0,-1,1,2,180,67,0,0,5.01,0.42,2.12,98.4820000000001
0,2,0,-1,19,0,0,0,2,84,-18,0,0,2,2,-83,1,0,0,5.01,0.39,1.98,98.8450000000001
0,2,0,-3,8,0,0,0,2,73,12,0,0,2,2,-111,0,0,0,5.01,0.39,1.98,99.2080000000001
0,2,0,-1,7,0,0,0,2,77,23,0,0,2,1,-110,-7,0,0,5.01,0.39,1.98,99.5710000000001
0,2,0,-1,6,0,0,0,2,73,31,0,-1,2,1,-121,-13,0,0,5.01,0.39,1.98,99.9340000000001
0,2,0,-1,5,0,0,1,2,66,33,0,0,1,1,-128,-24,0,0,5.01,0.39,1.98,100.2970000000001
0,2,0,-1,5,0,0,1,2,54,26,0,0,1,1,-136,-45,0,0,5.01,0.39,1.98,100.6600000000001
0,2,0,1,3,0,0,1,3,10,-15,0,0,2,1,-204,4,0,0,5.01,0.39,1.98,101.0230000000001
0,2,0,3,1,0,0,1,3,-1,-20,0,0,2,0,-183,-35,0,0,5.01,0.39,1.97,101.38500000000009
0,2,0,3,4,0,0,1,3,-8,-23,0,-1,0,0,-192,-65,0,0,5.01,0.39,1.97,101.74700000000009
0,2,0,4,4,0,0,1,2,-16,-30,0,-1,1,0,-189,-74,0,0,5.01,0.39,1.97,102.10900000000008
0,2,0,7,2,0,0,0,2,-34,-31,0,0,1,1,-225,-70,0,0,5.01,0.39,1.97,102.47100000000007
0,2,0,8,2,0,0,0,2,-41,-32,0,0,1,1,-242,-44,0,0,5.01,0.39,1.97,102.83300000000007
0,2,0,9,1,0,0,0,2,-45,-30,0,0,0,1,-250,-43,0,0,5.01,0.39,1.97,103.19500000000006
0,2,0,11,1,0,0,0,2,-51,-28,0,0,0,1,-250,-34,0,0,5.01,0.39,1.97,103.55700000000006
0,2,0,14,0,0,0,0,2,-74,-30,0,0,0,1,-250,-6,0,0,5.01,0.39,1.97,103.91900000000005
0,2,0,6,-15,0,0,0,2,-148,-45,0,-2,1,2,121,24,0,0,5.01,0.41,2.06,104.29600000000005
0,2,0,3,-12,0,0,0,2,-143,-71,0,-1,1,3,150,45,0,0,5.01,0.41,2.06,104.67300000000004
0,2,0,4,-8,0,0,0,2,-142,-82,0,-1,0,2,142,33,0,0,5.01,0.41,2.06,105.05000000000004
0,2,0,4,-8,0,0,0,2,-139,-90,0,-1,0,2,127,21,0,0,5.01,0.41,2.06,105.42700000000004
0,2,0,5,-7,0,0,0,2,-139,-96,0,-1,0,2,124,27,0,0,5.01,0.41,2.06,105.80400000000003
0,2,0,6,-6,0,0,0,2,-139,-97,0,-1,0,2,71,65,0,0,5.02,0.43,2.18,106.20400000000004
0,2,0,7,-3,0,1,0,2,-134,-93,0,-1,1,2,26,70,0,0,5.02,0.43,2.18,106.60400000000004
0,2,0,7,-1,0,1,0,2,-137,-81,0,-1,0,2,15,70,0,0,5.02,0.43,2.18,107.00400000000005
0,2,0,8,-1,0,1,0,2,-132,-70,0,-1,0,2,11,64,0,0,5.02,0.43,2.18,107.40400000000005
0,2,0,8,0,0,2,0,2,-121,-53,0,-1,1,2,0,72,0,0,5.02,0.43,2.18,107.80400000000006
0,2,0,9,1,0,2,0,1,-124,-35,0,-1,1,3,-8,73,0,0,5.02,0.43,2.18,108.20400000000006
0,2,0,10,2,0,2,0,1,-108,-4,0,-1,0,2,38,29,0,0,5.02,0.43,2.18,108.60400000000007
0,2,0,10,2,0,1,0,1,-98,10,0,-1,0,3,36,33,0,0,5.02,0.43,2.18,109.00400000000008
0,2,0,-2,10,0,0,0,3,86,-37,0,0,2,2,-71,75,0,0,5.03,0.52,2.63,109.48600000000008
0,2,0,-1,9,0,0,0,3,79,-45,0,0,2,2,-76,70,0,0,5.03,0.52,2.63,109.96800000000007
0,2,0,-1,8,0,0,0,3,71,-46,0,-1,2,1,-84,55,0,0,5.03,0.52,2.63,110.45000000000007
0,2,0,-1,6,0,0,0,3,63,-45,0,-1,2,1,-86,52,0,0,5.03,0.52,2.63,110.93200000000007
0,2,0,-1,3,0,0,0,3,46,-34,0,0,1,2,-107,46,0,0,5.03,0.52,2.63,111.41400000000007
0,2,0,0,2,0,0,0,3,36,-26,0,0,2,1,-138,36,0,0,5.03,0.52,2.62,111.89500000000007
0,2,0,0,0,0,0,0,3,34,-20,0,0,2,1,-134,11,0,0,5.03,0.52,2.62,112.37600000000006
0,2,0,0,-1,0,0,0,3,28,-20,0,0,1,1,-130,13,0,0,5.03,0.52,2.62,112.85700000000006
0,2,0,1,-2,0,0,0,3,24,-12,0,0,1,1,-134,9,0,0,5.03,0.52,2.62,113.33800000000005
0,2,0,3,-4,0,0,1,2,18,-8,0,0,1,1,-145,12,0,0,5.03,0.52,2.62,113.81900000000005
0,2,0,4,-6,0,0,1,2,14,-4,0,0,1,1,-143,1,0,0,5.03,0.52,2.62,114.30000000000004
0,2,0,5,-7,0,0,0,2,8,-5,0,0,0,1,-154,-3,0,0,5.03,0.52,2.62,114.78100000000003
0,2,0,6,-8,0,0,0,2,3,-6,0,0,0,1,-165,-18,0,0,5.03,0.52,2.62,115.26200000000003
0,2,0,8,-9,0,0,0,2,-4,-11,0,0,0,1,-182,-26,0,0,5.03,0.52,2.62,115.74300000000002
0,2,0,-3,-8,0,2,1,2,-1,49,0,-1,0,0,168,137,0,0,5.01,0.42,2.12,116.13300000000002
0,2,0,-3,-5,0,2,1,2,-17,64,0,-1,1,1,216,188,0,0,5.01,0.42,2.12,116.52300000000002
0,2,0,-5,-1,0,2,2,2,-41,77,0,-1,1,1,184,135,0,0,5.01,0.42,2.12,116.91300000000003
0,2,0,-5,3,0,1,1,2,-91,79,0,-2,1,3,249,133,0,0,5.01,0.42,2.12,117.30300000000003
0,2,0,-4,5,0,0,1,1,-109,71,0,-2,1,3,244,152,0,0,5.01,0.39,1.99,117.66900000000003
0,2,0,-4,5,0,0,1,2,-128,52,0,-2,1,3,229,130,0,0,5.01,0.39,1.99,118.03500000000003
0,2,0,-4,7,0,0,1,2,-141,32,0,-2,2,4,213,132,0,0,5.01,0.39,1.99,118.40100000000002
0,2,0,-2,10,0,0,0,2,-153,-8,0,-1,1,3,168,130,0,0,5.01,0.39,1.99,118.76700000000002
0,2,0,-2,11,0,0,0,2,-155,-16,0,-1,1,2,155,132,0,0,5.01,0.39,1.99,119.13300000000002
0,2,0,-1,11,0,0,0,2,-163,-24,0,0,1,2,151,139,0,0,5.01,0.39,1.99,119.49900000000002
0,2,0,0,12,0,0,0,2,-177,-28,0,0,1,2,147,129,0,0,5.01,0.39,1.99,119.86500000000002
0,2,0,2,9,0,0,0,1,-173,-29,0,0,1,2,138,135,0,0,5.01,0.39,1.99,120.23100000000002
0,2,0,3,7,0,1,0,1,-162,-32,0,0,1,2,133,139,0,0,5.01,0.39,1.99,120.59700000000002
0,2,0,4,7,0,1,0,1,-160,-21,0,-1,1,2,127,149,0,0,5.01,0.39,1.99,120.96300000000002
0,2,0,4,7,0,1,0,1,-153,-11,0,-1,1,2,73,175,0,0,5.01,0.39,1.99,121.32900000000002
0,2,0,0,8,0,0,1,2,50,-43,0,0,2,2,-119,90,0,0,5.01,0.39,1.98,121.69300000000003
0,2,0,1,7,0,0,1,2,35,-43,0,0,1,2,-118,90,0,0,5.01,0.39,1.98,122.05700000000003
0,2,0,2,6,0,0,1,2,26,-38,0,0,1,1,-120,92,0,0,5.01,0.4,2.01,122.42700000000004
0,2,0,5,2,0,0,0,3,1,-4,0,0,1,1,-132,74,0,0,5.01,0.4,2.01,122.79700000000004
0,2,0,6,1,0,0,1,3,-1,-5,0,0,1,1,-133,65,0,0,5.01,0.4,2.01,123.16700000000004
0,2,0,8,0,0,0,0,2,-7,-4,0,0,1,1,-136,56,0,0,5.01,0.4,2.01,123.53700000000005
0,2,0,9,0,0,0,1,3,-9,-4,0,0,2,1,-133,46,0,0,5.01,0.4,2.01,123.90700000000005
0,2,0,12,-4,0,0,0,3,-15,-12,0,0,1,1,-155,33,0,0,5.01,0.4,2.01,124.27700000000006
0,2,0,13,-5,0,0,1,2,-26,-10,0,0,1,1,-153,34,0,0,5.01,0.4,2.01,124.64700000000006
0,2,0,13,-7,0,0,1,2,-28,-2,0,0,1,1,-153,34,0,0,5.01,0.4,2.01,125.01700000000007
0,2,0,14,-9,0,0,0,2,-38,-2,0,0,1,1,-144,39,0,0,5.01,0.4,2.01,125.38700000000007
0,2,0,16,-15,0,0,1,2,-58,-4,0,0,0,2,-161,53,0,0,5.01,0.4,2.01,125.75700000000008
0,2,0,17,-17,0,0,1,2,-67,-2,0,0,0,1,-169,54,0,0,5.01,0.4,2.01,126.12700000000008
0,2,0,18,-19,0,0,1,2,-72,0,0,0,0,1,-172,56,0,0,5.01,0.4,2.01,126.49700000000009
0,2,0,18,-21,0,0,1,2,-81,2,0,0,0,2,-180,57,0,0,5.01,0.4,2.01,126.86700000000009
0,2,0,7,7,0,0,0,2,-42,32,0,-1,1,2,235,88,0,0,5.01,0.39,1.98,127.23200000000008
0,2,0,8,6,0,0,0,2,-47,28,0,0,1,2,238,100,0,0,5.01,0.39,1.98,127.59700000000008
0,2,0,10,6,0,0,0,2,-52,26,0,0,1,3,216,151,0,0,5.01,0.39,1.98,127.96200000000007
0,2,0,11,2,0,0,0,2,-58,39,0,-1,1,3,234,98,0,0,5.01,0.39,1.98,128.32700000000008
0,2,0,11,2,0,0,0,2,-62,39,0,-1,1,2,218,89,0,0,5.01,0.39,1.98,128.6920000000001
0,2,0,11,1,0,1,0,2,-64,40,0,-1,1,3,160,121,0,0,5.01,0.39,1.98,129.0570000000001
0,2,0,10,2,0,1,0,2,-65,42,0,-1,1,3,127,114,0,0,5.01,0.39,1.98,129.4220000000001
0,2,0,6,5,0,0,0,2,-74,35,0,-1,1,3,124,66,0,0,5.01,0.39,1.98,129.78700000000012
0,2,0,6,7,0,0,0,2,-76,25,0,-1,1,3,120,60,0,0,5.01,0.39,1.98,130.15200000000013
0,2,0,2,5,0,0,0,3,-79,15,0,-1,1,3,121,48,0,0,5.01,0.39,1.98,130.51700000000014
0,2,0,3,10,0,0,-1,3,-80,0,0,-1,1,3,122,41,0,0,5.01,0.39,1.98,130.88200000000015
0,2,0,3,12,0,0,-1,3,-79,-16,0,-1,1,3,121,37,0,0,5.01,0.39,1.98,131.24700000000016
0,2,0,6,14,0,0,-1,3,-92,-69,0,-1,1,2,118,34,0,0,5.01,0.39,1.98,131.61200000000017
0,2,0,5,17,0,0,-1,3,-100,-83,0,-1,1,2,112,34,0,0,5.01,0.39,1.98,131.97700000000017
0,2,0,2,21,0,0,-1,2,-94,-96,0,-1,1,2,109,36,0,0,5.01,0.39,1.98,132.34200000000018
0,2,0,13,-3,0,0,0,3,18,-17,0,0,1,2,-114,47,0,1,5.01,0.42,2.13,132.73500000000018
0,2,0,14,-3,0,0,0,3,16,-20,0,0,1,2,-113,49,0,1,5.01,0.42,2.13,133.12800000000018
0,2,0,15,-3,0,0,0,3,13,-12,0,0,1,2,-120,53,0,0,5.01,0.42,2.13,133.52100000000019
0,2,0,17,-5,0,0,0,2,3,4,0,0,1,2,-117,62,0,0,5.01,0.42,2.13,133.9140000000002
0,2,0,18,-5,0,0,0,2,-1,9,0,0,1,2,-115,61,0,0,5.01,0.42,2.13,134.3070000000002
0,2,0,17,-6,0,0,0,2,-6,10,0,0,1,2,-118,62,0,0,5.01,0.42,2.13,134.7000000000002
0,2,0,16,-7,0,0,0,2,-10,9,0,0,1,2,-120,64,0,0,5.01,0.42,2.13,135.0930000000002
0,2,0,15,-9,0,0,0,2,-14,7,0,0,1,2,-120,62,0,0,5.01,0.42,2.13,135.4860000000002
0,3,0,9,-11,0,0,0,2,-23,-5,0,0,0,1,-119,50,0,1,5.01,0.42,2.13,135.8790000000002
0,3,0,6,-13,0,0,0,2,-25,-8,0,0,0,2,-123,50,0,1,5.01,0.42,2.13,136.2720000000002
0,3,0,4,-14,0,0,0,2,-28,-12,0,0,0,2,-125,44,0,1,5.01,0.42,2.13,136.6650000000002
0,3,0,2,-14,0,0,0,2,-31,-15,0,0,1,2,-124,45,0,1,5.01,0.42,2.13,137.0580000000002
0,3,0,-5,-10,0,0,0,2,-42,-15,0,0,1,2,-119,48,0,1,5.01,0.42,2.13,137.4510000000002
0,3,0,-8,-11,0,0,0,2,-48,-11,0,0,1,2,-120,53,0,1,5.01,0.42,2.13,137.8440000000002
0,3,0,-11,-10,0,0,0,2,-53,-5,0,0,1,2,-118,71,0,1,5.01,0.42,2.13,138.2370000000002
0,3,0,11,14,0,1,0,1,-1,-34,0,-1,2,1,156,12,0,1,5.01,0.39,1.99,138.6030000000002
0,3,0,8,17,0,1,0,1,-2,-31,0,-1,1,1,155,11,0,1,5.01,0.39,1.99,138.96900000000022
0,3,0,5,19,0,1,0,1,-7,-32,0,-1,1,1,162,-1,0,1,5.01,0.39,1.99,139.33500000000024
0,3,0,3,22,0,0,0,1,-7,-39,0,-1,1,1,162,4,0,1,5.01,0.39,1.99,139.70100000000025
0,3,0,-3,16,0,0,0,1,-12,-60,0,-1,1,2,159,33,0,1,5.01,0.39,1.99,140.06700000000026
0,3,0,-6,12,0,0,0,1,-11,-67,0,-1,1,2,150,44,0,1,5.01,0.39,1.99,140.43300000000028
0,3,0,-11,10,0,0,0,1,-7,-71,0,-1,1,2,147,49,0,1,5.01,0.39,1.99,140.7990000000003
0,3,0,-14,9,0,0,0,1,-8,-70,0,-1,1,2,141,59,0,1,5.01,0.39,1.99,141.1650000000003
0,3,0,-24,16,0,0,0,1,-15,-49,0,-1,1,2,126,55,0,1,5.01,0.39,1.99,141.53100000000032
0,3,0,-29,22,0,0,0,1,-5,-44,0,-1,2,2,123,46,0,1,5.01,0.39,1.99,141.89700000000033
0,3,0,-33,30,0,0,0,1,0,-40,0,-1,1,2,122,51,0,1,5.01,0.39,1.99,142.26300000000035
0,3,0,-36,38,0,0,0,1,3,-38,0,-1,1,2,120,44,0,1,5.01,0.39,1.99,142.62900000000036
0,2,0,-39,49,0,0,0,2,23,-33,0,-1,1,3,118,56,0,1,5.01,0.39,1.99,142.99500000000037
0,2,0,-40,49,0,0,0,2,33,-31,0,-1,2,3,124,59,0,1,5.01,0.39,1.99,143.3610000000004
0,2,0,-40,46,0,0,0,2,43,-29,0,-1,2,2,126,63,0,1,5.01,0.39,1.99,143.7270000000004
0,2,0,4,-27,0,0,1,2,-19,55,0,0,1,1,-201,-16,0,0,5.01,0.39,2.0,144.0950000000004
0,2,0,2,-25,0,0,1,2,-26,46,0,0,1,2,-206,-11,0,0,5.01,0.39,2.0,144.4630000000004
0,2,0,0,-27,0,0,1,2,-38,46,0,0,1,2,-206,-3,0,0,5.01,0.39,2.0,144.8310000000004
0,2,0,-2,-28,0,0,1,2,-47,43,0,0,1,2,-205,4,0,0,5.01,0.39,2.0,145.19900000000038
0,3,0,-8,-28,0,0,1,2,-79,58,0,0,1,2,-214,20,0,0,5.01,0.39,2.0,145.56700000000038
0,3,0,-10,-31,0,0,1,2,-91,65,0,0,1,2,-212,27,0,0,5.01,0.39,2.0,145.93500000000037
0,3,0,-13,-31,0,0,1,2,-102,71,0,0,0,1,-212,25,0,0,5.01,0.39,2.0,146.30300000000037
0,3,0,-13,-30,0,0,1,2,-113,70,0,0,1,1,-209,30,0,0,5.01,0.39,2.0,146.67100000000036
0,2,0,-16,-31,0,0,1,2,-132,65,0,0,0,1,-224,31,0,0,5.01,0.39,2.0,147.03900000000036
0,2,0,-16,-28,0,0,1,2,-141,65,0,0,0,1,-230,20,0,0,5.01,0.39,2.0,147.40700000000035
0,2,0,-18,-27,0,0,1,2,-149,66,0,0,0,1,-235,7,0,0,5.01,0.39,2.0,147.77500000000035
0,2,0,-19,-23,0,0,1,2,-154,63,0,0,0,1,-233,12,0,0,5.01,0.39,2.0,148.14300000000034
0,2,0,-18,-20,0,0,1,2,-157,63,0,0,0,1,-233,-1,0,0,5.01,0.39,2.0,148.51100000000034
0,2,0,-16,-12,0,0,1,2,-162,59,0,0,0,0,-235,1,0,0,5.01,0.39,2.0,148.87900000000033
0,3,0,-10,9,0,1,0,2,-76,-64,0,-1,0,2,141,99,0,0,5.03,0.5,2.54,149.34700000000032
0,3,0,-15,10,0,0,0,2,-79,-61,0,-1,0,2,142,83,0,0,5.03,0.5,2.54,149.8150000000003
0,3,0,-19,12,0,0,0,2,-81,-68,0,-1,0,2,144,65,0,0,5.03,0.5,2.54,150.2830000000003
0,3,0,-25,17,0,0,0,1,-85,-71,0,-1,0,2,146,48,0,0,5.03,0.5,2.54,150.7510000000003
0,3,0,-31,26,0,0,0,1,-79,-73,0,-1,0,2,155,39,0,0,5.03,0.5,2.54,151.21900000000028
0,2,0,-33,28,0,0,0,2,-73,-70,0,-1,0,3,158,40,0,0,5.03,0.5,2.54,151.68700000000027
0,2,0,-33,30,0,0,0,2,-75,-69,0,-1,0,2,158,41,0,0,5.03,0.5,2.54,152.15500000000026
0,2,0,-32,29,0,0,0,1,-60,-59,0,-1,1,2,160,48,0,0,5.03,0.5,2.54,152.62300000000025
0,2,0,-31,28,0,0,-1,1,-64,-47,0,-1,1,2,161,49,0,0,5.03,0.5,2.54,153.09100000000024
0,2,0,-30,24,0,0,0,1,-51,-31,0,-1,1,2,165,49,0,0,5.03,0.5,2.54,153.55900000000022
0,2,0,-30,19,0,0,0,1,-34,-15,0,-1,1,2,160,62,0,0,5.03,0.5,2.54,154.0270000000002
0,2,0,-31,15,0,0,0,2,-25,-8,0,-1,1,2,157,55,0,0,5.03,0.5,2.54,154.4950000000002
0,2,0,-33,14,0,0,0,1,-18,2,0,-1,1,2,145,59,0,0,5.03,0.5,2.54,154.9630000000002
0,2,0,-35,14,0,0,0,1,-10,15,0,-1,1,2,136,53,0,0,5.03,0.5,2.54,155.43100000000018
0,3,0,3,-22,0,0,1,2,31,-3,0,0,1,2,-124,41,0,0,5.01,0.39,1.99,155.79900000000018
0,3,0,1,-21,0,0,0,2,25,-13,0,0,1,2,-119,44,0,0,5.01,0.39,1.99,156.16700000000017
0,2,0,-1,-19,0,0,0,2,16,-18,0,0,1,2,-118,44,0,0,5.01,0.39,1.99,156.53500000000017
0,2,0,-4,-19,0,0,0,2,8,-24,0,0,1,2,-117,42,0,0,5.01,0.39,1.99,156.90300000000016
0,2,0,-10,-20,0,0,0,2,-9,-30,0,0,0,2,-131,41,0,0,5.01,0.39,1.99,157.27100000000016
0,2,0,-10,-22,0,0,0,2,-17,-24,0,0,0,1,-140,42,0,0,5.01,0.39,1.99,157.63900000000015
0,2,0,-11,-24,0,0,0,2,-26,-15,0,0,0,1,-142,43,0,0,5.01,0.39,1.99,158.00700000000015
0,2,0,-11,-26,0,0,0,2,-34,-7,0,0,0,1,-147,44,0,0,5.01,0.39,1.99,158.37500000000014
0,2,0,-10,-30,0,0,1,2,-56,7,0,0,0,1,-153,58,0,0,5.01,0.39,1.99,158.74300000000014
0,2,0,-12,-30,0,0,1,2,-64,12,0,0,0,1,-155,63,0,0,5.01,0.39,1.99,159.11100000000013
0,2,0,-12,-29,0,0,1,2,-72,14,0,0,0,1,-153,62,0,0,5.01,0.39,1.99,159.47900000000013
0,2,0,-13,-28,0,0,0,2,-80,16,0,0,0,1,-142,63,0,0,5.01,0.39,1.99,159.84700000000012
0,2,0,-18,-20,0,0,0,2,-100,22,0,0,0,2,-134,88,0,0,5.01,0.39,1.99,160.21500000000012
0,2,0,-19,-20,0,0,0,2,-107,20,0,0,0,2,-136,95,0,0,5.01,0.39,1.98,160.58100000000013
0,3,0,-9,10,0,0,0,2,-11,-5,0,-2,1,3,187,82,0,0,5.01,0.39,2.0,160.95000000000013
0,3,0,-21,13,0,0,0,2,-5,-31,0,-1,0,2,201,65,0,0,5.01,0.39,2.0,161.31900000000013
0,3,0,-24,15,0,0,0,2,0,-51,0,-1,1,2,182,87,0,0,5.01,0.39,2.0,161.68800000000013
0,3,0,-29,18,0,0,0,2,0,-64,0,-1,1,2,204,71,0,1,5.01,0.39,2.0,162.05700000000013
0,3,0,-32,21,0,0,0,2,7,-75,0,-1,1,2,208,75,0,1,5.01,0.39,2.0,162.42600000000013
0,2,0,-34,24,0,0,0,2,11,-93,0,-1,1,2,203,81,0,1,5.01,0.39,2.0,162.79500000000013
0,2,0,-34,24,0,0,0,2,7,-99,0,-1,1,2,202,84,0,1,5.01,0.39,2.0,163.16400000000013
0,2,0,-33,23,0,0,0,2,10,-101,0,-1,1,2,199,87,0,1,5.01,0.39,2.0,163.53300000000013
0,2,0,-33,21,0,0,0,2,9,-95,0,-1,1,2,196,95,0,1,5.01,0.39,2.0,163.90200000000013
0,2,0,-33,17,0,1,0,1,23,-39,0,-1,1,2,194,100,0,1,5.01,0.39,2.0,164.27100000000013
0,2,0,-34,16,0,1,0,1,29,-20,0,-2,1,2,193,86,0,1,5.01,0.39,2.0,164.64000000000013
0,2,0,-35,17,0,1,0,1,36,-4,0,-2,1,2,197,83,0,1,5.01,0.39,2.0,165.00900000000013
0,2,0,-37,18,0,1,0,1,42,5,0,-2,1,2,199,77,0,1,5.02,0.42,2.15,165.40600000000012
0,2,0,-38,20,0,0,0,1,49,12,0,-2,1,2,188,71,0,1,5.02,0.42,2.15,165.8030000000001
0,2,0,-42,25,0,0,0,1,70,15,0,-1,1,2,166,67,0,1,5.02,0.42,2.15,166.2000000000001
0,3,0,-12,-17,0,0,1,2,-9,5,0,0,1,1,-184,-13,0,0,5.01,0.39,1.99,166.5680000000001
0,3,0,-20,-20,0,0,1,2,-33,0,0,0,1,1,-192,-5,0,0,5.01,0.39,1.99,166.9360000000001
0,3,0,-22,-20,0,0,1,2,-42,-2,0,0,1,1,-194,-2,0,0,5.01,0.39,1.99,167.3040000000001
0,2,0,-22,-19,0,0,1,2,-49,-4,0,0,1,1,-194,-2,0,0,5.01,0.39,1.99,167.67200000000008
0,2,0,-23,-17,0,0,1,2,-57,-1,0,0,0,1,-196,1,0,0,5.01,0.39,1.99,168.04000000000008
0,2,0,-22,-19,0,0,1,2,-80,3,0,0,0,1,-203,6,0,0,5.01,0.39,1.99,168.40800000000007
0,2,0,-21,-17,0,0,1,2,-92,13,0,0,0,1,-200,10,0,0,5.01,0.39,1.99,168.77600000000007
0,2,0,-20,-18,0,0,1,2,-102,18,0,0,0,1,-199,18,0,0,5.01,0.39,1.99,169.14400000000006
0,1,0,-20,-18,0,0,1,2,-108,22,0,0,0,1,-199,21,0,0,5.01,0.39,1.99,169.51200000000006
0,1,0,-19,-19,0,0,1,2,-118,25,0,0,0,1,-199,24,0,0,5.01,0.39,1.99,169.88000000000005
0,1,0,-20,-20,0,0,1,2,-132,23,0,0,0,1,-198,9,0,0,5.01,0.39,1.99,170.24700000000004
0,2,0,-21,-20,0,0,1,2,-140,26,0,0,0,1,-196,10,0,0,5.01,0.39,1.99,170.61400000000003
0,2,0,-21,-17,0,0,1,2,-147,30,0,0,0,1,-196,15,0,0,5.01,0.39,1.99,170.98100000000002
0,2,0,-23,-21,0,0,1,2,-152,33,0,0,0,1,-188,20,0,0,5.01,0.39,1.99,171.348
0,2,0,-20,-22,0,0,1,2,-162,48,0,0,0,0,-178,9,0,0,5.01,0.39,1.99,171.715
0,2,0,-25,11,0,0,0,2,-49,-102,0,-2,0,2,154,122,0,0,5.02,0.42,2.15,172.113
0,2,0,-27,4,0,0,0,2,-43,-97,0,-2,0,2,147,141,0,0,5.02,0.42,2.15,172.511
0,2,0,-28,2,0,0,-1,2,-38,-103,0,-2,0,2,147,146,0,1,5.02,0.42,2.15,172.909
0,2,0,-28,1,0,0,0,2,-37,-111,0,-2,0,2,156,161,0,1,5.02,0.42,2.15,173.307
0,2,0,-29,2,0,0,-1,2,-35,-121,0,-2,0,2,160,164,0,1,5.02,0.42,2.15,173.70499999999998
0,2,0,-33,12,0,0,0,2,-30,-136,0,-2,0,1,163,165,0,1,5.02,0.42,2.15,174.10299999999998
0,2,0,-35,16,0,1,0,2,-25,-132,0,-2,0,1,166,161,0,1,5.02,0.42,2.15,174.50099999999998
0,2,0,-36,19,0,1,0,2,-22,-120,0,-2,1,1,146,153,0,1,5.02,0.42,2.15,174.89899999999997
0,2,0,-37,23,0,1,0,2,-17,-97,0,-3,2,1,99,128,0,1,5.01,0.4,2.01,175.271
0,2,0,-38,26,0,2,0,1,-13,-80,0,-3,2,3,138,111,0,1,5.01,0.4,2.01,175.643
0,2,0,-41,28,0,2,-1,1,1,-32,0,-2,0,2,156,126,0,1,5.01,0.4,2.01,176.01500000000001
0,2,0,-40,30,0,1,-1,1,10,-21,0,-2,0,2,156,128,0,1,5.01,0.4,2.01,176.38700000000003
0,2,0,-38,27,0,1,-1,1,18,-10,0,-2,1,2,163,119,0,1,5.01,0.4,2.01,176.75900000000004
0,2,0,-35,24,0,1,-1,1,27,0,0,-2,1,3,170,125,0,1,5.01,0.4,2.01,177.13100000000006
-1,2,0,-26,16,0,1,-1,1,51,13,0,-2,1,2,181,79,0,1,5.01,0.4,2.01,177.50300000000007
0,1,0,-22,-35,0,0,0,2,-55,23,0,0,0,1,-181,-97,0,0,5.01,0.39,1.98,177.87100000000007
0,1,0,-21,-34,0,0,0,2,-68,28,0,0,0,1,-183,-88,0,0,5.01,0.39,1.98,178.23900000000006
0,1,0,-21,-31,0,0,1,2,-97,47,0,0,0,1,-190,-70,0,0,5.01,0.39,1.98,178.60700000000006
0,2,0,-22,-31,0,0,1,2,-107,56,0,0,0,1,-189,-65,0,0,5.01,0.39,1.98,178.97500000000005
0,2,0,-21,-29,0,0,1,2,-113,63,0,0,0,1,-177,-53,0,0,5.01,0.39,1.98,179.34300000000005
0,2,0,-21,-28,0,0,1,2,-121,69,0,0,0,1,-173,-49,0,0,5.01,0.39,1.98,179.71100000000004
0,3,0,-17,-23,0,0,1,2,-133,77,0,0,0,1,-157,-25,0,0,5.01,0.4,2.02,180.08400000000003
0,3,0,-17,-26,0,0,1,2,-137,77,0,0,0,1,-154,-27,0,0,5.01,0.4,2.02,180.45700000000002
0,3,0,-12,-25,0,0,1,2,-143,75,0,0,0,2,-157,-21,0,0,5.01,0.4,2.02,180.83
0,3,0,-9,-25,0,0,1,2,-149,70,0,0,0,2,-168,-7,0,0,5.01,0.4,2.02,181.203
0,3,0,-2,-17,0,0,1,2,-162,50,0,0,0,1,-190,9,0,0,5.01,0.4,2.02,181.576
0,3,0,3,-15,0,0,1,2,-167,41,0,0,0,1,-192,14,0,0,5.01,0.4,2.02,181.94899999999998
0,2,0,2,-16,0,0,1,2,-172,33,0,0,0,1,-192,15,0,0,5.01,0.4,2.02,182.32199999999997
0,2,0,7,-15,0,0,1,3,-176,32,0,0,0,1,-192,13,0,0,5.01,0.4,2.02,182.69499999999996
0,2,0,9,-15,0,0,1,3,-181,34,0,0,0,1,-194,9,0,0,5.01,0.4,2.02,183.06799999999996
0,2,0,-38,29,0,1,0,3,59,-149,0,-2,1,2,173,134,0,0,5.01,0.4,2.0,183.43899999999996
0,2,0,-38,30,0,2,0,2,61,-134,0,-2,0,2,167,126,0,0,5.01,0.4,2.0,183.80999999999997
0,2,0,-39,29,0,2,0,2,53,-106,0,-1,1,2,157,126,0,0,5.01,0.4,2.0,184.18099999999998
0,2,0,-38,29,0,2,0,2,58,-94,0,-1,1,2,153,118,0,0,5.01,0.4,2.0,184.552
0,2,0,-39,28,0,1,0,2,57,-82,0,-1,1,2,154,113,0,0,5.01,0.39,2.0,184.923
0,2,0,-40,25,0,1,0,2,56,-68,0,-2,1,2,154,110,0,0,5.01,0.39,2.0,185.294
-1,3,0,-44,19,0,2,0,1,63,-20,0,-2,1,2,159,90,0,0,5.01,0.39,2.0,185.66500000000002
-1,3,0,-45,18,0,1,0,1,70,-8,0,-2,1,2,157,64,0,0,5.01,0.39,2.0,186.03600000000003
-1,3,0,-45,16,0,1,0,1,78,1,0,-2,1,2,180,63,0,0,5.01,0.39,2.0,186.40700000000004
-1,2,0,-46,14,0,1,0,1,88,5,0,-1,1,2,175,81,0,0,5.01,0.39,2.0,186.77800000000005
-1,2,0,-41,7,0,1,0,1,99,6,0,-1,1,2,168,79,0,0,5.01,0.39,2.0,187.14900000000006
0,2,0,-35,7,0,1,0,1,132,-8,0,-2,2,2,171,24,0,0,5.01,0.39,2.0,187.52000000000007
0,2,0,-31,9,0,1,0,1,143,-17,0,-2,1,2,169,12,0,0,5.01,0.39,2.0,187.89100000000008
0,2,0,-28,10,0,1,0,1,152,-23,0,-2,1,2,165,16,0,0,5.01,0.39,2.0,188.26200000000009
0,2,0,-18,-32,0,0,1,1,-43,31,0,0,1,1,-117,12,0,0,5.01,0.4,2.0,188.6330000000001
0,2,0,-16,-32,0,0,1,1,-58,41,0,0,1,1,-135,-25,0,0,5.01,0.4,2.0,189.0040000000001
0,2,0,-17,-31,0,0,1,1,-64,48,0,-1,1,1,-142,-41,0,0,5.01,0.4,2.0,189.3750000000001
0,2,0,-15,-31,0,0,1,1,-72,48,0,0,1,1,-146,-50,0,0,5.03,0.49,2.49,189.8370000000001
0,2,0,-14,-31,0,0,1,1,-76,54,0,0,1,1,-143,-71,0,0,5.03,0.49,2.49,190.2990000000001
0,3,0,-14,-27,0,0,1,2,-89,59,0,0,1,1,-156,-75,0,0,5.03,0.49,2.49,190.76100000000008
0,3,0,-13,-26,0,0,1,2,-92,55,0,0,1,1,-156,-76,0,0,5.03,0.49,2.49,191.22300000000007
0,3,0,-14,-24,0,0,1,2,-94,48,0,0,1,1,-157,-73,0,0,5.03,0.49,2.49,191.68500000000006
0,3,0,-12,-24,0,0,1,2,-95,45,0,0,1,1,-162,-77,0,0,5.03,0.49,2.49,192.14700000000005
0,3,0,-15,-22,0,0,1,2,-97,41,0,0,1,1,-163,-77,0,1,5.03,0.49,2.49,192.60900000000004
0,3,0,-13,-14,0,0,1,2,-102,40,0,0,0,2,-171,-48,0,1,5.03,0.49,2.49,193.07100000000003
0,2,0,-12,-12,0,0,1,2,-105,37,0,0,0,2,-189,-40,0,1,5.03,0.49,2.49,193.53300000000002
0,2,0,-9,-10,0,0,1,2,-107,35,0,0,0,1,-189,-41,0,0,5.03,0.49,2.49,193.995
0,2,0,-6,-9,0,0,1,2,-113,36,0,0,0,1,-182,-53,0,0,5.03,0.49,2.49,194.457
0,2,0,2,-7,0,0,1,2,-125,38,0,0,0,2,-174,-34,0,0,5.03,0.49,2.49,194.91899999999998
0,3,0,-27,-2,0,2,0,2,-47,-1,0,-1,1,2,190,85,0,0,5.01,0.4,2.04,195.29799999999997
0,3,0,-23,-6,0,2,0,2,-36,38,0,-1,1,2,196,80,0,0,5.01,0.39,2.0,195.66899999999998
0,3,0,-21,-3,0,2,0,2,-31,42,0,-1,1,2,206,79,0,0,5.01,0.39,2.0,196.04
0,3,0,-22,-3,0,2,0,2,-31,48,0,-2,2,2,212,84,0,0,5.01,0.39,2.0,196.411
0,3,0,-18,-4,0,2,0,1,-33,47,0,-2,2,2,219,80,0,0,5.01,0.39,2.0,196.782
0,3,0,-16,-3,0,2,0,1,-32,48,0,-2,2,2,219,87,0,0,5.01,0.39,2.0,197.15300000000002
0,2,0,-13,2,0,2,0,1,-24,35,0,-2,2,3,221,146,0,0,5.01,0.39,2.0,197.52400000000003
0,2,0,-11,4,0,2,0,1,-19,32,0,-2,2,2,233,57,0,0,5.01,0.39,2.0,197.89500000000004
0,2,0,-10,10,0,2,0,1,-14,29,0,-2,2,2,236,44,0,0,5.01,0.39,2.0,198.26600000000005
0,2,0,-8,13,0,2,0,1,-6,29,0,-2,1,2,233,54,0,0,5.01,0.39,2.0,198.63700000000006
0,2,0,-3,16,0,1,0,1,10,40,0,-2,2,3,227,24,0,0,5.01,0.39,2.0,199.00800000000007
0,2,0,-3,18,0,1,0,1,19,48,0,-2,2,2,211,22,0,0,5.01,0.39,2.0,199.37900000000008
0,2,0,-3,18,0,1,0,1,24,52,0,-1,2,3,167,61,0,0,5.01,0.39,2.0,199.75000000000009
0,2,0,-2,18,0,1,0,1,30,57,0,-2,2,2,152,49,0,0,5.01,0.39,2.0,200.1210000000001
0,2,0,-4,18,0,0,0,1,60,39,0,-2,0,2,163,23,0,0,5.01,0.39,2.0,200.4920000000001
0,2,0,-4,16,0,0,0,1,72,35,0,-2,3,2,45,-25,0,0,5.01,0.39,2.0,200.8630000000001
0,2,0,-22,-10,0,0,1,1,-140,56,0,0,0,1,-250,44,0,0,5.01,0.41,2.07,201.2480000000001
0,2,0,-17,-5,0,0,1,1,-148,64,0,0,0,1,-248,28,0,0,5.01,0.41,2.07,201.6330000000001
0,2,0,-18,-9,0,0,1,1,-156,69,0,0,0,1,-243,23,0,0,5.01,0.41,2.07,202.0180000000001
0,2,0,-11,-7,0,0,2,1,-174,68,0,0,0,1,-246,35,0,0,5.01,0.41,2.07,202.40300000000008
0,2,0,-9,-6,0,0,2,2,-181,67,0,0,0,1,-248,36,0,0,5.01,0.41,2.07,202.78800000000007
0,2,0,-6,-6,0,0,1,2,-188,65,0,0,0,1,-247,38,0,0,5.01,0.41,2.07,203.17300000000006
0,2,0,-5,-5,0,0,1,2,-193,60,0,0,0,1,-243,48,0,0,5.01,0.41,2.07,203.55800000000005
0,2,0,-4,-1,0,0,1,2,-204,45,0,0,0,1,-246,54,0,0,5.01,0.41,2.07,203.94300000000004
0,2,0,-4,0,0,0,1,2,-207,42,0,0,0,1,-243,65,0,0,5.01,0.41,2.07,204.32800000000003
0,2,0,-2,1,0,0,1,3,-210,41,0,0,0,1,-238,68,0,0,5.01,0.41,2.07,204.71300000000002
0,2,0,-2,1,0,0,1,3,-213,45,0,0,0,1,-234,72,0,0,5.01,0.41,2.07,205.098
0,2,0,0,2,0,0,1,3,-216,54,0,0,0,1,-226,72,0,0,5.01,0.41,2.07,205.483
0,2,0,3,0,0,0,1,3,-214,55,0,0,0,0,-193,58,0,0,5.01,0.41,2.07,205.868
0,2,0,3,0,0,0,1,3,-213,58,0,0,0,0,-181,49,0,0,5.01,0.41,2.07,206.253
0,2,0,4,0,0,0,1,3,-215,65,0,0,0,0,-167,47,0,0,5.01,0.41,2.07,206.63799999999998
0,2,0,-38,3,0,0,0,1,125,-129,0,-1,2,3,186,16,0,0,5.01,0.39,2.0,207.009
0,2,0,-33,3,0,0,0,1,130,-125,0,-2,1,3,216,6,0,0,5.01,0.39,2.0,207.38
0,2,0,-28,3,0,1,0,1,136,-118,0,-1,1,3,202,2,0,0,5.01,0.39,2.0,207.751
0,2,0,-20,11,0,1,0,1,159,-110,0,-1,1,3,206,-30,0,0,5.01,0.39,2.0,208.122
0,2,0,-16,12,0,0,0,1,169,-112,0,-1,1,3,201,-31,0,0,5.01,0.39,2.0,208.49300000000002
0,2,0,-15,14,0,1,0,1,176,-113,0,-1,1,3,206,-45,0,0,5.01,0.39,2.0,208.86400000000003
0,2,0,-13,19,0,1,0,1,183,-113,0,0,0,3,220,-31,0,0,5.01,0.39,2.0,209.23500000000004
0,2,0,-13,24,0,1,0,1,190,-113,0,-1,2,3,169,-69,0,0,5.01,0.39,2.0,209.60600000000005
0,2,0,-8,18,0,0,0,1,206,-130,0,0,0,3,195,7,0,1,5.01,0.39,2.0,209.97700000000006
0,2,0,0,16,0,0,0,1,212,-137,0,0,1,2,180,15,0,1,5.01,0.39,2.0,210.34800000000007
0,2,0,-4,26,0,1,0,1,214,-142,0,-1,2,2,170,-13,0,1,5.01,0.39,2.0,210.71900000000008
0,2,0,-5,29,0,1,0,1,215,-142,0,0,1,2,151,-27,0,1,5.01,0.39,2.0,211.0900000000001
0,2,0,-1,23,0,1,0,2,207,-111,0,0,1,2,114,-14,0,1,5.01,0.39,2.0,211.4610000000001
0,2,0,0,18,0,1,0,2,204,-93,0,0,1,2,103,-10,0,1,5.01,0.39,2.0,211.8320000000001
0,2,0,0,17,0,1,0,2,200,-74,0,0,1,1,90,-8,0,1,5.01,0.39,2.0,212.20300000000012
0,2,0,2,-15,0,1,1,3,-167,24,0,0,0,0,-208,49,0,0,5.01,0.4,2.0,212.5760000000001
0,2,0,4,-14,0,1,1,3,-163,29,0,-1,0,0,-193,34,0,0,5.01,0.4,2.0,212.9490000000001
0,2,0,5,-13,0,1,0,3,-160,35,0,-1,0,1,-174,23,0,0,5.01,0.4,2.0,213.3220000000001
0,2,0,7,-13,0,1,0,3,-155,44,0,-1,0,1,-155,13,0,0,5.01,0.4,2.0,213.69500000000008
0,2,0,9,-12,0,0,0,3,-144,49,0,-1,-1,1,-110,-12,0,0,5.01,0.4,2.0,214.06800000000007
0,2,0,10,-12,0,0,0,3,-141,46,0,-1,-1,1,-96,-19,0,0,5.01,0.4,2.0,214.44100000000006
0,2,0,11,-11,0,0,0,3,-138,43,0,-1,-1,1,-80,-29,0,0,5.01,0.4,2.0,214.81400000000005
0,2,0,12,-11,0,0,0,3,-136,41,0,0,-1,1,-74,-29,0,0,5.01,0.4,2.0,215.18700000000004
0,2,0,14,-10,0,0,0,3,-138,55,0,0,-1,1,-46,-36,0,0,5.01,0.4,2.0,215.56000000000003
0,2,0,14,-10,0,0,0,3,-141,59,0,0,-1,1,-44,-33,0,0,5.01,0.4,2.0,215.93300000000002
0,2,0,14,-11,0,0,0,3,-143,61,0,0,-1,1,-32,-39,0,0,5.01,0.4,2.0,216.306
0,2,0,15,-10,0,0,0,3,-146,64,0,0,-1,1,-31,-40,0,0,5.01,0.4,2.0,216.679
0,2,0,16,-10,0,0,0,3,-146,70,0,0,-1,1,-30,-40,0,0,5.01,0.4,2.0,217.052
0,2,0,18,-10,0,0,0,2,-148,72,0,0,0,1,-26,-46,0,0,5.01,0.4,2.0,217.42499999999998
0,2,0,-9,19,0,0,0,2,151,-99,0,-1,1,2,162,-10,0,1,5.01,0.39,1.98,217.79399999999998
0,2,0,-6,17,0,0,0,1,169,-138,0,-1,1,2,128,-23,0,1,5.01,0.39,1.98,218.16299999999998
0,2,0,-4,12,0,0,0,1,174,-151,0,0,1,2,118,-23,0,1,5.01,0.39,1.98,218.53199999999998
0,2,0,-3,13,0,0,0,1,176,-159,0,0,1,2,108,-24,0,1,5.01,0.39,1.98,218.90099999999998
0,2,0,-2,12,0,0,0,1,177,-160,0,0,1,2,100,-22,0,1,5.01,0.39,1.98,219.26999999999998
0,2,0,0,10,0,1,0,1,173,-140,0,0,1,2,83,-1,0,1,5.01,0.39,1.98,219.63899999999998
0,2,0,1,11,0,1,0,1,169,-130,0,0,1,1,73,6,0,1,5.01,0.39,1.98,220.00799999999998
0,2,0,1,12,0,1,0,2,163,-118,0,0,1,1,63,7,0,1,5.01,0.39,1.98,220.37699999999998
0,2,0,2,13,0,1,0,2,157,-106,0,0,1,1,55,10,0,1,5.01,0.39,1.98,220.74599999999998
0,2,0,5,13,0,1,1,2,135,-73,0,0,1,1,37,0,0,1,5.01,0.39,1.98,221.11499999999998
0,2,0,6,14,0,1,1,2,127,-64,0,0,1,1,23,-8,0,1,5.01,0.39,1.98,221.48399999999998
0,2,0,6,15,0,1,1,3,121,-53,0,0,1,1,11,-20,0,1,5.01,0.39,1.98,221.85299999999998
0,2,0,8,14,0,1,0,3,117,-43,0,0,1,1,0,-27,0,1,5.01,0.39,1.98,222.22199999999998
0,2,0,9,12,0,1,0,3,114,-32,0,0,1,1,-11,-28,0,1,5.01,0.39,1.98,222.59099999999998
0,2,0,12,8,0,1,0,3,113,-12,0,0,1,1,-40,-28,0,1,5.01,0.41,2.07,222.97599999999997
0,2,0,3,-14,0,1,1,3,-138,36,0,-1,0,1,-168,31,0,0,5.01,0.39,1.99,223.34599999999998
0,2,0,2,-12,0,1,1,3,-141,49,0,0,0,1,-141,9,0,0,5.01,0.39,1.99,223.71599999999998
0,2,0,2,-12,0,1,1,3,-139,53,0,0,0,1,-130,6,0,0,5.01,0.39,1.99,224.08599999999998
0,2,0,3,-11,0,1,1,3,-135,55,0,0,0,1,-122,0,0,0,5.01,0.39,1.99,224.456
0,2,0,4,-10,0,1,1,3,-132,57,0,0,0,1,-107,-5,0,0,5.01,0.39,1.99,224.826
0,2,0,6,-7,0,0,1,3,-122,54,0,0,0,1,-73,-15,0,0,5.01,0.39,1.99,225.196
0,2,0,7,-4,0,0,1,3,-119,51,0,0,0,1,-60,-16,0,0,5.01,0.39,1.99,225.566
0,2,0,8,-3,0,0,1,3,-116,47,0,0,0,1,-47,-18,0,0,5.01,0.39,1.99,225.936
0,2,0,9,-1,0,1,0,3,-113,44,0,0,0,1,-37,-21,0,0,5.01,0.39,1.99,226.306
0,2,0,10,0,0,1,0,3,-111,40,0,0,0,1,-28,-25,0,0,5.01,0.39,1.99,226.67600000000002
0,2,0,12,2,0,1,0,2,-104,39,0,0,0,1,-8,-30,0,0,5.01,0.39,1.99,227.04600000000002
0,2,0,14,5,0,1,0,2,-101,41,0,0,0,1,10,-39,0,0,5.01,0.39,1.99,227.78700000000003
0,2,0,15,6,0,1,0,2,-100,43,0,0,0,1,19,-45,0,0,5.01,0.39,1.99,228.15800000000004
0,2,0,17,9,0,0,0,3,-95,50,0,0,0,1,37,-52,0,0,5.01,0.39,1.99,228.52900000000005
0,2,0,-7,18,0,1,0,2,166,-94,0,0,1,1,64,14,0,1,5.02,0.45,2.3,228.95800000000006
0,2,0,-5,17,0,2,0,2,159,-73,0,0,1,1,54,5,0,1,5.02,0.45,2.3,229.38700000000006
0,2,0,-4,17,0,1,0,2,151,-50,0,0,1,1,43,0,0,1,5.02,0.45,2.3,229.81600000000006
0,2,0,0,19,0,1,1,2,125,-14,0,0,1,1,27,-5,0,1,5.02,0.45,2.3,230.24500000000006
0,2,0,-1,22,0,1,1,2,115,-11,0,0,1,1,16,-10,0,1,5.02,0.45,2.3,230.67400000000006
0,2,0,-1,25,0,1,1,2,108,-14,0,0,1,1,3,-15,0,1,5.02,0.45,2.3,231.10300000000007
0,2,0,0,22,0,0,0,2,102,-22,0,0,1,1,-5,-19,0,1,5.02,0.45,2.3,231.53200000000007
0,2,0,4,21,0,1,0,2,96,-43,0,0,1,1,-17,-30,0,1,5.02,0.45,2.3,231.96100000000007
0,2,0,3,20,0,1,0,3,95,-45,0,0,1,1,-24,-34,0,1,5.02,0.45,2.3,232.39000000000007
0,2,0,5,18,0,1,0,3,94,-42,0,0,1,1,-29,-41,0,1,5.02,0.45,2.3,232.81900000000007
0,2,0,6,15,0,1,0,3,95,-34,0,0,1,1,-34,-46,0,1,5.01,0.4,2.0,233.19300000000007
0,2,0,6,13,0,1,0,3,93,-23,0,0,1,1,-40,-46,0,1,5.01,0.4,2.0,233.56700000000006
0,2,0,7,6,0,1,0,2,89,-1,0,0,1,1,-50,-45,0,1,5.01,0.4,2.0,233.94100000000006
0,2,0,7,2,0,0,0,2,85,1,0,0,1,1,-53,-42,0,1,5.01,0.4,2.0,234.31500000000005
0,2,0,9,0,0,0,0,2,81,0,0,0,1,1,-56,-37,0,1,5.01,0.4,2.0,234.68900000000005
0,2,0,20,-6,0,1,1,3,-91,91,0,0,0,1,-35,-42,0,1,5.01,0.39,1.99,235.06000000000006
0,2,0,21,-6,0,1,1,3,-90,90,0,0,0,1,-25,-47,0,1,5.01,0.39,1.99,235.43100000000007
0,2,0,23,-5,0,1,1,3,-88,90,0,0,0,1,-14,-51,0,1,5.01,0.39,1.99,235.80200000000008
0,2,0,24,-4,0,1,1,3,-88,91,0,0,0,1,-4,-52,0,1,5.01,0.39,1.99,236.1730000000001
0,2,0,27,-1,0,1,1,2,-91,92,0,0,0,1,20,-46,0,1,5.01,0.39,1.99,236.5440000000001
0,2,0,27,0,0,1,1,2,-93,90,0,0,0,1,28,-44,0,1,5.01,0.39,1.99,236.9150000000001
0,2,0,27,1,0,1,1,2,-94,85,0,0,0,1,34,-43,0,1,5.01,0.39,1.99,237.28600000000012
0,2,0,26,2,0,0,1,2,-94,80,0,0,0,1,39,-43,0,1,5.01,0.39,1.99,237.65700000000012
0,2,0,24,5,0,1,0,3,-95,78,0,0,0,1,50,-46,0,1,5.01,0.39,1.99,238.02900000000014
0,2,0,23,6,0,1,0,3,-93,83,0,0,0,1,54,-48,0,1,5.01,0.39,1.99,238.40100000000015
0,2,0,22,7,0,1,0,3,-90,87,0,0,0,1,60,-49,0,1,5.01,0.39,1.99,238.77300000000017
0,2,0,21,7,0,1,1,3,-88,88,0,0,0,1,64,-53,0,1,5.01,0.39,1.99,239.14500000000018
0,3,0,16,7,0,1,1,2,-84,79,0,0,0,1,73,-53,0,1,5.01,0.39,1.99,239.5170000000002
0,3,0,14,10,0,1,1,2,-84,74,0,0,0,2,78,-47,0,0,5.01,0.39,1.99,239.8890000000002
0,2,0,11,14,0,1,0,3,98,-10,0,0,1,1,-34,-51,0,0,5.01,0.41,2.06,240.2730000000002
0,2,0,13,13,0,1,0,3,97,6,0,0,1,1,-53,-44,0,0,5.01,0.41,2.06,240.65700000000018
0,2,0,14,11,0,1,0,3,100,7,0,0,1,1,-62,-32,0,0,5.01,0.41,2.06,241.04100000000017
0,2,0,16,9,0,0,0,3,103,5,0,0,1,1,-70,-13,0,0,5.01,0.41,2.06,241.42500000000015
0,2,0,16,7,0,0,0,3,106,2,0,0,1,1,-76,-1,0,0,5.01,0.41,2.06,241.80900000000014
0,2,0,18,2,0,0,0,2,102,-3,0,0,1,2,-85,11,0,0,5.01,0.41,2.06,242.19300000000013
0,2,0,18,0,0,0,0,2,95,-5,0,0,1,2,-89,18,0,0,5.01,0.41,2.06,242.5770000000001
0,2,0,19,0,0,0,0,2,89,-6,0,0,1,1,-96,18,0,0,5.01,0.39,1.98,242.94800000000012
0,2,0,18,-2,0,0,0,2,83,-5,0,0,1,1,-105,20,0,0,5.01,0.39,1.98,243.31900000000013
0,2,0,20,-5,0,0,0,2,62,8,0,0,1,1,-120,8,0,0,5.01,0.39,1.98,243.69000000000014
0,2,0,20,-6,0,0,0,2,57,12,0,0,1,1,-125,6,0,0,5.01,0.39,1.98,244.06100000000015
0,2,0,20,-5,0,0,0,3,45,20,0,0,1,1,-126,-2,0,0,5.01,0.39,1.98,244.43200000000016
0,2,0,19,-4,0,0,1,3,38,22,0,0,1,1,-133,1,0,0,5.01,0.39,1.98,244.80300000000017
0,2,0,16,-4,0,0,0,3,34,25,0,0,1,1,-142,4,0,0,5.01,0.39,1.98,245.17400000000018
0,3,0,12,-9,0,0,0,2,26,22,0,0,1,1,-153,22,0,0,5.01,0.39,1.98,245.5450000000002
0,2,0,6,-3,0,1,0,3,-33,-21,0,0,-1,2,92,47,0,0,5.01,0.4,2.03,245.92400000000018
0,2,0,5,0,0,1,0,3,-12,4,0,0,0,2,109,70,0,0,5.01,0.4,2.03,246.30300000000017
0,2,0,5,1,0,1,0,3,-4,9,0,0,0,2,113,79,0,0,5.01,0.4,2.03,246.68200000000016
0,2,0,6,1,0,1,0,3,4,9,0,0,0,2,117,87,0,0,5.01,0.4,2.03,247.06100000000015
0,2,0,6,2,0,0,0,3,13,7,0,0,0,2,124,90,0,0,5.01,0.4,2.03,247.44000000000014
0,2,0,6,6,0,0,0,3,34,-10,0,0,0,1,138,88,0,0,5.01,0.39,1.99,247.81200000000015
0,2,0,6,7,0,1,0,3,43,-15,0,0,0,1,143,86,0,0,5.01,0.39,1.99,248.18400000000017
0,2,0,5,9,0,0,0,3,48,-22,0,-1,0,1,150,82,0,0,5.01,0.39,1.99,248.55600000000018
0,2,0,4,11,0,1,0,2,58,-20,0,-1,0,2,154,87,0,1,5.01,0.39,1.99,248.9280000000002
0,2,0,3,12,0,0,0,2,65,-22,0,-1,0,2,158,88,0,1,5.01,0.39,1.99,249.3000000000002
0,3,0,0,15,0,0,0,2,74,-28,0,-1,0,2,166,77,0,1,5.01,0.39,1.99,249.67200000000022
0,3,0,-1,16,0,0,0,2,80,-39,0,-1,0,2,169,79,0,1,5.01,0.39,1.99,250.04400000000024
0,3,0,-3,16,0,0,0,2,84,-43,0,0,0,3,183,96,0,1,5.01,0.39,1.99,250.41600000000025
0,3,0,-5,18,0,0,0,2,84,-51,0,-1,0,2,189,100,0,1,5.01,0.39,1.99,250.78800000000027
0,3,0,-11,19,0,0,0,2,98,-67,0,-1,0,2,162,93,0,1,5.01,0.39,1.99,251.16000000000028
0,2,0,14,-5,0,0,0,2,15,56,0,0,1,1,-158,-3,0,0,5.01,0.39,2.0,251.53300000000027
0,2,0,16,-10,0,0,1,2,-1,42,0,0,1,2,-153,4,0,0,5.01,0.39,2.0,251.90600000000026
0,2,0,16,-12,0,0,1,2,-1,58,0,0,0,2,-151,7,0,0,5.01,0.39,2.0,252.27900000000025
0,2,0,16,-15,0,0,1,2,-20,37,0,0,0,2,-152,10,0,0,5.01,0.39,1.99,252.65200000000024
0,2,0,17,-18,0,0,2,2,-33,26,0,0,1,2,-152,9,0,0,5.01,0.39,1.99,253.02500000000023
0,2,0,18,-16,0,0,1,2,-37,37,0,0,1,2,-148,5,0,0,5.01,0.39,1.99,253.39800000000022
0,2,0,20,-19,0,0,1,2,-60,47,0,0,1,2,-142,-13,0,0,5.01,0.39,1.99,253.7710000000002
0,2,0,20,-19,0,0,1,2,-68,50,0,0,1,2,-142,-25,0,0,5.01,0.39,1.99,254.1440000000002
0,2,0,21,-20,0,0,1,2,-76,53,0,0,1,2,-144,-31,0,0,5.01,0.39,1.99,254.5170000000002
0,2,0,21,-21,0,0,1,2,-82,53,0,0,1,2,-144,-36,0,0,5.01,0.39,1.99,254.89000000000019
0,2,0,19,-24,0,0,1,2,-96,48,0,0,1,1,-152,-51,0,0,5.01,0.39,1.99,255.26300000000018
0,3,0,17,-26,0,0,1,2,-100,46,0,0,1,2,-158,-54,0,0,5.01,0.39,1.99,255.63600000000017
0,3,0,16,-26,0,0,1,2,-105,45,0,0,1,2,-162,-52,0,0,5.01,0.39,1.99,256.0090000000002
0,3,0,15,-27,0,0,1,2,-111,44,0,0,1,2,-165,-51,0,0,5.01,0.39,1.99,256.3820000000002
0,3,0,10,-30,0,0,1,2,-126,41,0,0,0,2,-177,-59,0,0,5.01,0.39,1.99,256.75500000000017
0,2,0,6,4,0,0,-1,3,-36,-144,0,-1,1,3,230,250,0,0,5.01,0.4,2.0,257.13000000000017
0,2,0,7,2,0,0,-1,3,-29,-136,0,-1,0,3,226,250,0,0,5.01,0.41,2.05,257.5140000000002
0,2,0,7,-2,0,1,-1,3,-15,-113,0,-2,1,3,215,231,0,0,5.01,0.41,2.05,257.8980000000002
0,2,0,7,-3,0,1,-1,2,-8,-103,0,-2,1,2,210,215,0,0,5.01,0.41,2.05,258.2820000000002
0,2,0,5,-3,0,1,-1,2,-3,-91,0,-2,1,3,212,229,0,0,5.01,0.41,2.05,258.6660000000002
0,3,0,3,-1,0,1,-1,2,0,-75,0,-2,1,2,216,207,0,0,5.01,0.41,2.05,259.05000000000024
0,3,0,-1,0,0,1,-1,2,21,-38,0,-2,1,2,204,166,0,0,5.01,0.41,2.05,259.43400000000025
0,3,0,-3,0,0,1,-1,2,30,-26,0,-3,1,2,208,149,0,0,5.01,0.41,2.05,259.81800000000027
0,3,0,-5,1,0,1,-1,2,45,-14,0,-2,1,2,217,128,0,0,5.01,0.41,2.05,260.2020000000003
0,3,0,-7,5,0,1,-1,2,58,-5,0,-3,2,2,222,127,0,0,5.01,0.41,2.05,260.5860000000003
0,3,0,-22,15,0,1,-1,2,91,12,0,-3,1,2,209,66,0,0,5.01,0.41,2.05,260.9700000000003
0,3,0,-27,20,0,1,-1,1,101,20,0,-3,1,1,174,57,0,0,5.01,0.41,2.05,261.3540000000003
0,3,0,-32,23,0,1,-1,1,109,27,0,-3,1,0,83,40,0,0,5.01,0.41,2.05,261.73800000000034
0,2,0,-33,21,0,0,-1,1,119,35,0,-5,3,5,180,56,0,0,5.01,0.41,2.05,262.12200000000036
0,2,0,-35,24,0,0,-1,1,124,32,0,-1,1,0,119,40,0,0,5.01,0.41,2.05,262.50600000000037
0,2,0,16,-16,0,0,1,2,-40,93,0,0,0,1,-152,-57,0,0,5.01,0.39,1.98,262.87700000000035
0,2,0,17,-16,0,0,1,2,-50,98,0,0,1,1,-150,-57,0,0,5.01,0.39,1.98,263.24800000000033
0,2,0,17,-19,0,0,1,2,-73,98,0,0,0,1,-146,-56,0,0,5.01,0.39,1.98,263.6190000000003
0,2,0,17,-19,0,0,1,2,-79,97,0,0,0,1,-147,-52,0,0,5.01,0.39,1.98,263.9900000000003
0,2,0,15,-18,0,0,2,0,-85,114,0,0,0,1,-156,-49,0,0,5.01,0.39,1.98,264.3610000000003
0,2,0,15,-18,0,0,1,2,-91,83,0,0,0,2,-161,-46,0,0,5.01,0.39,1.98,264.73200000000026
0,2,0,13,-17,0,0,1,2,-107,81,0,0,0,2,-167,-51,0,0,5.01,0.39,1.98,265.10300000000024
0,3,0,11,-18,0,0,1,2,-117,79,0,0,0,2,-172,-60,0,0,5.01,0.39,1.98,265.4740000000002
0,3,0,11,-19,0,0,1,2,-125,80,0,0,0,2,-175,-67,0,0,5.01,0.39,1.98,265.8450000000002
0,3,0,9,-19,0,0,1,3,-137,82,0,0,0,2,-180,-73,0,0,5.01,0.39,1.98,266.2160000000002
0,3,0,6,-19,0,0,1,3,-147,85,0,0,0,2,-183,-75,0,0,5.01,0.39,1.98,266.58700000000016
0,3,0,3,-20,0,0,1,3,-157,88,0,0,0,2,-186,-73,0,0,5.01,0.39,1.98,266.95800000000014
0,3,0,-3,-23,0,0,1,2,-171,84,0,0,0,2,-183,-61,0,0,5.01,0.39,1.98,267.3290000000001
0,2,0,15,9,0,0,0,2,-41,-61,0,-1,0,3,187,123,0,0,5.02,0.43,2.2,267.7410000000001
0,2,0,13,7,0,0,0,2,-38,-74,0,-1,0,2,194,124,0,0,5.02,0.43,2.2,268.1530000000001
0,2,0,15,13,0,0,0,2,-2,-120,0,-1,0,3,216,136,0,0,5.02,0.43,2.2,268.56500000000005
0,2,0,14,12,0,0,0,2,3,-130,0,-1,0,3,220,126,0,0,5.02,0.43,2.2,268.97700000000003
0,2,0,14,14,0,0,0,2,4,-135,0,-1,0,2,215,115,0,0,5.02,0.43,2.2,269.389
0,2,0,13,14,0,0,0,2,13,-130,0,-2,0,3,214,109,0,0,5.02,0.43,2.2,269.801
0,3,0,7,19,0,0,0,3,27,-117,0,-2,1,2,232,65,0,0,5.02,0.43,2.2,270.21299999999997
0,3,0,4,19,0,0,0,3,45,-120,0,-1,1,3,230,93,0,0,5.02,0.43,2.2,270.62499999999994
0,3,0,0,21,0,0,0,3,42,-116,0,-1,0,3,217,78,0,0,5.02,0.43,2.2,271.0369999999999
0,3,0,1,23,0,0,0,3,42,-97,0,-1,1,3,208,86,0,0,5.02,0.43,2.2,271.4489999999999
0,3,0,-1,21,0,1,-1,3,27,-98,0,-1,1,3,211,77,0,0,5.02,0.43,2.2,271.8609999999999
0,3,0,-8,19,0,0,0,3,37,-69,0,-1,1,3,222,111,0,0,5.02,0.43,2.2,272.27299999999985
0,3,0,-11,16,0,0,0,3,32,-70,0,-1,1,2,223,123,0,0,5.02,0.43,2.2,272.68499999999983
0,3,0,-14,16,0,0,0,3,28,-71,0,-1,1,2,223,126,0,0,5.02,0.43,2.2,273.0969999999998
0,3,0,-17,17,0,0,0,3,24,-80,0,-1,1,2,225,128,0,0,5.02,0.43,2.2,273.5089999999998
0,2,0,12,-6,0,0,1,2,16,52,0,0,1,1,-187,-11,0,0,5.01,0.39,1.98,273.8809999999998
0,2,0,13,-8,0,0,1,2,13,48,0,0,1,1,-189,-14,0,0,5.01,0.39,1.98,274.2529999999998
0,2,0,14,-10,0,0,1,2,7,46,0,0,1,1,-188,-23,0,0,5.01,0.39,1.98,274.62499999999983
0,2,0,17,-13,0,0,1,2,-7,48,0,0,1,1,-195,-41,0,0,5.01,0.39,1.98,274.99699999999984
0,2,0,18,-13,0,0,1,2,-12,49,0,0,1,1,-199,-50,0,0,5.01,0.39,1.98,275.36899999999986
0,2,0,19,-14,0,0,1,2,-15,46,0,0,1,1,-202,-57,0,0,5.01,0.39,1.98,275.7409999999999
0,2,0,19,-14,0,0,1,2,-17,45,0,0,0,1,-204,-63,0,0,5.01,0.39,1.98,276.1129999999999
0,2,0,19,-15,0,0,1,2,-27,43,0,0,0,1,-208,-62,0,0,5.01,0.39,1.98,276.4849999999999
0,2,0,18,-15,0,0,1,1,-30,46,0,0,0,1,-211,-64,0,0,5.01,0.39,1.98,276.8569999999999
0,3,0,16,-14,0,0,1,2,-37,41,0,0,0,1,-212,-61,0,0,5.01,0.39,1.98,277.2289999999999
0,3,0,14,-15,0,0,1,2,-43,39,0,0,0,1,-209,-65,0,0,5.01,0.39,1.98,277.60099999999994
0,2,0,9,-12,0,0,1,2,-59,51,0,0,0,1,-211,-49,0,0,5.01,0.39,1.98,277.97299999999996
0,2,0,8,-10,0,0,1,2,-66,52,0,0,0,1,-207,-54,0,0,5.01,0.39,1.98,278.34499999999997
0,2,0,5,-11,0,0,1,2,-73,52,0,0,0,1,-203,-57,0,0,5.01,0.39,1.98,278.717
0,2,0,4,-10,0,0,1,2,-81,52,0,0,0,1,-198,-57,0,0,5.01,0.39,1.98,279.089
0,3,0,5,8,0,1,0,2,-24,-70,0,-2,0,2,213,195,0,0,5.01,0.4,2.01,279.466
0,3,0,4,7,0,1,0,2,-17,-65,0,-2,1,1,209,193,0,0,5.01,0.4,2.01,279.843
0,3,0,0,5,0,1,-1,1,12,-48,0,-2,1,1,204,164,0,0,5.01,0.4,2.01,280.22
0,3,0,-3,4,0,1,0,2,28,-39,0,-3,1,3,242,167,0,0,5.01,0.4,2.01,280.59700000000004
0,3,0,-7,5,0,1,0,2,39,-34,0,-2,2,0,200,123,0,0,5.01,0.4,2.01,280.97400000000005
0,3,0,-10,4,0,1,0,2,47,-18,0,-2,1,3,248,125,0,0,5.01,0.4,2.01,281.35100000000006
0,3,0,-21,7,0,0,0,1,66,3,0,-2,1,1,221,125,0,0,5.01,0.4,2.01,281.72800000000007
0,2,0,-26,9,0,0,0,2,73,2,0,-2,1,2,213,111,0,0,5.01,0.4,2.01,282.1050000000001
0,2,0,-29,9,0,0,0,2,79,-1,0,-1,1,2,209,106,0,0,5.01,0.4,2.01,282.4820000000001
0,2,0,-33,12,0,0,0,2,84,-9,0,-2,1,2,205,77,0,0,5.01,0.4,2.01,282.8590000000001
0,2,0,-37,13,0,0,0,2,98,-18,0,-2,2,2,181,39,0,0,5.01,0.4,2.01,283.2360000000001
0,2,0,-35,13,0,0,0,2,103,-14,0,-2,1,1,173,22,0,0,5.01,0.4,2.01,283.6130000000001
0,2,0,-34,11,0,1,0,2,109,-6,0,-2,1,1,146,1,0,0,5.01,0.4,2.01,283.9900000000001
0,2,0,-31,8,0,0,0,1,113,0,0,-2,2,1,154,-18,0,0,5.01,0.4,2.01,284.36700000000013
0,2,0,-29,3,0,0,0,1,117,6,0,-1,1,2,189,14,0,0,5.01,0.4,2.01,284.74400000000014
0,2,0,21,-21,0,0,1,2,-97,34,0,0,0,1,-153,-8,0,0,5.01,0.39,2.0,285.1200000000001
0,2,0,21,-21,0,0,1,2,-101,33,0,0,0,1,-155,-8,0,0,5.01,0.39,2.0,285.4960000000001
0,3,0,17,-22,0,0,1,2,-109,31,0,0,0,1,-163,-27,0,0,5.01,0.39,2.0,285.87200000000007
0,3,0,15,-23,0,0,1,2,-112,28,0,0,0,1,-168,-30,0,0,5.01,0.39,2.0,286.24800000000005
0,3,0,13,-25,0,0,1,2,-112,22,0,0,0,1,-175,-34,0,0,5.01,0.39,2.0,286.624
0,3,0,11,-26,0,0,1,2,-117,16,0,0,0,1,-182,-38,0,0,5.01,0.39,2.0,287.0
0,3,0,4,-30,0,0,1,2,-125,8,0,0,0,1,-198,-33,0,0,5.01,0.39,2.0,287.376
0,3,0,2,-29,0,0,1,2,-128,7,0,0,0,1,-204,-33,0,0,5.01,0.39,2.0,287.75199999999995
0,3,0,0,-30,0,0,1,2,-133,12,0,0,0,1,-208,-32,0,0,5.01,0.39,2.0,288.12799999999993
0,2,0,-3,-30,0,0,1,2,-137,18,0,0,0,1,-213,-26,0,0,5.01,0.39,2.0,288.5039999999999
0,2,0,-5,-31,0,0,1,2,-139,21,0,0,0,1,-216,-18,0,0,5.01,0.39,2.0,288.8799999999999
0,2,0,-7,-30,0,0,1,2,-147,23,0,0,0,1,-216,7,0,0,5.01,0.39,2.0,289.25599999999986
0,2,0,-7,-31,0,0,1,2,-151,24,0,0,0,1,-211,14,0,0,5.01,0.39,2.0,289.63199999999983
0,2,0,-7,-28,0,0,1,2,-152,21,0,0,0,0,-198,18,0,0,5.01,0.39,2.0,290.0079999999998
0,2,0,-9,-25,0,0,1,2,-149,14,0,0,0,0,-183,23,0,0,5.01,0.42,2.13,290.4079999999998
0,2,0,-10,11,0,1,0,1,42,-48,0,-1,1,1,109,0,0,0,5.01,0.39,1.98,290.7809999999998
0,2,0,-15,12,0,1,0,1,45,-33,0,-2,3,1,125,33,0,0,5.01,0.39,1.98,291.15399999999977
0,2,0,-21,17,0,0,0,2,63,-48,0,0,0,1,205,55,0,0,5.01,0.39,1.98,291.52699999999976
0,2,0,-30,25,0,1,0,2,71,-65,0,0,4,0,109,46,0,0,5.01,0.39,1.98,291.89999999999975
-1,2,0,-21,10,0,1,0,2,80,-72,0,-1,5,0,32,19,0,0,5.01,0.39,1.98,292.27299999999974
-1,2,0,-12,-1,0,1,0,2,86,-72,0,-1,3,1,2,-27,0,0,5.01,0.39,1.98,292.64599999999973
0,2,0,-12,0,0,1,0,2,93,-68,0,-1,1,1,-8,-52,0,0,5.01,0.39,1.98,293.0189999999997
0,2,0,-31,25,0,1,0,2,97,-55,0,0,2,1,-23,-26,0,0,5.01,0.39,1.98,293.3919999999997
0,2,0,-20,19,0,1,0,3,97,-48,0,0,2,1,10,-28,0,0,5.01,0.39,1.98,293.7649999999997
0,2,0,-15,2,0,1,0,3,99,-41,0,-1,2,1,25,-38,0,0,5.01,0.39,1.98,294.1379999999997
0,2,0,-13,4,0,1,0,3,102,-40,0,-1,2,1,18,-40,0,0,5.01,0.39,1.98,294.5109999999997
0,1,0,-18,18,0,2,0,3,111,-17,0,-1,1,1,-11,-39,0,0,5.01,0.39,1.98,294.8839999999997
0,1,0,-16,19,0,1,0,3,109,-6,0,0,2,1,-23,-34,0,0,5.01,0.39,1.99,295.2579999999997
0,1,0,-14,19,0,1,0,3,107,1,0,0,2,1,-35,-21,0,0,5.01,0.39,1.99,295.6319999999997
0,1,0,-15,23,0,1,0,3,106,8,0,0,2,1,-44,-16,0,0,5.01,0.39,1.99,296.00599999999974
0,2,0,-3,-4,0,0,0,2,-113,6,0,0,0,1,-133,0,0,0,5.01,0.41,2.07,296.39499999999975
0,2,0,-7,-11,0,0,0,2,-115,4,0,0,0,1,-133,5,0,0,5.01,0.41,2.07,296.78399999999976
0,2,0,-6,-10,0,0,0,2,-117,2,0,0,0,1,-136,10,0,0,5.01,0.41,2.07,297.1729999999998
0,2,0,-7,-13,0,0,0,2,-121,0,0,0,0,1,-137,20,0,0,5.01,0.41,2.07,297.5619999999998
0,2,0,-9,-14,0,0,0,2,-121,-1,0,0,0,1,-137,23,0,0,5.01,0.41,2.07,297.9509999999998
0,2,0,-10,-14,0,0,0,2,-122,-4,0,0,0,1,-136,23,0,0,5.01,0.41,2.07,298.3399999999998
0,2,0,-11,-14,0,0,0,2,-121,-7,0,0,0,1,-133,23,0,0,5.01,0.41,2.07,298.7289999999998
0,2,0,-18,-11,0,0,0,2,-117,-14,0,0,0,1,-125,27,0,0,5.01,0.41,2.07,299.1179999999998
0,2,0,-21,-8,0,0,0,2,-120,-12,0,0,0,1,-119,28,0,0,5.01,0.41,2.07,299.50699999999983
0,2,0,-22,-6,0,0,0,2,-118,-17,0,0,0,1,-114,27,0,0,5.01,0.41,2.07,299.89599999999984
0,2,0,-25,-5,0,0,0,2,-117,-25,0,0,0,1,-111,30,0,0,5.01,0.39,2.0,300.2719999999998
0,2,0,-27,-7,0,0,0,2,-111,-33,0,0,0,1,-101,46,0,0,5.01,0.39,2.0,300.6479999999998
0,2,0,-24,-5,0,0,0,2,-112,-32,0,0,0,1,-92,49,0,0,5.01,0.39,2.0,301.0239999999998
0,2,0,-24,-8,0,0,0,2,-111,-35,0,0,0,1,-84,54,0,0,5.01,0.39,2.0,301.39999999999975
0,2,0,-23,-13,0,0,0,3,-111,-36,0,0,0,1,-77,58,0,0,5.01,0.39,2.0,301.7759999999997
0,2,0,-22,11,0,1,0,1,131,-23,0,-2,1,0,55,-60,0,0,5.01,0.4,2.01,302.1539999999997
0,2,0,-23,11,0,1,0,2,130,-23,0,-2,2,0,55,-61,0,0,5.01,0.4,2.01,302.5319999999997
0,2,0,-25,13,0,1,0,2,130,-19,0,-1,2,0,65,-60,0,0,5.01,0.4,2.01,302.9099999999997
0,2,0,-28,8,0,1,0,1,125,-6,0,-2,1,0,48,-60,0,0,5.01,0.4,2.01,303.28799999999967
0,2,0,-28,10,0,1,0,1,124,-1,0,-1,1,0,32,-53,0,0,5.01,0.4,2.01,303.66599999999966
0,2,0,-28,15,0,1,0,1,122,0,0,-1,2,0,23,-27,0,0,5.01,0.4,2.01,304.04399999999964
0,2,0,-29,19,0,1,0,1,124,0,0,-1,1,0,6,-59,0,0,5.01,0.4,2.01,304.4219999999996
0,2,0,-29,24,0,0,0,1,118,-13,0,-1,1,0,-21,-65,0,0,5.01,0.4,2.01,304.7999999999996
0,2,0,-29,26,0,0,0,1,115,-18,0,-1,1,0,-30,-72,0,0,5.01,0.39,1.98,305.1729999999996
0,2,0,-29,28,0,1,0,2,117,-24,0,-1,1,0,-38,-80,0,0,5.01,0.39,1.98,305.5459999999996
0,2,0,-28,28,0,1,0,2,117,-29,0,-1,1,0,-53,-80,0,0,5.01,0.39,1.98,305.9189999999996
0,2,0,-29,29,0,1,0,2,118,-30,0,-1,1,0,-69,-83,0,0,5.01,0.39,1.98,306.2919999999996
0,2,0,-26,26,0,1,0,2,121,-20,0,-1,2,0,-83,-93,0,0,5.01,0.39,1.98,306.66499999999957
0,2,0,-24,24,0,1,0,2,122,-11,0,-1,2,0,-92,-95,0,0,5.01,0.39,1.98,307.03799999999956
0,2,0,-3,-13,0,0,0,2,-132,39,0,0,0,2,-100,5,0,0,5.01,0.39,1.99,307.4119999999996
0,2,0,-4,-12,0,0,0,2,-135,37,0,0,0,2,-102,9,0,0,5.01,0.39,1.99,307.7859999999996
0,2,0,-7,-6,0,0,1,2,-144,34,0,0,0,2,-102,10,0,0,5.01,0.39,1.99,308.1599999999996
0,2,0,-8,-4,0,0,1,2,-147,34,0,0,0,2,-103,11,0,0,5.01,0.39,1.99,308.53399999999965
0,2,0,-8,-3,0,0,1,2,-150,35,0,0,0,2,-112,15,0,0,5.01,0.39,1.99,308.9079999999997
0,2,0,-8,-5,0,0,1,2,-153,37,0,0,0,2,-119,24,0,0,5.01,0.39,1.99,309.2819999999997
0,2,0,-5,-5,0,0,1,2,-161,43,0,0,0,1,-121,26,0,0,5.01,0.39,1.99,309.6559999999997
0,2,0,-2,-9,0,0,1,2,-163,46,0,0,0,1,-120,21,0,0,5.01,0.39,1.99,310.0309999999997
0,2,0,-4,-6,0,0,0,2,-164,50,0,0,0,1,-119,17,0,0,5.01,0.39,1.99,310.4059999999997
0,2,0,-2,-10,0,0,0,2,-165,52,0,0,0,1,-117,14,0,0,5.01,0.39,1.99,310.7809999999997
0,2,0,-3,-8,0,0,0,2,-165,54,0,0,0,1,-116,10,0,0,5.01,0.39,1.99,311.1559999999997
0,2,0,0,-7,0,0,0,2,-162,51,0,0,0,1,-107,4,0,0,5.01,0.39,1.99,311.5309999999997
0,2,0,0,-7,0,0,1,2,-161,46,0,0,0,1,-103,4,0,0,5.01,0.39,1.99,311.9059999999997
0,3,0,0,-5,0,0,1,2,-159,42,0,0,0,1,-98,6,0,0,5.01,0.39,1.99,312.2809999999997
0,3,0,-2,-5,0,0,1,2,-160,46,0,0,0,1,-92,7,0,0,5.01,0.39,1.99,312.6559999999997
0,1,0,-37,7,0,0,-1,2,135,-25,0,-1,2,2,149,-14,0,0,5.01,0.39,1.99,313.0319999999997
0,1,0,-38,9,0,0,-1,1,140,-35,0,-1,2,2,142,-27,0,0,5.01,0.39,1.99,313.4079999999997
0,2,0,-33,17,0,0,0,1,153,-61,0,-1,1,1,151,-10,0,0,5.01,0.39,1.99,313.78399999999965
0,2,0,-32,21,0,0,0,1,155,-63,0,0,1,1,123,7,0,0,5.01,0.39,1.99,314.1599999999996
0,2,0,-30,18,0,1,0,2,157,-63,0,-1,2,0,94,-24,0,0,5.01,0.39,1.99,314.5359999999996
0,2,0,-21,13,0,1,0,1,159,-36,0,0,2,1,59,-51,0,0,5.01,0.4,2.05,314.9229999999996
0,3,0,-21,17,0,1,0,1,159,-20,0,-1,2,1,40,-60,0,0,5.01,0.4,2.05,315.3099999999996
0,3,0,-21,17,0,1,0,1,158,-7,0,-1,2,1,28,-74,0,0,5.01,0.4,2.05,315.6969999999996
0,3,0,-20,16,0,0,0,1,154,1,0,-1,2,1,29,-69,0,0,5.01,0.4,2.05,316.0839999999996
0,3,0,-17,13,0,0,0,2,150,6,0,0,2,1,21,-95,0,0,5.01,0.4,2.05,316.4709999999996
0,2,0,-14,9,0,0,0,2,149,-2,0,0,2,1,-5,-86,0,0,5.01,0.4,2.05,316.8579999999996
0,2,0,-12,11,0,0,0,2,153,-10,0,0,2,1,-15,-87,0,0,5.01,0.4,2.05,317.2449999999996
0,2,0,-10,12,0,0,0,2,157,-20,0,0,2,1,-15,-84,0,0,5.01,0.4,2.05,317.6319999999996
0,2,0,-9,11,0,0,0,2,162,-28,0,0,2,1,-18,-76,0,0,5.01,0.4,2.05,318.0189999999996
0,2,0,-6,9,0,1,0,2,166,-32,0,0,2,1,-29,-52,0,0,5.01,0.4,2.05,318.4059999999996
0,1,0,-10,-18,0,0,1,3,-185,21,0,0,0,1,-82,29,0,0,5.01,0.4,2.01,318.7859999999996
0,2,0,-7,-20,0,0,1,2,-180,29,0,0,0,1,-60,23,0,0,5.01,0.4,2.01,319.1659999999996
0,2,0,-5,-20,0,0,1,2,-177,27,0,0,0,1,-50,23,0,0,5.01,0.4,2.01,319.5459999999996
0,2,0,-4,-22,0,0,1,2,-174,26,0,0,0,1,-41,26,0,0,5.01,0.4,2.01,319.9249999999996
0,2,0,-3,-21,0,0,1,2,-171,25,0,0,0,1,-36,29,0,0,5.01,0.4,2.01,320.30399999999963
0,2,0,-2,-21,0,0,1,2,-169,20,0,0,0,1,-34,37,0,0,5.01,0.4,2.01,320.68299999999965
0,3,0,0,-17,0,0,1,2,-169,5,0,0,0,1,-26,39,0,0,5.01,0.4,2.01,321.06199999999967
0,3,0,0,-17,0,0,1,2,-164,-3,0,0,0,1,-15,39,0,0,5.01,0.4,2.01,321.4409999999997
0,3,0,0,-16,0,0,1,2,-159,-12,0,0,0,1,-2,42,0,0,5.01,0.4,2.01,321.8199999999997
0,3,0,-1,-14,0,0,1,3,-156,-14,0,0,0,1,9,42,0,0,5.01,0.4,2.01,322.1989999999997
0,3,0,-5,-8,0,0,0,3,-150,-6,0,0,0,2,36,50,0,0,5.01,0.4,2.01,322.57799999999975
0,3,0,-5,-6,0,0,0,3,-149,-5,0,0,0,2,49,57,0,0,5.01,0.4,2.01,322.95699999999977
0,3,0,-4,-4,0,0,0,3,-144,-3,0,0,0,2,61,63,0,0,5.01,0.4,2.01,323.3359999999998
0,3,0,-3,-4,0,0,0,3,-140,0,0,0,0,2,70,66,0,0,5.01,0.4,2.01,323.7149999999998
0,2,0,-1,-4,0,0,0,3,-131,3,0,0,0,2,77,73,0,0,5.01,0.4,2.01,324.0939999999998
0,3,0,-22,10,0,0,0,2,79,-16,0,0,2,0,-46,-86,0,0,5.01,0.4,2.02,324.4749999999998
0,3,0,-23,11,0,0,0,2,83,-20,0,0,2,0,-51,-77,0,0,5.01,0.41,2.05,324.8629999999998
-1,3,0,-24,7,0,0,0,2,92,-13,0,0,2,0,-64,-56,0,0,5.01,0.41,2.05,325.25099999999975
-1,3,0,-24,3,0,0,0,2,95,-7,0,0,2,0,-69,-51,0,0,5.01,0.41,2.05,325.6389999999997
-1,3,0,-23,-3,0,0,0,2,98,0,0,0,2,1,-76,-45,0,0,5.01,0.41,2.05,326.0269999999997
-1,3,0,-21,-7,0,0,0,2,98,4,0,0,2,1,-83,-38,0,0,5.01,0.41,2.05,326.4149999999997
0,2,0,-16,-10,0,0,0,2,109,16,0,0,2,1,-106,-27,0,0,5.01,0.41,2.05,326.80299999999966
0,2,0,-12,-10,0,0,0,2,116,16,0,0,2,1,-118,-28,0,0,5.01,0.41,2.05,327.19099999999963
0,2,0,-9,-8,0,0,0,2,123,14,0,0,2,1,-120,-33,0,0,5.01,0.41,2.05,327.5789999999996
0,2,0,-7,-5,0,0,0,2,130,12,0,0,2,1,-133,-36,0,0,5.01,0.41,2.05,327.9669999999996
0,2,0,0,2,0,0,0,3,135,8,0,0,2,1,-136,-27,0,0,5.01,0.41,2.05,328.35499999999956
0,2,0,2,5,0,0,0,2,135,6,0,0,2,1,-137,-18,0,0,5.01,0.41,2.05,328.74299999999954
0,2,0,3,6,0,1,0,2,138,9,0,0,2,1,-140,-6,0,0,5.01,0.41,2.05,329.1309999999995
0,2,0,3,7,0,0,0,2,136,5,0,0,2,1,-136,7,0,0,5.01,0.41,2.05,329.5189999999995
0,2,0,4,7,0,0,0,2,139,9,0,0,2,1,-131,26,0,0,5.01,0.41,2.05,329.90699999999947
0,2,0,-10,-12,0,1,1,2,-222,-59,0,0,-1,1,-53,99,0,0,5.01,0.39,1.99,330.28299999999945
0,2,0,-9,-11,0,1,1,2,-223,-55,0,0,-1,1,-47,103,0,0,5.01,0.39,1.99,330.6589999999994
0,2,0,-6,-9,0,1,0,2,-216,-48,0,0,-1,1,-23,109,0,0,5.01,0.39,1.99,331.0349999999994
0,3,0,-4,-9,0,0,0,2,-211,-51,0,0,-1,1,-12,108,0,0,5.01,0.39,1.99,331.4109999999994
0,3,0,-2,-9,0,0,0,2,-205,-56,0,-1,-1,1,0,107,0,0,5.01,0.39,1.99,331.78699999999935
0,3,0,-2,-8,0,0,0,2,-190,-66,0,-1,-1,1,14,102,0,0,5.01,0.39,1.99,332.16299999999933
0,3,0,-3,-8,0,0,0,2,-176,-81,0,-1,-1,1,53,89,0,0,5.01,0.39,1.99,332.5389999999993
0,3,0,-4,-8,0,1,0,3,-168,-85,0,-1,-1,1,67,88,0,0,5.01,0.39,1.99,332.9149999999993
0,2,0,-6,-7,0,1,0,3,-160,-85,0,-1,-1,1,83,88,0,0,5.01,0.39,1.99,333.29099999999926
0,2,0,-9,-5,0,1,0,3,-154,-83,0,0,-1,1,97,88,0,0,5.01,0.39,1.99,333.66699999999923
0,2,0,-10,-5,0,1,0,3,-146,-75,0,0,-1,1,111,92,0,0,5.01,0.39,1.99,334.0429999999992
0,2,0,-12,4,0,1,0,3,-132,-58,0,0,0,1,140,105,0,0,5.01,0.39,1.99,334.4189999999992
0,2,0,-13,5,0,1,0,3,-122,-43,0,-1,0,1,151,105,0,0,5.01,0.39,1.99,334.79499999999916
0,2,0,-13,7,0,1,0,3,-118,-36,0,-1,0,1,160,100,0,0,5.01,0.39,1.99,335.17099999999914
0,2,0,-12,9,0,1,0,3,-110,-30,0,-1,0,1,172,92,0,0,5.01,0.39,1.99,335.5469999999991
0,2,0,-12,18,0,0,0,2,180,15,0,0,2,0,-41,-93,0,0,5.01,0.41,2.08,335.9399999999991
0,2,0,-11,18,0,0,0,2,181,5,0,0,2,0,-49,-82,0,0,5.01,0.41,2.08,336.33299999999906
0,2,0,-10,12,0,1,0,3,173,0,0,0,2,0,-70,-52,0,0,5.01,0.41,2.08,336.72599999999903
0,2,0,-8,14,0,0,0,3,171,4,0,0,2,0,-78,-59,0,0,5.01,0.41,2.08,337.118999999999
0,2,0,-8,13,0,1,0,3,172,17,0,0,2,0,-88,-61,0,0,5.01,0.41,2.08,337.511999999999
0,2,0,-8,11,0,1,0,3,171,15,0,0,2,0,-100,-60,0,0,5.01,0.41,2.08,337.90499999999895
0,2,0,-8,10,0,0,0,3,165,16,0,0,2,0,-115,-58,0,0,5.01,0.41,2.08,338.2979999999989
0,2,0,-7,7,0,1,0,2,157,30,0,0,2,0,-136,-72,0,0,5.01,0.41,2.08,338.6909999999989
0,2,0,-6,5,0,1,0,2,157,32,0,0,2,0,-148,-73,0,0,5.01,0.41,2.08,339.08399999999887
0,2,0,-5,3,0,0,0,2,159,33,0,0,2,0,-156,-67,0,0,5.01,0.41,2.08,339.47699999999884
0,2,0,-5,3,0,0,0,2,159,21,0,0,2,0,-168,-64,0,0,5.01,0.41,2.08,339.8699999999988
0,2,0,-3,2,0,0,0,3,165,16,0,0,2,1,-172,-24,0,0,5.01,0.41,2.08,340.2629999999988
0,2,0,-2,2,0,0,0,3,161,18,0,0,2,1,-183,-16,0,0,5.01,0.41,2.08,340.65599999999876
0,2,0,-2,5,0,0,0,3,155,10,0,0,2,1,-185,-7,0,0,5.01,0.41,2.08,341.0489999999987
0,2,0,0,-15,0,0,0,3,-183,10,0,0,0,1,-92,22,0,0,5.02,0.43,2.19,341.46399999999875
0,3,0,1,-13,0,0,0,3,-179,-4,0,0,0,1,-72,21,0,0,5.02,0.43,2.19,341.87899999999877
0,2,0,3,-12,0,0,0,3,-177,-20,0,0,-1,1,-64,23,0,0,5.02,0.43,2.19,342.2939999999988
0,2,0,5,-13,0,0,0,3,-177,-38,0,0,-1,1,-61,32,0,0,5.02,0.43,2.19,342.7089999999988
0,2,0,5,-11,0,0,0,3,-174,-47,0,0,-1,1,-53,41,0,0,5.02,0.43,2.19,343.12399999999883
0,2,0,8,-11,0,0,0,3,-171,-51,0,0,-1,1,-45,48,0,0,5.02,0.43,2.19,343.53899999999885
0,2,0,9,-20,0,0,0,3,-155,-35,0,0,-1,1,-11,62,0,0,5.02,0.43,2.19,343.95399999999887
0,2,0,8,-21,0,0,0,3,-151,-32,0,0,-1,1,4,72,0,0,5.02,0.43,2.19,344.3689999999989
0,2,0,9,-21,0,0,0,3,-149,-28,0,0,-1,1,18,72,0,0,5.02,0.43,2.19,344.7839999999989
0,2,0,4,-21,0,0,0,3,-145,-36,0,0,-1,1,57,70,0,0,5.02,0.43,2.19,345.19899999999893
0,2,0,3,-20,0,0,0,3,-142,-35,0,0,-1,1,69,70,0,0,5.02,0.43,2.19,345.61399999999895
0,2,0,0,-19,0,0,0,3,-142,-35,0,0,-1,1,79,74,0,0,5.02,0.43,2.19,346.028999999999
0,2,0,0,-17,0,0,0,3,-141,-36,0,0,-1,1,88,79,0,0,5.02,0.43,2.19,346.443999999999
0,2,0,0,-14,0,0,0,3,-129,-42,0,0,0,1,101,108,0,0,5.02,0.43,2.19,346.858999999999
0,2,0,0,-12,0,0,0,3,-124,-47,0,0,0,1,108,118,0,0,5.02,0.43,2.19,347.27399999999903
0,2,0,1,-10,0,0,0,3,-120,-58,0,0,0,1,116,134,0,0,5.02,0.43,2.19,347.68899999999906
0,2,0,-11,7,0,0,0,2,153,0,0,-1,2,0,-31,-113,0,0,5.01,0.39,1.99,348.06499999999903
0,2,0,-9,7,0,0,0,2,153,-3,0,-1,2,0,-44,-111,0,0,5.01,0.39,1.99,348.440999999999
0,2,0,-8,7,0,0,0,2,153,-10,0,0,2,0,-50,-106,0,0,5.01,0.39,1.99,348.816999999999
0,2,0,-6,7,0,0,0,3,151,-12,0,0,2,0,-52,-98,0,0,5.01,0.39,1.99,349.19299999999896
0,2,0,-5,8,0,0,0,3,156,-25,0,0,2,0,-50,-73,0,0,5.01,0.39,1.99,349.56899999999894
0,2,0,-4,8,0,1,0,3,156,-24,0,0,2,0,-48,-71,0,0,5.01,0.39,1.99,349.9449999999989
0,2,0,-4,8,0,1,0,2,155,-18,0,0,2,0,-47,-63,0,0,5.01,0.39,1.99,350.3209999999989
0,2,0,-5,8,0,1,0,2,152,-9,0,0,2,0,-52,-58,0,0,5.01,0.39,1.99,350.69699999999887
0,2,0,-3,8,0,1,0,2,142,12,0,0,2,0,-69,-50,0,0,5.01,0.39,1.99,351.07299999999884
0,2,0,-3,7,0,1,0,2,135,20,0,0,2,0,-68,-51,0,0,5.01,0.39,1.99,351.4489999999988
0,2,0,-2,7,0,1,0,2,130,30,0,0,2,0,-69,-47,0,0,5.01,0.39,1.99,351.8249999999988
0,2,0,-2,8,0,1,0,2,124,37,0,0,1,0,-76,-47,0,0,5.01,0.39,1.99,352.20099999999877
0,2,0,0,9,0,0,0,2,119,40,0,0,1,1,-92,-48,0,0,5.01,0.39,1.99,352.57699999999875
0,2,0,0,11,0,0,0,3,119,39,0,0,1,1,-97,-46,0,0,5.01,0.39,1.99,352.9529999999987
0,2,0,-8,-26,0,0,0,3,-182,36,0,0,0,1,-165,19,0,0,5.01,0.41,2.09,353.34899999999874
0,2,0,-7,-23,0,0,0,3,-187,34,0,0,0,1,-177,25,0,0,5.01,0.41,2.09,353.74499999999875
0,2,0,-6,-20,0,0,0,3,-183,18,0,0,0,1,-164,15,0,0,5.01,0.41,2.09,354.14099999999877
0,2,0,-6,-16,0,0,0,3,-180,-1,0,0,0,1,-161,17,0,0,5.01,0.41,2.09,354.5369999999988
0,2,0,-2,-16,0,0,0,3,-176,-9,0,0,0,1,-158,15,0,0,5.01,0.41,2.09,354.9329999999988
0,2,0,-1,-8,0,0,0,3,-167,0,0,0,0,1,-127,-3,0,0,5.01,0.41,2.09,355.3289999999988
0,2,0,-1,-10,0,0,0,3,-161,10,0,0,0,1,-101,-10,0,0,5.01,0.41,2.09,355.72499999999883
0,2,0,0,-10,0,0,0,3,-157,20,0,0,-1,1,-83,-38,0,0,5.01,0.41,2.09,356.12099999999884
0,2,0,0,-12,0,0,0,3,-155,26,0,0,-1,1,-71,-27,0,0,5.01,0.41,2.09,356.51699999999886
0,2,0,3,-16,0,0,0,3,-145,32,0,0,-1,1,-28,-29,0,0,5.01,0.41,2.09,356.9129999999989
0,2,0,3,-18,0,0,0,3,-142,27,0,0,-1,1,-12,-24,0,0,5.01,0.41,2.09,357.3089999999989
0,2,0,1,-19,0,0,0,3,-137,24,0,0,-1,1,1,-17,0,0,5.01,0.41,2.09,357.7049999999989
0,2,0,1,-19,0,0,0,3,-134,20,0,0,-1,2,14,-6,0,0,5.01,0.41,2.09,358.1009999999989
0,2,0,0,-19,0,0,0,3,-124,4,0,0,-1,1,46,23,0,0,5.01,0.39,2.0,358.47999999999894
0,2,0,-1,-19,0,0,0,3,-119,0,0,0,-1,1,60,37,0,0,5.01,0.39,2.0,358.85899999999896
0,3,0,-19,19,0,0,0,1,178,0,0,-1,2,0,72,-91,0,0,5.01,0.39,1.99,359.23699999999894
0,3,0,-23,19,0,0,0,2,173,-10,0,-1,2,0,50,-94,0,0,5.01,0.39,1.99,359.61499999999893
0,2,0,-20,18,0,0,0,2,172,-17,0,-1,2,0,36,-94,0,0,5.01,0.39,1.99,359.9929999999989
0,2,0,-16,15,0,1,0,2,170,-25,0,-1,2,0,19,-91,0,0,5.01,0.39,1.99,360.3709999999989
0,2,0,-13,16,0,1,0,2,173,-26,0,0,2,0,6,-95,0,0,5.01,0.39,1.99,360.7489999999989
0,2,0,-8,14,0,1,0,2,172,-16,0,0,2,0,-3,-88,0,0,5.01,0.39,1.99,361.1269999999989
0,2,0,-7,13,0,2,0,3,170,-4,0,0,2,0,-9,-83,0,0,5.01,0.39,1.99,361.50499999999886
0,2,0,-5,13,0,1,0,3,166,9,0,0,2,0,-15,-74,0,0,5.01,0.39,1.99,361.88299999999884
0,2,0,-3,14,0,1,0,3,164,21,0,0,2,0,-21,-67,0,0,5.01,0.39,1.99,362.26099999999883
0,2,0,-2,14,0,1,0,2,160,54,0,0,2,0,-26,-60,0,0,5.01,0.39,1.99,362.6389999999988
0,2,0,-1,14,0,1,0,2,160,59,0,0,2,0,-31,-59,0,0,5.01,0.39,1.99,363.0169999999988
0,2,0,-1,14,0,1,0,2,159,65,0,0,2,0,-40,-56,0,0,5.01,0.39,2.0,363.3969999999988
0,2,0,-1,13,0,1,0,2,159,68,0,0,2,0,-48,-52,0,0,5.01,0.39,2.0,363.7769999999988
0,2,0,0,13,0,1,0,2,160,66,0,0,1,0,-56,-48,0,0,5.01,0.39,2.0,364.1569999999988
0,2,0,1,16,0,0,0,2,161,58,0,0,1,0,-79,-43,0,0,5.01,0.39,2.0,364.5369999999988
0,2,0,-14,-25,0,0,1,2,-196,-4,0,0,0,1,-196,4,0,0,5.01,0.39,2.0,364.9159999999988
0,2,0,-13,-22,0,0,1,3,-185,-16,0,0,-1,1,-161,9,0,0,5.01,0.39,2.0,365.2949999999988
0,2,0,-11,-21,0,0,0,2,-178,-25,0,0,-1,1,-146,11,0,0,5.01,0.39,2.0,365.67399999999884
0,2,0,-9,-18,0,0,0,2,-172,-34,0,0,-1,1,-129,9,0,0,5.01,0.39,2.0,366.05299999999886
0,2,0,-8,-15,0,0,0,2,-170,-39,0,0,-1,1,-115,12,0,0,5.01,0.39,2.0,366.4319999999989
0,2,0,-7,-10,0,0,0,3,-161,-27,0,0,-1,1,-70,19,0,0,5.01,0.39,2.0,366.8109999999989
0,2,0,-7,-8,0,0,0,3,-155,-13,0,0,-1,1,-54,24,0,0,5.01,0.39,2.0,367.1899999999989
0,2,0,-9,-8,0,0,0,3,-150,-9,0,0,-1,1,-41,32,0,0,5.01,0.39,2.0,367.56899999999894
0,2,0,-9,-6,0,0,0,3,-143,-1,0,0,-1,1,-24,39,0,0,5.01,0.39,2.0,367.94799999999896
0,2,0,-8,-5,0,0,0,3,-136,6,0,0,-2,1,-11,49,0,0,5.01,0.4,2.01,368.32999999999896
0,2,0,-9,-1,0,0,0,3,-122,1,0,0,-2,1,20,58,0,0,5.01,0.4,2.01,368.71199999999897
0,2,0,-8,1,0,0,0,4,-113,3,0,0,-2,1,33,54,0,0,5.01,0.4,2.01,369.09399999999897
0,2,0,-7,0,0,0,0,3,-104,8,0,0,-2,1,45,54,0,0,5.01,0.4,2.01,369.475999999999
0,2,0,-6,3,0,0,0,3,-98,13,0,0,-2,1,57,29,0,0,5.01,0.4,2.01,369.857999999999
0,2,0,-4,1,0,0,0,3,-69,10,0,0,-1,1,98,35,0,0,5.01,0.4,2.01,370.239999999999
0,2,0,-14,9,0,0,0,2,172,-15,0,-1,2,1,73,-65,0,0,5.01,0.39,1.99,370.618999999999
0,2,0,-6,1,0,0,0,2,170,-46,0,-1,2,1,46,-72,0,0,5.01,0.39,1.99,370.997999999999
0,2,0,-2,-1,0,0,0,2,168,-60,0,-1,2,0,36,-75,0,0,5.01,0.39,1.99,371.37699999999904
0,2,0,0,-1,0,0,0,2,164,-70,0,-1,2,0,26,-77,0,0,5.01,0.39,1.99,371.75599999999906
0,2,0,1,0,0,0,0,2,163,-76,0,-1,2,0,14,-80,0,0,5.01,0.39,1.99,372.1349999999991
0,2,0,1,0,0,0,0,1,159,-82,0,0,2,0,1,-85,0,0,5.01,0.39,1.99,372.5139999999991
0,2,0,0,4,0,1,0,1,143,-80,0,0,2,0,-23,-87,0,0,5.01,0.39,1.99,372.8929999999991
0,2,0,0,6,0,1,0,2,137,-70,0,0,2,0,-33,-84,0,0,5.01,0.4,2.01,373.2749999999991
0,2,0,0,11,0,1,0,2,131,-60,0,0,2,0,-43,-76,0,0,5.01,0.4,2.01,373.65699999999913
0,2,0,0,12,0,1,0,2,126,-62,0,0,2,0,-55,-69,0,0,5.01,0.4,2.01,374.03899999999913
0,2,0,0,16,0,0,0,3,134,-51,0,0,1,0,-83,-61,0,0,5.01,0.4,2.01,374.42099999999914
0,2,0,0,16,0,1,0,3,136,-48,0,0,1,0,-90,-55,0,0,5.01,0.4,2.01,374.80299999999914
0,2,0,0,16,0,1,0,3,137,-39,0,0,1,0,-99,-52,0,0,5.01,0.4,2.01,375.18499999999915
0,2,0,1,16,0,0,0,3,138,-33,0,0,1,1,-111,-47,0,0,5.01,0.4,2.01,375.56699999999915
0,2,0,1,12,0,0,0,2,140,-1,0,0,2,1,-134,-34,0,0,5.01,0.4,2.01,375.94899999999916
0,2,0,2,-13,0,0,0,3,-126,19,0,0,0,1,-35,-19,0,0,5.01,0.39,1.98,376.32599999999917
0,2,0,4,-13,0,0,0,3,-125,21,0,0,0,1,-27,-27,0,0,5.01,0.39,1.98,376.7029999999992
0,2,0,6,-13,0,0,1,3,-125,28,0,0,0,1,-7,-40,0,0,5.01,0.39,1.98,377.0799999999992
0,2,0,6,-12,0,0,1,3,-124,34,0,0,0,1,1,-39,0,0,5.01,0.39,1.98,377.4569999999992
0,2,0,6,-11,0,0,0,3,-123,41,0,0,0,1,10,-35,0,0,5.01,0.39,1.98,377.8339999999992
0,2,0,7,-10,0,1,0,3,-120,44,0,0,-1,1,22,-30,0,0,5.01,0.39,2.0,378.2139999999992
0,2,0,4,-7,0,1,0,3,-109,43,0,0,-1,1,51,0,0,0,5.01,0.39,2.0,378.5939999999992
0,2,0,4,-7,0,1,0,3,-104,39,0,0,-1,0,64,-2,0,0,5.01,0.39,2.0,378.9739999999992
0,2,0,4,-8,0,0,0,3,-100,32,0,0,-1,0,70,-1,0,0,5.01,0.39,2.0,379.3539999999992
0,2,0,2,-7,0,0,0,3,-95,21,0,0,0,0,79,6,0,0,5.01,0.39,2.0,379.7339999999992
0,2,0,2,-6,0,0,0,3,-90,8,0,0,0,0,85,12,0,0,5.01,0.39,2.0,380.1139999999992
