0,2,0,-2,-1,0,0,-2,-1,-6,2,0,0,-2,0,-1,1,0,0,5.03,0.44,2.26,1394.1689999999987
0,2,0,-2,-1,0,0,-2,-1,-6,2,0,0,-2,0,-1,1,0,0,5.03,0.44,2.26,1395.5119999999988
0,2,0,-2,-1,0,0,-2,-1,-5,2,0,0,-2,0,-1,1,0,0,5.03,0.44,2.26,1396.8549999999989
0,2,0,-2,-1,0,0,-2,-1,-6,2,0,0,-2,0,-1,1,0,0,5.03,0.44,2.26,1398.197999999999
0,2,0,-2,-1,0,0,-2,-1,-6,2,0,0,-2,0,-1,0,0,0,5.03,0.44,2.26,1399.540999999999
0,2,0,-2,-1,0,0,-2,-1,-6,2,0,0,-2,0,-1,0,0,0,5.03,0.44,2.26,1400.883999999999
0,2,0,-2,-2,0,0,-2,-1,-6,1,0,0,-2,0,-1,0,0,0,5.03,0.44,2.26,1402.2269999999992
0,2,0,-2,-2,0,0,-2,-1,-7,1,0,0,-2,0,-1,1,0,0,5.03,0.44,2.26,1403.5699999999993
0,2,0,-2,-2,0,0,-2,-1,-7,2,0,0,-2,0,-1,1,0,0,5.03,0.44,2.26,1404.9129999999993
0,2,0,-2,-2,0,0,-2,-1,-7,3,0,0,-2,0,-1,1,0,0,5.03,0.44,2.26,1406.2559999999994
0,2,0,-3,-1,0,0,-2,-1,-7,4,0,0,-2,0,-1,1,0,0,5.03,0.44,2.26,1407.5989999999995
0,2,0,-3,-1,0,0,-2,-1,-7,4,0,0,-2,0,-1,1,0,0,5.03,0.46,2.34,1408.9909999999995
0,2,0,-3,-1,0,0,-2,-1,-6,5,0,0,-2,0,-1,1,0,0,5.03,0.46,2.34,1410.3829999999996
0,2,0,-3,-1,0,0,-2,-1,-5,5,0,0,-2,0,-1,1,0,0,5.03,0.46,2.34,1411.7749999999996
0,2,0,-3,-1,0,0,-2,-1,-5,5,0,0,-2,0,-1,2,0,0,5.03,0.46,2.34,1413.1669999999997
0,2,0,-3,-1,0,0,-2,-1,-5,5,0,0,-2,0,-1,2,0,0,5.03,0.46,2.34,1414.5589999999997
0,2,0,-3,-1,0,0,-2,-1,-5,5,0,0,-2,0,-2,3,0,0,5.03,0.46,2.34,1415.9509999999998
0,2,0,-3,-2,0,0,-2,-1,-6,5,0,0,-2,0,-1,3,0,0,5.03,0.46,2.34,1417.3429999999998
0,2,0,-3,-2,0,0,-2,0,-6,5,0,-1,-2,0,-1,2,0,0,5.03,0.46,2.34,1418.735
0,2,0,-3,-2,0,0,-2,0,-7,5,0,-1,-2,0,-1,2,0,0,5.03,0.46,2.34,1420.127
0,2,0,-3,-1,0,0,-2,-1,-7,4,0,-1,-2,0,-2,0,0,0,5.03,0.46,2.34,1421.519
0,2,0,-3,-1,0,0,-2,-1,-6,3,0,-1,-2,0,-2,0,0,0,5.03,0.46,2.34,1422.911
0,2,0,-3,-1,0,0,-2,0,-6,2,0,0,-2,0,-1,0,0,0,5.03,0.46,2.34,1424.303
0,2,0,-3,-1,0,0,-2,0,-6,2,0,0,-2,0,-1,0,0,0,5.03,0.46,2.34,1425.6950000000002
0,2,0,-3,0,0,0,-2,0,-6,1,0,0,-2,0,-2,0,0,0,5.03,0.46,2.34,1427.0870000000002
0,2,0,-3,0,0,0,-2,-1,-6,1,0,0,-2,0,-2,0,0,0,5.03,0.46,2.34,1428.4790000000003
0,2,0,-3,-1,0,0,-2,-1,-6,1,0,0,-2,0,-2,0,0,0,5.03,0.46,2.34,1429.8710000000003
0,2,0,-2,0,0,0,-2,-1,-6,1,0,0,-2,0,-3,0,0,0,5.03,0.46,2.34,1431.2630000000004
0,2,0,-3,0,0,0,-2,-1,-6,2,0,0,-2,0,-2,0,0,0,5.03,0.46,2.34,1432.6550000000004
0,2,0,-3,0,0,0,-2,-1,-6,2,0,0,-2,0,-2,0,0,0,5.03,0.46,2.34,1434.0470000000005
0,2,0,-3,0,0,0,-2,-1,-6,3,0,0,-2,0,-1,0,0,0,5.03,0.46,2.34,1435.4390000000005
0,2,0,-3,0,0,0,-2,-1,-5,3,0,0,-2,0,-2,1,0,0,5.03,0.46,2.34,1436.8310000000006
0,2,0,-3,0,0,0,-2,0,-5,3,0,0,-2,0,-2,0,0,0,5.03,0.45,2.28,1438.1860000000006
0,2,0,-3,0,0,0,-2,-1,-5,3,0,0,-2,0,-2,0,0,0,5.03,0.45,2.28,1439.5410000000006
0,2,0,-3,0,0,0,-2,-1,-5,3,0,0,-2,0,-2,0,0,0,5.03,0.45,2.28,1440.8960000000006
0,2,0,-3,0,0,0,-2,0,-5,3,0,0,-2,0,-1,0,0,0,5.03,0.45,2.28,1442.2510000000007
0,2,0,-4,0,0,0,-2,-1,-6,2,0,0,-2,0,-1,0,0,0,5.03,0.45,2.28,1443.6060000000007
0,2,0,-4,0,0,0,-2,-1,-6,0,0,0,-2,0,-2,-2,0,0,5.03,0.45,2.28,1444.9610000000007
0,2,0,-4,0,0,0,-2,-1,-6,0,0,0,-2,0,-2,-2,0,0,5.03,0.45,2.28,1446.3160000000007
0,2,0,-5,0,0,0,-2,-1,-6,-1,0,0,-2,0,-2,-1,0,0,5.03,0.45,2.28,1447.6710000000007
0,2,0,-4,1,0,0,-2,0,-5,6,0,0,-2,0,-3,-4,0,0,5.03,0.45,2.3,64.46199999999997
0,2,0,-4,1,0,0,-2,0,-5,6,0,0,-2,0,-3,-3,0,0,5.03,0.45,2.3,65.81699999999998
0,2,0,-3,0,0,0,-2,0,-6,5,0,0,-2,0,-2,-2,0,0,5.03,0.45,2.3,67.17199999999998
0,2,0,-3,0,0,0,-2,0,-7,3,0,0,-2,0,-2,-1,0,0,5.03,0.45,2.3,68.52699999999999
0,2,0,-4,0,0,0,-2,0,-7,2,0,-1,-2,0,-2,0,0,0,5.03,0.45,2.3,69.88199999999999
0,2,0,-4,0,0,0,-2,0,-7,1,0,-1,-2,0,-2,0,0,0,5.03,0.45,2.3,71.237
0,2,0,-4,0,0,0,-2,-1,-7,1,0,0,-2,0,-2,0,0,0,5.03,0.45,2.3,72.592
0,2,0,-3,-1,0,0,-2,0,-6,1,0,0,-2,0,-3,-1,0,0,5.03,0.45,2.3,73.947
0,2,0,-3,-1,0,0,-2,0,-6,1,0,0,-2,0,-3,-2,0,0,5.03,0.45,2.3,75.302
0,2,0,-3,-2,0,0,-2,0,-7,0,0,0,-2,0,-3,-2,0,0,5.03,0.45,2.3,76.65700000000001
0,2,0,-3,-2,0,0,-2,0,-7,0,0,0,-2,0,-3,-3,0,0,5.03,0.45,2.3,78.01200000000001
0,2,0,-3,-2,0,0,-2,0,-7,-1,0,0,-2,0,-2,-2,0,0,5.04,0.48,2.45,79.45500000000001
0,2,0,-3,-2,0,0,-2,0,-7,-1,0,0,-2,0,-2,0,0,0,5.04,0.48,2.45,80.89800000000001
0,2,0,-3,-2,0,0,-2,0,-7,-1,0,0,-2,0,-2,0,0,0,5.04,0.48,2.45,82.34100000000001
0,2,0,-3,-2,0,0,-2,0,-6,0,0,0,-2,0,-2,1,0,0,5.04,0.48,2.45,83.784
0,2,0,-3,-2,0,0,-2,0,-6,1,0,0,-2,0,-2,2,0,0,5.04,0.48,2.45,85.227
0,2,0,-3,-2,0,0,-2,0,-6,2,0,0,-2,0,-2,2,0,0,5.04,0.48,2.45,86.67
0,2,0,-2,-1,0,0,-2,0,-6,2,0,-1,-2,0,-1,1,0,0,5.04,0.48,2.45,88.113
0,2,0,-2,-1,0,0,-2,0,-5,4,0,-1,-2,0,-1,0,0,0,5.04,0.48,2.45,89.556
0,2,0,-2,-1,0,0,-2,0,-6,5,0,0,-2,0,-1,0,0,0,5.04,0.48,2.45,90.999
0,2,0,-2,-1,0,0,-2,0,-6,6,0,-1,-2,0,-1,1,0,0,5.04,0.48,2.45,92.442
0,2,0,-2,-2,0,0,-2,0,-6,6,0,-1,-2,0,-1,1,0,0,5.04,0.48,2.45,93.88499999999999
0,2,0,-2,-2,0,0,-2,0,-5,6,0,0,-2,0,-1,2,0,0,5.04,0.48,2.45,95.32799999999999
0,2,0,-2,-2,0,0,-2,0,-5,6,0,0,-2,0,-1,3,0,0,5.04,0.48,2.45,96.77099999999999
0,2,0,-2,-2,0,0,-2,0,-6,6,0,0,-2,0,-1,3,0,0,5.04,0.48,2.45,98.21399999999998
0,2,0,-2,-3,0,0,-2,0,-6,6,0,-1,-2,0,-2,3,0,0,5.04,0.48,2.45,99.65699999999998
0,2,0,-2,-3,0,0,-2,-1,-7,5,0,0,-2,0,-1,2,0,0,5.04,0.48,2.45,101.09999999999998
0,2,0,-2,-3,0,0,-2,0,-7,5,0,-1,-2,0,-1,2,0,0,5.04,0.48,2.45,102.54299999999998
0,2,0,-2,-3,0,0,-2,0,-7,5,0,0,-2,0,-1,2,0,0,5.04,0.48,2.45,103.98599999999998
0,2,0,-2,-3,0,0,-2,0,-6,5,0,-1,-2,0,-1,1,0,0,5.04,0.48,2.45,105.42899999999997
0,2,0,-2,-3,0,0,-2,0,-6,5,0,-1,-2,0,-1,0,0,0,5.04,0.48,2.45,106.87199999999997
0,2,0,-3,-2,0,0,-2,0,-6,5,0,0,-2,0,-1,-1,0,0,5.04,0.48,2.45,108.31499999999997
0,2,0,-3,-2,0,0,-2,0,-7,5,0,0,-2,0,-1,-1,0,0,5.04,0.46,2.36,109.70699999999997
0,2,0,-3,-1,0,0,-2,0,-8,4,0,0,-2,0,-2,-1,0,0,5.04,0.46,2.36,111.09899999999996
0,2,0,-3,-1,0,0,-2,0,-7,3,0,0,-2,0,-1,0,0,0,5.04,0.46,2.36,112.49099999999996
0,2,0,-3,-1,0,0,-2,0,-7,3,0,0,-2,0,-1,0,0,0,5.04,0.46,2.36,113.88299999999995
0,2,0,-3,0,0,0,-2,0,-6,3,0,0,-2,0,-1,0,0,0,5.04,0.46,2.36,115.27499999999995
0,2,0,-3,0,0,0,-2,0,-6,3,0,-1,-2,0,-1,0,0,0,5.04,0.46,2.36,116.66699999999994
0,2,0,-3,0,0,0,-2,0,-6,4,0,-1,-2,0,-2,0,0,0,5.04,0.46,2.36,118.05899999999994
0,2,0,-3,0,0,0,-2,0,-6,4,0,-1,-2,0,-2,-1,0,0,5.04,0.46,2.36,119.45099999999994
0,2,0,-3,0,0,0,-2,0,-6,5,0,-1,-2,0,-3,-1,0,0,5.04,0.46,2.36,120.84299999999993
0,2,0,-3,0,0,0,-2,0,-7,4,0,-1,-2,0,-2,-2,0,0,5.04,0.46,2.36,122.23499999999993
0,2,0,-3,0,0,0,-2,0,-7,3,0,-1,-2,0,-2,-2,0,0,5.04,0.46,2.36,123.62699999999992
0,2,0,-3,0,0,0,-2,-1,-6,3,0,-1,-2,0,-3,-3,0,0,5.04,0.46,2.36,125.01899999999992
0,2,0,-3,0,0,0,-2,-1,-6,2,0,-1,-2,0,-2,-3,0,0,5.04,0.46,2.36,126.41099999999992
0,2,0,-3,0,0,0,-2,0,-6,2,0,-1,-2,0,-2,-4,0,0,5.04,0.46,2.36,127.80299999999991
0,2,0,-4,0,0,0,-2,0,-6,3,0,-1,-2,0,-3,-4,0,0,5.04,0.46,2.36,129.1949999999999
0,2,0,-4,0,0,0,-2,0,-7,3,0,0,-2,0,-3,-4,0,0,5.04,0.46,2.36,130.5869999999999
0,2,0,-4,0,0,0,-2,0,-7,3,0,0,-2,0,-3,-4,0,0,5.04,0.46,2.36,131.9789999999999
0,2,0,-4,0,0,0,-2,0,-7,2,0,0,-2,0,-3,-4,0,0,5.04,0.46,2.36,133.3709999999999
0,2,0,-4,1,0,0,-2,0,-7,1,0,0,-2,0,-3,-4,0,0,5.04,0.46,2.36,134.7629999999999
0,2,0,-4,1,0,0,-2,0,-6,1,0,0,-2,0,-3,-4,0,0,5.04,0.46,2.36,136.1549999999999
0,2,0,-4,1,0,0,-2,-1,-6,0,0,0,-2,0,-3,-4,0,0,5.04,0.46,2.36,137.54699999999988
0,2,0,-4,1,0,0,-2,0,-6,0,0,0,-2,0,-3,-4,0,0,5.03,0.46,2.32,138.9129999999999
0,2,0,-4,1,0,0,-2,0,-6,0,0,-1,-2,0,-2,-4,0,0,5.03,0.46,2.32,140.2789999999999
0,2,0,-4,1,0,0,-2,0,-7,1,0,-1,-2,0,-2,-5,0,0,5.03,0.46,2.32,141.64499999999992
0,2,0,-5,1,0,0,-2,0,-7,1,0,-1,-2,0,-3,-6,0,0,5.03,0.46,2.32,143.01099999999994
0,2,0,-5,1,0,0,-2,0,-7,2,0,-1,-2,0,-4,-8,0,0,5.03,0.46,2.32,144.37699999999995
0,2,0,-4,0,0,0,-2,0,-7,1,0,0,-2,0,-4,-9,0,0,5.03,0.46,2.32,145.74299999999997
0,2,0,-4,1,0,0,-2,0,-7,0,0,0,-2,0,-4,-8,0,0,5.03,0.46,2.32,147.10899999999998
0,2,0,-4,0,0,0,-2,0,-7,0,0,0,-2,0,-3,-6,0,0,5.03,0.46,2.32,148.475
0,2,0,-4,0,0,0,-2,0,-6,1,0,0,-2,0,-2,-4,0,0,5.03,0.46,2.32,149.841
0,2,0,-4,0,0,0,-2,0,-7,2,0,0,-2,0,-2,-2,0,0,5.03,0.46,2.32,151.20700000000002
0,2,0,-4,0,0,0,-2,0,-7,2,0,0,-2,0,-2,-1,0,0,5.03,0.46,2.32,152.57300000000004
0,2,0,-4,0,0,0,-2,0,-7,3,0,0,-2,0,-2,0,0,0,5.03,0.46,2.32,153.93900000000005
0,2,0,-4,0,0,0,-2,0,-7,3,0,0,-2,0,-1,1,0,0,5.03,0.46,2.32,155.30500000000006
0,2,0,-4,0,0,0,-2,0,-7,2,0,0,-2,0,-2,2,0,0,5.03,0.46,2.32,156.67100000000008
0,2,0,-4,0,0,0,-2,0,-7,2,0,-1,-2,0,-2,2,0,0,5.03,0.46,2.32,158.0370000000001
0,2,0,-4,0,0,0,-2,-1,-7,2,0,-1,-2,0,-2,2,0,0,5.03,0.46,2.32,159.4030000000001
0,2,0,-4,0,0,0,-2,0,-6,2,0,-1,-2,0,-3,1,0,0,5.03,0.46,2.32,160.76900000000012
0,2,0,-4,0,0,0,-2,0,-5,2,0,-1,-2,0,-2,0,0,0,5.03,0.46,2.32,162.13500000000013
0,2,0,-4,0,0,0,-2,0,-5,2,0,-1,-2,0,-2,0,0,0,5.03,0.46,2.32,163.50100000000015
0,2,0,-4,0,0,0,-2,0,-5,2,0,-1,-2,0,-2,0,0,0,5.03,0.46,2.32,164.86700000000016
0,2,0,-4,0,0,0,-2,0,-6,2,0,-1,-2,0,-2,0,0,0,5.03,0.46,2.32,166.23300000000017
0,2,0,-3,0,0,0,-2,0,-6,1,0,0,-2,0,-2,-1,0,0,5.04,0.47,2.37,167.63000000000017
0,2,0,-3,0,0,0,-2,0,-6,1,0,0,-2,0,-1,-1,0,0,5.04,0.47,2.37,169.02700000000016
0,2,0,-3,0,0,0,-2,0,-6,0,0,0,-2,0,-1,-1,0,0,5.04,0.47,2.37,170.42400000000015
0,2,0,-3,0,0,0,-2,0,-6,0,0,-1,-2,0,-1,0,0,0,5.04,0.47,2.37,171.82100000000014
0,2,0,-3,0,0,0,-2,0,-6,1,0,0,-2,0,-1,0,0,0,5.04,0.47,2.37,173.21800000000013
0,2,0,-3,0,0,0,-2,0,-7,1,0,-1,-2,0,-2,1,0,0,5.04,0.47,2.37,174.61500000000012
0,2,0,-3,0,0,0,-2,0,-7,2,0,0,-2,0,-2,1,0,0,5.04,0.47,2.37,176.0120000000001
0,2,0,-3,0,0,0,-2,0,-6,2,0,0,-2,0,-2,1,0,0,5.04,0.47,2.37,177.4090000000001
0,2,0,-3,0,0,0,-2,-1,-5,3,0,-1,-2,0,-2,0,0,0,5.04,0.47,2.37,178.8060000000001
0,2,0,-3,0,0,0,-2,0,-5,3,0,-1,-2,0,-2,0,0,0,5.04,0.47,2.37,180.2030000000001
0,2,0,-3,0,0,0,-2,0,-5,3,0,-1,-2,0,-2,0,0,0,5.04,0.47,2.37,181.60000000000008
0,2,0,-3,0,0,0,-2,0,-5,3,0,0,-2,0,-2,-1,0,0,5.04,0.47,2.37,182.99700000000007
0,2,0,-3,0,0,0,-2,0,-6,2,0,0,-2,0,-2,-2,0,0,5.04,0.47,2.37,184.39400000000006
0,2,0,-4,0,0,0,-2,0,-6,2,0,0,-2,0,-2,-2,0,0,5.04,0.47,2.37,185.79100000000005
0,2,0,-3,0,0,0,-2,0,-7,2,0,0,-2,0,-3,-2,0,0,5.04,0.47,2.37,187.18800000000005
0,2,0,-3,0,0,0,-2,0,-7,1,0,0,-2,0,-3,-2,0,0,5.04,0.47,2.37,188.58500000000004
0,2,0,-3,0,0,0,-2,0,-6,1,0,-1,-2,0,-3,-2,0,0,5.04,0.47,2.37,189.98200000000003
0,2,0,-3,0,0,0,-2,0,-6,1,0,0,-2,0,-3,-2,0,0,5.04,0.47,2.37,191.37900000000002
0,2,0,-3,0,0,0,-2,0,-5,1,0,-1,-2,0,-3,-3,0,0,5.04,0.47,2.37,192.776
0,2,0,-3,0,0,0,-2,0,-5,2,0,-1,-2,0,-3,-3,0,0,5.04,0.47,2.37,194.173
0,2,0,-3,1,0,0,-2,0,-5,2,0,-1,-2,0,-3,-3,0,0,5.04,0.47,2.37,195.57
0,2,0,-3,1,0,0,-2,0,-5,3,0,0,-2,0,-3,-3,0,0,5.03,0.45,2.3,196.923
0,2,0,-3,1,0,0,-2,0,-6,2,0,0,-2,0,-2,-3,0,0,5.03,0.45,2.3,198.276
0,2,0,-3,1,0,0,-2,0,-6,2,0,0,-2,0,-3,-2,0,0,5.03,0.45,2.3,199.62900000000002
0,2,0,-3,1,0,0,-2,0,-5,1,0,0,-2,0,-3,-1,0,0,5.03,0.45,2.3,200.98200000000003
0,2,0,-3,1,0,0,-2,-1,-5,0,0,0,-2,0,-3,-1,0,0,5.03,0.45,2.3,202.33500000000004
0,2,0,-3,1,0,0,-2,0,-5,0,0,-1,-2,0,-3,-1,0,0,5.03,0.45,2.3,203.68800000000005
0,2,0,-3,1,0,0,-2,0,-6,-1,0,-1,-2,0,-3,0,0,0,5.03,0.45,2.3,205.04100000000005
0,2,0,-3,1,0,0,-2,0,-6,-1,0,0,-2,0,-3,-1,0,0,5.03,0.45,2.3,206.39400000000006
0,2,0,-3,1,0,0,-2,0,-7,-1,0,0,-2,0,-2,-1,0,0,5.03,0.45,2.3,207.74700000000007
0,2,0,-3,1,0,0,-2,0,-7,-1,0,0,-2,0,-2,-1,0,0,5.03,0.45,2.3,209.10000000000008
0,2,0,-3,1,0,0,-2,0,-6,-2,0,0,-2,0,-3,-1,0,0,5.03,0.45,2.3,210.4530000000001
0,2,0,-3,1,0,0,-2,0,-6,-1,0,-1,-2,0,-3,-2,0,0,5.03,0.45,2.3,211.8060000000001
0,2,0,-3,1,0,0,-2,0,-5,-1,0,0,-2,0,-3,-2,0,0,5.03,0.45,2.3,213.1590000000001
0,2,0,-3,1,0,0,-2,0,-5,0,0,0,-2,0,-4,-2,0,0,5.03,0.45,2.3,214.5120000000001
0,2,0,-3,1,0,0,-2,0,-5,0,0,0,-2,0,-3,-3,0,0,5.03,0.45,2.3,215.86500000000012
0,2,0,-3,1,0,0,-2,0,-5,1,0,0,-2,0,-3,-3,0,0,5.03,0.45,2.3,217.21800000000013
0,2,0,-2,0,0,0,-2,0,-7,3,0,-1,-2,0,-2,-2,0,0,5.03,0.44,2.25,218.54300000000012
0,2,0,-2,0,0,0,-2,0,-6,3,0,0,-2,0,-2,-2,0,0,5.03,0.44,2.25,219.8680000000001
0,2,0,-2,0,0,0,-2,0,-6,4,0,0,-2,0,-2,-2,0,0,5.03,0.44,2.25,221.1930000000001
0,2,0,-2,0,0,0,-2,-1,-5,5,0,0,-2,0,-2,-2,0,0,5.03,0.44,2.25,222.5180000000001
0,2,0,-2,0,0,0,-2,-1,-5,5,0,0,-2,0,-2,-2,0,0,5.03,0.44,2.25,223.84300000000007
0,2,0,-2,0,0,0,-2,-1,-5,5,0,0,-2,0,-2,-2,0,0,5.03,0.44,2.25,225.16800000000006
0,2,0,-2,0,0,0,-2,0,-5,5,0,0,-2,0,-2,-1,0,0,5.03,0.44,2.25,226.49300000000005
0,2,0,-2,0,0,0,-2,0,-6,5,0,0,-2,0,-2,-1,0,0,5.03,0.44,2.25,227.81800000000004
0,2,0,-3,1,0,0,-2,-1,-6,3,0,0,-2,0,-2,-1,0,0,5.03,0.44,2.25,229.14300000000003
0,2,0,-2,0,0,0,-2,0,-6,3,0,0,-2,0,-2,-1,0,0,5.03,0.44,2.25,230.46800000000002
0,2,0,-2,1,0,0,-2,0,-5,2,0,0,-2,0,-2,-1,0,0,5.03,0.44,2.25,231.793
0,2,0,-2,1,0,0,-2,0,-6,1,0,0,-2,0,-1,-1,0,0,5.03,0.44,2.25,233.118
0,2,0,-2,0,0,0,-2,0,-6,1,0,-1,-2,0,-1,-1,0,0,5.03,0.44,2.25,234.44299999999998
0,2,0,-3,0,0,0,-2,0,-7,0,0,-1,-2,0,-2,-1,0,0,5.03,0.44,2.25,235.76799999999997
0,2,0,-2,0,0,0,-2,0,-7,0,0,-1,-2,0,-2,-1,0,0,5.03,0.44,2.25,237.09299999999996
0,2,0,-2,0,0,0,-2,0,-6,-1,0,-1,-2,0,-2,-1,0,0,5.03,0.44,2.25,238.41799999999995
0,2,0,-2,0,0,0,-2,0,-6,-1,0,0,-2,0,-3,-2,0,0,5.03,0.44,2.25,239.74299999999994
0,2,0,-3,0,0,0,-2,0,-6,-2,0,0,-2,0,-3,-2,0,0,5.03,0.44,2.25,241.06799999999993
0,2,0,-3,0,0,0,-2,0,-6,-2,0,-1,-2,0,-3,-2,0,0,5.04,0.47,2.37,242.46599999999992
0,2,0,-3,0,0,0,-2,0,-6,0,0,0,-2,0,-2,-2,0,0,5.04,0.47,2.37,243.86399999999992
0,2,0,-3,0,0,0,-2,0,-6,0,0,0,-2,0,-2,-2,0,0,5.04,0.47,2.37,245.26199999999992
0,2,0,-4,0,0,0,-2,0,-6,0,0,0,-2,0,-2,-2,0,0,5.04,0.47,2.37,246.6599999999999
0,2,0,-4,0,0,0,-2,0,-5,1,0,0,-2,0,-2,-1,0,0,5.04,0.47,2.37,248.0579999999999
0,2,0,-5,0,0,0,-2,0,-5,0,0,0,-2,0,-3,-2,0,0,5.04,0.47,2.37,249.4559999999999
0,2,0,-5,1,0,0,-2,0,-4,0,0,-1,-2,0,-3,-2,0,0,5.04,0.47,2.37,250.8539999999999
0,2,0,-5,1,0,0,-2,0,-5,0,0,-1,-2,0,-5,-3,0,0,5.04,0.47,2.37,252.2519999999999
0,2,0,-6,1,0,0,-2,0,-5,0,0,-1,-2,0,-6,-3,0,0,5.04,0.47,2.37,253.6499999999999
0,2,0,-5,0,0,0,-2,0,-6,1,0,-1,-2,0,-6,-5,0,0,5.04,0.47,2.37,255.0479999999999
0,2,0,-5,0,0,0,-2,0,-7,1,0,-1,-2,0,-6,-5,0,0,5.04,0.47,2.37,256.4459999999999
0,2,0,-5,0,0,0,-2,0,-7,2,0,-1,-2,0,-5,-6,0,0,5.04,0.47,2.37,257.84399999999994
0,2,0,-5,0,0,0,-2,-1,-7,2,0,-1,-2,0,-4,-7,0,0,5.04,0.47,2.37,259.24199999999996
0,2,0,-5,0,0,0,-2,-1,-7,3,0,-1,-2,0,-4,-7,0,0,5.04,0.47,2.37,260.64
0,2,0,-4,0,0,0,-2,-1,-6,4,0,-1,-2,0,-4,-7,0,0,5.04,0.47,2.37,262.038
0,2,0,-3,0,0,0,-2,0,-5,5,0,-1,-2,0,-4,-6,0,0,5.04,0.47,2.37,263.43600000000004
0,2,0,-3,0,0,0,-2,0,-5,6,0,0,-2,0,-4,-6,0,0,5.04,0.47,2.37,264.83400000000006
0,2,0,-3,0,0,0,-2,0,-5,6,0,0,-2,0,-4,-5,0,0,5.04,0.47,2.37,266.2320000000001
0,2,0,-3,0,0,0,-2,0,-5,4,0,0,-2,0,-3,-3,0,0,5.04,0.47,2.37,267.6300000000001
0,2,0,-3,0,0,0,-2,0,-6,2,0,0,-2,0,-2,0,0,0,5.04,0.47,2.37,269.02800000000013
0,2,0,-3,0,0,0,-2,0,-6,0,0,0,-2,0,-2,0,0,0,5.04,0.47,2.37,270.42600000000016
0,2,0,-3,0,0,0,-2,0,-6,-1,0,0,-2,0,-1,1,0,0,5.04,0.47,2.37,271.82300000000015
0,2,0,-3,0,0,0,-2,0,-6,-1,0,0,-2,0,-1,2,0,0,5.04,0.47,2.37,273.22000000000014
0,2,0,-3,0,0,0,-2,0,-6,-1,0,0,-2,0,-1,3,0,0,5.04,0.47,2.37,274.61700000000013
0,2,0,-3,0,0,0,-2,0,-6,-2,0,0,-2,0,-1,3,0,0,5.04,0.47,2.37,276.0140000000001
0,2,0,-3,0,0,0,-2,0,-6,-2,0,-1,-2,0,-2,2,0,0,5.04,0.47,2.37,277.4110000000001
0,2,0,-2,0,0,0,-2,-1,-6,-2,0,-1,-2,0,-2,2,0,0,5.04,0.47,2.37,278.8080000000001
0,2,0,-2,0,0,0,-2,0,-6,-1,0,-1,-2,0,-2,1,0,0,5.04,0.47,2.37,280.2050000000001
0,2,0,-2,0,0,0,-2,0,-6,0,0,-1,-2,0,-2,0,0,0,5.04,0.47,2.37,281.6020000000001
0,2,0,-2,0,0,0,-2,0,-5,1,0,-1,-2,0,-2,0,0,0,5.04,0.47,2.37,282.9990000000001
0,2,0,-2,0,0,0,-2,-1,-5,2,0,-1,-2,0,-2,-1,0,0,5.04,0.47,2.37,284.3960000000001
0,2,0,-2,0,0,0,-2,0,-3,3,0,-1,-2,0,-3,-3,0,0,5.04,0.47,2.37,285.79300000000006
0,2,0,-2,0,0,0,-2,0,-1,3,0,0,-2,0,-3,-4,0,0,5.04,0.47,2.37,287.19000000000005
0,2,0,-2,0,0,0,-2,0,0,3,0,0,-2,0,-3,-3,0,0,5.04,0.47,2.37,288.58700000000005
0,2,0,-2,0,0,0,-2,0,1,4,0,0,-2,0,-2,-2,0,0,5.04,0.47,2.37,289.98400000000004
0,2,0,-1,0,0,0,-2,0,0,5,0,-1,-2,0,-2,-1,0,0,5.04,0.47,2.37,291.38100000000003
0,2,0,-1,0,0,0,-2,0,-1,5,0,-1,-2,0,-2,0,0,0,5.04,0.47,2.37,292.778
0,2,0,-1,0,0,0,-2,0,-1,6,0,-1,-2,0,-2,0,0,0,5.04,0.47,2.37,294.175
0,2,0,-2,0,0,0,-2,0,-4,5,0,-1,-2,0,-1,0,0,0,5.04,0.47,2.37,295.572
0,2,0,-2,0,0,0,-2,0,-6,3,0,-1,-2,0,-2,0,0,0,5.04,0.47,2.37,296.969
0,2,0,-1,0,0,0,-2,0,-7,2,0,-1,-2,0,-2,-1,0,0,5.04,0.47,2.37,298.366
0,2,0,-1,0,0,0,-2,0,-7,2,0,-1,-2,0,-2,-1,0,0,5.04,0.47,2.37,299.763
0,2,0,-1,0,0,0,-2,0,-6,2,0,0,-2,0,-2,0,0,0,5.03,0.45,2.27,301.10299999999995
0,2,0,-1,0,0,0,-2,0,-6,2,0,-1,-2,0,-2,0,0,0,5.03,0.45,2.27,302.4429999999999
0,2,0,-1,1,0,0,-2,0,-6,2,0,-1,-2,0,-2,0,0,0,5.03,0.45,2.27,303.7829999999999
0,2,0,-2,1,0,0,-2,0,-6,2,0,-1,-2,0,-3,0,0,0,5.03,0.45,2.27,305.1229999999999
0,2,0,-2,1,0,0,-2,0,-6,1,0,0,-2,0,-3,0,0,0,5.03,0.45,2.27,306.46299999999985
0,2,0,-1,0,0,0,-2,0,-6,0,0,0,-2,0,-3,-1,0,0,5.03,0.45,2.27,307.8029999999998
0,2,0,-2,1,0,0,-2,0,-7,-1,0,0,-2,0,-3,-2,0,0,5.03,0.45,2.27,309.1429999999998
0,2,0,-2,1,0,0,-2,0,-7,-1,0,-1,-2,0,-3,-3,0,0,5.03,0.45,2.27,310.4829999999998
0,2,0,-2,1,0,0,-2,0,-8,-2,0,0,-2,0,-3,-4,0,0,5.03,0.45,2.27,311.82299999999975
0,2,0,-2,1,0,0,-2,0,-8,-1,0,-1,-2,0,-3,-4,0,0,5.03,0.45,2.27,313.1629999999997
0,2,0,-2,2,0,0,-2,0,-8,0,0,-1,-2,0,-3,-4,0,0,5.03,0.45,2.27,314.5029999999997
0,2,0,-2,2,0,0,-2,0,-7,2,0,-1,-2,0,-2,-4,0,0,5.03,0.45,2.27,315.8429999999997
0,2,0,-2,2,0,0,-2,0,-7,2,0,-1,-2,0,-3,-4,0,0,5.03,0.45,2.27,317.18299999999965
0,2,0,-2,1,0,0,-2,0,-6,4,0,-1,-2,0,-3,-4,0,0,5.03,0.45,2.27,318.5229999999996
0,2,0,-3,1,0,0,-2,0,-5,5,0,-1,-2,0,-3,-3,0,0,5.03,0.45,2.27,319.8629999999996
0,2,0,-3,0,0,0,-2,0,-5,5,0,-1,-2,0,-3,-1,0,0,5.03,0.45,2.27,321.2029999999996
0,2,0,-2,0,0,0,-2,0,-5,6,0,-1,-2,0,-3,-1,0,0,5.03,0.45,2.27,322.54299999999955
0,2,0,-2,0,0,0,-2,0,-5,6,0,-1,-2,0,-3,-1,0,0,5.03,0.45,2.27,323.8829999999995
0,2,0,-2,0,0,0,-2,0,-6,6,0,-1,-2,0,-3,-1,0,0,5.03,0.45,2.27,325.2229999999995
0,2,0,-2,0,0,0,-2,0,-7,6,0,-1,-2,0,-3,-2,0,0,5.03,0.45,2.27,326.5629999999995
0,2,0,-2,0,0,0,-2,0,-6,6,0,-1,-2,0,-3,-2,0,0,5.03,0.45,2.27,327.90299999999945
0,2,0,-2,0,0,0,-2,0,-7,6,0,-1,-2,0,-2,-3,0,0,5.04,0.47,2.4,329.3179999999995
0,2,0,-2,0,0,0,-2,0,-6,5,0,-1,-2,0,-3,-3,0,0,5.04,0.47,2.4,330.7329999999995
0,2,0,-2,0,0,0,-2,0,-6,5,0,-1,-2,0,-3,-4,0,0,5.04,0.47,2.4,332.1479999999995
0,2,0,-2,0,0,0,-2,0,-6,5,0,-1,-2,0,-3,-4,0,0,5.04,0.47,2.4,333.56299999999953
0,2,0,-2,0,0,0,-2,0,-6,4,0,-1,-2,0,-3,-5,0,0,5.04,0.47,2.4,334.97799999999955
0,2,0,-2,0,0,0,-2,0,-7,3,0,0,-2,0,-3,-5,0,0,5.04,0.47,2.4,336.3929999999996
0,2,0,-2,0,0,0,-2,0,-7,2,0,0,-2,0,-2,-5,0,0,5.04,0.47,2.4,337.8079999999996
0,2,0,-2,0,0,0,-2,0,-6,2,0,0,-2,0,-2,-5,0,0,5.04,0.47,2.4,339.2229999999996
0,2,0,-2,0,0,0,-2,0,-6,2,0,0,-2,0,-2,-3,0,0,5.04,0.47,2.4,340.63799999999964
0,2,0,-3,0,0,0,-2,0,-6,2,0,0,-2,0,-2,-1,0,0,5.04,0.47,2.4,342.05299999999966
0,2,0,-2,0,0,0,-2,0,-5,3,0,0,-2,0,-3,0,0,0,5.04,0.47,2.4,343.4679999999997
0,2,0,-2,-1,0,0,-2,0,-5,3,0,0,-2,0,-3,0,0,0,5.04,0.47,2.4,344.8829999999997
0,2,0,-2,-1,0,0,-2,0,-5,4,0,-1,-2,0,-2,0,0,0,5.04,0.47,2.4,346.2979999999997
0,2,0,-3,0,0,0,-2,0,-6,4,0,-1,-2,0,-2,0,0,0,5.04,0.47,2.4,347.71299999999974
0,2,0,-3,0,0,0,-2,0,-6,5,0,-1,-2,0,-2,0,0,0,5.04,0.47,2.4,349.12799999999976
0,2,0,-3,0,0,0,-2,0,-6,5,0,-1,-2,0,-2,0,0,0,5.04,0.47,2.4,350.5429999999998
0,2,0,-3,0,0,0,-2,0,-6,5,0,-1,-2,0,-1,0,0,0,5.04,0.47,2.4,351.9579999999998
0,2,0,-3,0,0,0,-2,0,-6,4,0,-1,-2,0,-2,0,0,0,5.04,0.47,2.4,353.3729999999998
0,2,0,-3,-1,0,0,-2,0,-6,4,0,0,-2,0,-2,0,0,0,5.04,0.47,2.4,354.78799999999984
0,2,0,-3,-1,0,0,-2,0,-6,3,0,-1,-2,0,-1,0,0,0,5.04,0.47,2.4,356.20299999999986
0,2,0,-3,-1,0,0,-2,0,-7,3,0,-1,-2,0,-2,0,0,0,5.04,0.47,2.4,357.6179999999999
0,2,0,-3,-1,0,0,-2,0,-7,3,0,-1,-2,0,-1,0,0,0,5.03,0.45,2.27,358.95999999999987
0,2,0,-3,-1,0,0,-2,0,-7,3,0,-1,-2,0,-1,0,0,0,5.03,0.45,2.27,360.30199999999985
0,2,0,-3,-1,0,0,-2,0,-7,3,0,-1,-2,0,-1,0,0,0,5.03,0.45,2.27,361.64399999999983
0,2,0,-3,-1,0,0,-2,0,-7,3,0,-1,-2,0,-1,0,0,0,5.03,0.45,2.27,362.9859999999998
0,2,0,-3,-1,0,0,-2,0,-7,2,0,-1,-2,0,-1,1,0,0,5.03,0.45,2.27,364.3279999999998
0,2,0,-3,-1,0,0,-2,0,-7,2,0,-1,-2,0,-1,0,0,0,5.03,0.45,2.27,365.6699999999998
0,2,0,-3,0,0,0,-2,0,-7,2,0,-1,-2,0,-2,0,0,0,5.03,0.45,2.27,367.0119999999998
0,2,0,-3,0,0,0,-2,0,-7,2,0,-1,-2,0,-2,0,0,0,5.03,0.45,2.27,368.35399999999976
0,2,0,-4,0,0,0,-2,0,-6,2,0,-1,-2,0,-2,0,0,0,5.03,0.45,2.27,369.69599999999974
0,2,0,-4,0,0,0,-2,0,-6,2,0,0,-2,0,-2,0,0,0,5.03,0.45,2.27,371.0379999999997
0,2,0,-4,0,0,0,-2,0,-6,1,0,-1,-2,0,-2,0,0,0,5.03,0.45,2.27,372.3799999999997
0,2,0,-4,0,0,0,-2,0,-6,1,0,-1,-2,0,-2,-1,0,0,5.03,0.45,2.27,373.7219999999997
0,2,0,-4,0,0,0,-2,0,-6,0,0,-1,-2,0,-3,-2,0,0,5.03,0.45,2.27,375.0639999999997
0,2,0,-4,0,0,0,-2,0,-6,0,0,-1,-2,0,-3,-2,0,0,5.03,0.45,2.27,376.40599999999966
0,2,0,-4,0,0,0,-2,0,-6,0,0,-1,-2,0,-3,-2,0,0,5.03,0.45,2.27,377.74799999999965
0,2,0,-4,0,0,0,-2,0,-6,0,0,-1,-2,0,-3,-2,0,0,5.03,0.45,2.27,379.08999999999963
0,2,0,-4,0,0,0,-2,0,-6,0,0,-1,-2,0,-3,-2,0,0,5.03,0.45,2.27,380.4319999999996
0,2,0,-4,0,0,0,-2,0,-6,0,0,-1,-2,0,-3,-2,0,0,5.03,0.45,2.27,381.7739999999996
0,2,0,-4,0,0,0,-2,0,-6,0,0,-1,-2,0,-3,-1,0,0,5.03,0.45,2.27,383.1159999999996
0,2,0,-4,0,0,0,-2,-1,-6,1,0,0,-2,0,-3,-1,0,0,5.03,0.45,2.27,384.4579999999996
0,2,0,-4,0,0,0,-2,0,-6,0,0,0,-2,0,-3,0,0,0,5.03,0.45,2.27,385.79999999999956
0,2,0,-4,0,0,0,-2,0,-6,1,0,-1,-2,0,-2,0,0,0,5.04,0.47,2.4,387.21399999999954
0,2,0,-4,0,0,0,-2,0,-7,1,0,-1,-2,0,-2,0,0,0,5.04,0.47,2.4,388.62799999999953
0,2,0,-4,0,0,0,-2,0,-7,1,0,-1,-2,0,-3,0,0,0,5.04,0.47,2.4,390.0419999999995
0,2,0,-4,0,0,0,-2,0,-7,1,0,-1,-2,0,-3,0,0,0,5.04,0.47,2.4,391.4559999999995
0,2,0,-4,0,0,0,-2,0,-6,1,0,-1,-2,0,-2,0,0,0,5.04,0.47,2.4,392.8699999999995
0,2,0,-4,1,0,0,-2,0,-5,0,0,-1,-2,0,-2,-1,0,0,5.04,0.47,2.4,394.2839999999995
0,2,0,-4,1,0,0,-2,0,-5,0,0,-1,-2,0,-3,-2,0,0,5.04,0.47,2.4,395.69799999999947
0,2,0,-4,1,0,0,-2,0,-6,0,0,-1,-2,0,-3,-2,0,0,5.04,0.47,2.4,397.11199999999945
0,2,0,-4,1,0,0,-2,0,-6,1,0,0,-2,0,-3,-2,0,0,5.04,0.47,2.4,398.52599999999944
0,2,0,-4,1,0,0,-2,0,-6,0,0,-1,-2,0,-3,-1,0,0,5.04,0.47,2.4,399.93999999999943
0,2,0,-3,0,0,0,-2,0,-6,1,0,-1,-2,0,-4,-1,0,0,5.04,0.47,2.4,401.3539999999994
0,2,0,-3,0,0,0,-2,0,-6,1,0,-1,-2,0,-4,-1,0,0,5.04,0.47,2.4,402.7679999999994
0,2,0,-3,0,0,0,-2,0,-5,2,0,-1,-2,0,-3,-2,0,0,5.04,0.47,2.4,404.1819999999994
0,2,0,-3,0,0,0,-2,0,-5,2,0,0,-2,0,-3,-1,0,0,5.04,0.47,2.4,405.5959999999994
0,2,0,-4,0,0,0,-2,0,-4,2,0,0,-2,0,-2,-1,0,0,5.04,0.47,2.4,407.00999999999937
0,2,0,-4,0,0,0,-2,0,-4,2,0,0,-2,0,-2,0,0,0,5.04,0.47,2.4,408.42399999999935
0,2,0,-4,0,0,0,-2,0,-4,1,0,0,-2,0,-3,1,0,0,5.04,0.47,2.4,409.83799999999934
0,2,0,-4,0,0,0,-2,0,-5,0,0,0,-2,0,-3,3,0,0,5.04,0.47,2.4,411.2519999999993
0,2,0,-5,0,0,0,-2,0,-6,0,0,-1,-2,0,-4,3,0,0,5.04,0.47,2.4,412.6659999999993
0,2,0,-5,0,0,0,-2,0,-7,0,0,-1,-2,0,-3,3,0,0,5.04,0.47,2.4,414.0799999999993
0,2,0,-5,0,0,0,-2,0,-7,-1,0,-1,-2,0,-3,2,0,0,5.04,0.47,2.4,415.4939999999993
0,2,0,-5,0,0,0,-2,-1,-7,-1,0,-1,-2,0,-2,1,0,0,5.04,0.48,2.42,416.9209999999993
0,2,0,-5,0,0,0,-2,0,-6,-1,0,-1,-2,0,-2,0,0,0,5.04,0.48,2.42,418.34799999999933
0,2,0,-5,0,0,0,-2,0,-6,0,0,-1,-2,0,-2,-1,0,0,5.04,0.48,2.42,419.77499999999935
0,2,0,-5,0,0,0,-2,0,-6,0,0,0,-2,0,-2,-2,0,0,5.04,0.48,2.42,421.2019999999994
0,2,0,-5,-1,0,0,-2,0,-7,2,0,0,-2,0,-3,-2,0,0,5.04,0.48,2.42,422.6289999999994
0,2,0,-5,-1,0,0,-2,0,-7,2,0,-1,-2,0,-3,-2,0,0,5.04,0.48,2.42,424.0559999999994
0,2,0,-4,1,0,0,-2,0,-6,-1,0,0,-2,0,-3,-2,0,0,5.04,0.5,2.53,425.5469999999994
0,2,0,-4,1,0,0,-2,0,-7,-1,0,0,-2,0,-3,-3,0,0,5.04,0.5,2.53,427.0379999999994
0,2,0,-5,1,0,0,-2,0,-7,-2,0,0,-2,0,-3,-3,0,0,5.04,0.5,2.53,428.52899999999937
0,2,0,-5,1,0,0,-2,0,-7,-2,0,0,-2,0,-2,-3,0,0,5.04,0.5,2.53,430.01999999999936
0,2,0,-4,1,0,0,-2,0,-7,-1,0,0,-2,0,-2,-2,0,0,5.04,0.5,2.53,431.51099999999934
0,2,0,-4,1,0,0,-2,0,-6,-1,0,0,-2,0,-3,-2,0,0,5.04,0.5,2.53,433.0019999999993
0,2,0,-4,0,0,0,-2,0,-6,0,0,0,-2,0,-3,-2,0,0,5.04,0.5,2.53,434.4929999999993
0,2,0,-4,0,0,0,-2,0,-7,0,0,0,-2,0,-3,-2,0,0,5.04,0.48,2.45,435.9379999999993
0,2,0,-4,0,0,0,-2,0,-6,0,0,0,-2,0,-3,-3,0,0,5.04,0.48,2.45,437.3829999999993
0,2,0,-4,0,0,0,-2,0,-6,1,0,0,-2,0,-3,-3,0,0,5.04,0.48,2.45,438.8279999999993
0,2,0,-4,0,0,0,-2,0,-6,2,0,0,-2,0,-2,-2,0,0,5.04,0.48,2.45,440.2729999999993
0,2,0,-4,0,0,0,-2,0,-6,3,0,0,-2,0,-2,0,0,0,5.04,0.48,2.45,441.7179999999993
0,2,0,-4,0,0,0,-2,0,-6,3,0,0,-2,0,-2,0,0,0,5.04,0.48,2.45,443.1629999999993
0,2,0,-3,0,0,0,-2,0,-6,3,0,0,-2,0,-2,0,0,0,5.04,0.48,2.45,444.60799999999927
0,2,0,-3,0,0,0,-2,0,-7,2,0,0,-2,0,-2,-1,0,0,5.04,0.48,2.45,446.05299999999926
0,2,0,-3,0,0,0,-2,0,-6,1,0,0,-2,0,-2,-1,0,0,5.04,0.48,2.45,447.49799999999925
0,2,0,-3,0,0,0,-2,0,-6,0,0,0,-2,0,-1,-1,0,0,5.04,0.48,2.45,448.94299999999924
0,2,0,-4,0,0,0,-2,0,-6,0,0,0,-2,0,-1,-1,0,0,5.04,0.48,2.45,450.38799999999924
0,2,0,-3,0,0,0,-2,0,-6,0,0,0,-2,0,-1,0,0,0,5.04,0.48,2.45,451.83299999999923
0,2,0,-3,0,0,0,-2,0,-7,0,0,0,-2,0,-1,0,0,0,5.04,0.48,2.45,453.2779999999992
0,2,0,-3,0,0,0,-2,0,-7,1,0,0,-2,0,-1,0,0,0,5.04,0.48,2.45,454.7229999999992
0,2,0,-3,0,0,0,-2,0,-8,1,0,0,-2,0,-1,0,0,0,5.04,0.48,2.45,456.1679999999992
0,2,0,-3,-1,0,0,-2,0,-7,1,0,0,-2,0,-1,0,0,0,5.04,0.48,2.45,457.6129999999992
0,2,0,-3,-1,0,0,-2,0,-7,2,0,0,-2,0,-1,0,0,0,5.04,0.48,2.45,459.0579999999992
0,2,0,-3,-1,0,0,-2,-1,-6,3,0,0,-2,0,-1,0,0,0,5.04,0.48,2.45,460.5029999999992
0,2,0,-3,-1,0,0,-2,0,-6,4,0,0,-2,0,-1,0,0,0,5.04,0.48,2.45,461.9479999999992
0,2,0,-3,-1,0,0,-2,0,-6,5,0,0,-2,0,-1,1,0,0,5.04,0.48,2.45,463.3929999999992
0,2,0,-3,-1,0,0,-2,0,-6,5,0,0,-2,0,-1,2,0,0,5.04,0.48,2.45,464.83799999999917
0,2,0,-3,-1,0,0,-2,0,-7,4,0,0,-2,0,-1,2,0,0,5.04,0.47,2.39,466.24999999999915
0,2,0,-2,-1,0,0,-2,0,-7,4,0,0,-2,0,-1,2,0,0,5.04,0.47,2.39,467.6619999999991
0,2,0,-3,-1,0,0,-2,0,-6,4,0,0,-2,0,-1,2,0,0,5.04,0.47,2.39,469.0739999999991
0,2,0,-3,-1,0,0,-2,0,-6,4,0,0,-2,0,-1,1,0,0,5.04,0.47,2.39,470.4859999999991
0,2,0,-3,-1,0,0,-2,-1,-6,5,0,0,-2,0,-1,0,0,0,5.04,0.47,2.39,471.89799999999906
0,2,0,-3,-1,0,0,-2,0,-6,5,0,0,-2,0,-1,0,0,0,5.04,0.47,2.39,473.30999999999904
0,2,0,-3,-1,0,0,-2,0,-6,4,0,0,-2,0,-1,-1,0,0,5.04,0.47,2.39,474.721999999999
0,2,0,-3,-1,0,0,-2,-1,-6,3,0,0,-2,0,-1,0,0,0,5.04,0.47,2.39,476.133999999999
0,2,0,-3,-1,0,0,-2,-1,-6,2,0,0,-2,0,-1,1,0,0,5.04,0.47,2.39,477.54599999999897
0,2,0,-3,-1,0,0,-2,0,-6,1,0,0,-2,0,-1,3,0,0,5.04,0.47,2.39,478.95799999999895
0,2,0,-3,-1,0,0,-2,0,-7,1,0,0,-2,0,-1,3,0,0,5.04,0.47,2.39,480.3699999999989
0,2,0,-4,-2,0,0,-2,0,-7,2,0,0,-2,0,-2,3,0,0,5.04,0.47,2.39,481.7819999999989
0,2,0,-4,-2,0,0,-2,0,-7,2,0,0,-2,0,-1,3,0,0,5.04,0.47,2.39,483.1939999999989
0,2,0,-4,-2,0,0,-2,0,-7,1,0,0,-2,0,-1,3,0,0,5.04,0.47,2.39,484.60599999999886
0,2,0,-3,-2,0,0,-2,0,-7,1,0,0,-2,0,-1,3,0,0,5.04,0.47,2.39,486.01799999999884
0,2,0,-3,-2,0,0,-2,0,-7,2,0,0,-2,0,-1,2,0,0,5.04,0.47,2.39,487.4299999999988
0,2,0,-4,-1,0,0,-2,0,-7,3,0,-1,-2,0,-1,2,0,0,5.04,0.47,2.39,488.8419999999988
0,2,0,-4,-1,0,0,-2,-1,-6,3,0,-1,-2,0,-1,2,0,0,5.04,0.47,2.39,490.25399999999877
0,2,0,-4,-1,0,0,-2,0,-6,3,0,-1,-2,0,-1,2,0,0,5.04,0.47,2.39,491.66599999999875
0,2,0,-4,-1,0,0,-2,0,-6,3,0,-1,-2,0,-1,1,0,0,5.04,0.47,2.39,493.0779999999987
0,2,0,-3,-1,0,0,-2,0,-6,3,0,-1,-2,0,-1,0,0,0,5.04,0.47,2.39,494.4899999999987
0,2,0,-3,-1,0,0,-2,-1,-6,3,0,0,-2,0,-1,0,0,0,5.05,0.5,2.56,496.0029999999987
0,2,0,-3,-1,0,0,-2,0,-6,3,0,0,-2,0,-1,0,0,0,5.05,0.5,2.56,497.51599999999866
0,2,0,-3,0,0,0,-2,0,-6,2,0,0,-2,0,-1,0,0,0,5.05,0.5,2.56,499.02899999999863
0,2,0,-4,0,0,0,-2,-1,-7,1,0,0,-2,0,-2,1,0,0,5.05,0.5,2.56,500.5419999999986
0,2,0,-3,0,0,0,-2,0,-7,1,0,-1,-2,0,-2,1,0,0,5.05,0.5,2.56,502.0549999999986
0,2,0,-4,-1,0,0,-2,0,-7,0,0,-1,-2,0,-2,1,0,0,5.05,0.5,2.56,503.56799999999856
0,2,0,-3,0,0,0,-2,0,-6,0,0,-1,-2,0,-2,0,0,0,5.05,0.5,2.56,505.08099999999854
0,2,0,-3,0,0,0,-2,0,-6,1,0,0,-2,0,-2,0,0,0,5.05,0.5,2.56,506.5939999999985
0,2,0,-3,0,0,0,-2,0,-6,1,0,-1,-2,0,-2,0,0,0,5.05,0.5,2.56,508.1069999999985
0,2,0,-3,0,0,0,-2,0,-6,1,0,-1,-2,0,-2,0,0,0,5.05,0.5,2.56,509.61999999999847
0,2,0,-3,0,0,0,-2,0,-6,2,0,0,-2,0,-2,0,0,0,5.05,0.5,2.56,511.13299999999845
0,2,0,-3,0,0,0,-2,-1,-6,3,0,0,-2,0,-2,0,0,0,5.05,0.5,2.56,512.6459999999985
0,2,0,-3,0,0,0,-2,0,-6,3,0,0,-2,0,-2,0,0,0,5.05,0.5,2.56,514.1589999999985
0,2,0,-3,0,0,0,-2,0,-6,3,0,0,-2,0,-2,0,0,0,5.05,0.5,2.56,515.6719999999985
0,2,0,-3,0,0,0,-2,0,-6,2,0,-1,-2,0,-2,0,0,0,5.05,0.5,2.56,517.1849999999986
0,2,0,-3,0,0,0,-2,0,-7,1,0,-1,-2,0,-2,-1,0,0,5.05,0.5,2.56,518.6979999999986
0,2,0,-3,0,0,0,-2,0,-6,1,0,0,-2,0,-2,0,0,0,5.05,0.5,2.56,520.2109999999986
0,2,0,-3,0,0,0,-2,0,-6,2,0,0,-2,0,-2,0,0,0,5.05,0.5,2.56,521.7239999999987
0,2,0,-3,0,0,0,-2,-1,-6,2,0,0,-2,0,-2,0,0,0,5.05,0.5,2.56,523.2369999999987
0,2,0,-3,0,0,0,-2,-1,-6,2,0,0,-2,0,-2,-1,0,0,5.05,0.5,2.56,524.7499999999987
0,2,0,-3,0,0,0,-2,0,-6,2,0,-1,-2,0,-3,-2,0,0,5.05,0.5,2.56,526.2629999999988
0,2,0,-3,0,0,0,-2,0,-6,3,0,0,-2,0,-3,-2,0,0,5.04,0.47,2.4,527.6789999999988
0,2,0,-3,0,0,0,-2,0,-6,3,0,0,-2,0,-3,-2,0,0,5.04,0.47,2.4,529.0949999999989
0,2,0,-3,0,0,0,-2,0,-6,2,0,0,-2,0,-3,-2,0,0,5.04,0.47,2.4,530.510999999999
0,2,0,-3,0,0,0,-2,0,-6,1,0,0,-2,0,-2,-1,0,0,5.04,0.47,2.4,531.926999999999
0,2,0,-3,0,0,0,-2,0,-6,1,0,0,-2,0,-2,-1,0,0,5.04,0.47,2.4,533.342999999999
0,2,0,-3,0,0,0,-2,0,-6,0,0,0,-2,0,-2,-1,0,0,5.04,0.47,2.4,534.7589999999991
0,2,0,-3,0,0,0,-2,0,-6,0,0,0,-2,0,-2,0,0,0,5.04,0.47,2.4,536.1749999999992
0,2,0,-3,0,0,0,-2,-1,-6,0,0,-1,-2,0,-2,0,0,0,5.04,0.47,2.4,537.5909999999992
0,2,0,-3,0,0,0,-2,-1,-6,1,0,-1,-2,0,-2,-1,0,0,5.04,0.47,2.4,539.0069999999993
0,2,0,-2,0,0,0,-2,0,-6,1,0,-1,-2,0,-2,-2,0,0,5.04,0.47,2.4,540.4229999999993
0,2,0,-2,0,0,0,-2,0,-6,2,0,-1,-2,0,-2,-2,0,0,5.04,0.47,2.4,541.8389999999994
0,2,0,-3,0,0,0,-2,0,-6,3,0,0,-2,0,-2,-2,0,0,5.04,0.47,2.4,543.2549999999994
0,2,0,-3,0,0,0,-2,0,-6,4,0,0,-2,0,-2,-1,0,0,5.04,0.47,2.4,544.6709999999995
0,2,0,-3,0,0,0,-2,0,-6,4,0,0,-2,0,-2,-1,0,0,5.04,0.47,2.4,546.0869999999995
0,2,0,-3,0,0,0,-2,0,-6,5,0,0,-2,0,-2,0,0,0,5.04,0.47,2.4,547.5029999999996
0,2,0,-3,0,0,0,-2,0,-6,5,0,0,-2,0,-2,0,0,0,5.04,0.47,2.4,548.9189999999996
0,2,0,-3,0,0,0,-2,0,-6,5,0,-1,-2,0,-2,0,0,0,5.04,0.47,2.4,550.3349999999997
0,2,0,-3,0,0,0,-2,0,-6,4,0,-1,-2,0,-2,-1,0,0,5.04,0.47,2.4,551.7509999999997
0,2,0,-3,0,0,0,-2,-1,-6,5,0,-1,-2,0,-2,-1,0,0,5.04,0.47,2.4,553.1669999999998
0,2,0,-3,0,0,0,-2,-1,-6,4,0,0,-2,0,-2,-1,0,0,5.04,0.47,2.4,554.5829999999999
0,2,0,-3,0,0,0,-2,-1,-6,4,0,0,-2,0,-2,-2,0,0,5.04,0.47,2.4,555.9989999999999
0,2,0,-3,0,0,0,-2,0,-6,4,0,0,-2,0,-2,-2,0,0,5.03,0.45,2.3,557.3599999999999
0,2,0,-3,0,0,0,-2,0,-6,3,0,0,-2,0,-2,-2,0,0,5.03,0.45,2.3,558.7209999999999
0,2,0,-3,0,0,0,-2,0,-7,2,0,0,-2,0,-2,-2,0,0,5.03,0.45,2.3,560.0819999999999
0,2,0,-3,0,0,0,-2,0,-7,2,0,0,-2,0,-2,-1,0,0,5.03,0.45,2.3,561.4429999999999
0,2,0,-3,0,0,0,-2,0,-7,2,0,0,-2,0,-2,-1,0,0,5.03,0.45,2.3,562.8039999999999
0,2,0,-3,0,0,0,-2,0,-7,2,0,0,-2,0,-2,-1,0,0,5.03,0.45,2.3,564.1649999999998
0,2,0,-3,-1,0,0,-2,0,-6,2,0,0,-2,0,-2,-1,0,0,5.03,0.45,2.3,565.5259999999998
0,2,0,-3,0,0,0,-2,0,-6,3,0,-1,-2,0,-2,-2,0,0,5.03,0.45,2.3,566.8869999999998
0,2,0,-3,-1,0,0,-2,0,-6,3,0,-1,-2,0,-2,-2,0,0,5.03,0.45,2.3,568.2479999999998
0,2,0,-3,-1,0,0,-2,0,-6,3,0,0,-2,0,-2,-1,0,0,5.03,0.45,2.3,569.6089999999998
0,2,0,-3,0,0,0,-2,0,-7,3,0,0,-2,0,-2,-2,0,0,5.03,0.45,2.3,570.9699999999998
0,2,0,-3,-1,0,0,-2,0,-7,3,0,0,-2,0,-2,-1,0,0,5.03,0.45,2.3,572.3309999999998
0,2,0,-3,-1,0,0,-2,0,-7,3,0,0,-2,0,-2,0,0,0,5.03,0.45,2.3,573.6919999999998
0,2,0,-3,-1,0,0,-2,0,-8,4,0,0,-2,0,-2,0,0,0,5.03,0.45,2.3,575.0529999999998
0,2,0,-3,-1,0,0,-2,0,-7,3,0,-1,-2,0,-2,0,0,0,5.03,0.45,2.3,576.4139999999998
0,2,0,-3,-1,0,0,-2,0,-6,3,0,-1,-2,0,-2,0,0,0,5.03,0.45,2.3,577.7749999999997
0,2,0,-3,0,0,0,-2,0,-5,3,0,-1,-2,0,-2,-1,0,0,5.03,0.45,2.3,579.1359999999997
0,2,0,-3,0,0,0,-2,0,-5,3,0,-1,-2,0,-2,-2,0,0,5.03,0.45,2.3,580.4969999999997
0,2,0,-3,0,0,0,-2,0,-6,3,0,-1,-2,0,-2,-2,0,0,5.03,0.45,2.3,581.8579999999997
0,2,0,-3,0,0,0,-2,0,-7,3,0,0,-2,0,-2,-2,0,0,5.03,0.45,2.3,583.2189999999997
0,2,0,-3,0,0,0,-2,-1,-7,2,0,0,-2,0,-3,-3,0,0,5.03,0.45,2.3,584.5799999999997
0,2,0,-3,0,0,0,-2,0,-7,2,0,0,-2,0,-3,-3,0,0,5.04,0.48,2.46,586.0329999999997
0,2,0,-3,0,0,0,-2,0,-7,2,0,0,-2,0,-2,-2,0,0,5.04,0.48,2.46,587.4859999999996
0,2,0,-3,-1,0,0,-2,-1,-7,2,0,0,-2,0,-2,-2,0,0,5.04,0.48,2.46,588.9389999999996
0,2,0,-4,-1,0,0,-2,0,-6,2,0,0,-2,0,-2,-1,0,0,5.04,0.48,2.46,590.3919999999996
0,2,0,-4,-1,0,0,-2,0,-6,3,0,0,-2,0,-2,0,0,0,5.04,0.48,2.46,591.8449999999996
0,2,0,-4,-1,0,0,-2,0,-7,3,0,0,-2,0,-2,0,0,0,5.04,0.48,2.46,593.2979999999995
0,2,0,-4,0,0,0,-2,0,-7,3,0,0,-2,0,-2,0,0,0,5.04,0.48,2.46,594.7509999999995
0,2,0,-4,-1,0,0,-2,0,-6,4,0,0,-2,0,-2,0,0,0,5.04,0.48,2.46,596.2039999999995
0,2,0,-4,-1,0,0,-2,0,-7,4,0,0,-2,0,-2,0,0,0,5.04,0.48,2.46,597.6569999999995
0,2,0,-4,-1,0,0,-2,0,-6,4,0,0,-2,0,-2,0,0,0,5.04,0.48,2.46,599.1099999999994
0,2,0,-4,-1,0,0,-2,-1,-6,4,0,0,-2,0,-2,0,0,0,5.04,0.48,2.46,600.5629999999994
0,2,0,-4,-1,0,0,-2,0,-6,3,0,0,-2,0,-2,0,0,0,5.04,0.48,2.46,602.0159999999994
0,2,0,-4,-1,0,0,-2,-1,-6,3,0,0,-2,0,-2,0,0,0,5.04,0.48,2.46,603.4689999999994
0,2,0,-4,-1,0,0,-2,0,-6,3,0,0,-2,0,-2,0,0,0,5.04,0.48,2.46,604.9219999999993
0,2,0,-4,-1,0,0,-2,0,-7,3,0,0,-2,0,-3,0,0,0,5.04,0.48,2.46,606.3749999999993
0,2,0,-4,-1,0,0,-2,0,-6,2,0,0,-2,0,-2,0,0,0,5.04,0.48,2.46,607.8279999999993
0,2,0,-4,-1,0,0,-2,-1,-6,2,0,0,-2,0,-2,0,0,0,5.04,0.48,2.46,609.2809999999993
0,2,0,-4,-1,0,0,-2,-1,-6,2,0,0,-2,0,-2,0,0,0,5.04,0.48,2.46,610.7339999999992
0,2,0,-4,0,0,0,-2,0,-6,2,0,0,-2,0,-2,0,0,0,5.04,0.48,2.46,612.1869999999992
0,2,0,-4,0,0,0,-2,0,-7,2,0,0,-2,0,-2,0,0,0,5.04,0.48,2.46,613.6399999999992
0,2,0,-4,0,0,0,-2,0,-7,2,0,-1,-2,0,-2,0,0,0,5.04,0.48,2.46,615.0929999999992
0,2,0,-4,0,0,0,-2,0,-7,2,0,-1,-2,0,-2,-1,0,0,5.03,0.44,2.26,616.4279999999992
0,2,0,-4,0,0,0,-2,0,-7,2,0,-1,-2,0,-2,-2,0,0,5.03,0.44,2.26,617.7629999999992
0,2,0,-3,0,0,0,-2,-1,-6,3,0,0,-2,0,-3,-2,0,0,5.03,0.44,2.26,619.0979999999993
0,2,0,-4,0,0,0,-2,0,-6,3,0,0,-2,0,-2,-2,0,0,5.03,0.44,2.26,620.4329999999993
0,2,0,-3,0,0,0,-2,0,-6,3,0,0,-2,0,-3,-3,0,0,5.03,0.44,2.26,621.7679999999993
0,2,0,-3,0,0,0,-2,0,-6,3,0,0,-2,0,-3,-3,0,0,5.03,0.44,2.26,623.1029999999994
0,2,0,-3,0,0,0,-2,0,-7,2,0,0,-2,0,-3,-3,0,0,5.03,0.44,2.26,624.4379999999994
0,2,0,-3,0,0,0,-2,0,-7,3,0,0,-2,0,-3,-4,0,0,5.03,0.44,2.26,625.7729999999995
0,2,0,-3,0,0,0,-2,-1,-7,3,0,0,-2,0,-3,-4,0,0,5.03,0.44,2.26,627.1079999999995
0,2,0,-4,0,0,0,-2,0,-6,3,0,0,-2,0,-3,-3,0,0,5.03,0.44,2.26,628.4429999999995
0,2,0,-4,0,0,0,-2,-1,-5,3,0,0,-2,0,-3,-3,0,0,5.03,0.44,2.26,629.7779999999996
0,2,0,-4,0,0,0,-2,-1,-5,3,0,0,-2,0,-3,-3,0,0,5.03,0.44,2.26,631.1129999999996
0,2,0,-4,0,0,0,-2,-1,-5,3,0,0,-2,0,-3,-3,0,0,5.03,0.44,2.26,632.4479999999996
0,2,0,-4,0,0,0,-2,-1,-5,3,0,0,-2,0,-3,-3,0,0,5.03,0.44,2.26,633.7829999999997
0,2,0,-4,0,0,0,-2,-1,-6,3,0,0,-2,0,-3,-2,0,0,5.03,0.44,2.26,635.1179999999997
0,2,0,-4,0,0,0,-2,0,-6,3,0,0,-2,0,-2,-2,0,0,5.03,0.44,2.26,636.4529999999997
0,2,0,-4,0,0,0,-2,-1,-7,1,0,0,-2,0,-2,0,0,0,5.03,0.44,2.26,637.7879999999998
0,2,0,-4,-1,0,0,-2,0,-7,0,0,0,-2,0,-1,0,0,0,5.03,0.44,2.26,639.1229999999998
0,2,0,-4,-1,0,0,-2,0,-7,0,0,0,-2,0,-2,1,0,0,5.03,0.44,2.26,640.4579999999999
0,2,0,-4,-1,0,0,-2,0,-7,0,0,0,-2,0,-2,1,0,0,5.03,0.44,2.26,641.7929999999999
0,2,0,-4,-1,0,0,-2,0,-7,0,0,0,-2,0,-2,2,0,0,5.03,0.44,2.26,643.1279999999999
0,2,0,-3,-1,0,0,-2,-1,-6,7,0,0,-2,0,-2,1,0,0,5.03,0.46,2.32,644.5029999999999
0,2,0,-3,-1,0,0,-2,-1,-7,6,0,0,-2,0,-2,1,0,0,5.03,0.46,2.32,645.8779999999999
0,2,0,-3,-1,0,0,-2,-1,-7,5,0,0,-2,0,-1,1,0,0,5.03,0.46,2.32,647.2529999999999
0,2,0,-3,-1,0,0,-2,-1,-7,3,0,0,-2,0,-1,1,0,0,5.03,0.46,2.32,648.6279999999999
0,2,0,-3,-1,0,0,-2,-1,-7,2,0,0,-2,0,-1,0,0,0,5.03,0.46,2.32,650.0029999999999
0,2,0,-3,-1,0,0,-2,-1,-6,2,0,0,-2,0,-1,0,0,0,5.03,0.46,2.32,651.3779999999999
0,2,0,-3,-1,0,0,-2,-1,-6,2,0,0,-2,0,-1,0,0,0,5.03,0.46,2.32,652.7529999999999
0,2,0,-3,-1,0,0,-2,-1,-6,2,0,0,-2,0,-2,0,0,0,5.03,0.46,2.32,654.1279999999999
0,2,0,-3,-1,0,0,-2,-1,-6,1,0,0,-2,0,-2,0,0,0,5.03,0.46,2.32,655.5029999999999
0,2,0,-3,-1,0,0,-2,-1,-7,1,0,0,-2,0,-2,0,0,0,5.03,0.46,2.32,656.8779999999999
0,2,0,-3,0,0,0,-2,0,-7,1,0,0,-2,0,-2,1,0,0,5.03,0.46,2.32,658.2529999999999
0,2,0,-3,0,0,0,-2,-1,-7,1,0,0,-2,0,-1,1,0,0,5.03,0.46,2.32,659.6279999999999
0,2,0,-3,0,0,0,-2,-1,-7,1,0,0,-2,0,-1,1,0,0,5.03,0.46,2.32,661.0029999999999
0,2,0,-4,0,0,0,-2,-1,-6,0,0,0,-2,0,-1,0,0,0,5.04,0.49,2.49,662.473
0,2,0,-3,0,0,0,-2,-1,-6,0,0,0,-2,0,-1,0,0,0,5.04,0.49,2.49,663.943
0,2,0,-3,0,0,0,-2,-1,-6,0,0,0,-2,0,-2,0,0,0,5.04,0.49,2.49,665.413
0,2,0,-3,0,0,0,-2,0,-7,1,0,0,-2,0,-2,0,0,0,5.04,0.49,2.49,666.883
0,2,0,-3,0,0,0,-2,-1,-7,1,0,0,-2,0,-2,0,0,0,5.04,0.49,2.49,668.3530000000001
0,2,0,-4,0,0,0,-2,-1,-7,1,0,0,-2,0,-2,0,0,0,5.04,0.49,2.49,669.8230000000001
0,2,0,-4,-1,0,0,-2,0,-7,1,0,0,-2,0,-2,0,0,0,5.04,0.49,2.49,671.2930000000001
0,2,0,-4,-1,0,0,-2,0,-7,1,0,0,-2,0,-2,0,0,0,5.04,0.49,2.49,672.7630000000001
0,2,0,-4,0,0,0,-2,-1,-7,1,0,0,-2,0,-2,0,0,0,5.04,0.49,2.49,674.2330000000002
0,2,0,-4,0,0,0,-2,-1,-6,0,0,0,-2,0,-2,0,0,0,5.04,0.49,2.49,675.7030000000002
0,2,0,-4,0,0,0,-2,0,-6,0,0,0,-2,0,-2,-1,0,0,5.04,0.49,2.49,677.1730000000002
0,2,0,-3,0,0,0,-2,-1,-6,0,0,0,-2,0,-2,-1,0,0,5.04,0.49,2.49,678.6430000000003
0,2,0,-4,0,0,0,-2,-1,-6,0,0,0,-2,0,-3,-1,0,0,5.04,0.49,2.49,680.1130000000003
0,2,0,-4,0,0,0,-2,-1,-6,0,0,0,-2,0,-3,-1,0,0,5.04,0.49,2.49,681.5830000000003
0,2,0,-4,0,0,0,-2,-1,-6,0,0,0,-2,0,-3,-1,0,0,5.04,0.49,2.49,683.0530000000003
0,2,0,-4,0,0,0,-2,-1,-6,0,0,0,-2,0,-3,-1,0,0,5.04,0.49,2.49,684.5230000000004
0,2,0,-3,0,0,0,-2,-1,-6,0,0,0,-2,0,-3,-1,0,0,5.04,0.49,2.49,685.9930000000004
0,2,0,-3,0,0,0,-2,-1,-6,0,0,0,-2,0,-3,0,0,0,5.04,0.49,2.49,687.4630000000004
0,2,0,-3,0,0,0,-2,0,-7,0,0,0,-2,0,-3,0,0,0,5.04,0.49,2.49,688.9330000000004
0,2,0,-3,0,0,0,-2,-1,-7,0,0,0,-2,0,-3,0,0,0,5.04,0.49,2.49,690.4030000000005
0,2,0,-3,0,0,0,-2,0,-6,1,0,0,-2,0,-3,0,0,0,5.04,0.49,2.49,691.8730000000005
0,2,0,-3,0,0,0,-2,-1,-6,1,0,0,-2,0,-3,0,0,0,5.04,0.46,2.36,693.2660000000005
0,2,0,-3,0,0,0,-2,-1,-5,2,0,0,-2,0,-3,0,0,0,5.04,0.46,2.36,694.6590000000006
0,2,0,-3,0,0,0,-2,-1,-5,2,0,0,-2,0,-2,-1,0,0,5.04,0.46,2.36,696.0520000000006
0,2,0,-3,0,0,0,-2,0,-5,2,0,0,-2,0,-2,-1,0,0,5.04,0.46,2.36,697.4450000000006
0,2,0,-3,0,0,0,-2,-1,-6,2,0,0,-2,0,-2,-1,0,0,5.04,0.46,2.36,698.8380000000006
0,2,0,-3,0,0,0,-2,-1,-7,2,0,0,-2,0,-2,0,0,0,5.04,0.46,2.36,700.2310000000007
0,2,0,-3,0,0,0,-2,-1,-7,2,0,0,-2,0,-2,0,0,0,5.04,0.46,2.36,701.6240000000007
0,2,0,-3,0,0,0,-2,-1,-6,1,0,0,-2,0,-3,0,0,0,5.04,0.46,2.36,703.0170000000007
0,2,0,-3,0,0,0,-2,-1,-5,1,0,0,-2,0,-3,0,0,0,5.04,0.46,2.36,704.4100000000008
0,2,0,-3,0,0,0,-2,-1,-5,1,0,0,-2,0,-3,-1,0,0,5.04,0.46,2.36,705.8030000000008
0,2,0,-3,0,0,0,-2,-1,-5,1,0,0,-2,0,-3,-1,0,0,5.04,0.46,2.36,707.1960000000008
0,2,0,-3,0,0,0,-2,-1,-5,1,0,0,-2,0,-2,-1,0,0,5.04,0.46,2.36,708.5890000000009
0,2,0,-3,0,0,0,-2,0,-6,2,0,0,-2,0,-2,0,0,0,5.04,0.46,2.36,709.9820000000009
0,2,0,-3,0,0,0,-2,-1,-6,2,0,0,-2,0,-2,0,0,0,5.04,0.46,2.36,711.3750000000009
0,2,0,-3,0,0,0,-2,0,-6,2,0,0,-2,0,-2,0,0,0,5.04,0.46,2.36,712.7680000000009
0,2,0,-3,0,0,0,-2,0,-6,2,0,0,-2,0,-2,0,0,0,5.04,0.46,2.36,714.161000000001
0,2,0,-3,0,0,0,-2,0,-6,2,0,-1,-2,0,-3,0,0,0,5.04,0.46,2.36,715.554000000001
0,2,0,-2,0,0,0,-2,0,-6,2,0,0,-2,0,-3,-1,0,0,5.04,0.46,2.36,716.947000000001
0,2,0,-2,0,0,0,-2,-1,-5,2,0,0,-2,0,-3,-1,0,0,5.04,0.46,2.36,718.340000000001
0,2,0,-3,0,0,0,-2,0,-5,3,0,0,-2,0,-3,-1,0,0,5.04,0.46,2.36,719.7330000000011
0,2,0,-3,0,0,0,-2,0,-6,3,0,0,-2,0,-3,-1,0,0,5.04,0.46,2.36,721.1260000000011
0,2,0,-3,0,0,0,-2,0,-6,3,0,0,-2,0,-3,-1,0,0,5.03,0.44,2.25,722.4590000000011
0,2,0,-3,0,0,0,-2,-1,-6,3,0,0,-2,0,-3,-1,0,0,5.03,0.44,2.25,723.792000000001
0,2,0,-3,0,0,0,-2,0,-6,3,0,0,-2,0,-2,-1,0,0,5.03,0.44,2.25,725.125000000001
0,2,0,-3,0,0,0,-2,-1,-5,3,0,0,-2,0,-2,-3,0,0,5.03,0.44,2.25,726.458000000001
0,2,0,-3,0,0,0,-2,-1,-5,3,0,0,-2,0,-2,-3,0,0,5.03,0.44,2.25,727.791000000001
0,2,0,-3,0,0,0,-2,-1,-5,3,0,0,-2,0,-2,-4,0,0,5.03,0.44,2.25,729.1240000000009
0,2,0,-3,0,0,0,-2,-1,-6,3,0,0,-2,0,-3,-3,0,0,5.03,0.44,2.25,730.4570000000009
0,2,0,-3,0,0,0,-2,-1,-6,1,0,0,-2,0,-3,-3,0,0,5.03,0.44,2.25,731.7900000000009
0,2,0,-3,0,0,0,-2,-1,-6,1,0,0,-2,0,-3,-3,0,0,5.03,0.44,2.25,733.1230000000008
0,2,0,-3,0,0,0,-2,0,-6,0,0,0,-2,0,-3,-2,0,0,5.03,0.44,2.25,734.4560000000008
0,2,0,-3,0,0,0,-2,0,-6,0,0,0,-2,0,-2,-1,0,0,5.03,0.44,2.25,735.7890000000008
0,2,0,-3,0,0,0,-2,0,-7,-1,0,0,-2,0,-2,0,0,0,5.03,0.44,2.25,737.1220000000008
0,2,0,-4,0,0,0,-2,0,-7,-1,0,0,-2,0,-2,0,0,0,5.03,0.44,2.25,738.4550000000007
0,2,0,-4,0,0,0,-2,0,-6,0,0,0,-2,0,-2,0,0,0,5.03,0.44,2.25,739.7880000000007
0,2,0,-4,0,0,0,-2,0,-5,0,0,0,-2,0,-2,0,0,0,5.03,0.44,2.25,741.1210000000007
0,2,0,-4,0,0,0,-2,0,-5,2,0,0,-2,0,-3,0,0,0,5.03,0.44,2.25,742.4540000000006
0,2,0,-4,0,0,0,-2,0,-5,4,0,0,-2,0,-3,0,0,0,5.03,0.44,2.25,743.7870000000006
0,2,0,-4,0,0,0,-2,0,-5,5,0,0,-2,0,-3,0,0,0,5.03,0.44,2.25,745.1200000000006
0,2,0,-4,0,0,0,-2,0,-5,5,0,0,-2,0,-3,0,0,0,5.03,0.44,2.25,746.4530000000005
0,2,0,-4,0,0,0,-2,-1,-6,6,0,0,-2,0,-3,-1,0,0,5.03,0.44,2.25,747.7860000000005
0,2,0,-3,0,0,0,-2,0,-6,6,0,0,-2,0,-3,-2,0,0,5.03,0.44,2.25,749.1190000000005
0,2,0,-3,0,0,0,-2,0,-6,6,0,0,-2,0,-3,-3,0,0,5.04,0.47,2.41,750.5460000000005
0,2,0,-3,-1,0,0,-2,-1,-7,6,0,0,-2,0,-3,-3,0,0,5.04,0.47,2.41,751.9730000000005
0,2,0,-3,-1,0,0,-2,-1,-6,6,0,0,-2,0,-3,-2,0,0,5.04,0.47,2.41,753.4000000000005
0,2,0,-3,-1,0,0,-2,-1,-6,5,0,0,-2,0,-3,-1,0,0,5.04,0.47,2.41,754.8270000000006
0,2,0,-3,-1,0,0,-2,-1,-6,4,0,0,-2,0,-2,0,0,0,5.04,0.47,2.41,756.2540000000006
0,2,0,-4,-1,0,0,-2,-1,-6,4,0,0,-2,0,-2,0,0,0,5.04,0.47,2.41,757.6810000000006
0,2,0,-4,-1,0,0,-2,0,-7,4,0,0,-2,0,-1,0,0,0,5.04,0.47,2.41,759.1080000000006
0,2,0,-4,0,0,0,-2,-1,-8,3,0,0,-2,0,-1,0,0,0,5.04,0.47,2.41,760.5350000000007
0,2,0,-4,0,0,0,-2,-1,-7,2,0,0,-2,0,-1,0,0,0,5.04,0.47,2.41,761.9620000000007
0,2,0,-4,0,0,0,-2,-1,-7,1,0,0,-2,0,-2,0,0,0,5.04,0.47,2.41,763.3890000000007
0,2,0,-4,0,0,0,-2,0,-6,1,0,0,-2,0,-2,-1,0,0,5.04,0.47,2.41,764.8160000000007
0,2,0,-4,0,0,0,-2,0,-6,1,0,0,-2,0,-2,-1,0,0,5.04,0.47,2.41,766.2430000000007
0,2,0,-4,0,0,0,-2,0,-6,1,0,0,-2,0,-2,-1,0,0,5.04,0.47,2.41,767.6700000000008
0,2,0,-4,0,0,0,-2,0,-6,0,0,0,-2,0,-3,-2,0,0,5.04,0.47,2.41,769.0970000000008
0,2,0,-4,0,0,0,-2,0,-6,0,0,0,-2,0,-3,-2,0,0,5.04,0.47,2.41,770.5240000000008
0,2,0,-3,0,0,0,-2,0,-7,-1,0,0,-2,0,-3,-2,0,0,5.04,0.47,2.41,771.9510000000008
0,2,0,-3,0,0,0,-2,-1,-7,-1,0,0,-2,0,-2,-2,0,0,5.04,0.47,2.41,773.3780000000008
0,2,0,-3,0,0,0,-2,-1,-7,0,0,0,-2,0,-2,-2,0,0,5.04,0.47,2.41,774.8050000000009
0,2,0,-3,0,0,0,-2,-1,-7,0,0,0,-2,0,-3,-2,0,0,5.04,0.47,2.41,776.2320000000009
0,2,0,-3,0,0,0,-2,0,-6,2,0,0,-2,0,-3,-2,0,0,5.04,0.47,2.41,777.6590000000009
0,2,0,-3,0,0,0,-2,0,-6,2,0,0,-2,0,-3,-2,0,0,5.04,0.47,2.41,779.0860000000009
0,2,0,-3,0,0,0,-2,-1,-6,2,0,0,-2,0,-3,-2,0,0,5.03,0.46,2.31,780.455000000001
0,2,0,-3,0,0,0,-2,0,-6,2,0,0,-2,0,-3,-2,0,0,5.03,0.46,2.31,781.824000000001
0,2,0,-3,0,0,0,-2,0,-6,2,0,0,-2,0,-2,-2,0,0,5.03,0.46,2.31,783.193000000001
0,2,0,-3,0,0,0,-2,-1,-6,2,0,0,-2,0,-2,-2,0,0,5.03,0.46,2.31,784.562000000001
0,2,0,-3,0,0,0,-2,0,-6,2,0,0,-2,0,-2,-1,0,0,5.03,0.46,2.31,785.9310000000011
0,2,0,-3,0,0,0,-2,-1,-6,2,0,0,-2,0,-2,-1,0,0,5.03,0.46,2.31,787.3000000000011
0,2,0,-3,0,0,0,-2,-1,-6,2,0,0,-2,0,-2,-1,0,0,5.03,0.46,2.31,788.6690000000011
0,2,0,-3,0,0,0,-2,-1,-5,2,0,0,-2,0,-3,-1,0,0,5.03,0.46,2.31,790.0380000000011
0,2,0,-3,0,0,0,-2,-1,-5,2,0,0,-2,0,-3,-1,0,0,5.03,0.46,2.31,791.4070000000012
0,2,0,-3,0,0,0,-2,-1,-6,2,0,0,-2,0,-3,-1,0,0,5.03,0.46,2.31,792.7760000000012
0,2,0,-3,0,0,0,-2,0,-6,2,0,0,-2,0,-2,-1,0,0,5.03,0.46,2.31,794.1450000000012
0,2,0,-3,0,0,0,-2,-1,-6,2,0,0,-2,0,-2,-1,0,0,5.03,0.46,2.31,795.5140000000013
0,2,0,-3,0,0,0,-2,-1,-6,2,0,0,-2,0,-2,-1,0,0,5.03,0.46,2.31,796.8830000000013
0,2,0,-3,0,0,0,-2,-1,-6,2,0,0,-2,0,-2,-1,0,0,5.03,0.46,2.31,798.2520000000013
0,2,0,-3,0,0,0,-2,-1,-5,1,0,0,-2,0,-2,-1,0,0,5.03,0.46,2.31,799.6210000000013
0,2,0,-3,0,0,0,-2,-1,-5,1,0,0,-2,0,-3,-2,0,0,5.03,0.46,2.31,800.9900000000014
0,2,0,-3,0,0,0,-2,-1,-5,1,0,0,-2,0,-3,-2,0,0,5.03,0.46,2.31,802.3590000000014
0,2,0,-3,0,0,0,-2,0,-6,1,0,0,-2,0,-2,-2,0,0,5.03,0.46,2.31,803.7280000000014
0,2,0,-3,0,0,0,-2,0,-6,1,0,0,-2,0,-2,-1,0,0,5.03,0.46,2.31,805.0970000000015
0,2,0,-3,0,0,0,-2,-1,-6,0,0,0,-2,0,-2,-1,0,0,5.03,0.46,2.31,806.4660000000015
0,2,0,-3,0,0,0,-2,0,-7,1,0,0,-2,0,-2,0,0,0,5.03,0.46,2.31,807.8350000000015
0,2,0,-3,0,0,0,-2,-1,-7,1,0,0,-2,0,-2,0,0,0,5.03,0.45,2.27,809.1780000000015
0,2,0,-3,0,0,0,-2,0,-6,2,0,0,-2,0,-2,0,0,0,5.03,0.45,2.27,810.5210000000014
0,2,0,-3,0,0,0,-2,-1,-6,2,0,0,-2,0,-2,0,0,0,5.03,0.45,2.27,811.8640000000014
0,2,0,-3,0,0,0,-2,-1,-5,2,0,0,-2,0,-2,0,0,0,5.03,0.45,2.27,813.2070000000014
0,2,0,-3,0,0,0,-2,0,-5,2,0,0,-2,0,-2,0,0,0,5.03,0.45,2.27,814.5500000000013
0,2,0,-3,0,0,0,-2,-1,-6,2,0,0,-2,0,-2,0,0,0,5.03,0.45,2.27,815.8930000000013
0,2,0,-3,0,0,0,-2,-1,-6,2,0,0,-2,0,-2,0,0,0,5.03,0.45,2.27,817.2360000000012
0,2,0,-3,0,0,0,-2,-1,-7,2,0,0,-2,0,-2,0,0,0,5.03,0.45,2.27,818.5790000000012
0,2,0,-3,0,0,0,-2,-1,-7,2,0,0,-2,0,-2,0,0,0,5.03,0.45,2.27,819.9220000000012
0,2,0,-3,0,0,0,-2,-1,-6,2,0,0,-2,0,-2,0,0,0,5.03,0.45,2.27,821.2650000000011
0,2,0,-3,0,0,0,-2,-1,-6,2,0,0,-2,0,-2,0,0,0,5.03,0.45,2.27,822.6080000000011
0,2,0,-3,0,0,0,-2,-1,-5,2,0,0,-2,0,-2,0,0,0,5.03,0.45,2.27,823.951000000001
0,2,0,-3,0,0,0,-2,-1,-6,1,0,0,-2,0,-2,0,0,0,5.03,0.45,2.27,825.294000000001
0,2,0,-3,0,0,0,-2,-1,-6,1,0,0,-2,0,-2,0,0,0,5.03,0.45,2.27,826.637000000001
0,2,0,-3,0,0,0,-2,0,-7,1,0,0,-2,0,-2,0,0,0,5.03,0.45,2.27,827.9800000000009
0,2,0,-3,0,0,0,-2,0,-7,1,0,0,-2,0,-2,0,0,0,5.03,0.45,2.27,829.3230000000009
0,2,0,-3,0,0,0,-2,-1,-6,1,0,0,-2,0,-2,0,0,0,5.03,0.45,2.27,830.6660000000008
0,2,0,-3,0,0,0,-2,-1,-6,2,0,0,-2,0,-2,0,0,0,5.03,0.45,2.27,832.0090000000008
0,2,0,-3,0,0,0,-2,0,-5,2,0,0,-2,0,-2,0,0,0,5.03,0.45,2.27,833.3520000000008
0,2,0,-3,0,0,0,-2,-1,-5,2,0,0,-2,0,-2,-1,0,0,5.03,0.45,2.27,834.6950000000007
0,2,0,-3,0,0,0,-2,0,-6,2,0,0,-2,0,-2,-1,0,0,5.03,0.45,2.27,836.0380000000007
0,2,0,-3,0,0,0,-2,-1,-6,3,0,0,-2,0,-2,0,0,0,5.04,0.48,2.43,837.4740000000007
0,2,0,-3,0,0,0,-2,-1,-6,3,0,0,-2,0,-2,0,0,0,5.04,0.48,2.43,838.9100000000008
0,2,0,-3,0,0,0,-2,0,-6,3,0,0,-2,0,-2,0,0,0,5.04,0.48,2.43,840.3460000000008
0,2,0,-4,0,0,0,-2,0,-6,2,0,0,-2,0,-2,1,0,0,5.04,0.48,2.43,841.7820000000008
0,2,0,-4,0,0,0,-2,-1,-7,2,0,0,-2,0,-2,0,0,0,5.04,0.48,2.43,843.2180000000009
0,2,0,-4,0,0,0,-2,-1,-7,2,0,0,-2,0,-2,0,0,0,5.04,0.48,2.43,844.6540000000009
0,2,0,-3,0,0,0,-2,-1,-7,1,0,0,-2,0,-2,0,0,0,5.04,0.48,2.43,846.0900000000009
0,2,0,-3,0,0,0,-2,-1,-5,1,0,0,-2,0,-2,0,0,0,5.04,0.48,2.43,847.526000000001
0,2,0,-3,0,0,0,-2,0,-5,1,0,0,-2,0,-2,0,0,0,5.04,0.48,2.43,848.962000000001
0,2,0,-3,0,0,0,-2,0,-5,1,0,0,-2,0,-2,0,0,0,5.04,0.48,2.43,850.398000000001
0,2,0,-3,0,0,0,-2,-1,-6,1,0,0,-2,0,-2,-1,0,0,5.04,0.48,2.43,851.8340000000011
0,2,0,-3,0,0,0,-2,-1,-5,-1,0,0,-2,0,-1,5,0,0,5.04,0.48,2.42,853.269000000001
0,2,0,-3,0,0,0,-2,-1,-6,-1,0,0,-2,0,-1,6,0,0,5.04,0.48,2.42,854.704000000001
0,2,0,-3,-1,0,0,-2,-1,-6,0,0,0,-2,0,-1,5,0,0,5.04,0.48,2.45,856.156000000001
0,2,0,-3,0,0,0,-2,-1,-5,2,0,0,-2,0,-1,5,0,0,5.04,0.48,2.45,857.608000000001
0,2,0,-3,-1,0,0,-2,-1,-5,3,0,0,-2,0,-1,4,0,0,5.04,0.48,2.45,859.060000000001
0,2,0,-3,-1,0,0,-2,0,-6,5,0,-1,-2,0,-1,2,0,0,5.04,0.48,2.45,860.512000000001
0,2,0,-3,-1,0,0,-2,0,-6,6,0,-1,-2,0,-2,0,0,0,5.04,0.48,2.45,861.964000000001
0,2,0,-3,-1,0,0,-2,0,-7,6,0,-1,-2,0,-2,0,0,0,5.04,0.48,2.45,863.416000000001
0,2,0,-3,0,0,0,-2,-1,-7,6,0,-1,-2,0,-2,-2,0,0,5.04,0.48,2.45,864.868000000001
0,2,0,-3,0,0,0,-2,-1,-6,5,0,0,-2,0,-2,-3,0,0,5.04,0.48,2.45,866.320000000001
0,2,0,-3,0,0,0,-2,-1,-6,3,0,0,-2,0,-3,-4,0,0,5.04,0.48,2.45,867.772000000001
0,2,0,-3,0,0,0,-2,-1,-6,3,0,0,-2,0,-2,-4,0,0,5.04,0.48,2.45,869.224000000001
0,2,0,-3,0,0,0,-2,0,-7,2,0,0,-2,0,-3,-3,0,0,5.04,0.48,2.45,870.676000000001
0,2,0,-3,0,0,0,-2,-1,-7,2,0,0,-2,0,-2,-2,0,0,5.04,0.48,2.45,872.128000000001
0,2,0,-3,0,0,0,-2,-1,-6,1,0,0,-2,0,-2,-1,0,0,5.04,0.48,2.45,873.580000000001
0,2,0,-4,0,0,0,-2,-1,-6,1,0,0,-2,0,-2,-1,0,0,5.04,0.48,2.45,875.032000000001
0,2,0,-3,0,0,0,-2,-1,-7,0,0,0,-2,0,-2,0,0,0,5.04,0.48,2.45,876.484000000001
0,2,0,-3,0,0,0,-2,-1,-6,1,0,0,-2,0,-2,0,0,0,5.04,0.48,2.45,877.936000000001
0,2,0,-3,0,0,0,-2,-1,-6,1,0,0,-2,0,-2,0,0,0,5.04,0.48,2.45,879.3880000000009
0,2,0,-3,0,0,0,-2,0,-6,0,0,0,-2,0,-2,0,0,0,5.04,0.48,2.45,880.8400000000009
0,2,0,-3,0,0,0,-2,-1,-6,1,0,0,-2,0,-2,0,0,0,5.04,0.48,2.45,882.2920000000009
0,2,0,-3,0,0,0,-2,0,-6,1,0,0,-2,0,-2,0,0,0,5.04,0.48,2.45,883.7440000000009
0,2,0,-3,0,0,0,-2,0,-6,1,0,0,-2,0,-2,0,0,0,5.04,0.48,2.45,885.1960000000009
0,2,0,-3,0,0,0,-2,0,-6,1,0,0,-2,0,-1,0,0,0,5.03,0.44,2.23,886.5190000000009
0,2,0,-3,0,0,0,-2,0,-6,1,0,0,-2,0,-1,0,0,0,5.03,0.44,2.23,887.8420000000009
0,2,0,-3,0,0,0,-2,-1,-6,1,0,0,-2,0,-1,0,0,0,5.03,0.44,2.23,889.1650000000009
0,2,0,-3,0,0,0,-2,-1,-6,1,0,0,-2,0,-1,0,0,0,5.03,0.44,2.23,890.4880000000009
0,2,0,-3,0,0,0,-2,-1,-6,0,0,0,-2,0,-2,0,0,0,5.03,0.44,2.23,891.8110000000008
0,2,0,-3,0,0,0,-2,-1,-6,0,0,0,-2,0,-2,0,0,0,5.03,0.44,2.23,893.1340000000008
0,2,0,-3,0,0,0,-2,-1,-6,-1,0,0,-2,0,-2,1,0,0,5.03,0.44,2.23,894.4570000000008
0,2,0,-3,0,0,0,-2,-1,-7,-1,0,0,-2,0,-2,1,0,0,5.03,0.44,2.23,895.7800000000008
0,2,0,-3,0,0,0,-2,-1,-7,-1,0,0,-2,0,-2,1,0,0,5.03,0.44,2.23,897.1030000000007
0,2,0,-3,0,0,0,-2,0,-7,-1,0,0,-2,0,-2,1,0,0,5.03,0.44,2.23,898.4260000000007
0,2,0,-4,0,0,0,-2,-1,-7,0,0,0,-2,0,-2,0,0,0,5.03,0.44,2.23,899.7490000000007
0,2,0,-3,0,0,0,-2,-1,-6,0,0,0,-2,0,-2,0,0,0,5.03,0.44,2.23,901.0720000000007
0,2,0,-4,0,0,0,-2,-1,-6,1,0,0,-2,0,-2,0,0,0,5.03,0.44,2.23,902.3950000000007
0,2,0,-3,0,0,0,-2,-1,-6,3,0,-1,-2,0,-3,-2,0,0,5.03,0.44,2.23,903.7180000000006
0,2,0,-3,0,0,0,-2,-1,-6,4,0,0,-2,0,-3,-2,0,0,5.03,0.44,2.23,905.0410000000006
0,2,0,-3,0,0,0,-2,0,-6,4,0,0,-2,0,-3,-3,0,0,5.03,0.44,2.23,906.3640000000006
0,2,0,-3,0,0,0,-2,0,-6,5,0,0,-2,0,-3,-3,0,0,5.03,0.44,2.23,907.6870000000006
0,2,0,-3,0,0,0,-2,-1,-5,4,0,0,-2,0,-3,-3,0,0,5.03,0.44,2.23,909.0100000000006
0,2,0,-3,0,0,0,-2,-1,-5,4,0,0,-2,0,-3,-3,0,0,5.03,0.44,2.23,910.3330000000005
0,2,0,-3,0,0,0,-2,-1,-6,4,0,0,-2,0,-3,-3,0,0,5.03,0.44,2.23,911.6560000000005
0,2,0,-3,0,0,0,-2,-1,-6,4,0,0,-2,0,-2,-2,0,0,5.03,0.44,2.23,912.9790000000005
0,2,0,-3,0,0,0,-2,-1,-6,3,0,0,-2,0,-2,-1,0,0,5.04,0.48,2.46,914.4340000000005
0,2,0,-3,0,0,0,-2,-1,-6,2,0,0,-2,0,-1,0,0,0,5.04,0.48,2.46,915.8890000000006
0,2,0,-2,0,0,0,-2,-1,-6,2,0,0,-2,0,-1,0,0,0,5.04,0.48,2.46,917.3440000000006
0,2,0,-3,0,0,0,-2,-1,-6,1,0,0,-2,0,-2,0,0,0,5.04,0.48,2.46,918.7990000000007
0,2,0,-3,0,0,0,-2,-1,-6,1,0,0,-2,0,-2,0,0,0,5.04,0.48,2.46,920.2540000000007
0,2,0,-3,0,0,0,-2,-1,-6,1,0,0,-2,0,-2,0,0,0,5.04,0.48,2.46,921.7090000000007
0,2,0,-3,0,0,0,-2,-1,-6,1,0,0,-2,0,-2,0,0,0,5.04,0.48,2.46,923.1640000000008
0,2,0,-3,0,0,0,-2,-1,-6,1,0,0,-2,0,-2,0,0,0,5.04,0.48,2.46,924.6190000000008
0,2,0,-3,0,0,0,-2,0,-6,2,0,0,-2,0,-2,-1,0,0,5.04,0.48,2.46,926.0740000000009
0,2,0,-3,0,0,0,-2,0,-6,2,0,0,-2,0,-2,-1,0,0,5.04,0.48,2.46,927.5290000000009
0,2,0,-3,0,0,0,-2,0,-5,2,0,0,-2,0,-2,-1,0,0,5.04,0.48,2.46,928.984000000001
0,2,0,-3,0,0,0,-2,-1,-5,2,0,0,-2,0,-3,-2,0,0,5.04,0.48,2.46,930.439000000001
0,2,0,-3,0,0,0,-2,-1,-5,2,0,0,-2,0,-3,-2,0,0,5.04,0.48,2.46,931.894000000001
0,2,0,-3,0,0,0,-2,-1,-5,2,0,0,-2,0,-3,-2,0,0,5.04,0.48,2.46,933.3490000000011
0,2,0,-3,0,0,0,-2,-1,-5,2,0,0,-2,0,-3,-1,0,0,5.04,0.48,2.46,934.8040000000011
0,2,0,-3,0,0,0,-2,-1,-6,2,0,0,-2,0,-3,-1,0,0,5.04,0.48,2.46,936.2590000000012
0,2,0,-3,0,0,0,-2,-1,-7,1,0,0,-2,0,-3,-2,0,0,5.04,0.48,2.46,937.7140000000012
0,2,0,-3,0,0,0,-2,-1,-7,0,0,0,-2,0,-3,-1,0,0,5.04,0.48,2.46,939.1690000000012
0,2,0,-3,0,0,0,-2,-1,-7,0,0,0,-2,0,-3,-1,0,0,5.04,0.48,2.46,940.6240000000013
0,2,0,-3,0,0,0,-2,-1,-6,1,0,0,-2,0,-3,-1,0,0,5.04,0.48,2.46,942.0790000000013
0,2,0,-3,0,0,0,-2,-1,-6,1,0,0,-2,0,-2,-1,0,0,5.04,0.48,2.46,943.5340000000014
0,2,0,-3,0,0,0,-2,-1,-6,1,0,0,-2,0,-2,-1,0,0,5.03,0.45,2.29,944.8910000000013
0,2,0,-3,0,0,0,-2,-1,-6,2,0,0,-2,0,-2,-1,0,0,5.03,0.45,2.29,946.2480000000013
0,2,0,-3,0,0,0,-2,0,-6,2,0,0,-2,0,-2,-1,0,0,5.03,0.45,2.29,947.6050000000013
0,2,0,-3,0,0,0,-2,-1,-6,2,0,0,-2,0,-2,-1,0,0,5.03,0.45,2.29,948.9620000000012
0,2,0,-3,0,0,0,-2,0,-6,2,0,0,-2,0,-3,0,0,0,5.03,0.45,2.29,950.3190000000012
0,2,0,-3,0,0,0,-2,-1,-6,3,0,0,-2,0,-2,0,0,0,5.03,0.45,2.29,951.6760000000012
0,2,0,-3,0,0,0,-2,-1,-5,3,0,0,-2,0,-2,-1,0,0,5.03,0.45,2.29,953.0330000000012
0,2,0,-3,0,0,0,-2,0,-6,4,0,0,-2,0,-2,-1,0,0,5.03,0.45,2.29,954.3900000000011
0,2,0,-4,0,0,0,-2,0,-6,4,0,0,-2,0,-2,-1,0,0,5.03,0.45,2.29,955.7470000000011
0,2,0,-3,0,0,0,-2,-1,-7,4,0,0,-2,0,-2,-1,0,0,5.03,0.45,2.29,957.1040000000011
0,2,0,-3,0,0,0,-2,-1,-7,3,0,0,-2,0,-3,-1,0,0,5.03,0.45,2.29,958.461000000001
0,2,0,-3,0,0,0,-2,-1,-6,2,0,0,-2,0,-3,-1,0,0,5.03,0.45,2.29,959.818000000001
0,2,0,-3,0,0,0,-2,-1,-5,1,0,0,-2,0,-2,-1,0,0,5.03,0.45,2.29,961.175000000001
0,2,0,-3,0,0,0,-2,-1,-5,0,0,0,-2,0,-2,-1,0,0,5.03,0.45,2.29,962.532000000001
0,2,0,-3,0,0,0,-2,0,-5,0,0,-1,-2,0,-2,-2,0,0,5.03,0.45,2.29,963.8890000000009
0,2,0,-3,0,0,0,-2,-1,-5,0,0,0,-2,0,-2,-2,0,0,5.03,0.45,2.29,965.2460000000009
0,2,0,-3,0,0,0,-2,-1,-6,1,0,0,-2,0,-2,-2,0,0,5.03,0.45,2.29,966.6030000000009
0,2,0,-3,0,0,0,-2,0,-6,1,0,0,-2,0,-2,-1,0,0,5.03,0.45,2.29,967.9600000000008
0,2,0,-3,1,0,0,-2,-1,-7,0,0,0,-2,0,-2,0,0,0,5.03,0.45,2.29,969.3170000000008
0,2,0,-3,1,0,0,-2,-1,-7,0,0,0,-2,0,-2,0,0,0,5.03,0.45,2.29,970.6740000000008
0,2,0,-3,0,0,0,-2,-1,-6,0,0,0,-2,0,-3,0,0,0,5.03,0.45,2.29,972.0310000000007
0,2,0,-3,0,0,0,-2,0,-6,0,0,0,-2,0,-2,1,0,0,5.04,0.47,2.37,973.4360000000007
0,2,0,-3,0,0,0,-2,0,-6,0,0,0,-2,0,-2,0,0,0,5.04,0.47,2.37,974.8410000000007
0,2,0,-3,0,0,0,-2,-1,-6,0,0,0,-2,0,-2,0,0,0,5.04,0.47,2.37,976.2460000000007
0,2,0,-3,0,0,0,-2,-1,-5,0,0,0,-2,0,-1,0,0,0,5.04,0.47,2.37,977.6510000000006
0,2,0,-3,0,0,0,-2,-1,-6,0,0,0,-2,0,-2,-2,0,0,5.04,0.47,2.37,979.0560000000006
0,2,0,-3,0,0,0,-2,-1,-6,0,0,0,-2,0,-2,-2,0,0,5.04,0.47,2.37,980.4610000000006
0,2,0,-3,0,0,0,-2,-1,-6,1,0,0,-2,0,-3,-2,0,0,5.04,0.47,2.37,981.8660000000006
0,2,0,-3,0,0,0,-2,-1,-6,2,0,0,-2,0,-3,-2,0,0,5.04,0.47,2.37,983.2710000000005
0,2,0,-4,0,0,0,-2,-1,-6,3,0,0,-2,0,-3,-3,0,0,5.04,0.47,2.37,984.6760000000005
0,2,0,-3,0,0,0,-2,-1,-6,3,0,0,-2,0,-3,-3,0,0,5.04,0.47,2.37,986.0810000000005
0,2,0,-4,0,0,0,-2,-1,-6,3,0,0,-2,0,-3,-4,0,0,5.04,0.47,2.37,987.4860000000004
0,2,0,-4,0,0,0,-2,-1,-6,2,0,0,-2,0,-3,-3,0,0,5.04,0.47,2.37,988.8910000000004
0,2,0,-3,0,0,0,-2,-1,-6,2,0,0,-2,0,-3,-2,0,0,5.04,0.47,2.37,990.2960000000004
0,2,0,-4,0,0,0,-2,-1,-6,1,0,0,-2,0,-2,-2,0,0,5.04,0.47,2.37,991.7010000000004
0,2,0,-3,0,0,0,-2,-1,-6,1,0,0,-2,0,-3,-2,0,0,5.04,0.47,2.37,993.1060000000003
0,2,0,-3,0,0,0,-2,-1,-6,1,0,0,-2,0,-3,-3,0,0,5.04,0.47,2.37,994.5110000000003
0,2,0,-3,0,0,0,-2,-1,-7,1,0,0,-2,0,-3,-3,0,0,5.04,0.47,2.37,995.9160000000003
0,2,0,-3,0,0,0,-2,-1,-7,1,0,0,-2,0,-3,-3,0,0,5.04,0.47,2.37,997.3210000000003
0,2,0,-3,0,0,0,-2,0,-6,1,0,0,-2,0,-3,-3,0,0,5.04,0.47,2.37,998.7260000000002
0,2,0,-3,0,0,0,-2,0,-7,1,0,0,-2,0,-3,-2,0,0,5.04,0.47,2.37,1000.1310000000002
0,2,0,-3,0,0,0,-2,-1,-6,1,0,0,-2,0,-3,-2,0,0,5.04,0.47,2.37,1001.5360000000002
0,2,0,-3,0,0,0,-2,-1,-6,0,0,0,-2,0,-2,-1,0,0,5.04,0.47,2.37,1002.9410000000001
0,2,0,-3,0,0,0,-2,-1,-6,1,0,0,-2,0,-2,0,0,0,5.04,0.47,2.37,1004.3460000000001
0,2,0,-3,0,0,0,-2,0,-7,0,0,0,-2,0,-2,0,0,0,5.04,0.47,2.37,1005.7510000000001
0,2,0,-3,0,0,0,-2,-1,-6,1,0,0,-2,0,-2,0,0,0,5.04,0.47,2.37,1007.1560000000001
0,2,0,-3,0,0,0,-2,-1,-6,1,0,0,-2,0,-3,0,0,0,5.04,0.47,2.37,1008.561
0,2,0,-3,0,0,0,-2,-1,-5,2,0,0,-2,0,-3,-1,0,0,5.04,0.47,2.37,1009.966
0,2,0,-3,0,0,0,-2,-1,-5,3,0,0,-2,0,-2,-1,0,0,5.04,0.47,2.37,1011.371
0,2,0,-3,0,0,0,-2,0,-5,4,0,0,-2,0,-2,0,0,0,5.04,0.47,2.37,1012.776
0,2,0,-3,0,0,0,-2,-1,-6,5,0,0,-2,0,-2,1,0,0,5.04,0.47,2.37,1014.1809999999999
0,2,0,-3,0,0,0,-2,-1,-6,5,0,0,-2,0,-1,2,0,0,5.04,0.47,2.37,1015.5859999999999
0,2,0,-3,0,0,0,-2,0,-6,5,0,0,-2,0,-1,2,0,0,5.04,0.47,2.37,1016.9909999999999
0,2,0,-3,0,0,0,-2,-1,-6,4,0,0,-2,0,-1,4,0,0,5.04,0.47,2.37,1018.3959999999998
0,2,0,-3,0,0,0,-2,-1,-6,3,0,0,-2,0,-1,4,0,0,5.04,0.47,2.37,1019.8009999999998
0,2,0,-3,0,0,0,-2,-1,-6,4,0,0,-2,0,-1,5,0,0,5.04,0.47,2.37,1021.2059999999998
0,2,0,-3,0,0,0,-2,-1,-6,4,0,0,-2,0,-1,5,0,0,5.04,0.47,2.37,1022.6109999999998
0,2,0,-3,0,0,0,-2,-1,-6,4,0,-1,-2,0,-1,4,0,0,5.04,0.47,2.37,1024.0159999999998
0,2,0,-4,0,0,0,-2,-1,-6,5,0,0,-2,0,-1,4,0,0,5.04,0.47,2.37,1025.4209999999998
0,2,0,-3,0,0,0,-2,-1,-6,5,0,0,-2,0,-1,4,0,0,5.04,0.47,2.37,1026.8259999999998
0,2,0,-3,0,0,0,-2,-1,-6,5,0,0,-2,0,-1,4,0,0,5.04,0.47,2.37,1028.2309999999998
0,2,0,-4,0,0,0,-2,-1,-6,6,0,0,-2,0,-2,4,0,0,5.04,0.47,2.37,1029.6359999999997
0,2,0,-3,0,0,0,-2,0,-6,5,0,0,-2,0,-3,3,0,0,5.04,0.47,2.37,1031.0409999999997
0,2,0,-3,0,0,0,-2,0,-6,3,0,0,-2,0,-2,1,0,0,5.03,0.42,2.14,1032.3109999999997
0,2,0,-3,0,0,0,-2,0,-6,2,0,0,-2,0,-2,1,0,0,5.03,0.42,2.14,1033.5809999999997
0,2,0,-3,-1,0,0,-2,-1,-6,2,0,0,-2,0,-2,-1,0,0,5.03,0.42,2.14,1034.8509999999997
0,2,0,-3,-1,0,0,-2,-1,-6,1,0,0,-2,0,-2,-2,0,0,5.03,0.42,2.14,1036.1209999999996
0,2,0,-3,0,0,0,-2,-1,-6,0,0,0,-2,0,-2,-2,0,0,5.03,0.42,2.14,1037.3909999999996
0,2,0,-3,0,0,0,-2,-1,-7,0,0,0,-2,0,-2,-1,0,0,5.03,0.42,2.14,1038.6609999999996
0,2,0,-4,0,0,0,-2,-1,-7,0,0,0,-2,0,-3,0,0,0,5.03,0.42,2.14,1039.9309999999996
0,2,0,-3,-1,0,0,-2,-1,-6,1,0,0,-2,0,-3,0,0,0,5.03,0.42,2.14,1041.2009999999996
0,2,0,-4,0,0,0,-2,-1,-6,2,0,0,-2,0,-3,0,0,0,5.03,0.42,2.14,1042.4709999999995
0,2,0,-4,0,0,0,-2,-1,-6,2,0,0,-2,0,-3,0,0,0,5.03,0.42,2.14,1043.7409999999995
0,2,0,-4,0,0,0,-2,-1,-6,2,0,0,-2,0,-3,-1,0,0,5.03,0.42,2.14,1045.0109999999995
0,2,0,-4,0,0,0,-2,-1,-5,2,0,0,-2,0,-2,-1,0,0,5.03,0.42,2.14,1046.2809999999995
0,2,0,-3,0,0,0,-2,-1,-5,2,0,0,-2,0,-2,-1,0,0,5.03,0.42,2.14,1047.5509999999995
0,2,0,-4,0,0,0,-2,0,-5,2,0,0,-2,0,-2,-1,0,0,5.03,0.42,2.14,1048.8209999999995
0,2,0,-4,0,0,0,-2,0,-5,2,0,0,-2,0,-2,0,0,0,5.03,0.42,2.14,1050.0909999999994
0,2,0,-4,0,0,0,-2,0,-6,2,0,0,-2,0,-3,0,0,0,5.03,0.42,2.14,1051.3609999999994
0,2,0,-4,0,0,0,-2,-1,-6,2,0,0,-2,0,-3,-1,0,0,5.03,0.42,2.14,1052.6309999999994
0,2,0,-4,0,0,0,-2,-1,-6,1,0,0,-2,0,-3,-1,0,0,5.03,0.42,2.14,1053.9009999999994
0,2,0,-4,0,0,0,-2,-1,-6,2,0,0,-2,0,-2,0,0,0,5.03,0.43,2.17,1055.1889999999994
0,2,0,-4,0,0,0,-2,-1,-5,2,0,0,-2,0,-2,-1,0,0,5.03,0.43,2.17,1056.4769999999994
0,2,0,-4,0,0,0,-2,-1,-6,2,0,0,-2,0,-2,0,0,0,5.03,0.43,2.17,1057.7649999999994
0,2,0,-4,0,0,0,-2,-1,-7,2,0,0,-2,0,-2,0,0,0,5.03,0.43,2.17,1059.0529999999994
0,2,0,-4,0,0,0,-2,0,-6,1,0,0,-2,0,-2,0,0,0,5.03,0.43,2.17,1060.3409999999994
0,2,0,-4,0,0,0,-2,0,-6,0,0,0,-2,0,-2,0,0,0,5.03,0.43,2.17,1061.6289999999995
0,2,0,-4,0,0,0,-2,0,-6,0,0,0,-2,0,-2,0,0,0,5.03,0.43,2.17,1062.9169999999995
0,2,0,-4,0,0,0,-2,-1,-6,0,0,0,-2,0,-2,0,0,0,5.03,0.43,2.17,1064.2049999999995
0,2,0,-3,0,0,0,-2,-1,-6,0,0,0,-2,0,-2,0,0,0,5.03,0.43,2.17,1065.4929999999995
0,2,0,-3,0,0,0,-2,-1,-6,0,0,0,-2,0,-3,0,0,0,5.03,0.43,2.17,1066.7809999999995
0,2,0,-3,0,0,0,-2,-1,-6,0,0,0,-2,0,-2,0,0,0,5.03,0.43,2.17,1068.0689999999995
0,2,0,-3,0,0,0,-2,-1,-6,0,0,0,-2,0,-2,-1,0,0,5.03,0.43,2.17,1069.3569999999995
0,2,0,-3,0,0,0,-2,-1,-6,1,0,0,-2,0,-2,-1,0,0,5.03,0.43,2.17,1070.6449999999995
0,2,0,-3,0,0,0,-2,-1,-6,1,0,0,-2,0,-2,-1,0,0,5.03,0.43,2.17,1071.9329999999995
0,2,0,-3,0,0,0,-2,-1,-6,1,0,0,-2,0,-2,0,0,0,5.03,0.43,2.17,1073.2209999999995
0,2,0,-3,0,0,0,-2,-1,-6,2,0,0,-2,0,-2,0,0,0,5.03,0.43,2.17,1074.5089999999996
0,2,0,-3,0,0,0,-2,-1,-6,3,0,0,-2,0,-2,-1,0,0,5.04,0.47,2.37,1075.9149999999995
0,2,0,-3,0,0,0,-2,-1,-5,3,0,0,-2,0,-2,-1,0,0,5.04,0.47,2.37,1077.3209999999995
0,2,0,-4,0,0,0,-2,0,-5,3,0,0,-2,0,-2,-1,0,0,5.04,0.47,2.37,1078.7269999999994
0,2,0,-3,0,0,0,-2,-1,-6,3,0,0,-2,0,-2,-2,0,0,5.04,0.47,2.37,1080.1329999999994
0,2,0,-3,0,0,0,-2,-1,-6,2,0,0,-2,0,-2,-1,0,0,5.04,0.47,2.37,1081.5389999999993
0,2,0,-3,0,0,0,-2,-1,-6,2,0,0,-2,0,-2,0,0,0,5.04,0.47,2.37,1082.9449999999993
0,2,0,-3,0,0,0,-2,-1,-6,1,0,0,-2,0,-2,0,0,0,5.04,0.47,2.37,1084.3509999999992
0,2,0,-3,0,0,0,-2,-1,-6,1,0,0,-2,0,-2,0,0,0,5.04,0.47,2.37,1085.7569999999992
0,2,0,-4,0,0,0,-2,-1,-6,0,0,0,-2,0,-2,-1,0,0,5.04,0.47,2.37,1087.162999999999
0,2,0,-4,0,0,0,-2,-1,-6,1,0,0,-2,0,-2,-1,0,0,5.04,0.47,2.37,1088.568999999999
0,2,0,-3,0,0,0,-2,-1,-6,1,0,0,-2,0,-2,-1,0,0,5.04,0.47,2.37,1089.974999999999
0,2,0,-4,0,0,0,-2,-1,-6,1,0,0,-2,0,-2,-1,0,0,5.04,0.47,2.37,1091.380999999999
0,2,0,-3,0,0,0,-2,-1,-7,1,0,0,-2,0,-2,0,0,0,5.04,0.47,2.37,1092.786999999999
0,2,0,-3,0,0,0,-2,-1,-7,1,0,0,-2,0,-2,0,0,0,5.04,0.47,2.37,1094.1929999999988
0,2,0,-3,0,0,0,-2,-1,-6,1,0,0,-2,0,-2,0,0,0,5.04,0.47,2.37,1095.5989999999988
0,2,0,-3,0,0,0,-2,-1,-6,1,0,0,-2,0,-2,0,0,0,5.04,0.47,2.37,1097.0049999999987
0,2,0,-3,0,0,0,-2,-1,-6,2,0,0,-2,0,-2,-1,0,0,5.04,0.47,2.37,1098.4109999999987
0,2,0,-3,0,0,0,-2,0,-6,3,0,0,-2,0,-2,-1,0,0,5.04,0.47,2.37,1099.8169999999986
0,2,0,-3,0,0,0,-2,0,-6,3,0,0,-2,0,-2,-1,0,0,5.04,0.47,2.37,1101.2229999999986
0,2,0,-3,0,0,0,-2,-1,-6,3,0,0,-2,0,-2,0,0,0,5.04,0.47,2.37,1102.6289999999985
0,2,0,-3,0,0,0,-2,-1,-6,3,0,0,-2,0,-2,0,0,0,5.04,0.47,2.37,1104.0349999999985
0,2,0,-3,0,0,0,-2,-1,-6,3,0,0,-2,0,-2,0,0,0,5.04,0.45,2.31,1105.4039999999984
0,2,0,-3,0,0,0,-2,0,-6,3,0,0,-2,0,-2,0,0,0,5.04,0.45,2.31,1106.7729999999983
0,2,0,-3,0,0,0,-2,-1,-6,3,0,0,-2,0,-2,0,0,0,5.04,0.45,2.31,1108.1419999999982
0,2,0,-3,0,0,0,-2,-1,-6,3,0,0,-2,0,-2,0,0,0,5.04,0.45,2.31,1109.5109999999981
0,2,0,-3,0,0,0,-2,-1,-6,3,0,-1,-2,0,-2,-2,0,0,5.04,0.45,2.31,1110.879999999998
0,2,0,-3,0,0,0,-2,-1,-6,3,0,0,-2,0,-2,-2,0,0,5.04,0.45,2.31,1112.248999999998
0,2,0,-3,0,0,0,-2,-1,-6,3,0,0,-2,0,-1,-1,0,0,5.04,0.45,2.31,1113.617999999998
0,2,0,-3,0,0,0,-2,-1,-6,3,0,0,-2,0,-2,0,0,0,5.04,0.45,2.31,1114.9869999999978
0,2,0,-3,0,0,0,-2,-1,-6,2,0,0,-2,0,-2,0,0,0,5.04,0.45,2.31,1116.3559999999977
0,2,0,-3,0,0,0,-2,-1,-6,2,0,0,-2,0,-2,0,0,0,5.04,0.45,2.31,1117.7249999999976
0,2,0,-3,0,0,0,-2,-1,-6,2,0,0,-2,0,-2,0,0,0,5.04,0.45,2.31,1119.0939999999975
0,2,0,-3,0,0,0,-2,-1,-6,1,0,0,-2,0,-2,-1,0,0,5.04,0.45,2.31,1120.4629999999975
0,2,0,-3,0,0,0,-2,-1,-6,2,0,0,-2,0,-2,-1,0,0,5.04,0.45,2.31,1121.8319999999974
0,2,0,-3,0,0,0,-2,-1,-7,1,0,0,-2,0,-2,-1,0,0,5.04,0.45,2.31,1123.2009999999973
0,2,0,-3,0,0,0,-2,-1,-6,1,0,0,-2,0,-2,0,0,0,5.04,0.45,2.31,1124.5699999999972
0,2,0,-3,0,0,0,-2,-1,-6,1,0,0,-2,0,-3,0,0,0,5.04,0.45,2.31,1125.9389999999971
0,2,0,-3,0,0,0,-2,-1,-6,1,0,0,-2,0,-3,-1,0,0,5.04,0.45,2.31,1127.307999999997
0,2,0,-3,0,0,0,-2,-1,-6,1,0,0,-2,0,-3,-2,0,0,5.04,0.45,2.31,1128.676999999997
0,2,0,-3,0,0,0,-2,-1,-6,1,0,0,-2,0,-3,-3,0,0,5.04,0.45,2.31,1130.0459999999969
0,2,0,-3,0,0,0,-2,-1,-6,1,0,0,-2,0,-2,-3,0,0,5.04,0.45,2.31,1131.4149999999968
0,2,0,-3,0,0,0,-2,-1,-6,2,0,0,-2,0,-3,-3,0,0,5.04,0.45,2.31,1132.7839999999967
0,2,0,-3,0,0,0,-2,-1,-6,1,0,0,-2,0,-2,-2,0,0,5.03,0.44,2.23,1134.1089999999967
0,2,0,-3,0,0,0,-2,-1,-6,1,0,0,-2,0,-3,-2,0,0,5.03,0.44,2.23,1135.4339999999968
0,2,0,-3,0,0,0,-2,-1,-6,1,0,0,-2,0,-3,-2,0,0,5.03,0.44,2.23,1136.7589999999968
0,2,0,-3,0,0,0,-2,-1,-6,1,0,0,-2,0,-3,-2,0,0,5.03,0.44,2.23,1138.0839999999969
0,2,0,-4,0,0,0,-2,-1,-6,1,0,0,-2,0,-3,-2,0,0,5.03,0.44,2.23,1139.408999999997
0,2,0,-4,0,0,0,-2,-1,-6,2,0,0,-2,0,-3,-2,0,0,5.03,0.44,2.23,1140.733999999997
0,2,0,-3,0,0,0,-2,-1,-6,2,0,0,-2,0,-2,-2,0,0,5.03,0.44,2.23,1142.058999999997
0,2,0,-3,0,0,0,-2,-1,-6,2,0,0,-2,0,-2,-2,0,0,5.03,0.44,2.23,1143.383999999997
0,2,0,-4,0,0,0,-2,-1,-7,1,0,0,-2,0,-3,-2,0,0,5.03,0.44,2.23,1144.708999999997
0,2,0,-3,0,0,0,-2,-1,-6,0,0,0,-2,0,-3,-1,0,0,5.03,0.44,2.23,1146.0339999999971
0,2,0,-3,0,0,0,-2,-1,-5,0,0,0,-2,0,-3,-2,0,0,5.03,0.44,2.23,1147.3589999999972
0,2,0,-3,0,0,0,-2,-1,-5,0,0,0,-2,0,-3,-2,0,0,5.03,0.44,2.23,1148.6839999999972
0,2,0,-3,0,0,0,-2,-1,-5,0,0,0,-2,0,-3,-2,0,0,5.03,0.44,2.23,1150.0089999999973
0,2,0,-3,0,0,0,-2,-1,-6,0,0,0,-2,0,-3,-3,0,0,5.03,0.44,2.23,1151.3339999999973
0,2,0,-3,0,0,0,-2,-1,-6,1,0,0,-2,0,-3,-3,0,0,5.03,0.44,2.23,1152.6589999999974
0,2,0,-3,0,0,0,-2,-1,-6,1,0,0,-2,0,-3,-3,0,0,5.03,0.44,2.23,1153.9839999999974
0,2,0,-3,0,0,0,-2,-1,-6,1,0,0,-2,0,-2,-2,0,0,5.03,0.44,2.23,1155.3089999999975
0,2,0,-3,0,0,0,-2,-1,-6,2,0,0,-2,0,-3,-1,0,0,5.03,0.44,2.23,1156.6339999999975
0,2,0,-3,0,0,0,-2,-1,-5,2,0,0,-2,0,-3,-1,0,0,5.03,0.44,2.23,1157.9589999999976
0,2,0,-3,0,0,0,-2,-1,-5,2,0,0,-2,0,-3,-1,0,0,5.03,0.44,2.23,1159.2839999999976
0,2,0,-3,0,0,0,-2,-1,-6,2,0,0,-2,0,-3,-1,0,0,5.03,0.44,2.23,1160.6089999999976
0,2,0,-3,0,0,0,-2,-1,-6,2,0,0,-2,0,-2,-1,0,0,5.04,0.47,2.38,1162.0209999999977
0,2,0,-3,0,0,0,-2,0,-6,2,0,0,-2,0,-2,0,0,0,5.04,0.47,2.38,1163.4329999999977
0,2,0,-3,0,0,0,-2,-1,-6,2,0,0,-2,0,-2,0,0,0,5.04,0.47,2.38,1164.8449999999978
0,2,0,-3,0,0,0,-2,-1,-6,2,0,0,-2,0,-2,0,0,0,5.04,0.47,2.38,1166.2569999999978
0,2,0,-3,0,0,0,-2,-1,-6,1,0,0,-2,0,-2,0,0,0,5.04,0.47,2.38,1167.6689999999978
0,2,0,-3,0,0,0,-2,-1,-6,1,0,0,-2,0,-2,-1,0,0,5.04,0.47,2.38,1169.0809999999979
0,2,0,-3,0,0,0,-2,-1,-6,1,0,0,-2,0,-2,-1,0,0,5.04,0.47,2.38,1170.492999999998
0,2,0,-3,0,0,0,-2,-1,-6,1,0,0,-2,0,-2,-2,0,0,5.04,0.47,2.38,1171.904999999998
0,2,0,-3,0,0,0,-2,-1,-6,1,0,0,-2,0,-2,-2,0,0,5.04,0.47,2.38,1173.316999999998
0,2,0,-3,0,0,0,-2,-1,-6,1,0,0,-2,0,-2,-3,0,0,5.04,0.47,2.38,1174.728999999998
0,2,0,-3,0,0,0,-2,-1,-7,1,0,0,-2,0,-2,-2,0,0,5.04,0.47,2.38,1176.140999999998
0,2,0,-3,0,0,0,-2,-1,-6,1,0,0,-2,0,-3,-2,0,0,5.04,0.47,2.38,1177.552999999998
0,2,0,-3,0,0,0,-2,-1,-6,1,0,0,-2,0,-3,-1,0,0,5.04,0.47,2.38,1178.964999999998
0,2,0,-3,0,0,0,-2,-1,-6,2,0,0,-2,0,-2,-1,0,0,5.04,0.47,2.38,1180.3769999999981
0,2,0,-3,0,0,0,-2,-1,-6,2,0,0,-2,0,-2,-1,0,0,5.04,0.47,2.38,1181.7889999999982
0,2,0,-3,0,0,0,-2,0,-6,3,0,0,-2,0,-2,-1,0,0,5.04,0.47,2.38,1183.2009999999982
0,2,0,-3,0,0,0,-2,0,-6,4,0,0,-2,0,-2,-2,0,0,5.04,0.47,2.38,1184.6129999999982
0,2,0,-3,0,0,0,-2,-1,-7,4,0,0,-2,0,-2,-2,0,0,5.04,0.47,2.38,1186.0249999999983
0,2,0,-3,0,0,0,-2,-1,-7,4,0,0,-2,0,-2,-1,0,0,5.04,0.47,2.38,1187.4369999999983
0,2,0,-3,0,0,0,-2,-1,-6,3,0,0,-2,0,-2,-1,0,0,5.04,0.47,2.38,1188.8489999999983
0,2,0,-3,0,0,0,-2,-1,-6,3,0,0,-2,0,-3,-1,0,0,5.04,0.47,2.38,1190.2609999999984
0,2,0,-3,0,0,0,-2,-1,-6,2,0,0,-2,0,-2,-1,0,0,5.03,0.43,2.17,1191.5499999999984
0,2,0,-3,0,0,0,-2,-1,-6,2,0,0,-2,0,-2,-2,0,0,5.03,0.43,2.17,1192.8389999999984
0,2,0,-3,0,0,0,-2,-1,-6,2,0,0,-2,0,-2,-2,0,0,5.03,0.43,2.17,1194.1279999999983
0,2,0,-3,0,0,0,-2,-1,-6,2,0,0,-2,0,-2,-2,0,0,5.03,0.43,2.17,1195.4169999999983
0,2,0,-3,0,0,0,-2,-1,-7,2,0,0,-2,0,-2,-2,0,0,5.03,0.43,2.17,1196.7059999999983
0,2,0,-3,0,0,0,-2,-1,-7,2,0,0,-2,0,-2,-2,0,0,5.03,0.43,2.17,1197.9949999999983
0,2,0,-3,0,0,0,-2,-1,-6,2,0,0,-2,0,-2,-1,0,0,5.03,0.43,2.17,1199.2839999999983
0,2,0,-3,0,0,0,-2,-1,-6,2,0,0,-2,0,-3,-1,0,0,5.03,0.43,2.17,1200.5729999999983
0,2,0,-3,0,0,0,-2,-1,-6,2,0,0,-2,0,-2,-1,0,0,5.03,0.43,2.17,1201.8619999999983
0,2,0,-3,0,0,0,-2,-1,-6,2,0,0,-2,0,-2,-1,0,0,5.03,0.43,2.17,1203.1509999999982
0,2,0,-3,0,0,0,-2,-1,-6,2,0,0,-2,0,-2,-1,0,0,5.03,0.43,2.17,1204.4399999999982
0,2,0,-3,0,0,0,-2,-1,-6,2,0,0,-2,0,-2,-1,0,0,5.03,0.43,2.17,1205.7289999999982
0,2,0,-3,0,0,0,-2,-1,-6,2,0,0,-2,0,-2,0,0,0,5.03,0.43,2.17,1207.0179999999982
0,2,0,-3,0,0,0,-2,-1,-6,2,0,0,-2,0,-2,0,0,0,5.03,0.43,2.17,1208.3069999999982
0,2,0,-3,0,0,0,-2,-1,-6,1,0,0,-2,0,-2,0,0,0,5.03,0.43,2.17,1209.5959999999982
0,2,0,-4,0,0,0,-2,-1,-6,2,0,0,-2,0,-3,0,0,0,5.03,0.43,2.17,1210.8849999999982
0,2,0,-3,0,0,0,-2,-1,-6,1,0,0,-2,0,-3,0,0,0,5.03,0.43,2.17,1212.1739999999982
0,2,0,-3,0,0,0,-2,-1,-6,1,0,0,-2,0,-2,0,0,0,5.03,0.43,2.17,1213.4629999999981
0,2,0,-3,0,0,0,-2,-1,-5,1,0,0,-2,0,-2,0,0,0,5.03,0.43,2.17,1214.7519999999981
0,2,0,-3,0,0,0,-2,-1,-6,1,0,0,-2,0,-2,-1,0,0,5.03,0.43,2.17,1216.0409999999981
0,2,0,-3,0,0,0,-2,-1,-6,1,0,0,-2,0,-3,-1,0,0,5.03,0.43,2.17,1217.329999999998
0,2,0,-3,0,0,0,-2,-1,-6,0,0,0,-2,0,-2,-1,0,0,5.03,0.44,2.26,1218.6719999999982
0,2,0,-3,0,0,0,-2,-1,-6,1,0,0,-2,0,-3,-1,0,0,5.03,0.44,2.26,1220.0139999999983
0,2,0,-3,0,0,0,-2,-1,-6,1,0,0,-2,0,-3,-1,0,0,5.03,0.44,2.26,1221.3559999999984
0,2,0,-4,0,0,0,-2,0,-6,1,0,0,-2,0,-3,-1,0,0,5.03,0.44,2.26,1222.6979999999985
0,2,0,-4,0,0,0,-2,-1,-6,1,0,0,-2,0,-2,-1,0,0,5.03,0.44,2.26,1224.0399999999986
0,2,0,-4,0,0,0,-2,-1,-6,1,0,0,-2,0,-2,0,0,0,5.03,0.44,2.26,1225.3819999999987
0,2,0,-4,0,0,0,-2,-1,-5,2,0,0,-2,0,-2,0,0,0,5.03,0.44,2.26,1226.7239999999988
0,2,0,-4,-1,0,0,-2,-1,-6,2,0,0,-2,0,-2,0,0,0,5.03,0.44,2.26,1228.065999999999
0,2,0,-4,0,0,0,-2,0,-6,2,0,0,-2,0,-2,1,0,0,5.03,0.44,2.26,1229.407999999999
0,2,0,-4,0,0,0,-2,-1,-7,2,0,0,-2,0,-2,1,0,0,5.03,0.44,2.26,1230.749999999999
0,2,0,-4,0,0,0,-2,-1,-6,2,0,0,-2,0,-2,1,0,0,5.03,0.44,2.26,1232.0919999999992
0,2,0,-3,0,0,0,-2,-1,-6,1,0,0,-2,0,-2,0,0,0,5.03,0.44,2.26,1233.4339999999993
0,2,0,-3,0,0,0,-2,0,-6,1,0,0,-2,0,-2,0,0,0,5.03,0.44,2.26,1234.7759999999994
0,2,0,-3,0,0,0,-2,-1,-6,1,0,0,-2,0,-2,0,0,0,5.03,0.44,2.26,1236.1179999999995
0,2,0,-3,0,0,0,-2,-1,-6,1,0,0,-2,0,-2,0,0,0,5.03,0.44,2.26,1237.4599999999996
0,2,0,-3,0,0,0,-2,-1,-6,1,0,0,-2,0,-2,0,0,0,5.03,0.44,2.26,1238.8019999999997
0,2,0,-3,0,0,0,-2,-1,-6,1,0,0,-2,0,-3,0,0,0,5.03,0.44,2.26,1240.1439999999998
0,2,0,-3,0,0,0,-2,-1,-6,1,0,0,-2,0,-2,0,0,0,5.03,0.44,2.26,1241.4859999999999
0,2,0,-3,0,0,0,-2,-1,-6,1,0,0,-2,0,-2,1,0,0,5.03,0.44,2.26,1242.828
0,2,0,-3,0,0,0,-2,-1,-6,1,0,0,-2,0,-2,1,0,0,5.03,0.44,2.26,1244.17
0,2,0,-3,-1,0,0,-2,-1,-6,1,0,0,-2,0,-2,1,0,0,5.03,0.44,2.26,1245.5120000000002
0,2,0,-3,0,0,0,-2,0,-6,2,0,0,-2,0,-2,0,0,0,5.04,0.47,2.39,1246.928
0,2,0,-3,0,0,0,-2,0,-6,2,0,0,-2,0,-2,0,0,0,5.04,0.47,2.39,1248.344
0,2,0,-3,0,0,0,-2,0,-6,2,0,0,-2,0,-2,0,0,0,5.04,0.47,2.39,1249.76
0,2,0,-3,0,0,0,-2,-1,-5,3,0,0,-2,0,-1,0,0,0,5.04,0.47,2.39,1251.176
0,2,0,-3,0,0,0,-2,-1,-6,3,0,0,-2,0,-2,0,0,0,5.04,0.47,2.39,1252.5919999999999
0,2,0,-3,0,0,0,-2,0,-6,3,0,0,-2,0,-2,0,0,0,5.04,0.47,2.39,1254.0079999999998
0,2,0,-3,-1,0,0,-2,-1,-6,3,0,0,-2,0,-2,0,0,0,5.04,0.47,2.39,1255.4239999999998
0,2,0,-4,0,0,0,-2,-1,-6,0,0,0,-2,0,-2,-2,0,0,5.03,0.45,2.3,1256.7869999999998
0,2,0,-3,0,0,0,-2,-1,-6,0,0,0,-2,0,-3,-2,0,0,5.03,0.45,2.3,1258.1499999999999
0,2,0,-3,0,0,0,-2,-1,-6,1,0,0,-2,0,-3,-2,0,0,5.03,0.45,2.3,1259.513
0,2,0,-3,0,0,0,-2,-1,-6,1,0,0,-2,0,-2,-1,0,0,5.03,0.45,2.3,1260.876
0,2,0,-3,0,0,0,-2,-1,-6,1,0,0,-2,0,-2,0,0,0,5.03,0.45,2.3,1262.239
0,2,0,-3,0,0,0,-2,-1,-6,2,0,0,-2,0,-2,0,0,0,5.03,0.45,2.3,1263.602
0,2,0,-3,0,0,0,-2,0,-6,2,0,0,-2,0,-2,0,0,0,5.04,0.47,2.37,1265.009
0,2,0,-3,0,0,0,-2,-1,-6,3,0,0,-2,0,-2,0,0,0,5.04,0.47,2.37,1266.416
0,2,0,-3,0,0,0,-2,-1,-6,2,0,0,-2,0,-2,0,0,0,5.04,0.47,2.37,1267.8229999999999
0,2,0,-3,0,0,0,-2,-1,-5,2,0,0,-2,0,-2,0,0,0,5.04,0.47,2.37,1269.2299999999998
0,2,0,-3,0,0,0,-2,0,-6,2,0,0,-2,0,-2,0,0,0,5.04,0.47,2.37,1270.6369999999997
0,2,0,-3,0,0,0,-2,0,-6,2,0,0,-2,0,-2,0,0,0,5.04,0.47,2.37,1272.0439999999996
0,2,0,-3,0,0,0,-2,-1,-6,2,0,0,-2,0,-2,0,0,0,5.04,0.47,2.37,1273.4509999999996
0,2,0,-3,0,0,0,-2,-1,-6,2,0,0,-2,0,-2,0,0,0,5.04,0.47,2.37,1274.8579999999995
0,2,0,-3,0,0,0,-2,-1,-6,2,0,0,-2,0,-2,0,0,0,5.04,0.47,2.37,1276.2649999999994
0,2,0,-3,0,0,0,-2,-1,-6,1,0,0,-2,0,-2,0,0,0,5.04,0.47,2.37,1277.6719999999993
0,2,0,-3,0,0,0,-2,-1,-6,1,0,0,-2,0,-2,0,0,0,5.04,0.47,2.37,1279.0789999999993
0,2,0,-3,0,0,0,-2,-1,-6,1,0,0,-2,0,-2,0,0,0,5.04,0.47,2.37,1280.4859999999992
0,2,0,-3,0,0,0,-2,-1,-6,1,0,0,-2,0,-2,0,0,0,5.04,0.47,2.37,1281.8929999999991
0,2,0,-3,0,0,0,-2,0,-6,2,0,0,-2,0,-2,0,0,0,5.04,0.47,2.37,1283.299999999999
0,2,0,-3,0,0,0,-2,0,-6,2,0,0,-2,0,-2,0,0,0,5.04,0.47,2.37,1284.706999999999
0,2,0,-3,0,0,0,-2,-1,-6,2,0,0,-2,0,-2,-1,0,0,5.04,0.47,2.37,1286.113999999999
0,2,0,-3,0,0,0,-2,-1,-6,3,0,0,-2,0,-2,0,0,0,5.04,0.47,2.37,1287.5209999999988
0,2,0,-3,0,0,0,-2,-1,-6,4,0,0,-2,0,-3,0,0,0,5.04,0.47,2.37,1288.9279999999987
0,2,0,-3,0,0,0,-2,-1,-6,3,0,0,-2,0,-2,0,0,0,5.04,0.47,2.37,1290.3349999999987
0,2,0,-3,0,0,0,-2,-1,-5,3,0,0,-2,0,-2,0,0,0,5.04,0.47,2.37,1291.7419999999986
0,2,0,-3,0,0,0,-2,-1,-5,2,0,0,-2,0,-2,-1,0,0,5.04,0.47,2.37,1293.1489999999985
0,2,0,-3,0,0,0,-2,-1,-6,2,0,0,-2,0,-2,-1,0,0,5.03,0.44,2.23,1294.4749999999985
0,2,0,-3,0,0,0,-2,-1,-6,2,0,0,-2,0,-2,-1,0,0,5.03,0.44,2.23,1295.8009999999986
0,2,0,-3,0,0,0,-2,0,-6,2,0,0,-2,0,-2,-1,0,0,5.03,0.44,2.23,1297.1269999999986
0,2,0,-3,0,0,0,-2,-1,-6,1,0,0,-2,0,-3,-2,0,0,5.03,0.44,2.23,1298.4529999999986
0,2,0,-3,0,0,0,-2,-1,-6,1,0,0,-2,0,-3,-1,0,0,5.03,0.44,2.23,1299.7789999999986
0,2,0,-3,0,0,0,-2,-1,-6,1,0,0,-2,0,-3,-1,0,0,5.03,0.44,2.23,1301.1049999999987
0,2,0,-3,0,0,0,-2,-1,-6,2,0,0,-2,0,-3,-1,0,0,5.03,0.44,2.23,1302.4309999999987
0,2,0,-3,0,0,0,-2,-1,-6,2,0,0,-2,0,-2,-1,0,0,5.03,0.44,2.23,1303.7569999999987
0,2,0,-3,0,0,0,-2,-1,-6,2,0,0,-2,0,-2,-1,0,0,5.03,0.44,2.23,1305.0829999999987
0,2,0,-3,0,0,0,-2,-1,-5,2,0,0,-2,0,-2,-1,0,0,5.03,0.44,2.23,1306.4089999999987
0,2,0,-3,0,0,0,-2,-1,-5,2,0,0,-2,0,-2,-1,0,0,5.03,0.44,2.23,1307.7349999999988
0,2,0,-3,0,0,0,-2,-1,-5,2,0,0,-2,0,-3,-1,0,0,5.03,0.44,2.23,1309.0609999999988
0,2,0,-3,0,0,0,-2,-1,-6,3,0,0,-2,0,-3,0,0,0,5.03,0.44,2.23,1310.3869999999988
0,2,0,-3,0,0,0,-2,-1,-6,3,0,0,-2,0,-2,0,0,0,5.03,0.44,2.23,1311.7129999999988
0,2,0,-3,0,0,0,-2,-1,-6,4,0,0,-2,0,-3,0,0,0,5.03,0.44,2.23,1313.0389999999989
0,2,0,-3,0,0,0,-2,-1,-5,3,0,0,-2,0,-3,-1,0,0,5.03,0.44,2.23,1314.3649999999989
0,2,0,-3,0,0,0,-2,-1,-5,2,0,0,-2,0,-3,-2,0,0,5.03,0.44,2.23,1315.690999999999
0,2,0,-3,0,0,0,-2,-1,-6,2,0,0,-2,0,-3,-2,0,0,5.03,0.44,2.23,1317.016999999999
0,2,0,-3,0,0,0,-2,-1,-6,2,0,0,-2,0,-3,-2,0,0,5.03,0.44,2.23,1318.342999999999
0,2,0,-3,0,0,0,-2,-1,-6,2,0,0,-2,0,-3,-2,0,0,5.03,0.44,2.23,1319.668999999999
0,2,0,-3,0,0,0,-2,-1,-6,2,0,0,-2,0,-3,-2,0,0,5.03,0.44,2.23,1320.994999999999
0,2,0,-3,0,0,0,-2,-1,-6,2,0,0,-2,0,-2,-2,0,0,5.04,0.47,2.38,1322.406999999999
0,2,0,-3,0,0,0,-2,-1,-6,2,0,0,-2,0,-2,-2,0,0,5.04,0.47,2.38,1323.818999999999
0,2,0,-3,0,0,0,-2,-1,-6,2,0,0,-2,0,-2,-2,0,0,5.04,0.47,2.38,1325.230999999999
0,2,0,-3,0,0,0,-2,-1,-7,1,0,0,-2,0,-3,-3,0,0,5.04,0.47,2.38,1326.6429999999991
0,2,0,-3,0,0,0,-2,-1,-6,1,0,0,-2,0,-3,-5,0,0,5.04,0.47,2.38,1328.0549999999992
0,2,0,-3,0,0,0,-2,-1,-6,1,0,0,-2,0,-3,-3,0,0,5.04,0.47,2.38,1329.4669999999992
0,2,0,-3,0,0,0,-2,-1,-6,1,0,0,-2,0,-2,-2,0,0,5.04,0.47,2.38,1330.8789999999992
0,2,0,-3,0,0,0,-2,0,-6,1,0,0,-2,0,-2,-1,0,0,5.04,0.47,2.38,1332.2909999999993
0,2,0,-3,0,0,0,-2,0,-6,1,0,0,-2,0,-2,-1,0,0,5.04,0.47,2.38,1333.7029999999993
0,2,0,-3,0,0,0,-2,-1,-7,2,0,0,-2,0,-3,-2,0,0,5.04,0.47,2.38,1335.1149999999993
0,2,0,-3,0,0,0,-2,-1,-6,2,0,0,-2,0,-2,-1,0,0,5.04,0.47,2.38,1336.5269999999994
0,2,0,-3,0,0,0,-2,-1,-6,2,0,0,-2,0,-3,-1,0,0,5.04,0.47,2.38,1337.9389999999994
0,2,0,-3,0,0,0,-2,-1,-5,2,0,0,-2,0,-2,-1,0,0,5.04,0.47,2.38,1339.3509999999994
0,2,0,-3,0,0,0,-2,-1,-5,2,0,0,-2,0,-2,-1,0,0,5.04,0.47,2.38,1340.7629999999995
0,2,0,-3,0,0,0,-2,-1,-5,2,0,0,-2,0,-2,-1,0,0,5.04,0.47,2.38,1342.1749999999995
0,2,0,-3,0,0,0,-2,-1,-5,2,0,0,-2,0,-2,-1,0,0,5.04,0.47,2.38,1343.5869999999995
0,2,0,-3,0,0,0,-2,-1,-6,1,0,0,-2,0,-2,-1,0,0,5.04,0.47,2.38,1344.9989999999996
0,2,0,-3,0,0,0,-2,-1,-6,1,0,0,-2,0,-3,-1,0,0,5.04,0.47,2.38,1346.4109999999996
0,2,0,-3,0,0,0,-2,-1,-6,1,0,0,-2,0,-3,-1,0,0,5.04,0.47,2.38,1347.8229999999996
0,2,0,-3,0,0,0,-2,-1,-6,1,0,0,-2,0,-2,-1,0,0,5.04,0.47,2.38,1349.2349999999997
0,2,0,-3,0,0,0,-2,-1,-6,1,0,0,-2,0,-2,-1,0,0,5.04,0.47,2.38,1350.6469999999997
0,2,0,-3,0,0,0,-2,-1,-6,2,0,0,-2,0,-2,-1,0,0,5.03,0.45,2.31,1352.0159999999996
0,2,0,-3,0,0,0,-2,-1,-6,2,0,0,-2,0,-3,0,0,0,5.03,0.45,2.31,1353.3849999999995
0,2,0,-3,0,0,0,-2,-1,-6,3,0,0,-2,0,-2,0,0,0,5.03,0.45,2.31,1354.7539999999995
0,2,0,-3,0,0,0,-2,-1,-6,3,0,0,-2,0,-2,0,0,0,5.03,0.45,2.31,1356.1229999999994
0,2,0,-3,0,0,0,-2,0,-5,3,0,0,-2,0,-2,0,0,0,5.03,0.45,2.31,1357.4919999999993
0,2,0,-2,0,0,0,-2,-1,-6,3,0,0,-2,0,-2,-1,0,0,5.03,0.45,2.31,1358.8609999999992
0,2,0,-3,0,0,0,-2,-1,-6,3,0,0,-2,0,-2,-1,0,0,5.03,0.45,2.31,1360.229999999999
0,2,0,-3,0,0,0,-2,-1,-6,3,0,0,-2,0,-2,-1,0,0,5.03,0.45,2.31,1361.598999999999
0,2,0,-3,0,0,0,-2,-1,-6,2,0,0,-2,0,-2,-1,0,0,5.03,0.45,2.31,1362.967999999999
0,2,0,-3,0,0,0,-2,-1,-6,2,0,0,-2,0,-2,-1,0,0,5.03,0.45,2.31,1364.3369999999989
0,2,0,-3,0,0,0,-2,-1,-6,2,0,0,-2,0,-2,0,0,0,5.03,0.45,2.31,1365.7059999999988
0,2,0,-3,0,0,0,-2,0,-6,2,0,0,-2,0,-2,0,0,0,5.03,0.45,2.31,1367.0749999999987
0,2,0,-3,0,0,0,-2,-1,-6,3,0,0,-2,0,-2,0,0,0,5.03,0.45,2.31,1368.4439999999986
0,2,0,-3,0,0,0,-2,-1,-6,3,0,0,-2,0,-2,0,0,0,5.03,0.45,2.31,1369.8129999999985
0,2,0,-3,0,0,0,-2,-1,-6,2,0,0,-2,0,-2,0,0,0,5.03,0.45,2.31,1371.1819999999984
0,2,0,-3,0,0,0,-2,-1,-6,2,0,0,-2,0,-2,0,0,0,5.03,0.45,2.31,1372.5509999999983
0,2,0,-3,0,0,0,-2,-1,-6,2,0,0,-2,0,-2,0,0,0,5.03,0.45,2.31,1373.9199999999983
0,2,0,-3,0,0,0,-2,-1,-6,2,0,0,-2,0,-2,0,0,0,5.03,0.45,2.31,1375.2889999999982
0,2,0,-3,0,0,0,-2,-1,-6,2,0,0,-2,0,-2,0,0,0,5.03,0.45,2.31,1376.657999999998
0,2,0,-3,0,0,0,-2,-1,-6,2,0,0,-2,0,-2,0,0,0,5.03,0.45,2.31,1378.026999999998
0,2,0,-3,0,0,0,-2,-1,-6,2,0,0,-2,0,-2,0,0,0,5.03,0.45,2.31,1379.395999999998
0,2,0,-3,0,0,0,-2,-1,-6,1,0,0,-2,0,-2,0,0,0,5.03,0.44,2.26,1380.738999999998
0,2,0,-3,0,0,0,-2,-1,-6,1,0,0,-2,0,-2,0,0,0,5.03,0.44,2.26,1382.081999999998
0,2,0,-3,0,0,0,-2,-1,-6,1,0,0,-2,0,-2,0,0,0,5.03,0.44,2.26,1383.4249999999981
0,2,0,-3,0,0,0,-2,-1,-6,2,0,0,-2,0,-2,0,0,0,5.03,0.44,2.26,1384.7679999999982
0,2,0,-3,0,0,0,-2,-1,-6,2,0,0,-2,0,-2,0,0,0,5.03,0.44,2.26,1386.1109999999983
0,2,0,-3,0,0,0,-2,-1,-6,2,0,0,-2,0,-2,0,0,0,5.03,0.44,2.26,1387.4539999999984
0,2,0,-2,-1,0,0,-2,0,-6,2,0,0,-2,0,-2,0,0,0,5.03,0.44,2.26,1388.7969999999984
0,2,0,-3,0,0,0,-2,0,-6,2,0,0,-2,0,-2,0,0,0,5.03,0.44,2.26,1390.1399999999985
0,2,0,-3,0,0,0,-2,0,-6,2,0,0,-2,0,-2,0,0,0,5.03,0.44,2.26,1391.4829999999986
0,2,0,-2,0,0,0,-2,-1,-6,2,0,0,-2,0,-2,0,0,0,5.03,0.44,2.26,1392.8259999999987
